/********************************************************************************************/
/* Montage Technology (Shanghai) Co., Ltd.                                                  */
/* Montage Proprietary and Confidential                                                     */
/* Copyright (c) 2017 Montage Technology Group Limited and its affiliated companies         */
/********************************************************************************************/
/*
* File:				mt_fe_dmd_cs8000_sat_fw.h
*
* Current version:	0.7 for CS8000 satellite module
*
* Description:		CS8000 satellite firmware head file
*
* Log:	Description			Version			Date			Author
*		---------------------------------------------------------------------
*		Create				0.2				2016.08.12		Henry
*		Update				0.3				2016.11.15		Henry
*		Update				0.4				2017.01.05		Henry
*		Update				0.6				2017.05.15		Henry
*		Update				0.7				2017.12.20		Henry		// Bug 99487
****************************************************************************/

const U8 cs8000_sat_fw[] =
{
	0x0a,	0x12,	/*    0 */
	0x8a,	0x11,	/*    1 */
	0x1f,	0x28,	/*    2 */
	0x00,	0x00,	/*    3 */
	0x00,	0x00,	/*    4 */
	0x00,	0x00,	/*    5 */
	0x00,	0x00,	/*    6 */
	0x00,	0x00,	/*    7 */
	0x00,	0x00,	/*    8 */
	0x00,	0x00,	/*    9 */
	0x00,	0x00,	/*   10 */
	0x00,	0x00,	/*   11 */
	0x00,	0x00,	/*   12 */
	0x00,	0x00,	/*   13 */
	0x00,	0x00,	/*   14 */
	0x00,	0x00,	/*   15 */
	0x00,	0x00,	/*   16 */
	0x00,	0x00,	/*   17 */
	0x00,	0x00,	/*   18 */
	0x00,	0x00,	/*   19 */
	0x00,	0x00,	/*   20 */
	0x00,	0x00,	/*   21 */
	0x00,	0x00,	/*   22 */
	0x64,	0x00,	/*   23 */
	0x80,	0x01,	/*   24 */
	0x84,	0x0a,	/*   25 */
	0x04,	0x06,	/*   26 */
	0x03,	0x19,	/*   27 */
	0x00,	0x34,	/*   28 */
	0x04,	0x06,	/*   29 */
	0x18,	0x28,	/*   30 */
	0x20,	0x30,	/*   31 */
	0xf0,	0x01,	/*   32 */
	0xf1,	0x01,	/*   33 */
	0xf2,	0x01,	/*   34 */
	0xdf,	0x01,	/*   35 */
	0x83,	0x13,	/*   36 */
	0x84,	0x00,	/*   37 */
	0x54,	0x30,	/*   38 */
	0x0a,	0x12,	/*   39 */
	0x8a,	0x11,	/*   40 */
	0x17,	0x20,	/*   41 */
	0x83,	0x01,	/*   42 */
	0x0a,	0x12,	/*   43 */
	0x8a,	0x15,	/*   44 */
	0x26,	0x28,	/*   45 */
	0x72,	0x10,	/*   46 */
	0x72,	0x27,	/*   47 */
	0x0a,	0x12,	/*   48 */
	0x8a,	0x11,	/*   49 */
	0x72,	0x18,	/*   50 */
	0x08,	0x00,	/*   51 */
	0x5f,	0x1c,	/*   52 */
	0x5b,	0x28,	/*   53 */
	0x48,	0x08,	/*   54 */
	0x44,	0x04,	/*   55 */
	0xc9,	0x00,	/*   56 */
	0x4a,	0x06,	/*   57 */
	0x03,	0x19,	/*   58 */
	0x4b,	0x28,	/*   59 */
	0x47,	0x30,	/*   60 */
	0x9c,	0x00,	/*   61 */
	0x49,	0x08,	/*   62 */
	0x9e,	0x00,	/*   63 */
	0x49,	0x08,	/*   64 */
	0xf4,	0x00,	/*   65 */
	0x34,	0x30,	/*   66 */
	0xf5,	0x01,	/*   67 */
	0x0a,	0x16,	/*   68 */
	0x8a,	0x11,	/*   69 */
	0xee,	0x26,	/*   70 */
	0x0a,	0x12,	/*   71 */
	0x8a,	0x11,	/*   72 */
	0x49,	0x08,	/*   73 */
	0xca,	0x00,	/*   74 */
	0x71,	0x1e,	/*   75 */
	0x5b,	0x28,	/*   76 */
	0x4e,	0x30,	/*   77 */
	0x9c,	0x00,	/*   78 */
	0x1e,	0x14,	/*   79 */
	0x9e,	0x01,	/*   80 */
	0x66,	0x30,	/*   81 */
	0xc5,	0x27,	/*   82 */
	0x9c,	0x00,	/*   83 */
	0x00,	0x00,	/*   84 */
	0xf1,	0x11,	/*   85 */
	0xc5,	0x27,	/*   86 */
	0x1d,	0x18,	/*   87 */
	0xf1,	0x15,	/*   88 */
	0xf1,	0x1d,	/*   89 */
	0x51,	0x28,	/*   90 */
	0xc5,	0x27,	/*   91 */
	0x48,	0x08,	/*   92 */
	0x38,	0x3a,	/*   93 */
	0x03,	0x1d,	/*   94 */
	0x8e,	0x29,	/*   95 */
	0x5f,	0x1c,	/*   96 */
	0x71,	0x28,	/*   97 */
	0x1e,	0x30,	/*   98 */
	0x9c,	0x00,	/*   99 */
	0x1e,	0x14,	/*  100 */
	0x74,	0x30,	/*  101 */
	0x9c,	0x00,	/*  102 */
	0x1e,	0x14,	/*  103 */
	0x1d,	0x30,	/*  104 */
	0x9c,	0x00,	/*  105 */
	0x1e,	0x14,	/*  106 */
	0x05,	0x30,	/*  107 */
	0xb9,	0x01,	/*  108 */
	0xd3,	0x01,	/*  109 */
	0x4c,	0x02,	/*  110 */
	0x03,	0x18,	/*  111 */
	0x44,	0x17,	/*  112 */
	0x5f,	0x18,	/*  113 */
	0xf0,	0x19,	/*  114 */
	0x72,	0x29,	/*  115 */
	0x20,	0x30,	/*  116 */
	0x9c,	0x00,	/*  117 */
	0x1e,	0x14,	/*  118 */
	0x12,	0x30,	/*  119 */
	0x9c,	0x00,	/*  120 */
	0x9e,	0x01,	/*  121 */
	0x13,	0x30,	/*  122 */
	0x8e,	0x27,	/*  123 */
	0x0a,	0x12,	/*  124 */
	0x8a,	0x11,	/*  125 */
	0x41,	0x30,	/*  126 */
	0x9c,	0x00,	/*  127 */
	0x9e,	0x01,	/*  128 */
	0x15,	0x30,	/*  129 */
	0x9c,	0x00,	/*  130 */
	0x1e,	0x14,	/*  131 */
	0x16,	0x30,	/*  132 */
	0x9c,	0x00,	/*  133 */
	0x1e,	0x14,	/*  134 */
	0x80,	0x30,	/*  135 */
	0x9c,	0x00,	/*  136 */
	0x1e,	0x14,	/*  137 */
	0x17,	0x30,	/*  138 */
	0x9c,	0x00,	/*  139 */
	0x1e,	0x14,	/*  140 */
	0x18,	0x30,	/*  141 */
	0x9c,	0x00,	/*  142 */
	0x1e,	0x14,	/*  143 */
	0x6e,	0x30,	/*  144 */
	0x9c,	0x00,	/*  145 */
	0x1e,	0x14,	/*  146 */
	0x19,	0x30,	/*  147 */
	0x9c,	0x00,	/*  148 */
	0x1e,	0x14,	/*  149 */
	0x1a,	0x30,	/*  150 */
	0x9c,	0x00,	/*  151 */
	0x1e,	0x14,	/*  152 */
	0x48,	0x30,	/*  153 */
	0x9c,	0x00,	/*  154 */
	0x1e,	0x14,	/*  155 */
	0x76,	0x30,	/*  156 */
	0x9c,	0x00,	/*  157 */
	0x1e,	0x14,	/*  158 */
	0x1e,	0x30,	/*  159 */
	0x9c,	0x00,	/*  160 */
	0x1e,	0x14,	/*  161 */
	0x1d,	0x30,	/*  162 */
	0x9c,	0x00,	/*  163 */
	0x1e,	0x14,	/*  164 */
	0x4c,	0x30,	/*  165 */
	0x9c,	0x00,	/*  166 */
	0x1e,	0x14,	/*  167 */
	0x4b,	0x30,	/*  168 */
	0x9c,	0x00,	/*  169 */
	0x1e,	0x14,	/*  170 */
	0x50,	0x30,	/*  171 */
	0x9c,	0x00,	/*  172 */
	0x1e,	0x14,	/*  173 */
	0x42,	0x30,	/*  174 */
	0x9c,	0x00,	/*  175 */
	0x1e,	0x14,	/*  176 */
	0x21,	0x30,	/*  177 */
	0x9c,	0x00,	/*  178 */
	0x1e,	0x14,	/*  179 */
	0x22,	0x30,	/*  180 */
	0x9c,	0x00,	/*  181 */
	0x1e,	0x14,	/*  182 */
	0x40,	0x30,	/*  183 */
	0x9c,	0x00,	/*  184 */
	0x9e,	0x01,	/*  185 */
	0x0b,	0x30,	/*  186 */
	0x9c,	0x00,	/*  187 */
	0x00,	0x00,	/*  188 */
	0x70,	0x11,	/*  189 */
	0xc5,	0x27,	/*  190 */
	0x1d,	0x18,	/*  191 */
	0x70,	0x15,	/*  192 */
	0x09,	0x30,	/*  193 */
	0xc5,	0x27,	/*  194 */
	0x9c,	0x00,	/*  195 */
	0x00,	0x00,	/*  196 */
	0xf0,	0x12,	/*  197 */
	0xc5,	0x27,	/*  198 */
	0x1d,	0x18,	/*  199 */
	0xf0,	0x16,	/*  200 */
	0xc5,	0x27,	/*  201 */
	0x82,	0x30,	/*  202 */
	0xa6,	0x01,	/*  203 */
	0xa7,	0x01,	/*  204 */
	0xa8,	0x01,	/*  205 */
	0xa9,	0x01,	/*  206 */
	0xb8,	0x01,	/*  207 */
	0xba,	0x01,	/*  208 */
	0x9c,	0x00,	/*  209 */
	0x9e,	0x01,	/*  210 */
	0xd6,	0x30,	/*  211 */
	0x0a,	0x16,	/*  212 */
	0x8a,	0x11,	/*  213 */
	0x69,	0x27,	/*  214 */
	0x0a,	0x12,	/*  215 */
	0x8a,	0x11,	/*  216 */
	0x74,	0x08,	/*  217 */
	0xb5,	0x00,	/*  218 */
	0x73,	0x08,	/*  219 */
	0xb4,	0x00,	/*  220 */
	0xd3,	0x30,	/*  221 */
	0x0a,	0x16,	/*  222 */
	0x8a,	0x11,	/*  223 */
	0x82,	0x27,	/*  224 */
	0x0a,	0x12,	/*  225 */
	0x8a,	0x11,	/*  226 */
	0xce,	0x00,	/*  227 */
	0xd2,	0x30,	/*  228 */
	0x0a,	0x16,	/*  229 */
	0x8a,	0x11,	/*  230 */
	0x82,	0x27,	/*  231 */
	0x0a,	0x12,	/*  232 */
	0x8a,	0x11,	/*  233 */
	0xc3,	0x00,	/*  234 */
	0xd4,	0x30,	/*  235 */
	0x0a,	0x16,	/*  236 */
	0x8a,	0x11,	/*  237 */
	0x82,	0x27,	/*  238 */
	0x0a,	0x12,	/*  239 */
	0x8a,	0x11,	/*  240 */
	0xcf,	0x00,	/*  241 */
	0x71,	0x1b,	/*  242 */
	0xfe,	0x28,	/*  243 */
	0xd1,	0x30,	/*  244 */
	0x0a,	0x16,	/*  245 */
	0x8a,	0x11,	/*  246 */
	0x69,	0x27,	/*  247 */
	0x0a,	0x12,	/*  248 */
	0x8a,	0x11,	/*  249 */
	0x74,	0x08,	/*  250 */
	0xab,	0x00,	/*  251 */
	0x73,	0x08,	/*  252 */
	0xaa,	0x00,	/*  253 */
	0xd7,	0x30,	/*  254 */
	0x0a,	0x16,	/*  255 */
	0x8a,	0x11,	/*  256 */
	0x82,	0x27,	/*  257 */
	0x0a,	0x12,	/*  258 */
	0x8a,	0x11,	/*  259 */
	0xdd,	0x00,	/*  260 */
	0x2b,	0x08,	/*  261 */
	0xf4,	0x00,	/*  262 */
	0x2a,	0x08,	/*  263 */
	0xf3,	0x00,	/*  264 */
	0x5d,	0x08,	/*  265 */
	0xc8,	0x27,	/*  266 */
	0x0a,	0x12,	/*  267 */
	0x8a,	0x11,	/*  268 */
	0x74,	0x08,	/*  269 */
	0xa3,	0x00,	/*  270 */
	0x73,	0x08,	/*  271 */
	0xa2,	0x00,	/*  272 */
	0xfc,	0x26,	/*  273 */
	0x0a,	0x12,	/*  274 */
	0x8a,	0x11,	/*  275 */
	0x60,	0x27,	/*  276 */
	0x0a,	0x12,	/*  277 */
	0x8a,	0x11,	/*  278 */
	0x58,	0x26,	/*  279 */
	0x0a,	0x12,	/*  280 */
	0x8a,	0x11,	/*  281 */
	0x9c,	0x27,	/*  282 */
	0x0a,	0x12,	/*  283 */
	0x8a,	0x11,	/*  284 */
	0xf4,	0x00,	/*  285 */
	0x2a,	0x08,	/*  286 */
	0xf3,	0x00,	/*  287 */
	0xe0,	0x30,	/*  288 */
	0x45,	0x26,	/*  289 */
	0x0a,	0x12,	/*  290 */
	0x8a,	0x11,	/*  291 */
	0xe2,	0x30,	/*  292 */
	0xf3,	0x01,	/*  293 */
	0xf4,	0x01,	/*  294 */
	0x45,	0x26,	/*  295 */
	0x0a,	0x12,	/*  296 */
	0x8a,	0x11,	/*  297 */
	0xf7,	0x30,	/*  298 */
	0xf3,	0x01,	/*  299 */
	0xf4,	0x01,	/*  300 */
	0x45,	0x26,	/*  301 */
	0x0a,	0x12,	/*  302 */
	0x8a,	0x11,	/*  303 */
	0xc5,	0x27,	/*  304 */
	0xdc,	0x30,	/*  305 */
	0x5f,	0x10,	/*  306 */
	0xf3,	0x01,	/*  307 */
	0xf4,	0x01,	/*  308 */
	0xf5,	0x01,	/*  309 */
	0xf6,	0x01,	/*  310 */
	0x0a,	0x16,	/*  311 */
	0x8a,	0x11,	/*  312 */
	0x5a,	0x27,	/*  313 */
	0x0a,	0x12,	/*  314 */
	0x8a,	0x11,	/*  315 */
	0xe8,	0x30,	/*  316 */
	0xf3,	0x01,	/*  317 */
	0xf4,	0x01,	/*  318 */
	0x45,	0x26,	/*  319 */
	0x0a,	0x12,	/*  320 */
	0x8a,	0x11,	/*  321 */
	0xc5,	0x27,	/*  322 */
	0xbb,	0x01,	/*  323 */
	0xbc,	0x01,	/*  324 */
	0xbd,	0x01,	/*  325 */
	0xbe,	0x01,	/*  326 */
	0xa9,	0x27,	/*  327 */
	0x0a,	0x12,	/*  328 */
	0x8a,	0x11,	/*  329 */
	0xc8,	0x26,	/*  330 */
	0x0a,	0x12,	/*  331 */
	0x8a,	0x11,	/*  332 */
	0x4b,	0x27,	/*  333 */
	0x0a,	0x12,	/*  334 */
	0x8a,	0x11,	/*  335 */
	0x45,	0x26,	/*  336 */
	0x0a,	0x12,	/*  337 */
	0x8a,	0x11,	/*  338 */
	0x44,	0x27,	/*  339 */
	0x0a,	0x12,	/*  340 */
	0x8a,	0x11,	/*  341 */
	0x39,	0x27,	/*  342 */
	0x0a,	0x12,	/*  343 */
	0x8a,	0x11,	/*  344 */
	0xf0,	0x30,	/*  345 */
	0x45,	0x26,	/*  346 */
	0x0a,	0x12,	/*  347 */
	0x8a,	0x11,	/*  348 */
	0xc5,	0x27,	/*  349 */
	0x39,	0x27,	/*  350 */
	0x0a,	0x12,	/*  351 */
	0x8a,	0x11,	/*  352 */
	0xf1,	0x30,	/*  353 */
	0x45,	0x26,	/*  354 */
	0x0a,	0x12,	/*  355 */
	0x8a,	0x11,	/*  356 */
	0xc5,	0x27,	/*  357 */
	0x31,	0x08,	/*  358 */
	0xad,	0x00,	/*  359 */
	0x30,	0x08,	/*  360 */
	0xac,	0x00,	/*  361 */
	0x4a,	0x30,	/*  362 */
	0x5f,	0x10,	/*  363 */
	0x9c,	0x00,	/*  364 */
	0x52,	0x08,	/*  365 */
	0x9e,	0x00,	/*  366 */
	0x72,	0x27,	/*  367 */
	0x0a,	0x12,	/*  368 */
	0x8a,	0x11,	/*  369 */
	0x9c,	0x01,	/*  370 */
	0x00,	0x00,	/*  371 */
	0xc5,	0x27,	/*  372 */
	0x1d,	0x08,	/*  373 */
	0xdd,	0x00,	/*  374 */
	0x5d,	0x1c,	/*  375 */
	0x32,	0x28,	/*  376 */
	0x08,	0x30,	/*  377 */
	0x9c,	0x00,	/*  378 */
	0x00,	0x00,	/*  379 */
	0xc5,	0x27,	/*  380 */
	0x1d,	0x08,	/*  381 */
	0xdd,	0x00,	/*  382 */
	0x5d,	0x1c,	/*  383 */
	0x8a,	0x29,	/*  384 */
	0x02,	0x30,	/*  385 */
	0xc8,	0x00,	/*  386 */
	0x2d,	0x30,	/*  387 */
	0x9c,	0x00,	/*  388 */
	0x1e,	0x14,	/*  389 */
	0x48,	0x30,	/*  390 */
	0x9c,	0x00,	/*  391 */
	0x9e,	0x01,	/*  392 */
	0x8c,	0x29,	/*  393 */
	0xc8,	0x01,	/*  394 */
	0xc8,	0x0a,	/*  395 */
	0x19,	0x30,	/*  396 */
	0x30,	0x2e,	/*  397 */
	0x48,	0x0b,	/*  398 */
	0xd2,	0x29,	/*  399 */
	0x25,	0x30,	/*  400 */
	0x9c,	0x00,	/*  401 */
	0x9e,	0x01,	/*  402 */
	0x27,	0x30,	/*  403 */
	0x9c,	0x00,	/*  404 */
	0x9e,	0x01,	/*  405 */
	0x29,	0x30,	/*  406 */
	0x9c,	0x00,	/*  407 */
	0x9e,	0x01,	/*  408 */
	0x2d,	0x30,	/*  409 */
	0x9c,	0x00,	/*  410 */
	0x9e,	0x01,	/*  411 */
	0x27,	0x30,	/*  412 */
	0x9c,	0x00,	/*  413 */
	0x1e,	0x14,	/*  414 */
	0xff,	0x30,	/*  415 */
	0xf3,	0x00,	/*  416 */
	0x19,	0x30,	/*  417 */
	0xf4,	0x01,	/*  418 */
	0x50,	0x26,	/*  419 */
	0x0a,	0x12,	/*  420 */
	0x8a,	0x11,	/*  421 */
	0x06,	0x30,	/*  422 */
	0x9c,	0x00,	/*  423 */
	0x00,	0x00,	/*  424 */
	0xc5,	0x27,	/*  425 */
	0x1d,	0x08,	/*  426 */
	0xdd,	0x00,	/*  427 */
	0x5d,	0x18,	/*  428 */
	0xb7,	0x29,	/*  429 */
	0x23,	0x30,	/*  430 */
	0x9c,	0x00,	/*  431 */
	0x1e,	0x14,	/*  432 */
	0x25,	0x30,	/*  433 */
	0x9c,	0x00,	/*  434 */
	0x1e,	0x14,	/*  435 */
	0x23,	0x30,	/*  436 */
	0x9c,	0x00,	/*  437 */
	0x9e,	0x01,	/*  438 */
	0xff,	0x30,	/*  439 */
	0xf3,	0x00,	/*  440 */
	0x19,	0x30,	/*  441 */
	0xf4,	0x01,	/*  442 */
	0x50,	0x26,	/*  443 */
	0x0a,	0x12,	/*  444 */
	0x8a,	0x11,	/*  445 */
	0x29,	0x30,	/*  446 */
	0x9c,	0x00,	/*  447 */
	0x1e,	0x14,	/*  448 */
	0x2d,	0x30,	/*  449 */
	0x9c,	0x00,	/*  450 */
	0x1e,	0x14,	/*  451 */
	0x57,	0x30,	/*  452 */
	0x9c,	0x00,	/*  453 */
	0x00,	0x00,	/*  454 */
	0xc5,	0x27,	/*  455 */
	0x1d,	0x08,	/*  456 */
	0xdd,	0x00,	/*  457 */
	0x5d,	0x18,	/*  458 */
	0xce,	0x29,	/*  459 */
	0x03,	0x30,	/*  460 */
	0xef,	0x2c,	/*  461 */
	0x02,	0x30,	/*  462 */
	0xc8,	0x00,	/*  463 */
	0x48,	0x30,	/*  464 */
	0x30,	0x2e,	/*  465 */
	0x48,	0x08,	/*  466 */
	0x02,	0x3a,	/*  467 */
	0x03,	0x1d,	/*  468 */
	0x1a,	0x2a,	/*  469 */
	0x16,	0x30,	/*  470 */
	0x9c,	0x00,	/*  471 */
	0x1e,	0x14,	/*  472 */
	0x9e,	0x01,	/*  473 */
	0xff,	0x30,	/*  474 */
	0xf3,	0x00,	/*  475 */
	0x04,	0x30,	/*  476 */
	0xf4,	0x01,	/*  477 */
	0x50,	0x26,	/*  478 */
	0x0a,	0x12,	/*  479 */
	0x8a,	0x11,	/*  480 */
	0x13,	0x30,	/*  481 */
	0x9c,	0x00,	/*  482 */
	0x1e,	0x14,	/*  483 */
	0xff,	0x30,	/*  484 */
	0xf3,	0x00,	/*  485 */
	0xf4,	0x01,	/*  486 */
	0x50,	0x26,	/*  487 */
	0x0a,	0x12,	/*  488 */
	0x8a,	0x11,	/*  489 */
	0x0e,	0x30,	/*  490 */
	0x9c,	0x00,	/*  491 */
	0x00,	0x00,	/*  492 */
	0xc5,	0x27,	/*  493 */
	0x1d,	0x08,	/*  494 */
	0xdd,	0x00,	/*  495 */
	0x01,	0x30,	/*  496 */
	0xdd,	0x06,	/*  497 */
	0x13,	0x30,	/*  498 */
	0x9c,	0x00,	/*  499 */
	0x5d,	0x08,	/*  500 */
	0x9e,	0x00,	/*  501 */
	0x9c,	0x01,	/*  502 */
	0x00,	0x00,	/*  503 */
	0xc5,	0x27,	/*  504 */
	0x1d,	0x08,	/*  505 */
	0xdd,	0x00,	/*  506 */
	0x5d,	0x18,	/*  507 */
	0xff,	0x29,	/*  508 */
	0x38,	0x30,	/*  509 */
	0xef,	0x2c,	/*  510 */
	0x70,	0x18,	/*  511 */
	0x03,	0x2a,	/*  512 */
	0xf0,	0x1d,	/*  513 */
	0x12,	0x2a,	/*  514 */
	0x92,	0x30,	/*  515 */
	0x9c,	0x00,	/*  516 */
	0x00,	0x00,	/*  517 */
	0xc5,	0x27,	/*  518 */
	0x1d,	0x08,	/*  519 */
	0xdd,	0x00,	/*  520 */
	0x5d,	0x18,	/*  521 */
	0xf0,	0x19,	/*  522 */
	0x10,	0x2a,	/*  523 */
	0x71,	0x1b,	/*  524 */
	0x10,	0x2a,	/*  525 */
	0x0c,	0x30,	/*  526 */
	0x13,	0x2a,	/*  527 */
	0x06,	0x30,	/*  528 */
	0x13,	0x2a,	/*  529 */
	0x07,	0x30,	/*  530 */
	0xc8,	0x00,	/*  531 */
	0xf0,	0x19,	/*  532 */
	0x18,	0x2a,	/*  533 */
	0x17,	0x30,	/*  534 */
	0x9c,	0x00,	/*  535 */
	0x1e,	0x14,	/*  536 */
	0x31,	0x2e,	/*  537 */
	0x48,	0x08,	/*  538 */
	0x07,	0x3a,	/*  539 */
	0x03,	0x1d,	/*  540 */
	0x59,	0x2a,	/*  541 */
	0x5f,	0x1c,	/*  542 */
	0x24,	0x2a,	/*  543 */
	0x12,	0x30,	/*  544 */
	0x5f,	0x10,	/*  545 */
	0x9c,	0x00,	/*  546 */
	0x1e,	0x14,	/*  547 */
	0x0c,	0x30,	/*  548 */
	0x9c,	0x00,	/*  549 */
	0x00,	0x00,	/*  550 */
	0xc5,	0x27,	/*  551 */
	0x1d,	0x08,	/*  552 */
	0xdd,	0x00,	/*  553 */
	0x5d,	0x1c,	/*  554 */
	0x32,	0x28,	/*  555 */
	0xef,	0x30,	/*  556 */
	0x0a,	0x16,	/*  557 */
	0x8a,	0x11,	/*  558 */
	0x69,	0x27,	/*  559 */
	0x0a,	0x12,	/*  560 */
	0x8a,	0x11,	/*  561 */
	0x74,	0x08,	/*  562 */
	0xa1,	0x00,	/*  563 */
	0x73,	0x08,	/*  564 */
	0xa0,	0x00,	/*  565 */
	0x21,	0x08,	/*  566 */
	0xf4,	0x00,	/*  567 */
	0x20,	0x08,	/*  568 */
	0xf3,	0x00,	/*  569 */
	0xf7,	0x30,	/*  570 */
	0x45,	0x26,	/*  571 */
	0x0a,	0x12,	/*  572 */
	0x8a,	0x11,	/*  573 */
	0x92,	0x30,	/*  574 */
	0xc5,	0x27,	/*  575 */
	0x9c,	0x00,	/*  576 */
	0x00,	0x00,	/*  577 */
	0xc5,	0x27,	/*  578 */
	0x1d,	0x08,	/*  579 */
	0xdd,	0x00,	/*  580 */
	0x5d,	0x18,	/*  581 */
	0x71,	0x1b,	/*  582 */
	0x4a,	0x2a,	/*  583 */
	0x0c,	0x30,	/*  584 */
	0x4b,	0x2a,	/*  585 */
	0x06,	0x30,	/*  586 */
	0xc8,	0x00,	/*  587 */
	0x5f,	0x14,	/*  588 */
	0xf3,	0x01,	/*  589 */
	0xf3,	0x0a,	/*  590 */
	0x42,	0x08,	/*  591 */
	0x58,	0x26,	/*  592 */
	0x0a,	0x12,	/*  593 */
	0x8a,	0x11,	/*  594 */
	0xdd,	0x00,	/*  595 */
	0x30,	0x30,	/*  596 */
	0x9c,	0x00,	/*  597 */
	0x5d,	0x08,	/*  598 */
	0x9e,	0x00,	/*  599 */
	0x32,	0x28,	/*  600 */
	0x48,	0x08,	/*  601 */
	0x0c,	0x3a,	/*  602 */
	0x03,	0x1d,	/*  603 */
	0xd4,	0x2a,	/*  604 */
	0x5f,	0x1c,	/*  605 */
	0x69,	0x2a,	/*  606 */
	0x80,	0x30,	/*  607 */
	0x5f,	0x10,	/*  608 */
	0x9c,	0x00,	/*  609 */
	0x9e,	0x01,	/*  610 */
	0x82,	0x30,	/*  611 */
	0x9c,	0x00,	/*  612 */
	0x1e,	0x14,	/*  613 */
	0x81,	0x30,	/*  614 */
	0x9c,	0x00,	/*  615 */
	0x1e,	0x14,	/*  616 */
	0x87,	0x30,	/*  617 */
	0x9c,	0x00,	/*  618 */
	0x00,	0x00,	/*  619 */
	0xc5,	0x27,	/*  620 */
	0x1d,	0x08,	/*  621 */
	0xdd,	0x00,	/*  622 */
	0x08,	0x3a,	/*  623 */
	0x03,	0x1d,	/*  624 */
	0x32,	0x28,	/*  625 */
	0xf5,	0x30,	/*  626 */
	0x5f,	0x14,	/*  627 */
	0x0a,	0x16,	/*  628 */
	0x8a,	0x11,	/*  629 */
	0x69,	0x27,	/*  630 */
	0x0a,	0x12,	/*  631 */
	0x8a,	0x11,	/*  632 */
	0x74,	0x08,	/*  633 */
	0xab,	0x00,	/*  634 */
	0x73,	0x08,	/*  635 */
	0xaa,	0x00,	/*  636 */
	0x42,	0x0a,	/*  637 */
	0x82,	0x2a,	/*  638 */
	0x03,	0x10,	/*  639 */
	0xab,	0x0c,	/*  640 */
	0xaa,	0x0c,	/*  641 */
	0xff,	0x3e,	/*  642 */
	0x03,	0x1d,	/*  643 */
	0x7f,	0x2a,	/*  644 */
	0x2b,	0x08,	/*  645 */
	0xf4,	0x00,	/*  646 */
	0x2a,	0x08,	/*  647 */
	0xf3,	0x00,	/*  648 */
	0xe0,	0x30,	/*  649 */
	0x45,	0x26,	/*  650 */
	0x0a,	0x12,	/*  651 */
	0x8a,	0x11,	/*  652 */
	0xc5,	0x27,	/*  653 */
	0x42,	0x08,	/*  654 */
	0xd4,	0x00,	/*  655 */
	0xfc,	0x26,	/*  656 */
	0x0a,	0x12,	/*  657 */
	0x8a,	0x11,	/*  658 */
	0x60,	0x27,	/*  659 */
	0x0a,	0x12,	/*  660 */
	0x8a,	0x11,	/*  661 */
	0x58,	0x26,	/*  662 */
	0x0a,	0x12,	/*  663 */
	0x8a,	0x11,	/*  664 */
	0x9c,	0x27,	/*  665 */
	0x0a,	0x12,	/*  666 */
	0x8a,	0x11,	/*  667 */
	0xf4,	0x00,	/*  668 */
	0x2a,	0x08,	/*  669 */
	0xf3,	0x00,	/*  670 */
	0x42,	0x08,	/*  671 */
	0xc8,	0x26,	/*  672 */
	0x0a,	0x12,	/*  673 */
	0x8a,	0x11,	/*  674 */
	0x4b,	0x27,	/*  675 */
	0x0a,	0x12,	/*  676 */
	0x8a,	0x11,	/*  677 */
	0x45,	0x26,	/*  678 */
	0x0a,	0x12,	/*  679 */
	0x8a,	0x11,	/*  680 */
	0x44,	0x27,	/*  681 */
	0x0a,	0x12,	/*  682 */
	0x8a,	0x11,	/*  683 */
	0x39,	0x27,	/*  684 */
	0x0a,	0x12,	/*  685 */
	0x8a,	0x11,	/*  686 */
	0xf0,	0x30,	/*  687 */
	0x45,	0x26,	/*  688 */
	0x0a,	0x12,	/*  689 */
	0x8a,	0x11,	/*  690 */
	0xc5,	0x27,	/*  691 */
	0x39,	0x27,	/*  692 */
	0x0a,	0x12,	/*  693 */
	0x8a,	0x11,	/*  694 */
	0xf1,	0x30,	/*  695 */
	0x45,	0x26,	/*  696 */
	0x0a,	0x12,	/*  697 */
	0x8a,	0x11,	/*  698 */
	0x82,	0x30,	/*  699 */
	0xc5,	0x27,	/*  700 */
	0x9c,	0x00,	/*  701 */
	0x9e,	0x01,	/*  702 */
	0x31,	0x08,	/*  703 */
	0xad,	0x00,	/*  704 */
	0x30,	0x08,	/*  705 */
	0xac,	0x00,	/*  706 */
	0x71,	0x17,	/*  707 */
	0x42,	0x08,	/*  708 */
	0x54,	0x06,	/*  709 */
	0x03,	0x1d,	/*  710 */
	0x70,	0x18,	/*  711 */
	0xcb,	0x2a,	/*  712 */
	0x38,	0x30,	/*  713 */
	0xea,	0x2d,	/*  714 */
	0x06,	0x30,	/*  715 */
	0xc8,	0x00,	/*  716 */
	0xf3,	0x01,	/*  717 */
	0xf3,	0x0a,	/*  718 */
	0x42,	0x08,	/*  719 */
	0x58,	0x26,	/*  720 */
	0x0a,	0x12,	/*  721 */
	0x8a,	0x11,	/*  722 */
	0x32,	0x28,	/*  723 */
	0x48,	0x08,	/*  724 */
	0x0d,	0x3a,	/*  725 */
	0x03,	0x1d,	/*  726 */
	0xeb,	0x2a,	/*  727 */
	0x5f,	0x1c,	/*  728 */
	0xe2,	0x2a,	/*  729 */
	0x17,	0x30,	/*  730 */
	0x5f,	0x10,	/*  731 */
	0x9c,	0x00,	/*  732 */
	0x1e,	0x14,	/*  733 */
	0x9e,	0x01,	/*  734 */
	0x12,	0x30,	/*  735 */
	0x9c,	0x00,	/*  736 */
	0x1e,	0x14,	/*  737 */
	0x0c,	0x30,	/*  738 */
	0x9c,	0x00,	/*  739 */
	0x00,	0x00,	/*  740 */
	0xc5,	0x27,	/*  741 */
	0x1d,	0x08,	/*  742 */
	0xdd,	0x00,	/*  743 */
	0x5d,	0x1c,	/*  744 */
	0x32,	0x28,	/*  745 */
	0x4a,	0x2a,	/*  746 */
	0x48,	0x08,	/*  747 */
	0x06,	0x3a,	/*  748 */
	0x03,	0x1d,	/*  749 */
	0x70,	0x2b,	/*  750 */
	0x5f,	0x1c,	/*  751 */
	0x18,	0x2b,	/*  752 */
	0x40,	0x30,	/*  753 */
	0x5f,	0x10,	/*  754 */
	0xa4,	0x00,	/*  755 */
	0x06,	0x30,	/*  756 */
	0xa5,	0x00,	/*  757 */
	0x12,	0x30,	/*  758 */
	0x8e,	0x27,	/*  759 */
	0x0a,	0x12,	/*  760 */
	0x8a,	0x11,	/*  761 */
	0x69,	0x30,	/*  762 */
	0x9c,	0x00,	/*  763 */
	0x00,	0x00,	/*  764 */
	0xc5,	0x27,	/*  765 */
	0x1d,	0x08,	/*  766 */
	0xdd,	0x00,	/*  767 */
	0x5d,	0x1c,	/*  768 */
	0x06,	0x2b,	/*  769 */
	0x14,	0x30,	/*  770 */
	0x9c,	0x00,	/*  771 */
	0x9e,	0x01,	/*  772 */
	0x0a,	0x2b,	/*  773 */
	0x14,	0x30,	/*  774 */
	0x9c,	0x00,	/*  775 */
	0x06,	0x30,	/*  776 */
	0x9e,	0x00,	/*  777 */
	0x41,	0x30,	/*  778 */
	0x9c,	0x00,	/*  779 */
	0x07,	0x30,	/*  780 */
	0x9e,	0x00,	/*  781 */
	0xf0,	0x1d,	/*  782 */
	0x18,	0x2b,	/*  783 */
	0x33,	0x08,	/*  784 */
	0xf4,	0x00,	/*  785 */
	0x32,	0x08,	/*  786 */
	0xf3,	0x00,	/*  787 */
	0xe1,	0x30,	/*  788 */
	0x45,	0x26,	/*  789 */
	0x0a,	0x12,	/*  790 */
	0x8a,	0x11,	/*  791 */
	0xc5,	0x27,	/*  792 */
	0x4f,	0x08,	/*  793 */
	0xf3,	0x00,	/*  794 */
	0xf4,	0x01,	/*  795 */
	0x41,	0x08,	/*  796 */
	0x50,	0x26,	/*  797 */
	0x0a,	0x12,	/*  798 */
	0x8a,	0x11,	/*  799 */
	0x01,	0x30,	/*  800 */
	0x9c,	0x00,	/*  801 */
	0x00,	0x00,	/*  802 */
	0xb4,	0x27,	/*  803 */
	0x0a,	0x12,	/*  804 */
	0x8a,	0x11,	/*  805 */
	0x03,	0x19,	/*  806 */
	0x4f,	0x2b,	/*  807 */
	0xc4,	0x13,	/*  808 */
	0x50,	0x1c,	/*  809 */
	0x32,	0x2b,	/*  810 */
	0x6f,	0x30,	/*  811 */
	0x9c,	0x00,	/*  812 */
	0x9e,	0x01,	/*  813 */
	0x14,	0x30,	/*  814 */
	0x9c,	0x00,	/*  815 */
	0x06,	0x30,	/*  816 */
	0x43,	0x2b,	/*  817 */
	0xd0,	0x1c,	/*  818 */
	0x3c,	0x2b,	/*  819 */
	0x6f,	0x30,	/*  820 */
	0x9c,	0x00,	/*  821 */
	0x01,	0x30,	/*  822 */
	0x9e,	0x00,	/*  823 */
	0x14,	0x30,	/*  824 */
	0x9c,	0x00,	/*  825 */
	0x05,	0x30,	/*  826 */
	0x43,	0x2b,	/*  827 */
	0x6f,	0x30,	/*  828 */
	0x9c,	0x00,	/*  829 */
	0x02,	0x30,	/*  830 */
	0x9e,	0x00,	/*  831 */
	0x14,	0x30,	/*  832 */
	0x9c,	0x00,	/*  833 */
	0x03,	0x30,	/*  834 */
	0x9e,	0x00,	/*  835 */
	0x70,	0x1d,	/*  836 */
	0x48,	0x2b,	/*  837 */
	0x09,	0x30,	/*  838 */
	0x49,	0x2b,	/*  839 */
	0x08,	0x30,	/*  840 */
	0xc8,	0x00,	/*  841 */
	0x18,	0x30,	/*  842 */
	0x9c,	0x00,	/*  843 */
	0x1e,	0x14,	/*  844 */
	0x9e,	0x01,	/*  845 */
	0x69,	0x2b,	/*  846 */
	0x25,	0x08,	/*  847 */
	0x24,	0x04,	/*  848 */
	0x03,	0x1d,	/*  849 */
	0x6a,	0x2b,	/*  850 */
	0x14,	0x30,	/*  851 */
	0x9c,	0x00,	/*  852 */
	0x07,	0x30,	/*  853 */
	0x9e,	0x00,	/*  854 */
	0xf0,	0x1d,	/*  855 */
	0x5b,	0x2b,	/*  856 */
	0x5f,	0x14,	/*  857 */
	0x69,	0x2b,	/*  858 */
	0x4e,	0x08,	/*  859 */
	0x58,	0x02,	/*  860 */
	0x03,	0x18,	/*  861 */
	0x61,	0x2b,	/*  862 */
	0x05,	0x30,	/*  863 */
	0x68,	0x2b,	/*  864 */
	0x43,	0x08,	/*  865 */
	0x57,	0x02,	/*  866 */
	0x03,	0x18,	/*  867 */
	0x67,	0x2b,	/*  868 */
	0x04,	0x30,	/*  869 */
	0x68,	0x2b,	/*  870 */
	0xff,	0x30,	/*  871 */
	0xc8,	0x00,	/*  872 */
	0x5f,	0x14,	/*  873 */
	0x0a,	0x16,	/*  874 */
	0x8a,	0x11,	/*  875 */
	0xeb,	0x27,	/*  876 */
	0x0a,	0x12,	/*  877 */
	0x8a,	0x11,	/*  878 */
	0x32,	0x28,	/*  879 */
	0x48,	0x08,	/*  880 */
	0x05,	0x3a,	/*  881 */
	0x03,	0x1d,	/*  882 */
	0x46,	0x2c,	/*  883 */
	0x69,	0x30,	/*  884 */
	0xd8,	0x0a,	/*  885 */
	0x9c,	0x00,	/*  886 */
	0x00,	0x00,	/*  887 */
	0xc5,	0x27,	/*  888 */
	0x1d,	0x08,	/*  889 */
	0xdd,	0x00,	/*  890 */
	0x58,	0x1c,	/*  891 */
	0xa0,	0x2b,	/*  892 */
	0x5d,	0x1c,	/*  893 */
	0x8f,	0x2b,	/*  894 */
	0x35,	0x08,	/*  895 */
	0xf4,	0x00,	/*  896 */
	0x34,	0x08,	/*  897 */
	0xf3,	0x00,	/*  898 */
	0x03,	0x30,	/*  899 */
	0xf5,	0x00,	/*  900 */
	0xf6,	0x01,	/*  901 */
	0xe7,	0x27,	/*  902 */
	0x0a,	0x12,	/*  903 */
	0x8a,	0x11,	/*  904 */
	0x73,	0x08,	/*  905 */
	0xd9,	0x07,	/*  906 */
	0x03,	0x18,	/*  907 */
	0xda,	0x0a,	/*  908 */
	0x74,	0x08,	/*  909 */
	0x94,	0x2b,	/*  910 */
	0x34,	0x08,	/*  911 */
	0xd9,	0x07,	/*  912 */
	0x03,	0x18,	/*  913 */
	0xda,	0x0a,	/*  914 */
	0x35,	0x08,	/*  915 */
	0xda,	0x07,	/*  916 */
	0x31,	0x08,	/*  917 */
	0xdc,	0x00,	/*  918 */
	0x30,	0x08,	/*  919 */
	0xdb,	0x00,	/*  920 */
	0x59,	0x08,	/*  921 */
	0xdb,	0x02,	/*  922 */
	0x5a,	0x08,	/*  923 */
	0x03,	0x1c,	/*  924 */
	0xdc,	0x03,	/*  925 */
	0xdc,	0x02,	/*  926 */
	0xaa,	0x2b,	/*  927 */
	0x31,	0x08,	/*  928 */
	0xdc,	0x00,	/*  929 */
	0x30,	0x08,	/*  930 */
	0xdb,	0x00,	/*  931 */
	0x59,	0x08,	/*  932 */
	0xdb,	0x07,	/*  933 */
	0x03,	0x18,	/*  934 */
	0xdc,	0x0a,	/*  935 */
	0x5a,	0x08,	/*  936 */
	0xdc,	0x07,	/*  937 */
	0x87,	0x27,	/*  938 */
	0x0a,	0x12,	/*  939 */
	0x8a,	0x11,	/*  940 */
	0x40,	0x08,	/*  941 */
	0xc8,	0x26,	/*  942 */
	0x0a,	0x12,	/*  943 */
	0x8a,	0x11,	/*  944 */
	0x74,	0x08,	/*  945 */
	0xab,	0x00,	/*  946 */
	0x73,	0x08,	/*  947 */
	0xaa,	0x00,	/*  948 */
	0xfc,	0x26,	/*  949 */
	0x0a,	0x12,	/*  950 */
	0x8a,	0x11,	/*  951 */
	0xc2,	0x00,	/*  952 */
	0xa9,	0x27,	/*  953 */
	0x0a,	0x12,	/*  954 */
	0x8a,	0x11,	/*  955 */
	0xc8,	0x26,	/*  956 */
	0x0a,	0x12,	/*  957 */
	0x8a,	0x11,	/*  958 */
	0x74,	0x08,	/*  959 */
	0xad,	0x00,	/*  960 */
	0x73,	0x08,	/*  961 */
	0xac,	0x00,	/*  962 */
	0x00,	0x30,	/*  963 */
	0xac,	0x07,	/*  964 */
	0x03,	0x18,	/*  965 */
	0xad,	0x0a,	/*  966 */
	0xc0,	0x30,	/*  967 */
	0xad,	0x07,	/*  968 */
	0xba,	0x27,	/*  969 */
	0x0a,	0x12,	/*  970 */
	0x8a,	0x11,	/*  971 */
	0x45,	0x26,	/*  972 */
	0x0a,	0x12,	/*  973 */
	0x8a,	0x11,	/*  974 */
	0xc5,	0x27,	/*  975 */
	0x42,	0x08,	/*  976 */
	0x40,	0x02,	/*  977 */
	0x03,	0x18,	/*  978 */
	0xf8,	0x2b,	/*  979 */
	0x35,	0x08,	/*  980 */
	0x79,	0x27,	/*  981 */
	0x0a,	0x12,	/*  982 */
	0x8a,	0x11,	/*  983 */
	0xdc,	0x2b,	/*  984 */
	0x03,	0x10,	/*  985 */
	0xaf,	0x0c,	/*  986 */
	0xae,	0x0c,	/*  987 */
	0xff,	0x3e,	/*  988 */
	0x03,	0x1d,	/*  989 */
	0xd9,	0x2b,	/*  990 */
	0x2c,	0x08,	/*  991 */
	0xae,	0x07,	/*  992 */
	0x03,	0x18,	/*  993 */
	0xaf,	0x0a,	/*  994 */
	0x2d,	0x08,	/*  995 */
	0x5a,	0x27,	/*  996 */
	0x0a,	0x12,	/*  997 */
	0x8a,	0x11,	/*  998 */
	0x45,	0x26,	/*  999 */
	0x0a,	0x12,	/* 1000 */
	0x8a,	0x11,	/* 1001 */
	0x80,	0x27,	/* 1002 */
	0x0a,	0x12,	/* 1003 */
	0x8a,	0x11,	/* 1004 */
	0x40,	0x08,	/* 1005 */
	0x42,	0x02,	/* 1006 */
	0x01,	0x3e,	/* 1007 */
	0xf4,	0x2b,	/* 1008 */
	0x03,	0x10,	/* 1009 */
	0xfd,	0x0c,	/* 1010 */
	0xfc,	0x0c,	/* 1011 */
	0xff,	0x3e,	/* 1012 */
	0x03,	0x1d,	/* 1013 */
	0xf1,	0x2b,	/* 1014 */
	0x11,	0x2c,	/* 1015 */
	0x40,	0x08,	/* 1016 */
	0x42,	0x02,	/* 1017 */
	0x03,	0x18,	/* 1018 */
	0x15,	0x2c,	/* 1019 */
	0x35,	0x08,	/* 1020 */
	0x95,	0x27,	/* 1021 */
	0x0a,	0x12,	/* 1022 */
	0x8a,	0x11,	/* 1023 */
	0x2c,	0x08,	/* 1024 */
	0xae,	0x07,	/* 1025 */
	0x03,	0x18,	/* 1026 */
	0xaf,	0x0a,	/* 1027 */
	0x2d,	0x08,	/* 1028 */
	0x5a,	0x27,	/* 1029 */
	0x0a,	0x12,	/* 1030 */
	0x8a,	0x11,	/* 1031 */
	0x45,	0x26,	/* 1032 */
	0x0a,	0x12,	/* 1033 */
	0x8a,	0x11,	/* 1034 */
	0x80,	0x27,	/* 1035 */
	0x0a,	0x12,	/* 1036 */
	0x8a,	0x11,	/* 1037 */
	0x03,	0x10,	/* 1038 */
	0xfc,	0x0d,	/* 1039 */
	0xfd,	0x0d,	/* 1040 */
	0xbf,	0x27,	/* 1041 */
	0x0a,	0x12,	/* 1042 */
	0x8a,	0x11,	/* 1043 */
	0x24,	0x2c,	/* 1044 */
	0x2d,	0x08,	/* 1045 */
	0xaf,	0x00,	/* 1046 */
	0x2c,	0x08,	/* 1047 */
	0xae,	0x00,	/* 1048 */
	0x39,	0x27,	/* 1049 */
	0x0a,	0x12,	/* 1050 */
	0x8a,	0x11,	/* 1051 */
	0xf0,	0x30,	/* 1052 */
	0x45,	0x26,	/* 1053 */
	0x0a,	0x12,	/* 1054 */
	0x8a,	0x11,	/* 1055 */
	0xc5,	0x27,	/* 1056 */
	0xa3,	0x27,	/* 1057 */
	0x0a,	0x12,	/* 1058 */
	0x8a,	0x11,	/* 1059 */
	0xaf,	0x07,	/* 1060 */
	0x2f,	0x08,	/* 1061 */
	0xf4,	0x00,	/* 1062 */
	0x2e,	0x08,	/* 1063 */
	0xf3,	0x00,	/* 1064 */
	0xf1,	0x30,	/* 1065 */
	0x45,	0x26,	/* 1066 */
	0x0a,	0x12,	/* 1067 */
	0x8a,	0x11,	/* 1068 */
	0xc5,	0x27,	/* 1069 */
	0xaf,	0x27,	/* 1070 */
	0x0a,	0x12,	/* 1071 */
	0x8a,	0x11,	/* 1072 */
	0x45,	0x26,	/* 1073 */
	0x0a,	0x12,	/* 1074 */
	0x8a,	0x11,	/* 1075 */
	0x2f,	0x30,	/* 1076 */
	0xc5,	0x27,	/* 1077 */
	0x9c,	0x00,	/* 1078 */
	0x42,	0x08,	/* 1079 */
	0x9e,	0x00,	/* 1080 */
	0xf3,	0x01,	/* 1081 */
	0xf3,	0x0a,	/* 1082 */
	0x42,	0x08,	/* 1083 */
	0x58,	0x26,	/* 1084 */
	0x0a,	0x12,	/* 1085 */
	0x8a,	0x11,	/* 1086 */
	0xdd,	0x00,	/* 1087 */
	0x30,	0x30,	/* 1088 */
	0x9c,	0x00,	/* 1089 */
	0x5d,	0x08,	/* 1090 */
	0x9e,	0x00,	/* 1091 */
	0x06,	0x30,	/* 1092 */
	0xef,	0x2c,	/* 1093 */
	0x48,	0x08,	/* 1094 */
	0x04,	0x3a,	/* 1095 */
	0x03,	0x1d,	/* 1096 */
	0xa5,	0x2c,	/* 1097 */
	0x17,	0x30,	/* 1098 */
	0xd7,	0x0a,	/* 1099 */
	0x9c,	0x00,	/* 1100 */
	0x1e,	0x14,	/* 1101 */
	0x9e,	0x01,	/* 1102 */
	0x57,	0x1c,	/* 1103 */
	0x63,	0x2c,	/* 1104 */
	0x22,	0x08,	/* 1105 */
	0xd5,	0x07,	/* 1106 */
	0x03,	0x18,	/* 1107 */
	0xd6,	0x0a,	/* 1108 */
	0x23,	0x08,	/* 1109 */
	0xd6,	0x07,	/* 1110 */
	0x55,	0x09,	/* 1111 */
	0xfc,	0x00,	/* 1112 */
	0x56,	0x09,	/* 1113 */
	0xfd,	0x00,	/* 1114 */
	0xfc,	0x0a,	/* 1115 */
	0x03,	0x19,	/* 1116 */
	0xfd,	0x0a,	/* 1117 */
	0x7c,	0x08,	/* 1118 */
	0xa6,	0x00,	/* 1119 */
	0x7d,	0x08,	/* 1120 */
	0xa7,	0x00,	/* 1121 */
	0x67,	0x2c,	/* 1122 */
	0x56,	0x08,	/* 1123 */
	0xa7,	0x00,	/* 1124 */
	0x55,	0x08,	/* 1125 */
	0xa6,	0x00,	/* 1126 */
	0x0a,	0x16,	/* 1127 */
	0x8a,	0x11,	/* 1128 */
	0xf2,	0x27,	/* 1129 */
	0x0a,	0x12,	/* 1130 */
	0x8a,	0x11,	/* 1131 */
	0x45,	0x26,	/* 1132 */
	0x0a,	0x12,	/* 1133 */
	0x8a,	0x11,	/* 1134 */
	0xc5,	0x27,	/* 1135 */
	0x27,	0x08,	/* 1136 */
	0xa9,	0x00,	/* 1137 */
	0x26,	0x08,	/* 1138 */
	0xa8,	0x00,	/* 1139 */
	0xd1,	0x30,	/* 1140 */
	0xd8,	0x01,	/* 1141 */
	0xd9,	0x01,	/* 1142 */
	0xda,	0x01,	/* 1143 */
	0x0a,	0x16,	/* 1144 */
	0x8a,	0x11,	/* 1145 */
	0x69,	0x27,	/* 1146 */
	0x0a,	0x12,	/* 1147 */
	0x8a,	0x11,	/* 1148 */
	0x74,	0x08,	/* 1149 */
	0xab,	0x00,	/* 1150 */
	0x73,	0x08,	/* 1151 */
	0xaa,	0x00,	/* 1152 */
	0x31,	0x08,	/* 1153 */
	0xad,	0x00,	/* 1154 */
	0x30,	0x08,	/* 1155 */
	0xac,	0x00,	/* 1156 */
	0xba,	0x27,	/* 1157 */
	0x0a,	0x12,	/* 1158 */
	0x8a,	0x11,	/* 1159 */
	0x45,	0x26,	/* 1160 */
	0x0a,	0x12,	/* 1161 */
	0x8a,	0x11,	/* 1162 */
	0xc5,	0x27,	/* 1163 */
	0x2d,	0x08,	/* 1164 */
	0xaf,	0x00,	/* 1165 */
	0x2c,	0x08,	/* 1166 */
	0xae,	0x00,	/* 1167 */
	0x39,	0x27,	/* 1168 */
	0x0a,	0x12,	/* 1169 */
	0x8a,	0x11,	/* 1170 */
	0xf0,	0x30,	/* 1171 */
	0x45,	0x26,	/* 1172 */
	0x0a,	0x12,	/* 1173 */
	0x8a,	0x11,	/* 1174 */
	0xc5,	0x27,	/* 1175 */
	0x39,	0x27,	/* 1176 */
	0x0a,	0x12,	/* 1177 */
	0x8a,	0x11,	/* 1178 */
	0xf1,	0x30,	/* 1179 */
	0x45,	0x26,	/* 1180 */
	0x0a,	0x12,	/* 1181 */
	0x8a,	0x11,	/* 1182 */
	0xfc,	0x26,	/* 1183 */
	0x0a,	0x12,	/* 1184 */
	0x8a,	0x11,	/* 1185 */
	0xc2,	0x00,	/* 1186 */
	0x2f,	0x30,	/* 1187 */
	0x36,	0x2c,	/* 1188 */
	0x48,	0x08,	/* 1189 */
	0x03,	0x3a,	/* 1190 */
	0x03,	0x1d,	/* 1191 */
	0xc9,	0x2c,	/* 1192 */
	0x5f,	0x1c,	/* 1193 */
	0xb0,	0x2c,	/* 1194 */
	0x48,	0x30,	/* 1195 */
	0x9c,	0x00,	/* 1196 */
	0x1e,	0x14,	/* 1197 */
	0x9e,	0x01,	/* 1198 */
	0x5f,	0x10,	/* 1199 */
	0x90,	0x30,	/* 1200 */
	0x9c,	0x00,	/* 1201 */
	0x00,	0x00,	/* 1202 */
	0xc5,	0x27,	/* 1203 */
	0x1d,	0x08,	/* 1204 */
	0xdd,	0x00,	/* 1205 */
	0x5d,	0x1c,	/* 1206 */
	0x32,	0x28,	/* 1207 */
	0x91,	0x30,	/* 1208 */
	0x9c,	0x00,	/* 1209 */
	0x00,	0x00,	/* 1210 */
	0xc5,	0x27,	/* 1211 */
	0x1d,	0x08,	/* 1212 */
	0xdd,	0x00,	/* 1213 */
	0x5d,	0x1c,	/* 1214 */
	0xc7,	0x2c,	/* 1215 */
	0xff,	0x30,	/* 1216 */
	0xf3,	0x00,	/* 1217 */
	0x80,	0x30,	/* 1218 */
	0xf4,	0x01,	/* 1219 */
	0x50,	0x26,	/* 1220 */
	0x0a,	0x12,	/* 1221 */
	0x8a,	0x11,	/* 1222 */
	0x02,	0x30,	/* 1223 */
	0xef,	0x2c,	/* 1224 */
	0x48,	0x08,	/* 1225 */
	0x08,	0x3a,	/* 1226 */
	0x03,	0x1d,	/* 1227 */
	0xf1,	0x2c,	/* 1228 */
	0x18,	0x30,	/* 1229 */
	0x9c,	0x00,	/* 1230 */
	0x1e,	0x14,	/* 1231 */
	0x9e,	0x01,	/* 1232 */
	0xd5,	0x30,	/* 1233 */
	0x0a,	0x16,	/* 1234 */
	0x8a,	0x11,	/* 1235 */
	0x82,	0x27,	/* 1236 */
	0x0a,	0x12,	/* 1237 */
	0x8a,	0x11,	/* 1238 */
	0xdd,	0x00,	/* 1239 */
	0xa4,	0x00,	/* 1240 */
	0xa5,	0x01,	/* 1241 */
	0x03,	0x10,	/* 1242 */
	0xa4,	0x0d,	/* 1243 */
	0xa5,	0x0d,	/* 1244 */
	0x03,	0x10,	/* 1245 */
	0xa4,	0x0d,	/* 1246 */
	0xa5,	0x0d,	/* 1247 */
	0xff,	0x30,	/* 1248 */
	0xf3,	0x00,	/* 1249 */
	0xf4,	0x01,	/* 1250 */
	0x41,	0x08,	/* 1251 */
	0x50,	0x26,	/* 1252 */
	0x0a,	0x16,	/* 1253 */
	0x8a,	0x11,	/* 1254 */
	0xeb,	0x27,	/* 1255 */
	0x0a,	0x12,	/* 1256 */
	0x8a,	0x11,	/* 1257 */
	0x25,	0x08,	/* 1258 */
	0x24,	0x04,	/* 1259 */
	0x03,	0x1d,	/* 1260 */
	0xe0,	0x2c,	/* 1261 */
	0x09,	0x30,	/* 1262 */
	0xc8,	0x00,	/* 1263 */
	0x3e,	0x2e,	/* 1264 */
	0x48,	0x08,	/* 1265 */
	0x0a,	0x3a,	/* 1266 */
	0x03,	0x1d,	/* 1267 */
	0x3e,	0x2d,	/* 1268 */
	0x5f,	0x1c,	/* 1269 */
	0x13,	0x2d,	/* 1270 */
	0x40,	0x30,	/* 1271 */
	0x5f,	0x10,	/* 1272 */
	0xa4,	0x00,	/* 1273 */
	0x06,	0x30,	/* 1274 */
	0xa5,	0x00,	/* 1275 */
	0x69,	0x30,	/* 1276 */
	0x9c,	0x00,	/* 1277 */
	0x00,	0x00,	/* 1278 */
	0xc5,	0x27,	/* 1279 */
	0x1d,	0x08,	/* 1280 */
	0xdd,	0x00,	/* 1281 */
	0x14,	0x30,	/* 1282 */
	0x9c,	0x00,	/* 1283 */
	0x07,	0x30,	/* 1284 */
	0x9e,	0x00,	/* 1285 */
	0x5d,	0x1c,	/* 1286 */
	0x0c,	0x2d,	/* 1287 */
	0x14,	0x30,	/* 1288 */
	0x9c,	0x00,	/* 1289 */
	0x9e,	0x01,	/* 1290 */
	0x10,	0x2d,	/* 1291 */
	0x14,	0x30,	/* 1292 */
	0x9c,	0x00,	/* 1293 */
	0x06,	0x30,	/* 1294 */
	0x9e,	0x00,	/* 1295 */
	0x15,	0x30,	/* 1296 */
	0x9c,	0x00,	/* 1297 */
	0x1e,	0x14,	/* 1298 */
	0x4f,	0x08,	/* 1299 */
	0xf3,	0x00,	/* 1300 */
	0xf4,	0x01,	/* 1301 */
	0x41,	0x08,	/* 1302 */
	0x50,	0x26,	/* 1303 */
	0x0a,	0x12,	/* 1304 */
	0x8a,	0x11,	/* 1305 */
	0x01,	0x30,	/* 1306 */
	0x9c,	0x00,	/* 1307 */
	0x00,	0x00,	/* 1308 */
	0xc5,	0x27,	/* 1309 */
	0x1d,	0x08,	/* 1310 */
	0xd0,	0x00,	/* 1311 */
	0x9c,	0x01,	/* 1312 */
	0x00,	0x00,	/* 1313 */
	0xc5,	0x27,	/* 1314 */
	0x1d,	0x08,	/* 1315 */
	0xdd,	0x00,	/* 1316 */
	0x5d,	0x18,	/* 1317 */
	0x29,	0x2d,	/* 1318 */
	0x38,	0x30,	/* 1319 */
	0x68,	0x2b,	/* 1320 */
	0x50,	0x08,	/* 1321 */
	0x03,	0x19,	/* 1322 */
	0x32,	0x2d,	/* 1323 */
	0x70,	0x1d,	/* 1324 */
	0x30,	0x2d,	/* 1325 */
	0x09,	0x30,	/* 1326 */
	0x68,	0x2b,	/* 1327 */
	0x08,	0x30,	/* 1328 */
	0x68,	0x2b,	/* 1329 */
	0x25,	0x08,	/* 1330 */
	0x24,	0x04,	/* 1331 */
	0x03,	0x1d,	/* 1332 */
	0x6a,	0x2b,	/* 1333 */
	0x03,	0x30,	/* 1334 */
	0x39,	0x02,	/* 1335 */
	0x03,	0x1c,	/* 1336 */
	0x2e,	0x2d,	/* 1337 */
	0x38,	0x30,	/* 1338 */
	0xc8,	0x00,	/* 1339 */
	0xcc,	0x0a,	/* 1340 */
	0x69,	0x2b,	/* 1341 */
	0x48,	0x08,	/* 1342 */
	0x0b,	0x3a,	/* 1343 */
	0x03,	0x1d,	/* 1344 */
	0x45,	0x2d,	/* 1345 */
	0xcc,	0x0a,	/* 1346 */
	0x5f,	0x14,	/* 1347 */
	0xc9,	0x2a,	/* 1348 */
	0x48,	0x08,	/* 1349 */
	0x09,	0x3a,	/* 1350 */
	0x03,	0x1d,	/* 1351 */
	0xec,	0x2d,	/* 1352 */
	0x40,	0x30,	/* 1353 */
	0x9c,	0x00,	/* 1354 */
	0x1e,	0x14,	/* 1355 */
	0x01,	0x30,	/* 1356 */
	0x9c,	0x00,	/* 1357 */
	0x00,	0x00,	/* 1358 */
	0xb4,	0x27,	/* 1359 */
	0x0a,	0x12,	/* 1360 */
	0x8a,	0x11,	/* 1361 */
	0x03,	0x19,	/* 1362 */
	0xd7,	0x2d,	/* 1363 */
	0x42,	0x08,	/* 1364 */
	0x40,	0x02,	/* 1365 */
	0x03,	0x18,	/* 1366 */
	0x69,	0x2d,	/* 1367 */
	0x35,	0x08,	/* 1368 */
	0x79,	0x27,	/* 1369 */
	0x0a,	0x12,	/* 1370 */
	0x8a,	0x11,	/* 1371 */
	0x60,	0x2d,	/* 1372 */
	0x03,	0x10,	/* 1373 */
	0xaf,	0x0c,	/* 1374 */
	0xae,	0x0c,	/* 1375 */
	0xff,	0x3e,	/* 1376 */
	0x03,	0x1d,	/* 1377 */
	0x5d,	0x2d,	/* 1378 */
	0x2c,	0x08,	/* 1379 */
	0xae,	0x07,	/* 1380 */
	0x03,	0x18,	/* 1381 */
	0xaf,	0x0a,	/* 1382 */
	0x2d,	0x08,	/* 1383 */
	0x79,	0x2d,	/* 1384 */
	0x40,	0x08,	/* 1385 */
	0x42,	0x02,	/* 1386 */
	0x03,	0x18,	/* 1387 */
	0x72,	0x2d,	/* 1388 */
	0x35,	0x08,	/* 1389 */
	0x95,	0x27,	/* 1390 */
	0x0a,	0x12,	/* 1391 */
	0x8a,	0x11,	/* 1392 */
	0x63,	0x2d,	/* 1393 */
	0x2d,	0x08,	/* 1394 */
	0xaf,	0x00,	/* 1395 */
	0x2c,	0x08,	/* 1396 */
	0xae,	0x00,	/* 1397 */
	0xa3,	0x27,	/* 1398 */
	0x0a,	0x12,	/* 1399 */
	0x8a,	0x11,	/* 1400 */
	0xaf,	0x07,	/* 1401 */
	0x50,	0x1c,	/* 1402 */
	0x8b,	0x2d,	/* 1403 */
	0xe8,	0x30,	/* 1404 */
	0x0a,	0x16,	/* 1405 */
	0x8a,	0x11,	/* 1406 */
	0x69,	0x27,	/* 1407 */
	0x0a,	0x12,	/* 1408 */
	0x8a,	0x11,	/* 1409 */
	0x69,	0x27,	/* 1410 */
	0x0a,	0x12,	/* 1411 */
	0x8a,	0x11,	/* 1412 */
	0x2c,	0x08,	/* 1413 */
	0xb2,	0x07,	/* 1414 */
	0x03,	0x18,	/* 1415 */
	0xb3,	0x0a,	/* 1416 */
	0x2d,	0x08,	/* 1417 */
	0xc1,	0x2d,	/* 1418 */
	0xd0,	0x1c,	/* 1419 */
	0x8f,	0x2d,	/* 1420 */
	0xf2,	0x30,	/* 1421 */
	0xb4,	0x2d,	/* 1422 */
	0x42,	0x08,	/* 1423 */
	0x40,	0x02,	/* 1424 */
	0x03,	0x18,	/* 1425 */
	0xa2,	0x2d,	/* 1426 */
	0x35,	0x08,	/* 1427 */
	0xfd,	0x00,	/* 1428 */
	0x34,	0x08,	/* 1429 */
	0xfc,	0x00,	/* 1430 */
	0x40,	0x08,	/* 1431 */
	0x42,	0x02,	/* 1432 */
	0x01,	0x3e,	/* 1433 */
	0x9e,	0x2d,	/* 1434 */
	0x03,	0x10,	/* 1435 */
	0xfd,	0x0c,	/* 1436 */
	0xfc,	0x0c,	/* 1437 */
	0xff,	0x3e,	/* 1438 */
	0x03,	0x1d,	/* 1439 */
	0x9b,	0x2d,	/* 1440 */
	0xad,	0x2d,	/* 1441 */
	0x40,	0x08,	/* 1442 */
	0x42,	0x02,	/* 1443 */
	0x03,	0x18,	/* 1444 */
	0xb1,	0x2d,	/* 1445 */
	0x35,	0x08,	/* 1446 */
	0xfd,	0x00,	/* 1447 */
	0x34,	0x08,	/* 1448 */
	0xfc,	0x00,	/* 1449 */
	0x03,	0x10,	/* 1450 */
	0xfc,	0x0d,	/* 1451 */
	0xfd,	0x0d,	/* 1452 */
	0xbf,	0x27,	/* 1453 */
	0x0a,	0x12,	/* 1454 */
	0x8a,	0x11,	/* 1455 */
	0xb2,	0x2d,	/* 1456 */
	0xa3,	0x27,	/* 1457 */
	0xaf,	0x07,	/* 1458 */
	0xf3,	0x30,	/* 1459 */
	0x0a,	0x16,	/* 1460 */
	0x8a,	0x11,	/* 1461 */
	0x69,	0x27,	/* 1462 */
	0x0a,	0x12,	/* 1463 */
	0x8a,	0x11,	/* 1464 */
	0x69,	0x27,	/* 1465 */
	0x0a,	0x12,	/* 1466 */
	0x8a,	0x11,	/* 1467 */
	0x2e,	0x08,	/* 1468 */
	0xb2,	0x07,	/* 1469 */
	0x03,	0x18,	/* 1470 */
	0xb3,	0x0a,	/* 1471 */
	0x2f,	0x08,	/* 1472 */
	0xb3,	0x07,	/* 1473 */
	0x33,	0x08,	/* 1474 */
	0xdc,	0x00,	/* 1475 */
	0x32,	0x08,	/* 1476 */
	0xdb,	0x00,	/* 1477 */
	0x87,	0x27,	/* 1478 */
	0x0a,	0x12,	/* 1479 */
	0x8a,	0x11,	/* 1480 */
	0x42,	0x08,	/* 1481 */
	0xc8,	0x26,	/* 1482 */
	0x0a,	0x12,	/* 1483 */
	0x8a,	0x11,	/* 1484 */
	0x74,	0x08,	/* 1485 */
	0xab,	0x00,	/* 1486 */
	0x73,	0x08,	/* 1487 */
	0xaa,	0x00,	/* 1488 */
	0xaf,	0x27,	/* 1489 */
	0x0a,	0x12,	/* 1490 */
	0x8a,	0x11,	/* 1491 */
	0x45,	0x26,	/* 1492 */
	0x0a,	0x12,	/* 1493 */
	0x8a,	0x11,	/* 1494 */
	0xc5,	0x27,	/* 1495 */
	0x5f,	0x14,	/* 1496 */
	0xf1,	0x1e,	/* 1497 */
	0xdd,	0x2d,	/* 1498 */
	0x01,	0x30,	/* 1499 */
	0xde,	0x2d,	/* 1500 */
	0x00,	0x30,	/* 1501 */
	0xfc,	0x00,	/* 1502 */
	0xf1,	0x1f,	/* 1503 */
	0xe3,	0x2d,	/* 1504 */
	0x01,	0x30,	/* 1505 */
	0xe4,	0x2d,	/* 1506 */
	0x00,	0x30,	/* 1507 */
	0x7c,	0x06,	/* 1508 */
	0x03,	0x19,	/* 1509 */
	0xe9,	0x2d,	/* 1510 */
	0x72,	0x14,	/* 1511 */
	0x32,	0x28,	/* 1512 */
	0x0f,	0x30,	/* 1513 */
	0xc8,	0x00,	/* 1514 */
	0x32,	0x28,	/* 1515 */
	0x48,	0x08,	/* 1516 */
	0x0f,	0x3a,	/* 1517 */
	0x03,	0x1d,	/* 1518 */
	0x33,	0x2e,	/* 1519 */
	0x5f,	0x1c,	/* 1520 */
	0x02,	0x2e,	/* 1521 */
	0x42,	0x30,	/* 1522 */
	0x9c,	0x00,	/* 1523 */
	0x1e,	0x14,	/* 1524 */
	0x9e,	0x01,	/* 1525 */
	0x78,	0x30,	/* 1526 */
	0x9c,	0x00,	/* 1527 */
	0x01,	0x30,	/* 1528 */
	0x9e,	0x00,	/* 1529 */
	0x79,	0x30,	/* 1530 */
	0x9c,	0x00,	/* 1531 */
	0x1e,	0x14,	/* 1532 */
	0x33,	0x30,	/* 1533 */
	0x9c,	0x00,	/* 1534 */
	0x01,	0x30,	/* 1535 */
	0x9e,	0x00,	/* 1536 */
	0x5f,	0x10,	/* 1537 */
	0x8c,	0x30,	/* 1538 */
	0x9c,	0x00,	/* 1539 */
	0x00,	0x00,	/* 1540 */
	0xc5,	0x27,	/* 1541 */
	0x1d,	0x08,	/* 1542 */
	0xdd,	0x00,	/* 1543 */
	0x5d,	0x1c,	/* 1544 */
	0x32,	0x28,	/* 1545 */
	0x8d,	0x30,	/* 1546 */
	0x9c,	0x00,	/* 1547 */
	0x00,	0x00,	/* 1548 */
	0xc5,	0x27,	/* 1549 */
	0x1d,	0x08,	/* 1550 */
	0xdd,	0x00,	/* 1551 */
	0x5d,	0x1c,	/* 1552 */
	0x1d,	0x2e,	/* 1553 */
	0x78,	0x30,	/* 1554 */
	0x9c,	0x00,	/* 1555 */
	0x81,	0x30,	/* 1556 */
	0x9e,	0x00,	/* 1557 */
	0x34,	0x30,	/* 1558 */
	0xcd,	0x01,	/* 1559 */
	0xcd,	0x0a,	/* 1560 */
	0x9c,	0x00,	/* 1561 */
	0x01,	0x30,	/* 1562 */
	0x9e,	0x00,	/* 1563 */
	0x2e,	0x2e,	/* 1564 */
	0xf1,	0x1b,	/* 1565 */
	0xf1,	0x1e,	/* 1566 */
	0x29,	0x2e,	/* 1567 */
	0x38,	0x30,	/* 1568 */
	0xc8,	0x00,	/* 1569 */
	0x17,	0x30,	/* 1570 */
	0x0a,	0x16,	/* 1571 */
	0x8a,	0x11,	/* 1572 */
	0xee,	0x26,	/* 1573 */
	0x0a,	0x12,	/* 1574 */
	0x8a,	0x11,	/* 1575 */
	0x2f,	0x2e,	/* 1576 */
	0x78,	0x30,	/* 1577 */
	0x9c,	0x00,	/* 1578 */
	0x11,	0x30,	/* 1579 */
	0x9e,	0x00,	/* 1580 */
	0xcd,	0x01,	/* 1581 */
	0x72,	0x14,	/* 1582 */
	0x79,	0x30,	/* 1583 */
	0x9c,	0x00,	/* 1584 */
	0x9e,	0x01,	/* 1585 */
	0x3e,	0x2e,	/* 1586 */
	0x48,	0x08,	/* 1587 */
	0xff,	0x3a,	/* 1588 */
	0x03,	0x1d,	/* 1589 */
	0x39,	0x2e,	/* 1590 */
	0xc4,	0x17,	/* 1591 */
	0xfd,	0x29,	/* 1592 */
	0x48,	0x08,	/* 1593 */
	0x1d,	0x3a,	/* 1594 */
	0x03,	0x1d,	/* 1595 */
	0x40,	0x2e,	/* 1596 */
	0x72,	0x14,	/* 1597 */
	0x5f,	0x14,	/* 1598 */
	0x32,	0x28,	/* 1599 */
	0x48,	0x08,	/* 1600 */
	0x2c,	0x3a,	/* 1601 */
	0x03,	0x19,	/* 1602 */
	0x3d,	0x2e,	/* 1603 */
	0x37,	0x2e,	/* 1604 */
	0xf5,	0x00,	/* 1605 */
	0xc5,	0x27,	/* 1606 */
	0x8e,	0x00,	/* 1607 */
	0x73,	0x08,	/* 1608 */
	0x98,	0x00,	/* 1609 */
	0x74,	0x08,	/* 1610 */
	0x99,	0x00,	/* 1611 */
	0x00,	0x00,	/* 1612 */
	0xfc,	0x3b,	/* 1613 */
	0x00,	0x00,	/* 1614 */
	0x08,	0x00,	/* 1615 */
	0xf5,	0x00,	/* 1616 */
	0x73,	0x08,	/* 1617 */
	0xf6,	0x00,	/* 1618 */
	0xf6,	0x0b,	/* 1619 */
	0x53,	0x2e,	/* 1620 */
	0xf5,	0x0b,	/* 1621 */
	0x51,	0x2e,	/* 1622 */
	0x08,	0x00,	/* 1623 */
	0xf4,	0x00,	/* 1624 */
	0x06,	0x30,	/* 1625 */
	0xf7,	0x00,	/* 1626 */
	0xf3,	0x08,	/* 1627 */
	0x03,	0x1d,	/* 1628 */
	0x60,	0x2e,	/* 1629 */
	0x04,	0x30,	/* 1630 */
	0x61,	0x2e,	/* 1631 */
	0x09,	0x30,	/* 1632 */
	0xf5,	0x00,	/* 1633 */
	0xf6,	0x01,	/* 1634 */
	0xfb,	0x00,	/* 1635 */
	0x05,	0x30,	/* 1636 */
	0xf8,	0x00,	/* 1637 */
	0xfb,	0x08,	/* 1638 */
	0x03,	0x1d,	/* 1639 */
	0x6d,	0x2e,	/* 1640 */
	0x5d,	0x30,	/* 1641 */
	0xf9,	0x00,	/* 1642 */
	0x74,	0x30,	/* 1643 */
	0xae,	0x2e,	/* 1644 */
	0x7b,	0x0b,	/* 1645 */
	0x71,	0x2e,	/* 1646 */
	0x64,	0x30,	/* 1647 */
	0x9d,	0x2e,	/* 1648 */
	0x7b,	0x08,	/* 1649 */
	0x02,	0x3a,	/* 1650 */
	0x03,	0x1d,	/* 1651 */
	0x78,	0x2e,	/* 1652 */
	0x55,	0x30,	/* 1653 */
	0xf9,	0x00,	/* 1654 */
	0xae,	0x2e,	/* 1655 */
	0x7b,	0x08,	/* 1656 */
	0x03,	0x3a,	/* 1657 */
	0x03,	0x1d,	/* 1658 */
	0x80,	0x2e,	/* 1659 */
	0xb5,	0x30,	/* 1660 */
	0xf9,	0x00,	/* 1661 */
	0x47,	0x30,	/* 1662 */
	0xae,	0x2e,	/* 1663 */
	0x7b,	0x08,	/* 1664 */
	0x04,	0x3a,	/* 1665 */
	0x03,	0x1d,	/* 1666 */
	0x88,	0x2e,	/* 1667 */
	0xaa,	0x30,	/* 1668 */
	0xf9,	0x00,	/* 1669 */
	0x3c,	0x30,	/* 1670 */
	0xae,	0x2e,	/* 1671 */
	0x7b,	0x08,	/* 1672 */
	0x05,	0x3a,	/* 1673 */
	0x03,	0x1d,	/* 1674 */
	0x90,	0x2e,	/* 1675 */
	0xab,	0x30,	/* 1676 */
	0xf9,	0x00,	/* 1677 */
	0x6a,	0x30,	/* 1678 */
	0xae,	0x2e,	/* 1679 */
	0x7b,	0x08,	/* 1680 */
	0x06,	0x3a,	/* 1681 */
	0x03,	0x1d,	/* 1682 */
	0x98,	0x2e,	/* 1683 */
	0x6e,	0x30,	/* 1684 */
	0xf9,	0x00,	/* 1685 */
	0x5b,	0x30,	/* 1686 */
	0xae,	0x2e,	/* 1687 */
	0x7b,	0x08,	/* 1688 */
	0x07,	0x3a,	/* 1689 */
	0x03,	0x1d,	/* 1690 */
	0x9f,	0x2e,	/* 1691 */
	0x50,	0x30,	/* 1692 */
	0xf9,	0x01,	/* 1693 */
	0xae,	0x2e,	/* 1694 */
	0x7b,	0x08,	/* 1695 */
	0x08,	0x3a,	/* 1696 */
	0x03,	0x1d,	/* 1697 */
	0xa7,	0x2e,	/* 1698 */
	0xa4,	0x30,	/* 1699 */
	0xf9,	0x00,	/* 1700 */
	0x41,	0x30,	/* 1701 */
	0xae,	0x2e,	/* 1702 */
	0x7b,	0x08,	/* 1703 */
	0x09,	0x3a,	/* 1704 */
	0x03,	0x1d,	/* 1705 */
	0xaf,	0x2e,	/* 1706 */
	0xe4,	0x30,	/* 1707 */
	0xf9,	0x00,	/* 1708 */
	0x38,	0x30,	/* 1709 */
	0xfa,	0x00,	/* 1710 */
	0xfb,	0x03,	/* 1711 */
	0x74,	0x0a,	/* 1712 */
	0xb5,	0x2e,	/* 1713 */
	0x03,	0x10,	/* 1714 */
	0xfa,	0x0c,	/* 1715 */
	0xf9,	0x0c,	/* 1716 */
	0xff,	0x3e,	/* 1717 */
	0x03,	0x1d,	/* 1718 */
	0xb2,	0x2e,	/* 1719 */
	0x2b,	0x08,	/* 1720 */
	0x7a,	0x02,	/* 1721 */
	0x03,	0x1d,	/* 1722 */
	0xbe,	0x2e,	/* 1723 */
	0x2a,	0x08,	/* 1724 */
	0x79,	0x02,	/* 1725 */
	0x03,	0x18,	/* 1726 */
	0xc2,	0x2e,	/* 1727 */
	0x78,	0x08,	/* 1728 */
	0xf7,	0x00,	/* 1729 */
	0xf8,	0x0b,	/* 1730 */
	0x66,	0x2e,	/* 1731 */
	0x73,	0x08,	/* 1732 */
	0xf7,	0x02,	/* 1733 */
	0x77,	0x08,	/* 1734 */
	0x08,	0x00,	/* 1735 */
	0xf5,	0x00,	/* 1736 */
	0x90,	0x01,	/* 1737 */
	0x91,	0x01,	/* 1738 */
	0x92,	0x01,	/* 1739 */
	0x93,	0x01,	/* 1740 */
	0x93,	0x16,	/* 1741 */
	0x75,	0x0a,	/* 1742 */
	0xd2,	0x2e,	/* 1743 */
	0x03,	0x10,	/* 1744 */
	0x93,	0x0c,	/* 1745 */
	0xff,	0x3e,	/* 1746 */
	0x03,	0x1d,	/* 1747 */
	0xd0,	0x2e,	/* 1748 */
	0x94,	0x01,	/* 1749 */
	0x95,	0x01,	/* 1750 */
	0x73,	0x08,	/* 1751 */
	0x96,	0x00,	/* 1752 */
	0x74,	0x08,	/* 1753 */
	0x97,	0x00,	/* 1754 */
	0x11,	0x30,	/* 1755 */
	0xf7,	0x01,	/* 1756 */
	0xf8,	0x01,	/* 1757 */
	0xf6,	0x00,	/* 1758 */
	0xb2,	0x3b,	/* 1759 */
	0x03,	0x10,	/* 1760 */
	0x97,	0x0c,	/* 1761 */
	0x96,	0x0c,	/* 1762 */
	0x95,	0x0c,	/* 1763 */
	0x94,	0x0c,	/* 1764 */
	0x03,	0x10,	/* 1765 */
	0xf7,	0x0d,	/* 1766 */
	0xf8,	0x0d,	/* 1767 */
	0xc5,	0x27,	/* 1768 */
	0x9b,	0x1f,	/* 1769 */
	0x17,	0x1b,	/* 1770 */
	0xf5,	0x2e,	/* 1771 */
	0x18,	0x08,	/* 1772 */
	0x90,	0x00,	/* 1773 */
	0x19,	0x08,	/* 1774 */
	0x91,	0x00,	/* 1775 */
	0x1a,	0x08,	/* 1776 */
	0x92,	0x00,	/* 1777 */
	0x1b,	0x08,	/* 1778 */
	0x93,	0x00,	/* 1779 */
	0x77,	0x14,	/* 1780 */
	0xf6,	0x0b,	/* 1781 */
	0xdf,	0x2e,	/* 1782 */
	0x78,	0x08,	/* 1783 */
	0xf4,	0x00,	/* 1784 */
	0x77,	0x08,	/* 1785 */
	0xf3,	0x00,	/* 1786 */
	0x08,	0x00,	/* 1787 */
	0x35,	0x30,	/* 1788 */
	0xc5,	0x27,	/* 1789 */
	0x2b,	0x02,	/* 1790 */
	0x56,	0x30,	/* 1791 */
	0x03,	0x19,	/* 1792 */
	0x2a,	0x02,	/* 1793 */
	0x03,	0x1c,	/* 1794 */
	0x08,	0x2f,	/* 1795 */
	0xf3,	0x01,	/* 1796 */
	0xc1,	0x01,	/* 1797 */
	0xc1,	0x0a,	/* 1798 */
	0x37,	0x2f,	/* 1799 */
	0x1a,	0x30,	/* 1800 */
	0x2b,	0x02,	/* 1801 */
	0xab,	0x30,	/* 1802 */
	0x03,	0x19,	/* 1803 */
	0x2a,	0x02,	/* 1804 */
	0x03,	0x1c,	/* 1805 */
	0x13,	0x2f,	/* 1806 */
	0x02,	0x30,	/* 1807 */
	0xf3,	0x01,	/* 1808 */
	0xf3,	0x0a,	/* 1809 */
	0x36,	0x2f,	/* 1810 */
	0x0d,	0x30,	/* 1811 */
	0x2b,	0x02,	/* 1812 */
	0x55,	0x30,	/* 1813 */
	0x03,	0x19,	/* 1814 */
	0x2a,	0x02,	/* 1815 */
	0x03,	0x1c,	/* 1816 */
	0x1e,	0x2f,	/* 1817 */
	0x02,	0x30,	/* 1818 */
	0xf3,	0x00,	/* 1819 */
	0x04,	0x30,	/* 1820 */
	0x36,	0x2f,	/* 1821 */
	0x06,	0x30,	/* 1822 */
	0x2b,	0x02,	/* 1823 */
	0xab,	0x30,	/* 1824 */
	0x03,	0x19,	/* 1825 */
	0x2a,	0x02,	/* 1826 */
	0x03,	0x30,	/* 1827 */
	0x03,	0x1c,	/* 1828 */
	0x29,	0x2f,	/* 1829 */
	0xf3,	0x00,	/* 1830 */
	0x08,	0x30,	/* 1831 */
	0x36,	0x2f,	/* 1832 */
	0x2b,	0x02,	/* 1833 */
	0x55,	0x30,	/* 1834 */
	0x03,	0x19,	/* 1835 */
	0x2a,	0x02,	/* 1836 */
	0x03,	0x1c,	/* 1837 */
	0x33,	0x2f,	/* 1838 */
	0x04,	0x30,	/* 1839 */
	0xf3,	0x00,	/* 1840 */
	0x10,	0x30,	/* 1841 */
	0x36,	0x2f,	/* 1842 */
	0x05,	0x30,	/* 1843 */
	0xf3,	0x00,	/* 1844 */
	0x20,	0x30,	/* 1845 */
	0xc1,	0x00,	/* 1846 */
	0x73,	0x08,	/* 1847 */
	0x08,	0x00,	/* 1848 */
	0x34,	0x08,	/* 1849 */
	0xae,	0x07,	/* 1850 */
	0x03,	0x18,	/* 1851 */
	0xaf,	0x0a,	/* 1852 */
	0x35,	0x08,	/* 1853 */
	0xaf,	0x07,	/* 1854 */
	0x2f,	0x08,	/* 1855 */
	0xf4,	0x00,	/* 1856 */
	0x2e,	0x08,	/* 1857 */
	0xf3,	0x00,	/* 1858 */
	0x08,	0x00,	/* 1859 */
	0x83,	0x12,	/* 1860 */
	0x03,	0x13,	/* 1861 */
	0x31,	0x08,	/* 1862 */
	0xaf,	0x00,	/* 1863 */
	0x30,	0x08,	/* 1864 */
	0xae,	0x00,	/* 1865 */
	0x08,	0x00,	/* 1866 */
	0x74,	0x08,	/* 1867 */
	0xb1,	0x00,	/* 1868 */
	0x73,	0x08,	/* 1869 */
	0xb0,	0x00,	/* 1870 */
	0x00,	0x30,	/* 1871 */
	0xb0,	0x07,	/* 1872 */
	0x03,	0x18,	/* 1873 */
	0xb1,	0x0a,	/* 1874 */
	0xc0,	0x30,	/* 1875 */
	0xb1,	0x07,	/* 1876 */
	0x31,	0x08,	/* 1877 */
	0xf4,	0x00,	/* 1878 */
	0x30,	0x08,	/* 1879 */
	0xf3,	0x00,	/* 1880 */
	0xe1,	0x34,	/* 1881 */
	0xaf,	0x07,	/* 1882 */
	0x2f,	0x08,	/* 1883 */
	0xf4,	0x00,	/* 1884 */
	0x2e,	0x08,	/* 1885 */
	0xf3,	0x00,	/* 1886 */
	0xf0,	0x34,	/* 1887 */
	0xc2,	0x00,	/* 1888 */
	0xc0,	0x00,	/* 1889 */
	0x2f,	0x30,	/* 1890 */
	0x9c,	0x00,	/* 1891 */
	0x42,	0x08,	/* 1892 */
	0x9e,	0x00,	/* 1893 */
	0xf3,	0x01,	/* 1894 */
	0x42,	0x08,	/* 1895 */
	0x08,	0x00,	/* 1896 */
	0x74,	0x08,	/* 1897 */
	0xdc,	0x00,	/* 1898 */
	0x73,	0x08,	/* 1899 */
	0xdb,	0x00,	/* 1900 */
	0x5c,	0x08,	/* 1901 */
	0xb3,	0x00,	/* 1902 */
	0x5b,	0x08,	/* 1903 */
	0xb2,	0x00,	/* 1904 */
	0x08,	0x00,	/* 1905 */
	0xd9,	0x01,	/* 1906 */
	0xda,	0x01,	/* 1907 */
	0xd5,	0x01,	/* 1908 */
	0xd6,	0x01,	/* 1909 */
	0xd8,	0x01,	/* 1910 */
	0xd7,	0x01,	/* 1911 */
	0x08,	0x00,	/* 1912 */
	0xaf,	0x00,	/* 1913 */
	0x34,	0x08,	/* 1914 */
	0xae,	0x00,	/* 1915 */
	0x40,	0x08,	/* 1916 */
	0x42,	0x02,	/* 1917 */
	0x01,	0x3e,	/* 1918 */
	0x08,	0x00,	/* 1919 */
	0x83,	0x12,	/* 1920 */
	0x03,	0x13,	/* 1921 */
	0x35,	0x08,	/* 1922 */
	0xfd,	0x00,	/* 1923 */
	0x34,	0x08,	/* 1924 */
	0xfc,	0x00,	/* 1925 */
	0x08,	0x00,	/* 1926 */
	0x40,	0x30,	/* 1927 */
	0xdc,	0x07,	/* 1928 */
	0x5c,	0x08,	/* 1929 */
	0xf4,	0x00,	/* 1930 */
	0x5b,	0x08,	/* 1931 */
	0xf3,	0x00,	/* 1932 */
	0x08,	0x00,	/* 1933 */
	0x9c,	0x00,	/* 1934 */
	0x9e,	0x01,	/* 1935 */
	0x14,	0x30,	/* 1936 */
	0x9c,	0x00,	/* 1937 */
	0x07,	0x30,	/* 1938 */
	0x9e,	0x00,	/* 1939 */
	0x08,	0x00,	/* 1940 */
	0xaf,	0x00,	/* 1941 */
	0x34,	0x08,	/* 1942 */
	0xae,	0x00,	/* 1943 */
	0x03,	0x10,	/* 1944 */
	0xae,	0x0d,	/* 1945 */
	0xaf,	0x0d,	/* 1946 */
	0x08,	0x00,	/* 1947 */
	0xdd,	0x00,	/* 1948 */
	0x30,	0x30,	/* 1949 */
	0x9c,	0x00,	/* 1950 */
	0x5d,	0x08,	/* 1951 */
	0x9e,	0x00,	/* 1952 */
	0x2b,	0x08,	/* 1953 */
	0x08,	0x00,	/* 1954 */
	0x34,	0x08,	/* 1955 */
	0xae,	0x07,	/* 1956 */
	0x03,	0x18,	/* 1957 */
	0xaf,	0x0a,	/* 1958 */
	0x35,	0x08,	/* 1959 */
	0x08,	0x00,	/* 1960 */
	0x2b,	0x08,	/* 1961 */
	0xf4,	0x00,	/* 1962 */
	0x2a,	0x08,	/* 1963 */
	0xf3,	0x00,	/* 1964 */
	0x42,	0x08,	/* 1965 */
	0x08,	0x00,	/* 1966 */
	0x2b,	0x08,	/* 1967 */
	0xf4,	0x00,	/* 1968 */
	0x2a,	0x08,	/* 1969 */
	0xf3,	0x00,	/* 1970 */
	0xe0,	0x34,	/* 1971 */
	0x83,	0x12,	/* 1972 */
	0x03,	0x13,	/* 1973 */
	0x1d,	0x08,	/* 1974 */
	0xd0,	0x00,	/* 1975 */
	0x50,	0x08,	/* 1976 */
	0x08,	0x00,	/* 1977 */
	0x2d,	0x08,	/* 1978 */
	0xf4,	0x00,	/* 1979 */
	0x2c,	0x08,	/* 1980 */
	0xf3,	0x00,	/* 1981 */
	0xe1,	0x34,	/* 1982 */
	0x7c,	0x08,	/* 1983 */
	0xae,	0x07,	/* 1984 */
	0x03,	0x18,	/* 1985 */
	0xaf,	0x0a,	/* 1986 */
	0x7d,	0x08,	/* 1987 */
	0x08,	0x00,	/* 1988 */
	0x83,	0x12,	/* 1989 */
	0x03,	0x13,	/* 1990 */
	0x08,	0x00,	/* 1991 */
	0xf7,	0x00,	/* 1992 */
	0x90,	0x00,	/* 1993 */
	0x91,	0x01,	/* 1994 */
	0x73,	0x08,	/* 1995 */
	0x94,	0x00,	/* 1996 */
	0x74,	0x08,	/* 1997 */
	0x95,	0x00,	/* 1998 */
	0x00,	0x00,	/* 1999 */
	0x6c,	0x3b,	/* 2000 */
	0x00,	0x00,	/* 2001 */
	0x83,	0x12,	/* 2002 */
	0x03,	0x13,	/* 2003 */
	0x15,	0x08,	/* 2004 */
	0xf8,	0x00,	/* 2005 */
	0xf9,	0x01,	/* 2006 */
	0x16,	0x08,	/* 2007 */
	0xf5,	0x00,	/* 2008 */
	0xf6,	0x01,	/* 2009 */
	0xf6,	0x00,	/* 2010 */
	0xf5,	0x01,	/* 2011 */
	0x75,	0x08,	/* 2012 */
	0xf8,	0x07,	/* 2013 */
	0x03,	0x18,	/* 2014 */
	0xf9,	0x0a,	/* 2015 */
	0x76,	0x08,	/* 2016 */
	0xf9,	0x07,	/* 2017 */
	0x79,	0x08,	/* 2018 */
	0xf4,	0x00,	/* 2019 */
	0x78,	0x08,	/* 2020 */
	0xf3,	0x00,	/* 2021 */
	0x08,	0x00,	/* 2022 */
	0xf7,	0x01,	/* 2023 */
	0xf8,	0x01,	/* 2024 */
	0x73,	0x1c,	/* 2025 */
	0xf1,	0x2f,	/* 2026 */
	0x75,	0x08,	/* 2027 */
	0xf7,	0x07,	/* 2028 */
	0x03,	0x18,	/* 2029 */
	0xf8,	0x0a,	/* 2030 */
	0x76,	0x08,	/* 2031 */
	0xf8,	0x07,	/* 2032 */
	0x03,	0x10,	/* 2033 */
	0xf5,	0x0d,	/* 2034 */
	0xf6,	0x0d,	/* 2035 */
	0x03,	0x10,	/* 2036 */
	0xf4,	0x0c,	/* 2037 */
	0xf3,	0x0c,	/* 2038 */
	0x74,	0x08,	/* 2039 */
	0x73,	0x04,	/* 2040 */
	0x03,	0x1d,	/* 2041 */
	0xe9,	0x2f,	/* 2042 */
	0x78,	0x08,	/* 2043 */
	0xf4,	0x00,	/* 2044 */
	0x77,	0x08,	/* 2045 */
	0xf3,	0x00,	/* 2046 */
	0x08,	0x00,	/* 2047 */
	0x00,	0x00,	/* 2048 */
	0x00,	0x00,	/* 2049 */
	0x00,	0x00,	/* 2050 */
	0x00,	0x00,	/* 2051 */
	0x00,	0x00,	/* 2052 */
	0x00,	0x00,	/* 2053 */
	0x00,	0x00,	/* 2054 */
	0x00,	0x00,	/* 2055 */
	0x00,	0x00,	/* 2056 */
	0x00,	0x00,	/* 2057 */
	0x00,	0x00,	/* 2058 */
	0x00,	0x00,	/* 2059 */
	0x00,	0x00,	/* 2060 */
	0x00,	0x00,	/* 2061 */
	0x00,	0x00,	/* 2062 */
	0x00,	0x00,	/* 2063 */
	0x00,	0x00,	/* 2064 */
	0x00,	0x00,	/* 2065 */
	0x00,	0x00,	/* 2066 */
	0x00,	0x00,	/* 2067 */
	0x00,	0x00,	/* 2068 */
	0x00,	0x00,	/* 2069 */
	0x00,	0x00,	/* 2070 */
	0x00,	0x00,	/* 2071 */
	0x00,	0x00,	/* 2072 */
	0x00,	0x00,	/* 2073 */
	0x00,	0x00,	/* 2074 */
	0x00,	0x00,	/* 2075 */
	0x00,	0x00,	/* 2076 */
	0x00,	0x00,	/* 2077 */
	0x00,	0x00,	/* 2078 */
	0x00,	0x00,	/* 2079 */
	0x00,	0x00,	/* 2080 */
	0x00,	0x00,	/* 2081 */
	0x00,	0x00,	/* 2082 */
	0x00,	0x00,	/* 2083 */
	0x00,	0x00,	/* 2084 */
	0x00,	0x00,	/* 2085 */
	0x2c,	0x30,	/* 2086 */
	0x0a,	0x16,	/* 2087 */
	0x8a,	0x11,	/* 2088 */
	0xee,	0x26,	/* 2089 */
	0x0a,	0x12,	/* 2090 */
	0x8a,	0x15,	/* 2091 */
	0x8b,	0x30,	/* 2092 */
	0x5f,	0x14,	/* 2093 */
	0xf0,	0x11,	/* 2094 */
	0xf1,	0x10,	/* 2095 */
	0xc4,	0x01,	/* 2096 */
	0xc9,	0x01,	/* 2097 */
	0xca,	0x01,	/* 2098 */
	0xd3,	0x01,	/* 2099 */
	0xc5,	0x01,	/* 2100 */
	0xcc,	0x01,	/* 2101 */
	0xb9,	0x01,	/* 2102 */
	0xbf,	0x01,	/* 2103 */
	0xcd,	0x01,	/* 2104 */
	0xd1,	0x01,	/* 2105 */
	0x71,	0x13,	/* 2106 */
	0x9c,	0x00,	/* 2107 */
	0x00,	0x00,	/* 2108 */
	0xf1,	0x13,	/* 2109 */
	0x83,	0x12,	/* 2110 */
	0x03,	0x13,	/* 2111 */
	0x1d,	0x18,	/* 2112 */
	0xf1,	0x17,	/* 2113 */
	0x10,	0x30,	/* 2114 */
	0x83,	0x12,	/* 2115 */
	0x03,	0x13,	/* 2116 */
	0x9c,	0x00,	/* 2117 */
	0x00,	0x00,	/* 2118 */
	0xf1,	0x12,	/* 2119 */
	0x83,	0x12,	/* 2120 */
	0x03,	0x13,	/* 2121 */
	0x1d,	0x18,	/* 2122 */
	0xf1,	0x16,	/* 2123 */
	0x51,	0x30,	/* 2124 */
	0x83,	0x12,	/* 2125 */
	0x03,	0x13,	/* 2126 */
	0x9c,	0x00,	/* 2127 */
	0x07,	0x30,	/* 2128 */
	0x9e,	0x00,	/* 2129 */
	0xef,	0x30,	/* 2130 */
	0xf3,	0x01,	/* 2131 */
	0xf4,	0x01,	/* 2132 */
	0xf5,	0x01,	/* 2133 */
	0xf6,	0x01,	/* 2134 */
	0x0a,	0x16,	/* 2135 */
	0x8a,	0x11,	/* 2136 */
	0x5a,	0x27,	/* 2137 */
	0x0a,	0x12,	/* 2138 */
	0x8a,	0x15,	/* 2139 */
	0x38,	0x30,	/* 2140 */
	0x83,	0x12,	/* 2141 */
	0x03,	0x13,	/* 2142 */
	0xc8,	0x00,	/* 2143 */
	0xf7,	0x30,	/* 2144 */
	0xf3,	0x01,	/* 2145 */
	0xf4,	0x01,	/* 2146 */
	0x0a,	0x12,	/* 2147 */
	0x8a,	0x11,	/* 2148 */
	0x45,	0x26,	/* 2149 */
	0x0a,	0x12,	/* 2150 */
	0x8a,	0x15,	/* 2151 */
	0x65,	0x30,	/* 2152 */
	0x83,	0x12,	/* 2153 */
	0x03,	0x13,	/* 2154 */
	0x9c,	0x00,	/* 2155 */
	0x00,	0x00,	/* 2156 */
	0x71,	0x12,	/* 2157 */
	0x83,	0x12,	/* 2158 */
	0x03,	0x13,	/* 2159 */
	0x1d,	0x18,	/* 2160 */
	0x71,	0x16,	/* 2161 */
	0x5c,	0x30,	/* 2162 */
	0x83,	0x12,	/* 2163 */
	0x03,	0x13,	/* 2164 */
	0x9c,	0x00,	/* 2165 */
	0x00,	0x00,	/* 2166 */
	0x83,	0x12,	/* 2167 */
	0x03,	0x13,	/* 2168 */
	0x1d,	0x08,	/* 2169 */
	0xd2,	0x00,	/* 2170 */
	0x0a,	0x30,	/* 2171 */
	0x9c,	0x00,	/* 2172 */
	0x00,	0x00,	/* 2173 */
	0x70,	0x10,	/* 2174 */
	0x83,	0x12,	/* 2175 */
	0x03,	0x13,	/* 2176 */
	0x1d,	0x18,	/* 2177 */
	0x70,	0x14,	/* 2178 */
	0x3e,	0x30,	/* 2179 */
	0x83,	0x12,	/* 2180 */
	0x03,	0x13,	/* 2181 */
	0x9c,	0x00,	/* 2182 */
	0x00,	0x00,	/* 2183 */
	0xf0,	0x10,	/* 2184 */
	0x83,	0x12,	/* 2185 */
	0x03,	0x13,	/* 2186 */
	0x1d,	0x18,	/* 2187 */
	0xf0,	0x14,	/* 2188 */
	0xf0,	0x1c,	/* 2189 */
	0xe1,	0x28,	/* 2190 */
	0x83,	0x12,	/* 2191 */
	0x03,	0x13,	/* 2192 */
	0x5f,	0x1c,	/* 2193 */
	0xe0,	0x28,	/* 2194 */
	0x10,	0x30,	/* 2195 */
	0x0a,	0x16,	/* 2196 */
	0x8a,	0x11,	/* 2197 */
	0xee,	0x26,	/* 2198 */
	0x0a,	0x12,	/* 2199 */
	0x8a,	0x15,	/* 2200 */
	0x44,	0x30,	/* 2201 */
	0x5f,	0x10,	/* 2202 */
	0x9c,	0x00,	/* 2203 */
	0x9e,	0x01,	/* 2204 */
	0x47,	0x30,	/* 2205 */
	0x9c,	0x00,	/* 2206 */
	0x30,	0x30,	/* 2207 */
	0x9e,	0x00,	/* 2208 */
	0x14,	0x30,	/* 2209 */
	0x9c,	0x00,	/* 2210 */
	0x07,	0x30,	/* 2211 */
	0x9e,	0x00,	/* 2212 */
	0x41,	0x30,	/* 2213 */
	0x9c,	0x00,	/* 2214 */
	0x9e,	0x01,	/* 2215 */
	0x15,	0x30,	/* 2216 */
	0x9c,	0x00,	/* 2217 */
	0x1e,	0x14,	/* 2218 */
	0x42,	0x30,	/* 2219 */
	0x9c,	0x00,	/* 2220 */
	0x1e,	0x14,	/* 2221 */
	0x1d,	0x30,	/* 2222 */
	0x9c,	0x00,	/* 2223 */
	0x1e,	0x14,	/* 2224 */
	0x12,	0x30,	/* 2225 */
	0x9c,	0x00,	/* 2226 */
	0x9e,	0x01,	/* 2227 */
	0x17,	0x30,	/* 2228 */
	0x9c,	0x00,	/* 2229 */
	0x1e,	0x14,	/* 2230 */
	0x13,	0x30,	/* 2231 */
	0x9c,	0x00,	/* 2232 */
	0x9e,	0x01,	/* 2233 */
	0xe2,	0x30,	/* 2234 */
	0xf3,	0x01,	/* 2235 */
	0xf4,	0x01,	/* 2236 */
	0x0a,	0x12,	/* 2237 */
	0x8a,	0x11,	/* 2238 */
	0x45,	0x26,	/* 2239 */
	0x0a,	0x12,	/* 2240 */
	0x8a,	0x15,	/* 2241 */
	0xf7,	0x30,	/* 2242 */
	0xf3,	0x01,	/* 2243 */
	0xf4,	0x01,	/* 2244 */
	0x0a,	0x12,	/* 2245 */
	0x8a,	0x11,	/* 2246 */
	0x45,	0x26,	/* 2247 */
	0x0a,	0x12,	/* 2248 */
	0x8a,	0x15,	/* 2249 */
	0x16,	0x30,	/* 2250 */
	0x83,	0x12,	/* 2251 */
	0x03,	0x13,	/* 2252 */
	0x9c,	0x00,	/* 2253 */
	0x1e,	0x14,	/* 2254 */
	0x9e,	0x01,	/* 2255 */
	0x18,	0x30,	/* 2256 */
	0x9c,	0x00,	/* 2257 */
	0x1e,	0x14,	/* 2258 */
	0x19,	0x30,	/* 2259 */
	0x9c,	0x00,	/* 2260 */
	0x1e,	0x14,	/* 2261 */
	0x9e,	0x01,	/* 2262 */
	0x48,	0x30,	/* 2263 */
	0x9c,	0x00,	/* 2264 */
	0x1e,	0x14,	/* 2265 */
	0x9e,	0x01,	/* 2266 */
	0x20,	0x30,	/* 2267 */
	0x9c,	0x00,	/* 2268 */
	0x1e,	0x14,	/* 2269 */
	0x9e,	0x01,	/* 2270 */
	0xf0,	0x11,	/* 2271 */
	0xe0,	0x28,	/* 2272 */
	0x83,	0x12,	/* 2273 */
	0x03,	0x13,	/* 2274 */
	0x5f,	0x14,	/* 2275 */
	0xd1,	0x08,	/* 2276 */
	0x03,	0x1d,	/* 2277 */
	0xec,	0x28,	/* 2278 */
	0x0a,	0x12,	/* 2279 */
	0x8a,	0x11,	/* 2280 */
	0x2e,	0x20,	/* 2281 */
	0x0a,	0x12,	/* 2282 */
	0x8a,	0x15,	/* 2283 */
	0xf1,	0x1f,	/* 2284 */
	0x08,	0x29,	/* 2285 */
	0xf1,	0x1e,	/* 2286 */
	0xfc,	0x28,	/* 2287 */
	0x09,	0x30,	/* 2288 */
	0x0a,	0x16,	/* 2289 */
	0x8a,	0x11,	/* 2290 */
	0xee,	0x26,	/* 2291 */
	0x0a,	0x12,	/* 2292 */
	0x8a,	0x15,	/* 2293 */
	0x0a,	0x12,	/* 2294 */
	0x8a,	0x15,	/* 2295 */
	0x15,	0x21,	/* 2296 */
	0x0a,	0x12,	/* 2297 */
	0x8a,	0x15,	/* 2298 */
	0x83,	0x28,	/* 2299 */
	0x1e,	0x30,	/* 2300 */
	0x0a,	0x16,	/* 2301 */
	0x8a,	0x11,	/* 2302 */
	0xee,	0x26,	/* 2303 */
	0x0a,	0x12,	/* 2304 */
	0x8a,	0x15,	/* 2305 */
	0x0a,	0x16,	/* 2306 */
	0x8a,	0x11,	/* 2307 */
	0x3e,	0x23,	/* 2308 */
	0x0a,	0x12,	/* 2309 */
	0x8a,	0x15,	/* 2310 */
	0x83,	0x28,	/* 2311 */
	0xf1,	0x1e,	/* 2312 */
	0x11,	0x29,	/* 2313 */
	0x01,	0x30,	/* 2314 */
	0x0a,	0x16,	/* 2315 */
	0x8a,	0x11,	/* 2316 */
	0xee,	0x26,	/* 2317 */
	0x0a,	0x12,	/* 2318 */
	0x8a,	0x15,	/* 2319 */
	0x83,	0x28,	/* 2320 */
	0x4d,	0x03,	/* 2321 */
	0x03,	0x19,	/* 2322 */
	0xf6,	0x28,	/* 2323 */
	0x02,	0x29,	/* 2324 */
	0x72,	0x10,	/* 2325 */
	0xf0,	0x1d,	/* 2326 */
	0x1a,	0x29,	/* 2327 */
	0x24,	0x30,	/* 2328 */
	0x71,	0x2b,	/* 2329 */
	0x20,	0x30,	/* 2330 */
	0x71,	0x2b,	/* 2331 */
	0x5f,	0x1c,	/* 2332 */
	0x43,	0x29,	/* 2333 */
	0x48,	0x08,	/* 2334 */
	0x44,	0x04,	/* 2335 */
	0xc9,	0x00,	/* 2336 */
	0x4a,	0x06,	/* 2337 */
	0x03,	0x19,	/* 2338 */
	0x33,	0x29,	/* 2339 */
	0x47,	0x30,	/* 2340 */
	0x9c,	0x00,	/* 2341 */
	0x49,	0x08,	/* 2342 */
	0x9e,	0x00,	/* 2343 */
	0x49,	0x08,	/* 2344 */
	0xf4,	0x00,	/* 2345 */
	0x34,	0x30,	/* 2346 */
	0xf5,	0x01,	/* 2347 */
	0x0a,	0x16,	/* 2348 */
	0x8a,	0x11,	/* 2349 */
	0xee,	0x26,	/* 2350 */
	0x0a,	0x12,	/* 2351 */
	0x8a,	0x15,	/* 2352 */
	0x49,	0x08,	/* 2353 */
	0xca,	0x00,	/* 2354 */
	0x71,	0x1e,	/* 2355 */
	0x43,	0x29,	/* 2356 */
	0x4e,	0x30,	/* 2357 */
	0x9c,	0x00,	/* 2358 */
	0x1e,	0x14,	/* 2359 */
	0x9e,	0x01,	/* 2360 */
	0x66,	0x30,	/* 2361 */
	0xf7,	0x27,	/* 2362 */
	0x9c,	0x00,	/* 2363 */
	0x00,	0x00,	/* 2364 */
	0xf1,	0x11,	/* 2365 */
	0xf7,	0x27,	/* 2366 */
	0x1d,	0x18,	/* 2367 */
	0xf1,	0x15,	/* 2368 */
	0xf1,	0x1d,	/* 2369 */
	0x39,	0x29,	/* 2370 */
	0xf0,	0x19,	/* 2371 */
	0x8f,	0x29,	/* 2372 */
	0x04,	0x30,	/* 2373 */
	0xf7,	0x27,	/* 2374 */
	0x9c,	0x00,	/* 2375 */
	0x00,	0x00,	/* 2376 */
	0xf7,	0x27,	/* 2377 */
	0x1d,	0x08,	/* 2378 */
	0xf1,	0x1f,	/* 2379 */
	0xf1,	0x1a,	/* 2380 */
	0x8f,	0x29,	/* 2381 */
	0x60,	0x30,	/* 2382 */
	0x9c,	0x00,	/* 2383 */
	0x00,	0x00,	/* 2384 */
	0xf7,	0x27,	/* 2385 */
	0x1d,	0x08,	/* 2386 */
	0xd5,	0x00,	/* 2387 */
	0x55,	0x1c,	/* 2388 */
	0x8f,	0x29,	/* 2389 */
	0x80,	0x30,	/* 2390 */
	0xd1,	0x00,	/* 2391 */
	0x2c,	0x30,	/* 2392 */
	0xcd,	0x01,	/* 2393 */
	0x5f,	0x14,	/* 2394 */
	0x72,	0x14,	/* 2395 */
	0xc8,	0x00,	/* 2396 */
	0x36,	0x30,	/* 2397 */
	0xb8,	0x01,	/* 2398 */
	0xb9,	0x01,	/* 2399 */
	0xd3,	0x01,	/* 2400 */
	0x9c,	0x00,	/* 2401 */
	0x9e,	0x01,	/* 2402 */
	0x37,	0x30,	/* 2403 */
	0x9c,	0x00,	/* 2404 */
	0x9e,	0x01,	/* 2405 */
	0x38,	0x30,	/* 2406 */
	0x9c,	0x00,	/* 2407 */
	0x9e,	0x01,	/* 2408 */
	0x39,	0x30,	/* 2409 */
	0x9c,	0x00,	/* 2410 */
	0x9e,	0x01,	/* 2411 */
	0xe6,	0x27,	/* 2412 */
	0x0a,	0x16,	/* 2413 */
	0x8a,	0x11,	/* 2414 */
	0x5a,	0x27,	/* 2415 */
	0x0a,	0x12,	/* 2416 */
	0x8a,	0x15,	/* 2417 */
	0xe8,	0x30,	/* 2418 */
	0xf3,	0x01,	/* 2419 */
	0xf4,	0x01,	/* 2420 */
	0x0a,	0x12,	/* 2421 */
	0x8a,	0x11,	/* 2422 */
	0x45,	0x26,	/* 2423 */
	0x0a,	0x12,	/* 2424 */
	0x8a,	0x15,	/* 2425 */
	0x78,	0x30,	/* 2426 */
	0xf7,	0x27,	/* 2427 */
	0x9c,	0x00,	/* 2428 */
	0x11,	0x30,	/* 2429 */
	0x9e,	0x00,	/* 2430 */
	0x3b,	0x30,	/* 2431 */
	0x9c,	0x00,	/* 2432 */
	0x9e,	0x01,	/* 2433 */
	0x3a,	0x30,	/* 2434 */
	0x9c,	0x00,	/* 2435 */
	0x9e,	0x01,	/* 2436 */
	0x42,	0x30,	/* 2437 */
	0x9c,	0x00,	/* 2438 */
	0x1e,	0x14,	/* 2439 */
	0x9e,	0x01,	/* 2440 */
	0x30,	0x30,	/* 2441 */
	0x0a,	0x16,	/* 2442 */
	0x8a,	0x11,	/* 2443 */
	0xee,	0x26,	/* 2444 */
	0x0a,	0x12,	/* 2445 */
	0x8a,	0x15,	/* 2446 */
	0xf7,	0x27,	/* 2447 */
	0x48,	0x08,	/* 2448 */
	0x20,	0x3a,	/* 2449 */
	0x03,	0x1d,	/* 2450 */
	0xf9,	0x29,	/* 2451 */
	0x5f,	0x1c,	/* 2452 */
	0xcd,	0x29,	/* 2453 */
	0x1b,	0x30,	/* 2454 */
	0x9c,	0x00,	/* 2455 */
	0x1e,	0x14,	/* 2456 */
	0x1d,	0x30,	/* 2457 */
	0x9c,	0x00,	/* 2458 */
	0x1e,	0x14,	/* 2459 */
	0x1e,	0x30,	/* 2460 */
	0x9c,	0x00,	/* 2461 */
	0x1e,	0x14,	/* 2462 */
	0x44,	0x30,	/* 2463 */
	0x9c,	0x00,	/* 2464 */
	0x4e,	0x30,	/* 2465 */
	0x9e,	0x00,	/* 2466 */
	0x36,	0x30,	/* 2467 */
	0x9c,	0x00,	/* 2468 */
	0x9e,	0x01,	/* 2469 */
	0x37,	0x30,	/* 2470 */
	0x9c,	0x00,	/* 2471 */
	0x9e,	0x01,	/* 2472 */
	0xc7,	0x27,	/* 2473 */
	0xd8,	0x30,	/* 2474 */
	0x0a,	0x16,	/* 2475 */
	0x8a,	0x11,	/* 2476 */
	0x82,	0x27,	/* 2477 */
	0x0a,	0x12,	/* 2478 */
	0x8a,	0x15,	/* 2479 */
	0xd8,	0x00,	/* 2480 */
	0xb6,	0x30,	/* 2481 */
	0x04,	0x25,	/* 2482 */
	0x0a,	0x12,	/* 2483 */
	0x8a,	0x15,	/* 2484 */
	0xe6,	0x27,	/* 2485 */
	0x0a,	0x16,	/* 2486 */
	0x8a,	0x11,	/* 2487 */
	0x5a,	0x27,	/* 2488 */
	0x0a,	0x12,	/* 2489 */
	0x8a,	0x15,	/* 2490 */
	0xe8,	0x30,	/* 2491 */
	0xf3,	0x01,	/* 2492 */
	0xf4,	0x01,	/* 2493 */
	0x0a,	0x12,	/* 2494 */
	0x8a,	0x11,	/* 2495 */
	0x45,	0x26,	/* 2496 */
	0x0a,	0x12,	/* 2497 */
	0x8a,	0x15,	/* 2498 */
	0x35,	0x30,	/* 2499 */
	0xf7,	0x27,	/* 2500 */
	0x9c,	0x00,	/* 2501 */
	0x1e,	0x14,	/* 2502 */
	0x5f,	0x10,	/* 2503 */
	0xbb,	0x01,	/* 2504 */
	0xbc,	0x01,	/* 2505 */
	0xbd,	0x01,	/* 2506 */
	0xbe,	0x01,	/* 2507 */
	0xd1,	0x01,	/* 2508 */
	0x0f,	0x30,	/* 2509 */
	0x9c,	0x00,	/* 2510 */
	0x00,	0x00,	/* 2511 */
	0xf7,	0x27,	/* 2512 */
	0x1d,	0x08,	/* 2513 */
	0xd9,	0x00,	/* 2514 */
	0x59,	0x18,	/* 2515 */
	0x01,	0x2d,	/* 2516 */
	0x4d,	0x30,	/* 2517 */
	0x9c,	0x00,	/* 2518 */
	0x1e,	0x14,	/* 2519 */
	0x9e,	0x01,	/* 2520 */
	0xd8,	0x03,	/* 2521 */
	0x03,	0x19,	/* 2522 */
	0xe0,	0x29,	/* 2523 */
	0x32,	0x30,	/* 2524 */
	0x9c,	0x00,	/* 2525 */
	0x1e,	0x14,	/* 2526 */
	0x9e,	0x01,	/* 2527 */
	0x1a,	0x30,	/* 2528 */
	0x10,	0x25,	/* 2529 */
	0x0a,	0x12,	/* 2530 */
	0x8a,	0x15,	/* 2531 */
	0xd8,	0x08,	/* 2532 */
	0x03,	0x1d,	/* 2533 */
	0x01,	0x2d,	/* 2534 */
	0x35,	0x30,	/* 2535 */
	0x9c,	0x00,	/* 2536 */
	0x9e,	0x01,	/* 2537 */
	0x36,	0x30,	/* 2538 */
	0x9c,	0x00,	/* 2539 */
	0x1e,	0x14,	/* 2540 */
	0x19,	0x30,	/* 2541 */
	0x66,	0x25,	/* 2542 */
	0x0a,	0x12,	/* 2543 */
	0x8a,	0x15,	/* 2544 */
	0xf7,	0x27,	/* 2545 */
	0x5f,	0x14,	/* 2546 */
	0x70,	0x1f,	/* 2547 */
	0xf7,	0x29,	/* 2548 */
	0x27,	0x30,	/* 2549 */
	0x71,	0x2b,	/* 2550 */
	0x21,	0x30,	/* 2551 */
	0x71,	0x2b,	/* 2552 */
	0x48,	0x08,	/* 2553 */
	0x21,	0x3a,	/* 2554 */
	0x03,	0x1d,	/* 2555 */
	0x24,	0x2a,	/* 2556 */
	0x70,	0x1d,	/* 2557 */
	0x01,	0x2a,	/* 2558 */
	0x10,	0x30,	/* 2559 */
	0x07,	0x2a,	/* 2560 */
	0xd5,	0x30,	/* 2561 */
	0x0a,	0x16,	/* 2562 */
	0x8a,	0x11,	/* 2563 */
	0x82,	0x27,	/* 2564 */
	0x0a,	0x12,	/* 2565 */
	0x8a,	0x15,	/* 2566 */
	0xd9,	0x00,	/* 2567 */
	0xa4,	0x00,	/* 2568 */
	0xa5,	0x01,	/* 2569 */
	0x03,	0x10,	/* 2570 */
	0xa4,	0x0d,	/* 2571 */
	0xa5,	0x0d,	/* 2572 */
	0x03,	0x10,	/* 2573 */
	0xa4,	0x0d,	/* 2574 */
	0xa5,	0x0d,	/* 2575 */
	0xff,	0x30,	/* 2576 */
	0xf3,	0x00,	/* 2577 */
	0xf4,	0x01,	/* 2578 */
	0x41,	0x08,	/* 2579 */
	0x0a,	0x12,	/* 2580 */
	0x8a,	0x11,	/* 2581 */
	0x50,	0x26,	/* 2582 */
	0x0a,	0x12,	/* 2583 */
	0x8a,	0x15,	/* 2584 */
	0x0a,	0x16,	/* 2585 */
	0x8a,	0x11,	/* 2586 */
	0xd9,	0x27,	/* 2587 */
	0x0a,	0x12,	/* 2588 */
	0x8a,	0x15,	/* 2589 */
	0x25,	0x08,	/* 2590 */
	0x24,	0x04,	/* 2591 */
	0x03,	0x1d,	/* 2592 */
	0x10,	0x2a,	/* 2593 */
	0x22,	0x30,	/* 2594 */
	0xba,	0x2a,	/* 2595 */
	0x48,	0x08,	/* 2596 */
	0x22,	0x3a,	/* 2597 */
	0x03,	0x1d,	/* 2598 */
	0x68,	0x2a,	/* 2599 */
	0x5f,	0x1c,	/* 2600 */
	0x49,	0x2a,	/* 2601 */
	0x35,	0x30,	/* 2602 */
	0x9c,	0x00,	/* 2603 */
	0x9e,	0x01,	/* 2604 */
	0x36,	0x30,	/* 2605 */
	0x9c,	0x00,	/* 2606 */
	0x9e,	0x01,	/* 2607 */
	0x37,	0x30,	/* 2608 */
	0x9c,	0x00,	/* 2609 */
	0x9e,	0x01,	/* 2610 */
	0x38,	0x30,	/* 2611 */
	0x9c,	0x00,	/* 2612 */
	0x9e,	0x01,	/* 2613 */
	0x39,	0x30,	/* 2614 */
	0x9c,	0x00,	/* 2615 */
	0x1e,	0x14,	/* 2616 */
	0x32,	0x30,	/* 2617 */
	0x9c,	0x00,	/* 2618 */
	0x1e,	0x14,	/* 2619 */
	0x9e,	0x01,	/* 2620 */
	0xd9,	0x30,	/* 2621 */
	0x0a,	0x16,	/* 2622 */
	0x8a,	0x11,	/* 2623 */
	0x82,	0x27,	/* 2624 */
	0x0a,	0x12,	/* 2625 */
	0x8a,	0x15,	/* 2626 */
	0xd8,	0x00,	/* 2627 */
	0x60,	0x30,	/* 2628 */
	0x04,	0x25,	/* 2629 */
	0x0a,	0x12,	/* 2630 */
	0x8a,	0x15,	/* 2631 */
	0x5f,	0x10,	/* 2632 */
	0x0f,	0x30,	/* 2633 */
	0x9c,	0x00,	/* 2634 */
	0x00,	0x00,	/* 2635 */
	0xf7,	0x27,	/* 2636 */
	0x1d,	0x08,	/* 2637 */
	0xd9,	0x00,	/* 2638 */
	0x59,	0x18,	/* 2639 */
	0x01,	0x2d,	/* 2640 */
	0x4d,	0x30,	/* 2641 */
	0x9c,	0x00,	/* 2642 */
	0x1e,	0x14,	/* 2643 */
	0x9e,	0x01,	/* 2644 */
	0xd8,	0x03,	/* 2645 */
	0x03,	0x19,	/* 2646 */
	0x5c,	0x2a,	/* 2647 */
	0x32,	0x30,	/* 2648 */
	0x9c,	0x00,	/* 2649 */
	0x1e,	0x14,	/* 2650 */
	0x9e,	0x01,	/* 2651 */
	0xe4,	0x26,	/* 2652 */
	0x0a,	0x12,	/* 2653 */
	0x8a,	0x15,	/* 2654 */
	0xf7,	0x27,	/* 2655 */
	0xd8,	0x08,	/* 2656 */
	0x03,	0x1d,	/* 2657 */
	0x01,	0x2d,	/* 2658 */
	0x65,	0x27,	/* 2659 */
	0x0a,	0x12,	/* 2660 */
	0x8a,	0x15,	/* 2661 */
	0x5f,	0x14,	/* 2662 */
	0x18,	0x29,	/* 2663 */
	0x48,	0x08,	/* 2664 */
	0x24,	0x3a,	/* 2665 */
	0x03,	0x1d,	/* 2666 */
	0xbc,	0x2a,	/* 2667 */
	0x5f,	0x1c,	/* 2668 */
	0x94,	0x2a,	/* 2669 */
	0x44,	0x30,	/* 2670 */
	0x9c,	0x00,	/* 2671 */
	0x4e,	0x30,	/* 2672 */
	0x9e,	0x00,	/* 2673 */
	0x03,	0x30,	/* 2674 */
	0x9c,	0x00,	/* 2675 */
	0x9e,	0x01,	/* 2676 */
	0x43,	0x30,	/* 2677 */
	0x9c,	0x00,	/* 2678 */
	0x9e,	0x01,	/* 2679 */
	0x22,	0x30,	/* 2680 */
	0x9c,	0x00,	/* 2681 */
	0x1e,	0x14,	/* 2682 */
	0x21,	0x30,	/* 2683 */
	0x9c,	0x00,	/* 2684 */
	0x1e,	0x14,	/* 2685 */
	0x35,	0x30,	/* 2686 */
	0x9c,	0x00,	/* 2687 */
	0x9e,	0x01,	/* 2688 */
	0x36,	0x30,	/* 2689 */
	0x9c,	0x00,	/* 2690 */
	0x9e,	0x01,	/* 2691 */
	0x37,	0x30,	/* 2692 */
	0x9c,	0x00,	/* 2693 */
	0x1e,	0x14,	/* 2694 */
	0xc7,	0x27,	/* 2695 */
	0xda,	0x30,	/* 2696 */
	0x0a,	0x16,	/* 2697 */
	0x8a,	0x11,	/* 2698 */
	0x82,	0x27,	/* 2699 */
	0x0a,	0x12,	/* 2700 */
	0x8a,	0x15,	/* 2701 */
	0xd8,	0x00,	/* 2702 */
	0xb4,	0x30,	/* 2703 */
	0x04,	0x25,	/* 2704 */
	0x0a,	0x12,	/* 2705 */
	0x8a,	0x15,	/* 2706 */
	0x5f,	0x10,	/* 2707 */
	0x0f,	0x30,	/* 2708 */
	0x9c,	0x00,	/* 2709 */
	0x00,	0x00,	/* 2710 */
	0xf7,	0x27,	/* 2711 */
	0x1d,	0x08,	/* 2712 */
	0xd9,	0x00,	/* 2713 */
	0x59,	0x18,	/* 2714 */
	0x01,	0x2d,	/* 2715 */
	0x4d,	0x30,	/* 2716 */
	0x9c,	0x00,	/* 2717 */
	0x1e,	0x14,	/* 2718 */
	0x9e,	0x01,	/* 2719 */
	0xd8,	0x03,	/* 2720 */
	0x03,	0x19,	/* 2721 */
	0xa7,	0x2a,	/* 2722 */
	0x32,	0x30,	/* 2723 */
	0x9c,	0x00,	/* 2724 */
	0x1e,	0x14,	/* 2725 */
	0x9e,	0x01,	/* 2726 */
	0x5a,	0x30,	/* 2727 */
	0x10,	0x25,	/* 2728 */
	0x0a,	0x12,	/* 2729 */
	0x8a,	0x15,	/* 2730 */
	0xd8,	0x08,	/* 2731 */
	0x03,	0x1d,	/* 2732 */
	0x01,	0x2d,	/* 2733 */
	0x37,	0x30,	/* 2734 */
	0x9c,	0x00,	/* 2735 */
	0x9e,	0x01,	/* 2736 */
	0x38,	0x30,	/* 2737 */
	0x9c,	0x00,	/* 2738 */
	0x1e,	0x14,	/* 2739 */
	0x59,	0x30,	/* 2740 */
	0x66,	0x25,	/* 2741 */
	0x0a,	0x12,	/* 2742 */
	0x8a,	0x15,	/* 2743 */
	0xf7,	0x27,	/* 2744 */
	0x25,	0x30,	/* 2745 */
	0x5f,	0x14,	/* 2746 */
	0x71,	0x2b,	/* 2747 */
	0x48,	0x08,	/* 2748 */
	0x25,	0x3a,	/* 2749 */
	0x03,	0x1d,	/* 2750 */
	0x60,	0x2b,	/* 2751 */
	0x5f,	0x1c,	/* 2752 */
	0x1a,	0x2b,	/* 2753 */
	0x1e,	0x30,	/* 2754 */
	0x5f,	0x10,	/* 2755 */
	0x9c,	0x00,	/* 2756 */
	0x1e,	0x14,	/* 2757 */
	0x74,	0x30,	/* 2758 */
	0x9c,	0x00,	/* 2759 */
	0x1e,	0x14,	/* 2760 */
	0x1d,	0x30,	/* 2761 */
	0x9c,	0x00,	/* 2762 */
	0x1e,	0x14,	/* 2763 */
	0x03,	0x30,	/* 2764 */
	0x9c,	0x00,	/* 2765 */
	0x1e,	0x14,	/* 2766 */
	0x22,	0x30,	/* 2767 */
	0x9c,	0x00,	/* 2768 */
	0x1e,	0x14,	/* 2769 */
	0x9e,	0x01,	/* 2770 */
	0x21,	0x30,	/* 2771 */
	0x9c,	0x00,	/* 2772 */
	0x1e,	0x14,	/* 2773 */
	0x9e,	0x01,	/* 2774 */
	0x44,	0x30,	/* 2775 */
	0x9c,	0x00,	/* 2776 */
	0x9e,	0x01,	/* 2777 */
	0x75,	0x30,	/* 2778 */
	0x9c,	0x00,	/* 2779 */
	0x1e,	0x14,	/* 2780 */
	0x9e,	0x01,	/* 2781 */
	0x76,	0x30,	/* 2782 */
	0x9c,	0x00,	/* 2783 */
	0x1e,	0x14,	/* 2784 */
	0x9e,	0x01,	/* 2785 */
	0x43,	0x30,	/* 2786 */
	0x9c,	0x00,	/* 2787 */
	0x1e,	0x14,	/* 2788 */
	0x68,	0x30,	/* 2789 */
	0x9c,	0x00,	/* 2790 */
	0x00,	0x00,	/* 2791 */
	0xf7,	0x27,	/* 2792 */
	0x1d,	0x08,	/* 2793 */
	0xd9,	0x00,	/* 2794 */
	0x59,	0x1c,	/* 2795 */
	0x16,	0x2b,	/* 2796 */
	0x47,	0x0e,	/* 2797 */
	0x0f,	0x39,	/* 2798 */
	0xd8,	0x00,	/* 2799 */
	0x47,	0x08,	/* 2800 */
	0xfc,	0x00,	/* 2801 */
	0x03,	0x10,	/* 2802 */
	0xfc,	0x0c,	/* 2803 */
	0xd2,	0x27,	/* 2804 */
	0x0a,	0x12,	/* 2805 */
	0x8a,	0x15,	/* 2806 */
	0x7d,	0x07,	/* 2807 */
	0xd8,	0x07,	/* 2808 */
	0x47,	0x08,	/* 2809 */
	0xfc,	0x00,	/* 2810 */
	0xd2,	0x27,	/* 2811 */
	0x0a,	0x12,	/* 2812 */
	0x8a,	0x15,	/* 2813 */
	0x03,	0x10,	/* 2814 */
	0xfd,	0x0d,	/* 2815 */
	0x03,	0x10,	/* 2816 */
	0x7d,	0x0d,	/* 2817 */
	0xd8,	0x07,	/* 2818 */
	0x03,	0x10,	/* 2819 */
	0x47,	0x0c,	/* 2820 */
	0x01,	0x39,	/* 2821 */
	0xfc,	0x00,	/* 2822 */
	0x03,	0x10,	/* 2823 */
	0xfc,	0x0d,	/* 2824 */
	0x03,	0x10,	/* 2825 */
	0xfc,	0x0d,	/* 2826 */
	0x03,	0x10,	/* 2827 */
	0x7c,	0x0d,	/* 2828 */
	0xd8,	0x07,	/* 2829 */
	0x47,	0x0e,	/* 2830 */
	0x10,	0x39,	/* 2831 */
	0xd8,	0x07,	/* 2832 */
	0x58,	0x08,	/* 2833 */
	0xcb,	0x00,	/* 2834 */
	0x3f,	0x08,	/* 2835 */
	0x01,	0x39,	/* 2836 */
	0xe6,	0x25,	/* 2837 */
	0x15,	0x30,	/* 2838 */
	0x9c,	0x00,	/* 2839 */
	0x1e,	0x14,	/* 2840 */
	0x9e,	0x01,	/* 2841 */
	0xff,	0x30,	/* 2842 */
	0xf3,	0x00,	/* 2843 */
	0xf4,	0x01,	/* 2844 */
	0x41,	0x08,	/* 2845 */
	0x0a,	0x12,	/* 2846 */
	0x8a,	0x11,	/* 2847 */
	0x50,	0x26,	/* 2848 */
	0x0a,	0x12,	/* 2849 */
	0x8a,	0x15,	/* 2850 */
	0x02,	0x30,	/* 2851 */
	0x9c,	0x00,	/* 2852 */
	0x00,	0x00,	/* 2853 */
	0xec,	0x27,	/* 2854 */
	0x0a,	0x12,	/* 2855 */
	0x8a,	0x15,	/* 2856 */
	0x9c,	0x00,	/* 2857 */
	0x00,	0x00,	/* 2858 */
	0xf7,	0x27,	/* 2859 */
	0x1d,	0x08,	/* 2860 */
	0xd8,	0x00,	/* 2861 */
	0x59,	0x05,	/* 2862 */
	0xfc,	0x00,	/* 2863 */
	0x7c,	0x1c,	/* 2864 */
	0x3d,	0x2b,	/* 2865 */
	0x1a,	0x30,	/* 2866 */
	0x9c,	0x00,	/* 2867 */
	0x1e,	0x14,	/* 2868 */
	0x9e,	0x01,	/* 2869 */
	0xf0,	0x1e,	/* 2870 */
	0x3a,	0x2b,	/* 2871 */
	0x2b,	0x30,	/* 2872 */
	0x3b,	0x2b,	/* 2873 */
	0x28,	0x30,	/* 2874 */
	0xc8,	0x00,	/* 2875 */
	0x5f,	0x14,	/* 2876 */
	0x64,	0x30,	/* 2877 */
	0x9c,	0x00,	/* 2878 */
	0x00,	0x00,	/* 2879 */
	0xe1,	0x27,	/* 2880 */
	0x0a,	0x12,	/* 2881 */
	0x8a,	0x15,	/* 2882 */
	0x9c,	0x00,	/* 2883 */
	0x00,	0x00,	/* 2884 */
	0xf7,	0x27,	/* 2885 */
	0x1d,	0x08,	/* 2886 */
	0xd8,	0x00,	/* 2887 */
	0x59,	0x18,	/* 2888 */
	0x4c,	0x2b,	/* 2889 */
	0x58,	0x1c,	/* 2890 */
	0x52,	0x2b,	/* 2891 */
	0x0b,	0x30,	/* 2892 */
	0x5f,	0x14,	/* 2893 */
	0xc8,	0x00,	/* 2894 */
	0x58,	0x18,	/* 2895 */
	0x44,	0x17,	/* 2896 */
	0x72,	0x14,	/* 2897 */
	0x01,	0x30,	/* 2898 */
	0x9c,	0x00,	/* 2899 */
	0x00,	0x00,	/* 2900 */
	0xf7,	0x27,	/* 2901 */
	0x1d,	0x08,	/* 2902 */
	0xd9,	0x00,	/* 2903 */
	0x07,	0x39,	/* 2904 */
	0x03,	0x1d,	/* 2905 */
	0x01,	0x2d,	/* 2906 */
	0x5f,	0x14,	/* 2907 */
	0x0b,	0x30,	/* 2908 */
	0xc8,	0x00,	/* 2909 */
	0x72,	0x14,	/* 2910 */
	0x01,	0x2d,	/* 2911 */
	0x48,	0x08,	/* 2912 */
	0x28,	0x3a,	/* 2913 */
	0x03,	0x1d,	/* 2914 */
	0x69,	0x2b,	/* 2915 */
	0x88,	0x27,	/* 2916 */
	0x0a,	0x12,	/* 2917 */
	0x8a,	0x15,	/* 2918 */
	0x2b,	0x30,	/* 2919 */
	0xdc,	0x2c,	/* 2920 */
	0x48,	0x08,	/* 2921 */
	0x2b,	0x3a,	/* 2922 */
	0x03,	0x1d,	/* 2923 */
	0x73,	0x2b,	/* 2924 */
	0x6e,	0x30,	/* 2925 */
	0x9c,	0x00,	/* 2926 */
	0x9e,	0x01,	/* 2927 */
	0x26,	0x30,	/* 2928 */
	0xc8,	0x00,	/* 2929 */
	0x01,	0x2d,	/* 2930 */
	0x48,	0x08,	/* 2931 */
	0x26,	0x3a,	/* 2932 */
	0x03,	0x1d,	/* 2933 */
	0xce,	0x2b,	/* 2934 */
	0x5f,	0x1c,	/* 2935 */
	0x90,	0x2b,	/* 2936 */
	0x64,	0x30,	/* 2937 */
	0x5f,	0x10,	/* 2938 */
	0xa4,	0x01,	/* 2939 */
	0xa5,	0x00,	/* 2940 */
	0x1b,	0x30,	/* 2941 */
	0x9c,	0x00,	/* 2942 */
	0x1e,	0x14,	/* 2943 */
	0x9e,	0x01,	/* 2944 */
	0x1d,	0x30,	/* 2945 */
	0x9c,	0x00,	/* 2946 */
	0x1e,	0x14,	/* 2947 */
	0x9e,	0x01,	/* 2948 */
	0x1e,	0x30,	/* 2949 */
	0x9c,	0x00,	/* 2950 */
	0x1e,	0x14,	/* 2951 */
	0x9e,	0x01,	/* 2952 */
	0x74,	0x30,	/* 2953 */
	0x9c,	0x00,	/* 2954 */
	0x1e,	0x14,	/* 2955 */
	0x9e,	0x01,	/* 2956 */
	0x2e,	0x30,	/* 2957 */
	0x9c,	0x00,	/* 2958 */
	0x1e,	0x14,	/* 2959 */
	0xff,	0x30,	/* 2960 */
	0xf3,	0x00,	/* 2961 */
	0xf4,	0x01,	/* 2962 */
	0x41,	0x08,	/* 2963 */
	0x0a,	0x12,	/* 2964 */
	0x8a,	0x11,	/* 2965 */
	0x50,	0x26,	/* 2966 */
	0x0a,	0x12,	/* 2967 */
	0x8a,	0x15,	/* 2968 */
	0x05,	0x30,	/* 2969 */
	0x9c,	0x00,	/* 2970 */
	0x00,	0x00,	/* 2971 */
	0xbf,	0x27,	/* 2972 */
	0x0a,	0x12,	/* 2973 */
	0x8a,	0x15,	/* 2974 */
	0x9c,	0x00,	/* 2975 */
	0x00,	0x00,	/* 2976 */
	0xec,	0x27,	/* 2977 */
	0x0a,	0x12,	/* 2978 */
	0x8a,	0x15,	/* 2979 */
	0x9c,	0x00,	/* 2980 */
	0x00,	0x00,	/* 2981 */
	0xf7,	0x27,	/* 2982 */
	0x1d,	0x08,	/* 2983 */
	0xd8,	0x00,	/* 2984 */
	0x01,	0x30,	/* 2985 */
	0x9c,	0x00,	/* 2986 */
	0x00,	0x00,	/* 2987 */
	0xf7,	0x27,	/* 2988 */
	0x1d,	0x08,	/* 2989 */
	0xd0,	0x00,	/* 2990 */
	0x59,	0x18,	/* 2991 */
	0x58,	0x1c,	/* 2992 */
	0xb9,	0x2b,	/* 2993 */
	0x50,	0x08,	/* 2994 */
	0x07,	0x39,	/* 2995 */
	0x03,	0x19,	/* 2996 */
	0xb9,	0x2b,	/* 2997 */
	0x29,	0x30,	/* 2998 */
	0xc8,	0x00,	/* 2999 */
	0xc7,	0x2b,	/* 3000 */
	0x25,	0x08,	/* 3001 */
	0x24,	0x04,	/* 3002 */
	0x03,	0x1d,	/* 3003 */
	0x59,	0x1c,	/* 3004 */
	0xc4,	0x2b,	/* 3005 */
	0x58,	0x1c,	/* 3006 */
	0xc4,	0x2b,	/* 3007 */
	0x50,	0x08,	/* 3008 */
	0x07,	0x39,	/* 3009 */
	0x03,	0x1d,	/* 3010 */
	0xc8,	0x2b,	/* 3011 */
	0x0b,	0x30,	/* 3012 */
	0xc8,	0x00,	/* 3013 */
	0x72,	0x14,	/* 3014 */
	0x5f,	0x14,	/* 3015 */
	0x0a,	0x16,	/* 3016 */
	0x8a,	0x11,	/* 3017 */
	0xd9,	0x27,	/* 3018 */
	0x0a,	0x12,	/* 3019 */
	0x8a,	0x15,	/* 3020 */
	0x01,	0x2d,	/* 3021 */
	0x48,	0x08,	/* 3022 */
	0x29,	0x3a,	/* 3023 */
	0x03,	0x1d,	/* 3024 */
	0x73,	0x2c,	/* 3025 */
	0xf0,	0x19,	/* 3026 */
	0xde,	0x2b,	/* 3027 */
	0x69,	0x30,	/* 3028 */
	0xf0,	0x15,	/* 3029 */
	0x9c,	0x00,	/* 3030 */
	0x55,	0x30,	/* 3031 */
	0x9e,	0x00,	/* 3032 */
	0x33,	0x08,	/* 3033 */
	0xad,	0x00,	/* 3034 */
	0x32,	0x08,	/* 3035 */
	0xac,	0x00,	/* 3036 */
	0xc4,	0x01,	/* 3037 */
	0x5f,	0x1c,	/* 3038 */
	0xff,	0x2b,	/* 3039 */
	0xc8,	0x30,	/* 3040 */
	0x5f,	0x10,	/* 3041 */
	0xa4,	0x01,	/* 3042 */
	0xa5,	0x00,	/* 3043 */
	0x69,	0x30,	/* 3044 */
	0xd4,	0x01,	/* 3045 */
	0xba,	0x01,	/* 3046 */
	0xcc,	0x01,	/* 3047 */
	0x9c,	0x00,	/* 3048 */
	0x00,	0x00,	/* 3049 */
	0xf7,	0x27,	/* 3050 */
	0x1d,	0x08,	/* 3051 */
	0xd7,	0x00,	/* 3052 */
	0x0f,	0x30,	/* 3053 */
	0xd7,	0x0e,	/* 3054 */
	0xd7,	0x05,	/* 3055 */
	0x85,	0x30,	/* 3056 */
	0x9c,	0x00,	/* 3057 */
	0x57,	0x08,	/* 3058 */
	0x9e,	0x00,	/* 3059 */
	0x68,	0x30,	/* 3060 */
	0x9c,	0x00,	/* 3061 */
	0x00,	0x00,	/* 3062 */
	0xf7,	0x27,	/* 3063 */
	0x1d,	0x08,	/* 3064 */
	0xd7,	0x00,	/* 3065 */
	0x84,	0x30,	/* 3066 */
	0x03,	0x10,	/* 3067 */
	0xd7,	0x0c,	/* 3068 */
	0x9c,	0x00,	/* 3069 */
	0x9e,	0x01,	/* 3070 */
	0x05,	0x30,	/* 3071 */
	0x9c,	0x00,	/* 3072 */
	0x00,	0x00,	/* 3073 */
	0xbf,	0x27,	/* 3074 */
	0x0a,	0x12,	/* 3075 */
	0x8a,	0x15,	/* 3076 */
	0x9c,	0x00,	/* 3077 */
	0x00,	0x00,	/* 3078 */
	0xe1,	0x27,	/* 3079 */
	0x0a,	0x12,	/* 3080 */
	0x8a,	0x15,	/* 3081 */
	0x9c,	0x00,	/* 3082 */
	0x00,	0x00,	/* 3083 */
	0xf7,	0x27,	/* 3084 */
	0x1d,	0x08,	/* 3085 */
	0xd8,	0x00,	/* 3086 */
	0x59,	0x08,	/* 3087 */
	0x03,	0x19,	/* 3088 */
	0x14,	0x2c,	/* 3089 */
	0x58,	0x0b,	/* 3090 */
	0x17,	0x2c,	/* 3091 */
	0x2a,	0x30,	/* 3092 */
	0xc8,	0x00,	/* 3093 */
	0x5f,	0x14,	/* 3094 */
	0xd4,	0x08,	/* 3095 */
	0x03,	0x1d,	/* 3096 */
	0x33,	0x2c,	/* 3097 */
	0x04,	0x30,	/* 3098 */
	0x41,	0x02,	/* 3099 */
	0xc8,	0x30,	/* 3100 */
	0xf7,	0x01,	/* 3101 */
	0xf8,	0x00,	/* 3102 */
	0x03,	0x1c,	/* 3103 */
	0x23,	0x2c,	/* 3104 */
	0x04,	0x30,	/* 3105 */
	0x24,	0x2c,	/* 3106 */
	0x41,	0x08,	/* 3107 */
	0xf9,	0x00,	/* 3108 */
	0x32,	0x30,	/* 3109 */
	0xfa,	0x01,	/* 3110 */
	0xfb,	0x00,	/* 3111 */
	0x0a,	0x16,	/* 3112 */
	0x8a,	0x11,	/* 3113 */
	0xb6,	0x27,	/* 3114 */
	0x0a,	0x12,	/* 3115 */
	0x8a,	0x15,	/* 3116 */
	0x84,	0x30,	/* 3117 */
	0xd4,	0x01,	/* 3118 */
	0xd4,	0x0a,	/* 3119 */
	0x9c,	0x00,	/* 3120 */
	0x01,	0x30,	/* 3121 */
	0x9e,	0x00,	/* 3122 */
	0x93,	0x30,	/* 3123 */
	0x9c,	0x00,	/* 3124 */
	0x00,	0x00,	/* 3125 */
	0xf7,	0x27,	/* 3126 */
	0x1d,	0x08,	/* 3127 */
	0xd6,	0x00,	/* 3128 */
	0xf6,	0x30,	/* 3129 */
	0x0a,	0x16,	/* 3130 */
	0x8a,	0x11,	/* 3131 */
	0x69,	0x27,	/* 3132 */
	0x0a,	0x12,	/* 3133 */
	0x8a,	0x15,	/* 3134 */
	0x74,	0x08,	/* 3135 */
	0xb7,	0x00,	/* 3136 */
	0x73,	0x08,	/* 3137 */
	0xb6,	0x00,	/* 3138 */
	0x56,	0x1c,	/* 3139 */
	0x6d,	0x2c,	/* 3140 */
	0x57,	0x08,	/* 3141 */
	0xfc,	0x00,	/* 3142 */
	0xfd,	0x01,	/* 3143 */
	0x7d,	0x08,	/* 3144 */
	0x37,	0x02,	/* 3145 */
	0x03,	0x1d,	/* 3146 */
	0x4e,	0x2c,	/* 3147 */
	0x7c,	0x08,	/* 3148 */
	0x36,	0x02,	/* 3149 */
	0x03,	0x1c,	/* 3150 */
	0x6d,	0x2c,	/* 3151 */
	0x84,	0x30,	/* 3152 */
	0x9c,	0x00,	/* 3153 */
	0x9e,	0x01,	/* 3154 */
	0xbf,	0x0a,	/* 3155 */
	0x3f,	0x08,	/* 3156 */
	0x01,	0x39,	/* 3157 */
	0xe6,	0x25,	/* 3158 */
	0x64,	0x30,	/* 3159 */
	0xf7,	0x01,	/* 3160 */
	0xf8,	0x00,	/* 3161 */
	0x41,	0x08,	/* 3162 */
	0xf9,	0x00,	/* 3163 */
	0x32,	0x30,	/* 3164 */
	0xfa,	0x01,	/* 3165 */
	0xfb,	0x00,	/* 3166 */
	0x0a,	0x16,	/* 3167 */
	0x8a,	0x11,	/* 3168 */
	0xb6,	0x27,	/* 3169 */
	0x0a,	0x12,	/* 3170 */
	0x8a,	0x15,	/* 3171 */
	0x69,	0x30,	/* 3172 */
	0x9c,	0x00,	/* 3173 */
	0x3f,	0x08,	/* 3174 */
	0x9e,	0x00,	/* 3175 */
	0x84,	0x30,	/* 3176 */
	0x9c,	0x00,	/* 3177 */
	0x01,	0x30,	/* 3178 */
	0x9e,	0x00,	/* 3179 */
	0x01,	0x2d,	/* 3180 */
	0x56,	0x1c,	/* 3181 */
	0x01,	0x2d,	/* 3182 */
	0x84,	0x30,	/* 3183 */
	0x9c,	0x00,	/* 3184 */
	0x9e,	0x01,	/* 3185 */
	0x68,	0x2c,	/* 3186 */
	0x48,	0x08,	/* 3187 */
	0x2a,	0x3a,	/* 3188 */
	0x03,	0x1d,	/* 3189 */
	0xc7,	0x2c,	/* 3190 */
	0x5f,	0x1c,	/* 3191 */
	0x87,	0x2c,	/* 3192 */
	0x10,	0x30,	/* 3193 */
	0xa4,	0x01,	/* 3194 */
	0xa5,	0x00,	/* 3195 */
	0x5f,	0x10,	/* 3196 */
	0x87,	0x2c,	/* 3197 */
	0x59,	0x18,	/* 3198 */
	0x58,	0x18,	/* 3199 */
	0x87,	0x2c,	/* 3200 */
	0x00,	0x30,	/* 3201 */
	0x70,	0x1a,	/* 3202 */
	0x01,	0x30,	/* 3203 */
	0x01,	0x39,	/* 3204 */
	0x03,	0x1d,	/* 3205 */
	0xa9,	0x2c,	/* 3206 */
	0xff,	0x30,	/* 3207 */
	0xf3,	0x00,	/* 3208 */
	0xf4,	0x01,	/* 3209 */
	0x41,	0x08,	/* 3210 */
	0x0a,	0x12,	/* 3211 */
	0x8a,	0x11,	/* 3212 */
	0x50,	0x26,	/* 3213 */
	0x0a,	0x12,	/* 3214 */
	0x8a,	0x15,	/* 3215 */
	0x05,	0x30,	/* 3216 */
	0x9c,	0x00,	/* 3217 */
	0x00,	0x00,	/* 3218 */
	0xbf,	0x27,	/* 3219 */
	0x0a,	0x12,	/* 3220 */
	0x8a,	0x15,	/* 3221 */
	0x9c,	0x00,	/* 3222 */
	0x00,	0x00,	/* 3223 */
	0xe1,	0x27,	/* 3224 */
	0x0a,	0x12,	/* 3225 */
	0x8a,	0x15,	/* 3226 */
	0x9c,	0x00,	/* 3227 */
	0x00,	0x00,	/* 3228 */
	0xf7,	0x27,	/* 3229 */
	0x1d,	0x08,	/* 3230 */
	0xd8,	0x00,	/* 3231 */
	0x0a,	0x16,	/* 3232 */
	0x8a,	0x11,	/* 3233 */
	0xd9,	0x27,	/* 3234 */
	0x0a,	0x12,	/* 3235 */
	0x8a,	0x15,	/* 3236 */
	0x25,	0x08,	/* 3237 */
	0x24,	0x04,	/* 3238 */
	0x03,	0x1d,	/* 3239 */
	0x7e,	0x2c,	/* 3240 */
	0x01,	0x30,	/* 3241 */
	0x5f,	0x14,	/* 3242 */
	0x9c,	0x00,	/* 3243 */
	0x00,	0x00,	/* 3244 */
	0xf7,	0x27,	/* 3245 */
	0x1d,	0x08,	/* 3246 */
	0xd0,	0x00,	/* 3247 */
	0x07,	0x39,	/* 3248 */
	0x03,	0x1d,	/* 3249 */
	0x58,	0x18,	/* 3250 */
	0x5c,	0x2b,	/* 3251 */
	0x59,	0x1c,	/* 3252 */
	0x5c,	0x2b,	/* 3253 */
	0x25,	0x08,	/* 3254 */
	0x24,	0x04,	/* 3255 */
	0x03,	0x19,	/* 3256 */
	0x5c,	0x2b,	/* 3257 */
	0x59,	0x18,	/* 3258 */
	0x58,	0x18,	/* 3259 */
	0xc1,	0x2c,	/* 3260 */
	0x70,	0x1e,	/* 3261 */
	0xc1,	0x2c,	/* 3262 */
	0x29,	0x30,	/* 3263 */
	0xdc,	0x2c,	/* 3264 */
	0x25,	0x08,	/* 3265 */
	0x24,	0x04,	/* 3266 */
	0x03,	0x1d,	/* 3267 */
	0x01,	0x2d,	/* 3268 */
	0x25,	0x30,	/* 3269 */
	0xdc,	0x2c,	/* 3270 */
	0x48,	0x08,	/* 3271 */
	0x27,	0x3a,	/* 3272 */
	0x03,	0x1d,	/* 3273 */
	0xf8,	0x2c,	/* 3274 */
	0xf0,	0x1d,	/* 3275 */
	0xba,	0x0a,	/* 3276 */
	0x63,	0x30,	/* 3277 */
	0x9c,	0x00,	/* 3278 */
	0x00,	0x00,	/* 3279 */
	0xf7,	0x27,	/* 3280 */
	0x1d,	0x08,	/* 3281 */
	0xd9,	0x00,	/* 3282 */
	0xf0,	0x1d,	/* 3283 */
	0xd7,	0x2c,	/* 3284 */
	0x20,	0x30,	/* 3285 */
	0xdc,	0x2c,	/* 3286 */
	0x3a,	0x08,	/* 3287 */
	0x59,	0x06,	/* 3288 */
	0x03,	0x1d,	/* 3289 */
	0xde,	0x2c,	/* 3290 */
	0xcf,	0x30,	/* 3291 */
	0xc8,	0x00,	/* 3292 */
	0x00,	0x2d,	/* 3293 */
	0x3c,	0x30,	/* 3294 */
	0x9c,	0x00,	/* 3295 */
	0x00,	0x00,	/* 3296 */
	0xf7,	0x27,	/* 3297 */
	0x1d,	0x08,	/* 3298 */
	0xd9,	0x00,	/* 3299 */
	0x01,	0x30,	/* 3300 */
	0xd9,	0x06,	/* 3301 */
	0x3c,	0x30,	/* 3302 */
	0xd9,	0x14,	/* 3303 */
	0x9c,	0x00,	/* 3304 */
	0x59,	0x08,	/* 3305 */
	0x9e,	0x00,	/* 3306 */
	0x3c,	0x30,	/* 3307 */
	0x9c,	0x00,	/* 3308 */
	0x9e,	0x01,	/* 3309 */
	0xff,	0x30,	/* 3310 */
	0xf3,	0x00,	/* 3311 */
	0xf4,	0x01,	/* 3312 */
	0x41,	0x08,	/* 3313 */
	0x0a,	0x12,	/* 3314 */
	0x8a,	0x11,	/* 3315 */
	0x50,	0x26,	/* 3316 */
	0x0a,	0x12,	/* 3317 */
	0x8a,	0x15,	/* 3318 */
	0xd5,	0x2c,	/* 3319 */
	0x48,	0x08,	/* 3320 */
	0x2c,	0x3a,	/* 3321 */
	0x03,	0x19,	/* 3322 */
	0xff,	0x2c,	/* 3323 */
	0x38,	0x30,	/* 3324 */
	0x44,	0x17,	/* 3325 */
	0xc8,	0x00,	/* 3326 */
	0x72,	0x14,	/* 3327 */
	0x5f,	0x14,	/* 3328 */
	0x72,	0x18,	/* 3329 */
	0x08,	0x00,	/* 3330 */
	0x1c,	0x29,	/* 3331 */
	0xf3,	0x00,	/* 3332 */
	0x98,	0x01,	/* 3333 */
	0x99,	0x01,	/* 3334 */
	0x9a,	0x01,	/* 3335 */
	0x9b,	0x01,	/* 3336 */
	0x73,	0x08,	/* 3337 */
	0x8e,	0x00,	/* 3338 */
	0xfc,	0x3b,	/* 3339 */
	0xf7,	0x27,	/* 3340 */
	0x8e,	0x0b,	/* 3341 */
	0x0b,	0x2d,	/* 3342 */
	0x08,	0x00,	/* 3343 */
	0xf3,	0x00,	/* 3344 */
	0x01,	0x30,	/* 3345 */
	0x8e,	0x00,	/* 3346 */
	0xf6,	0x01,	/* 3347 */
	0xf6,	0x0a,	/* 3348 */
	0x73,	0x08,	/* 3349 */
	0x76,	0x02,	/* 3350 */
	0x03,	0x18,	/* 3351 */
	0x08,	0x00,	/* 3352 */
	0x88,	0x01,	/* 3353 */
	0x76,	0x08,	/* 3354 */
	0x89,	0x00,	/* 3355 */
	0xe8,	0x3b,	/* 3356 */
	0x76,	0x08,	/* 3357 */
	0x73,	0x02,	/* 3358 */
	0xf4,	0x00,	/* 3359 */
	0xf5,	0x00,	/* 3360 */
	0xf7,	0x27,	/* 3361 */
	0x88,	0x0a,	/* 3362 */
	0xcc,	0x3b,	/* 3363 */
	0xf7,	0x27,	/* 3364 */
	0x89,	0x0a,	/* 3365 */
	0xdc,	0x3b,	/* 3366 */
	0xaf,	0x3b,	/* 3367 */
	0xf5,	0x0b,	/* 3368 */
	0x21,	0x2d,	/* 3369 */
	0x80,	0x30,	/* 3370 */
	0xf7,	0x27,	/* 3371 */
	0x88,	0x00,	/* 3372 */
	0x76,	0x08,	/* 3373 */
	0x80,	0x3e,	/* 3374 */
	0x89,	0x00,	/* 3375 */
	0x74,	0x08,	/* 3376 */
	0xf5,	0x00,	/* 3377 */
	0xf7,	0x27,	/* 3378 */
	0x88,	0x0a,	/* 3379 */
	0xcc,	0x3b,	/* 3380 */
	0xf7,	0x27,	/* 3381 */
	0x89,	0x0a,	/* 3382 */
	0xdc,	0x3b,	/* 3383 */
	0xaf,	0x3b,	/* 3384 */
	0xf5,	0x0b,	/* 3385 */
	0x32,	0x2d,	/* 3386 */
	0xfc,	0x3b,	/* 3387 */
	0xf7,	0x27,	/* 3388 */
	0x88,	0x01,	/* 3389 */
	0x76,	0x08,	/* 3390 */
	0x80,	0x3e,	/* 3391 */
	0x89,	0x00,	/* 3392 */
	0x8e,	0x0a,	/* 3393 */
	0xe8,	0x3b,	/* 3394 */
	0x74,	0x08,	/* 3395 */
	0xf5,	0x00,	/* 3396 */
	0xf7,	0x27,	/* 3397 */
	0x89,	0x0a,	/* 3398 */
	0xdc,	0x3b,	/* 3399 */
	0xf7,	0x27,	/* 3400 */
	0x88,	0x0a,	/* 3401 */
	0xcc,	0x3b,	/* 3402 */
	0xaf,	0x3b,	/* 3403 */
	0xf5,	0x0b,	/* 3404 */
	0x45,	0x2d,	/* 3405 */
	0xfc,	0x3b,	/* 3406 */
	0x80,	0x30,	/* 3407 */
	0xf7,	0x27,	/* 3408 */
	0x88,	0x00,	/* 3409 */
	0x76,	0x08,	/* 3410 */
	0x89,	0x00,	/* 3411 */
	0x0e,	0x08,	/* 3412 */
	0x8c,	0x00,	/* 3413 */
	0x74,	0x08,	/* 3414 */
	0xf5,	0x00,	/* 3415 */
	0xf7,	0x27,	/* 3416 */
	0x89,	0x0a,	/* 3417 */
	0xdc,	0x3b,	/* 3418 */
	0xf7,	0x27,	/* 3419 */
	0x88,	0x0a,	/* 3420 */
	0xcc,	0x3b,	/* 3421 */
	0x60,	0x3b,	/* 3422 */
	0xb2,	0x3b,	/* 3423 */
	0xfc,	0x3b,	/* 3424 */
	0xf5,	0x0b,	/* 3425 */
	0x58,	0x2d,	/* 3426 */
	0xf7,	0x27,	/* 3427 */
	0x8e,	0x0a,	/* 3428 */
	0x14,	0x2d,	/* 3429 */
	0xf7,	0x00,	/* 3430 */
	0xf8,	0x01,	/* 3431 */
	0xf5,	0x01,	/* 3432 */
	0xf3,	0x00,	/* 3433 */
	0xf6,	0x01,	/* 3434 */
	0x94,	0x01,	/* 3435 */
	0x95,	0x01,	/* 3436 */
	0x96,	0x01,	/* 3437 */
	0x97,	0x01,	/* 3438 */
	0x98,	0x01,	/* 3439 */
	0x99,	0x01,	/* 3440 */
	0x9a,	0x01,	/* 3441 */
	0x9b,	0x01,	/* 3442 */
	0xf1,	0x27,	/* 3443 */
	0x0a,	0x12,	/* 3444 */
	0x8a,	0x15,	/* 3445 */
	0xe2,	0x3b,	/* 3446 */
	0xdd,	0x30,	/* 3447 */
	0xf7,	0x27,	/* 3448 */
	0x8c,	0x00,	/* 3449 */
	0xf6,	0x3b,	/* 3450 */
	0xf1,	0x27,	/* 3451 */
	0x0a,	0x12,	/* 3452 */
	0x8a,	0x15,	/* 3453 */
	0xe2,	0x3b,	/* 3454 */
	0xde,	0x30,	/* 3455 */
	0xf7,	0x27,	/* 3456 */
	0x8c,	0x00,	/* 3457 */
	0xf6,	0x3b,	/* 3458 */
	0xf7,	0x27,	/* 3459 */
	0x10,	0x14,	/* 3460 */
	0xdf,	0x30,	/* 3461 */
	0x8c,	0x00,	/* 3462 */
	0xf6,	0x3b,	/* 3463 */
	0xf7,	0x27,	/* 3464 */
	0x90,	0x01,	/* 3465 */
	0x8c,	0x00,	/* 3466 */
	0xf6,	0x3b,	/* 3467 */
	0x06,	0x30,	/* 3468 */
	0xf4,	0x00,	/* 3469 */
	0xf4,	0x0b,	/* 3470 */
	0x8e,	0x2d,	/* 3471 */
	0xd0,	0x30,	/* 3472 */
	0xf7,	0x27,	/* 3473 */
	0x8c,	0x00,	/* 3474 */
	0xe2,	0x3b,	/* 3475 */
	0x72,	0x3b,	/* 3476 */
	0xf7,	0x27,	/* 3477 */
	0x96,	0x01,	/* 3478 */
	0x97,	0x01,	/* 3479 */
	0x03,	0x30,	/* 3480 */
	0x95,	0x05,	/* 3481 */
	0x15,	0x08,	/* 3482 */
	0x02,	0x3a,	/* 3483 */
	0x03,	0x19,	/* 3484 */
	0xa0,	0x2d,	/* 3485 */
	0x15,	0x0b,	/* 3486 */
	0xa1,	0x2d,	/* 3487 */
	0xf6,	0x0a,	/* 3488 */
	0x95,	0x1c,	/* 3489 */
	0xa5,	0x2d,	/* 3490 */
	0xfc,	0x30,	/* 3491 */
	0x95,	0x04,	/* 3492 */
	0x75,	0x08,	/* 3493 */
	0x88,	0x00,	/* 3494 */
	0xcc,	0x3b,	/* 3495 */
	0xf5,	0x0a,	/* 3496 */
	0xaf,	0x3b,	/* 3497 */
	0xd0,	0x30,	/* 3498 */
	0xf7,	0x27,	/* 3499 */
	0x8d,	0x00,	/* 3500 */
	0xe6,	0x3b,	/* 3501 */
	0xf3,	0x0b,	/* 3502 */
	0x73,	0x2d,	/* 3503 */
	0x15,	0x30,	/* 3504 */
	0x76,	0x02,	/* 3505 */
	0x03,	0x1c,	/* 3506 */
	0xb6,	0x2d,	/* 3507 */
	0x70,	0x17,	/* 3508 */
	0xb7,	0x2d,	/* 3509 */
	0x70,	0x13,	/* 3510 */
	0x70,	0x1b,	/* 3511 */
	0x08,	0x00,	/* 3512 */
	0xf7,	0x27,	/* 3513 */
	0x19,	0x08,	/* 3514 */
	0x90,	0x00,	/* 3515 */
	0x1a,	0x08,	/* 3516 */
	0x91,	0x00,	/* 3517 */
	0x2a,	0x08,	/* 3518 */
	0x94,	0x00,	/* 3519 */
	0x2b,	0x08,	/* 3520 */
	0x95,	0x00,	/* 3521 */
	0x3b,	0x08,	/* 3522 */
	0x98,	0x00,	/* 3523 */
	0x3c,	0x08,	/* 3524 */
	0x99,	0x00,	/* 3525 */
	0x3d,	0x08,	/* 3526 */
	0x9a,	0x00,	/* 3527 */
	0x3e,	0x08,	/* 3528 */
	0x9b,	0x00,	/* 3529 */
	0x00,	0x00,	/* 3530 */
	0x73,	0x3b,	/* 3531 */
	0x00,	0x00,	/* 3532 */
	0xf7,	0x27,	/* 3533 */
	0x14,	0x08,	/* 3534 */
	0xbb,	0x00,	/* 3535 */
	0x15,	0x08,	/* 3536 */
	0xbc,	0x00,	/* 3537 */
	0x16,	0x08,	/* 3538 */
	0xbd,	0x00,	/* 3539 */
	0x17,	0x08,	/* 3540 */
	0xbe,	0x00,	/* 3541 */
	0xdc,	0x30,	/* 3542 */
	0x8d,	0x00,	/* 3543 */
	0xfa,	0x3b,	/* 3544 */
	0xf7,	0x27,	/* 3545 */
	0x16,	0x08,	/* 3546 */
	0x90,	0x00,	/* 3547 */
	0x17,	0x08,	/* 3548 */
	0x91,	0x00,	/* 3549 */
	0x77,	0x08,	/* 3550 */
	0x19,	0x3a,	/* 3551 */
	0x03,	0x1d,	/* 3552 */
	0x08,	0x00,	/* 3553 */
	0xe8,	0x30,	/* 3554 */
	0x8c,	0x00,	/* 3555 */
	0xf6,	0x3b,	/* 3556 */
	0x08,	0x00,	/* 3557 */
	0xf9,	0x00,	/* 3558 */
	0x5f,	0x30,	/* 3559 */
	0x9c,	0x00,	/* 3560 */
	0x00,	0x00,	/* 3561 */
	0xf7,	0x27,	/* 3562 */
	0x1d,	0x08,	/* 3563 */
	0xf8,	0x00,	/* 3564 */
	0x78,	0x0b,	/* 3565 */
	0x37,	0x2e,	/* 3566 */
	0x0c,	0x30,	/* 3567 */
	0x4b,	0x02,	/* 3568 */
	0x03,	0x1c,	/* 3569 */
	0x3b,	0x2e,	/* 3570 */
	0x12,	0x30,	/* 3571 */
	0x4b,	0x02,	/* 3572 */
	0x03,	0x18,	/* 3573 */
	0xbb,	0x2e,	/* 3574 */
	0x4b,	0x08,	/* 3575 */
	0x0c,	0x3a,	/* 3576 */
	0x03,	0x1d,	/* 3577 */
	0xff,	0x2d,	/* 3578 */
	0x79,	0x0b,	/* 3579 */
	0xfd,	0x2d,	/* 3580 */
	0x81,	0x30,	/* 3581 */
	0x19,	0x2e,	/* 3582 */
	0x4b,	0x08,	/* 3583 */
	0x0d,	0x3a,	/* 3584 */
	0x03,	0x1d,	/* 3585 */
	0x07,	0x2e,	/* 3586 */
	0x79,	0x0b,	/* 3587 */
	0x05,	0x2e,	/* 3588 */
	0x91,	0x30,	/* 3589 */
	0x19,	0x2e,	/* 3590 */
	0x4b,	0x08,	/* 3591 */
	0x0e,	0x3a,	/* 3592 */
	0x03,	0x1d,	/* 3593 */
	0x11,	0x2e,	/* 3594 */
	0x79,	0x0b,	/* 3595 */
	0x0f,	0x2e,	/* 3596 */
	0xa1,	0x30,	/* 3597 */
	0x31,	0x2e,	/* 3598 */
	0xa1,	0x30,	/* 3599 */
	0x19,	0x2e,	/* 3600 */
	0x4b,	0x08,	/* 3601 */
	0x0f,	0x3a,	/* 3602 */
	0x03,	0x1d,	/* 3603 */
	0x1e,	0x2e,	/* 3604 */
	0x79,	0x0b,	/* 3605 */
	0x18,	0x2e,	/* 3606 */
	0x8d,	0x2e,	/* 3607 */
	0xb1,	0x30,	/* 3608 */
	0xf6,	0x00,	/* 3609 */
	0x82,	0x30,	/* 3610 */
	0xf5,	0x00,	/* 3611 */
	0x66,	0x30,	/* 3612 */
	0xa2,	0x2e,	/* 3613 */
	0x4b,	0x08,	/* 3614 */
	0x10,	0x3a,	/* 3615 */
	0x03,	0x1d,	/* 3616 */
	0x28,	0x2e,	/* 3617 */
	0x79,	0x0b,	/* 3618 */
	0x26,	0x2e,	/* 3619 */
	0xc1,	0x30,	/* 3620 */
	0x8e,	0x2e,	/* 3621 */
	0xc1,	0x30,	/* 3622 */
	0x31,	0x2e,	/* 3623 */
	0x4b,	0x08,	/* 3624 */
	0x11,	0x3a,	/* 3625 */
	0x03,	0x1d,	/* 3626 */
	0xdd,	0x2e,	/* 3627 */
	0x79,	0x0b,	/* 3628 */
	0x30,	0x2e,	/* 3629 */
	0xd1,	0x30,	/* 3630 */
	0x8e,	0x2e,	/* 3631 */
	0xd1,	0x30,	/* 3632 */
	0xf6,	0x00,	/* 3633 */
	0x82,	0x30,	/* 3634 */
	0xf5,	0x00,	/* 3635 */
	0x66,	0x30,	/* 3636 */
	0xf4,	0x00,	/* 3637 */
	0xcd,	0x2e,	/* 3638 */
	0x0c,	0x30,	/* 3639 */
	0x4b,	0x02,	/* 3640 */
	0x03,	0x18,	/* 3641 */
	0x65,	0x2e,	/* 3642 */
	0x4b,	0x08,	/* 3643 */
	0x04,	0x3a,	/* 3644 */
	0x03,	0x19,	/* 3645 */
	0x5b,	0x2e,	/* 3646 */
	0x4b,	0x08,	/* 3647 */
	0x05,	0x3a,	/* 3648 */
	0x03,	0x19,	/* 3649 */
	0x5b,	0x2e,	/* 3650 */
	0x4b,	0x08,	/* 3651 */
	0x06,	0x3a,	/* 3652 */
	0x03,	0x19,	/* 3653 */
	0x5b,	0x2e,	/* 3654 */
	0x4b,	0x08,	/* 3655 */
	0x07,	0x3a,	/* 3656 */
	0x03,	0x19,	/* 3657 */
	0x5b,	0x2e,	/* 3658 */
	0x4b,	0x08,	/* 3659 */
	0x08,	0x3a,	/* 3660 */
	0x03,	0x19,	/* 3661 */
	0x5b,	0x2e,	/* 3662 */
	0x4b,	0x08,	/* 3663 */
	0x09,	0x3a,	/* 3664 */
	0x03,	0x19,	/* 3665 */
	0x5b,	0x2e,	/* 3666 */
	0x4b,	0x08,	/* 3667 */
	0x0a,	0x3a,	/* 3668 */
	0x03,	0x19,	/* 3669 */
	0x5b,	0x2e,	/* 3670 */
	0x4b,	0x08,	/* 3671 */
	0x0b,	0x3a,	/* 3672 */
	0x03,	0x1d,	/* 3673 */
	0xdd,	0x2e,	/* 3674 */
	0x79,	0x0b,	/* 3675 */
	0x5f,	0x2e,	/* 3676 */
	0x80,	0x30,	/* 3677 */
	0x8e,	0x2e,	/* 3678 */
	0x80,	0x30,	/* 3679 */
	0xf6,	0x00,	/* 3680 */
	0x82,	0x30,	/* 3681 */
	0xf5,	0x00,	/* 3682 */
	0x64,	0x30,	/* 3683 */
	0xb0,	0x2e,	/* 3684 */
	0x12,	0x30,	/* 3685 */
	0x4b,	0x02,	/* 3686 */
	0x03,	0x18,	/* 3687 */
	0xbb,	0x2e,	/* 3688 */
	0x4b,	0x08,	/* 3689 */
	0x0c,	0x3a,	/* 3690 */
	0x03,	0x1d,	/* 3691 */
	0x73,	0x2e,	/* 3692 */
	0x79,	0x0b,	/* 3693 */
	0x71,	0x2e,	/* 3694 */
	0x81,	0x30,	/* 3695 */
	0x8e,	0x2e,	/* 3696 */
	0x81,	0x30,	/* 3697 */
	0xb4,	0x2e,	/* 3698 */
	0x4b,	0x08,	/* 3699 */
	0x0d,	0x3a,	/* 3700 */
	0x03,	0x1d,	/* 3701 */
	0x7d,	0x2e,	/* 3702 */
	0x79,	0x0b,	/* 3703 */
	0x7b,	0x2e,	/* 3704 */
	0x91,	0x30,	/* 3705 */
	0x8e,	0x2e,	/* 3706 */
	0x91,	0x30,	/* 3707 */
	0x9e,	0x2e,	/* 3708 */
	0x4b,	0x08,	/* 3709 */
	0x0e,	0x3a,	/* 3710 */
	0x03,	0x1d,	/* 3711 */
	0x87,	0x2e,	/* 3712 */
	0x79,	0x0b,	/* 3713 */
	0x85,	0x2e,	/* 3714 */
	0xa1,	0x30,	/* 3715 */
	0x8e,	0x2e,	/* 3716 */
	0xa1,	0x30,	/* 3717 */
	0x9e,	0x2e,	/* 3718 */
	0x4b,	0x08,	/* 3719 */
	0x0f,	0x3a,	/* 3720 */
	0x03,	0x1d,	/* 3721 */
	0x95,	0x2e,	/* 3722 */
	0x79,	0x0b,	/* 3723 */
	0x93,	0x2e,	/* 3724 */
	0xb1,	0x30,	/* 3725 */
	0xf6,	0x00,	/* 3726 */
	0x82,	0x30,	/* 3727 */
	0xf5,	0x00,	/* 3728 */
	0x44,	0x30,	/* 3729 */
	0xb0,	0x2e,	/* 3730 */
	0xb1,	0x30,	/* 3731 */
	0x9e,	0x2e,	/* 3732 */
	0x4b,	0x08,	/* 3733 */
	0x10,	0x3a,	/* 3734 */
	0x03,	0x1d,	/* 3735 */
	0xa5,	0x2e,	/* 3736 */
	0x79,	0x0b,	/* 3737 */
	0x9d,	0x2e,	/* 3738 */
	0xc1,	0x30,	/* 3739 */
	0xac,	0x2e,	/* 3740 */
	0xc1,	0x30,	/* 3741 */
	0xf6,	0x00,	/* 3742 */
	0x82,	0x30,	/* 3743 */
	0xf5,	0x00,	/* 3744 */
	0x64,	0x30,	/* 3745 */
	0xf4,	0x00,	/* 3746 */
	0xa6,	0x30,	/* 3747 */
	0xcd,	0x2e,	/* 3748 */
	0x4b,	0x08,	/* 3749 */
	0x11,	0x3a,	/* 3750 */
	0x03,	0x1d,	/* 3751 */
	0xdd,	0x2e,	/* 3752 */
	0x79,	0x0b,	/* 3753 */
	0xb3,	0x2e,	/* 3754 */
	0xd1,	0x30,	/* 3755 */
	0xf6,	0x00,	/* 3756 */
	0x82,	0x30,	/* 3757 */
	0xf5,	0x00,	/* 3758 */
	0x33,	0x30,	/* 3759 */
	0xf4,	0x00,	/* 3760 */
	0x66,	0x30,	/* 3761 */
	0xcd,	0x2e,	/* 3762 */
	0xd1,	0x30,	/* 3763 */
	0xf6,	0x00,	/* 3764 */
	0x82,	0x30,	/* 3765 */
	0xf5,	0x00,	/* 3766 */
	0x74,	0x30,	/* 3767 */
	0xf4,	0x00,	/* 3768 */
	0xb6,	0x30,	/* 3769 */
	0xcd,	0x2e,	/* 3770 */
	0x18,	0x30,	/* 3771 */
	0x4b,	0x02,	/* 3772 */
	0x03,	0x18,	/* 3773 */
	0xc4,	0x2e,	/* 3774 */
	0x79,	0x0b,	/* 3775 */
	0xc1,	0x2e,	/* 3776 */
	0x82,	0x30,	/* 3777 */
	0xf6,	0x00,	/* 3778 */
	0xc9,	0x2e,	/* 3779 */
	0x79,	0x0b,	/* 3780 */
	0xc6,	0x2e,	/* 3781 */
	0x83,	0x30,	/* 3782 */
	0xf6,	0x00,	/* 3783 */
	0x82,	0x30,	/* 3784 */
	0xf5,	0x00,	/* 3785 */
	0x75,	0x30,	/* 3786 */
	0xf4,	0x00,	/* 3787 */
	0xd7,	0x30,	/* 3788 */
	0xf3,	0x00,	/* 3789 */
	0xef,	0x30,	/* 3790 */
	0x0a,	0x16,	/* 3791 */
	0x8a,	0x11,	/* 3792 */
	0x5a,	0x27,	/* 3793 */
	0x0a,	0x12,	/* 3794 */
	0x8a,	0x15,	/* 3795 */
	0x88,	0x30,	/* 3796 */
	0xf3,	0x00,	/* 3797 */
	0xf4,	0x30,	/* 3798 */
	0xf4,	0x01,	/* 3799 */
	0x0a,	0x12,	/* 3800 */
	0x8a,	0x11,	/* 3801 */
	0x45,	0x26,	/* 3802 */
	0x0a,	0x12,	/* 3803 */
	0x8a,	0x15,	/* 3804 */
	0x5f,	0x30,	/* 3805 */
	0xf7,	0x27,	/* 3806 */
	0x9c,	0x00,	/* 3807 */
	0x00,	0x00,	/* 3808 */
	0xf7,	0x27,	/* 3809 */
	0x1d,	0x08,	/* 3810 */
	0x08,	0x00,	/* 3811 */
	0x1b,	0x30,	/* 3812 */
	0x88,	0x00,	/* 3813 */
	0x8c,	0x01,	/* 3814 */
	0x20,	0x30,	/* 3815 */
	0x0c,	0x02,	/* 3816 */
	0x03,	0x18,	/* 3817 */
	0xf5,	0x2e,	/* 3818 */
	0xcd,	0x3b,	/* 3819 */
	0xf7,	0x27,	/* 3820 */
	0x88,	0x0a,	/* 3821 */
	0xdd,	0x3b,	/* 3822 */
	0x31,	0x3b,	/* 3823 */
	0xf5,	0x3b,	/* 3824 */
	0xf7,	0x27,	/* 3825 */
	0x88,	0x0a,	/* 3826 */
	0x8c,	0x0a,	/* 3827 */
	0xe7,	0x2e,	/* 3828 */
	0x9b,	0x30,	/* 3829 */
	0x88,	0x00,	/* 3830 */
	0x20,	0x30,	/* 3831 */
	0x8c,	0x00,	/* 3832 */
	0x40,	0x30,	/* 3833 */
	0x0c,	0x02,	/* 3834 */
	0x03,	0x18,	/* 3835 */
	0x07,	0x2f,	/* 3836 */
	0xcd,	0x3b,	/* 3837 */
	0xf7,	0x27,	/* 3838 */
	0x88,	0x0a,	/* 3839 */
	0xdd,	0x3b,	/* 3840 */
	0x31,	0x3b,	/* 3841 */
	0xf5,	0x3b,	/* 3842 */
	0xf7,	0x27,	/* 3843 */
	0x88,	0x0a,	/* 3844 */
	0x8c,	0x0a,	/* 3845 */
	0xf9,	0x2e,	/* 3846 */
	0x02,	0x30,	/* 3847 */
	0xf8,	0x00,	/* 3848 */
	0x10,	0x30,	/* 3849 */
	0xf5,	0x01,	/* 3850 */
	0xf5,	0x0a,	/* 3851 */
	0xf4,	0x00,	/* 3852 */
	0xf7,	0x01,	/* 3853 */
	0xf7,	0x0a,	/* 3854 */
	0xf6,	0x01,	/* 3855 */
	0x74,	0x08,	/* 3856 */
	0x76,	0x02,	/* 3857 */
	0x03,	0x18,	/* 3858 */
	0x36,	0x2f,	/* 3859 */
	0x76,	0x08,	/* 3860 */
	0xf3,	0x00,	/* 3861 */
	0x77,	0x0a,	/* 3862 */
	0x1a,	0x2f,	/* 3863 */
	0x03,	0x10,	/* 3864 */
	0xf3,	0x0d,	/* 3865 */
	0xff,	0x3e,	/* 3866 */
	0x03,	0x1d,	/* 3867 */
	0x18,	0x2f,	/* 3868 */
	0x73,	0x08,	/* 3869 */
	0x8c,	0x00,	/* 3870 */
	0x78,	0x18,	/* 3871 */
	0x8c,	0x16,	/* 3872 */
	0x75,	0x08,	/* 3873 */
	0xf9,	0x00,	/* 3874 */
	0xe0,	0x3b,	/* 3875 */
	0x75,	0x08,	/* 3876 */
	0xf7,	0x27,	/* 3877 */
	0x0c,	0x07,	/* 3878 */
	0x8d,	0x00,	/* 3879 */
	0xe4,	0x3b,	/* 3880 */
	0xb1,	0x3b,	/* 3881 */
	0x72,	0x3b,	/* 3882 */
	0xfa,	0x3b,	/* 3883 */
	0xf7,	0x27,	/* 3884 */
	0x0c,	0x08,	/* 3885 */
	0x8e,	0x00,	/* 3886 */
	0xfd,	0x3b,	/* 3887 */
	0xf7,	0x27,	/* 3888 */
	0x8c,	0x0a,	/* 3889 */
	0xf9,	0x0b,	/* 3890 */
	0x23,	0x2f,	/* 3891 */
	0xf6,	0x0a,	/* 3892 */
	0x10,	0x2f,	/* 3893 */
	0x06,	0x30,	/* 3894 */
	0x03,	0x10,	/* 3895 */
	0xf4,	0x0c,	/* 3896 */
	0x03,	0x10,	/* 3897 */
	0xf5,	0x0d,	/* 3898 */
	0xf7,	0x0a,	/* 3899 */
	0x77,	0x02,	/* 3900 */
	0x03,	0x1c,	/* 3901 */
	0x0f,	0x2f,	/* 3902 */
	0xf8,	0x0b,	/* 3903 */
	0x09,	0x2f,	/* 3904 */
	0xff,	0x30,	/* 3905 */
	0xda,	0x27,	/* 3906 */
	0x0a,	0x12,	/* 3907 */
	0x8a,	0x15,	/* 3908 */
	0xf7,	0x27,	/* 3909 */
	0x8c,	0x0a,	/* 3910 */
	0xe0,	0x3b,	/* 3911 */
	0xf7,	0x27,	/* 3912 */
	0x8d,	0x0a,	/* 3913 */
	0xe4,	0x3b,	/* 3914 */
	0xf7,	0x27,	/* 3915 */
	0x8e,	0x0a,	/* 3916 */
	0xe8,	0x3b,	/* 3917 */
	0xb3,	0x3b,	/* 3918 */
	0xff,	0x3b,	/* 3919 */
	0xf9,	0x0b,	/* 3920 */
	0x45,	0x2f,	/* 3921 */
	0x1f,	0x30,	/* 3922 */
	0xf7,	0x27,	/* 3923 */
	0xda,	0x27,	/* 3924 */
	0x0a,	0x12,	/* 3925 */
	0x8a,	0x15,	/* 3926 */
	0xf7,	0x27,	/* 3927 */
	0x8c,	0x0a,	/* 3928 */
	0xe0,	0x3b,	/* 3929 */
	0xf7,	0x27,	/* 3930 */
	0x8d,	0x0a,	/* 3931 */
	0xe4,	0x3b,	/* 3932 */
	0xf7,	0x27,	/* 3933 */
	0x8e,	0x0a,	/* 3934 */
	0xe8,	0x3b,	/* 3935 */
	0xb3,	0x3b,	/* 3936 */
	0xff,	0x3b,	/* 3937 */
	0xf9,	0x0b,	/* 3938 */
	0x57,	0x2f,	/* 3939 */
	0x08,	0x00,	/* 3940 */
	0x20,	0x30,	/* 3941 */
	0xf3,	0x00,	/* 3942 */
	0x40,	0x30,	/* 3943 */
	0x8c,	0x00,	/* 3944 */
	0xe0,	0x3b,	/* 3945 */
	0x3f,	0x30,	/* 3946 */
	0xf7,	0x27,	/* 3947 */
	0x8d,	0x00,	/* 3948 */
	0xf7,	0x27,	/* 3949 */
	0x8d,	0x0a,	/* 3950 */
	0xe6,	0x3b,	/* 3951 */
	0xb2,	0x3b,	/* 3952 */
	0x00,	0x00,	/* 3953 */
	0xf7,	0x27,	/* 3954 */
	0x9b,	0x1f,	/* 3955 */
	0x78,	0x2f,	/* 3956 */
	0x0d,	0x08,	/* 3957 */
	0x8c,	0x00,	/* 3958 */
	0xe0,	0x3b,	/* 3959 */
	0xf3,	0x0b,	/* 3960 */
	0x6d,	0x2f,	/* 3961 */
	0x1f,	0x30,	/* 3962 */
	0xf7,	0x27,	/* 3963 */
	0x8c,	0x05,	/* 3964 */
	0x0c,	0x08,	/* 3965 */
	0xc7,	0x00,	/* 3966 */
	0x3a,	0x30,	/* 3967 */
	0x9c,	0x00,	/* 3968 */
	0x0c,	0x08,	/* 3969 */
	0x9e,	0x00,	/* 3970 */
	0x3b,	0x30,	/* 3971 */
	0x9c,	0x00,	/* 3972 */
	0x01,	0x30,	/* 3973 */
	0x9e,	0x00,	/* 3974 */
	0x08,	0x00,	/* 3975 */
	0x26,	0x30,	/* 3976 */
	0x9c,	0x00,	/* 3977 */
	0x9e,	0x01,	/* 3978 */
	0x28,	0x30,	/* 3979 */
	0x9c,	0x00,	/* 3980 */
	0x9e,	0x01,	/* 3981 */
	0x2a,	0x30,	/* 3982 */
	0x9c,	0x00,	/* 3983 */
	0x9e,	0x01,	/* 3984 */
	0x2e,	0x30,	/* 3985 */
	0x9c,	0x00,	/* 3986 */
	0x9e,	0x01,	/* 3987 */
	0x28,	0x30,	/* 3988 */
	0x9c,	0x00,	/* 3989 */
	0x1e,	0x14,	/* 3990 */
	0xff,	0x30,	/* 3991 */
	0xf4,	0x00,	/* 3992 */
	0x10,	0x30,	/* 3993 */
	0xf5,	0x00,	/* 3994 */
	0x74,	0x08,	/* 3995 */
	0xf6,	0x00,	/* 3996 */
	0xf6,	0x0b,	/* 3997 */
	0x9d,	0x2f,	/* 3998 */
	0xf5,	0x0b,	/* 3999 */
	0x9b,	0x2f,	/* 4000 */
	0x07,	0x30,	/* 4001 */
	0x9c,	0x00,	/* 4002 */
	0x00,	0x00,	/* 4003 */
	0xf7,	0x27,	/* 4004 */
	0x1d,	0x08,	/* 4005 */
	0xf3,	0x00,	/* 4006 */
	0x73,	0x18,	/* 4007 */
	0xb0,	0x2f,	/* 4008 */
	0x24,	0x30,	/* 4009 */
	0x9c,	0x00,	/* 4010 */
	0x1e,	0x14,	/* 4011 */
	0x9e,	0x01,	/* 4012 */
	0x26,	0x30,	/* 4013 */
	0x9c,	0x00,	/* 4014 */
	0x1e,	0x14,	/* 4015 */
	0x10,	0x30,	/* 4016 */
	0xf5,	0x00,	/* 4017 */
	0x74,	0x08,	/* 4018 */
	0xf6,	0x00,	/* 4019 */
	0xf6,	0x0b,	/* 4020 */
	0xb4,	0x2f,	/* 4021 */
	0xf5,	0x0b,	/* 4022 */
	0xb2,	0x2f,	/* 4023 */
	0x2a,	0x30,	/* 4024 */
	0x9c,	0x00,	/* 4025 */
	0x1e,	0x14,	/* 4026 */
	0x2e,	0x30,	/* 4027 */
	0x9c,	0x00,	/* 4028 */
	0x1e,	0x14,	/* 4029 */
	0x08,	0x00,	/* 4030 */
	0x70,	0x12,	/* 4031 */
	0x83,	0x12,	/* 4032 */
	0x03,	0x13,	/* 4033 */
	0x1d,	0x18,	/* 4034 */
	0x70,	0x16,	/* 4035 */
	0x83,	0x12,	/* 4036 */
	0x03,	0x13,	/* 4037 */
	0x02,	0x34,	/* 4038 */
	0x38,	0x30,	/* 4039 */
	0x9c,	0x00,	/* 4040 */
	0x9e,	0x01,	/* 4041 */
	0x39,	0x30,	/* 4042 */
	0x9c,	0x00,	/* 4043 */
	0x9e,	0x01,	/* 4044 */
	0x32,	0x30,	/* 4045 */
	0x9c,	0x00,	/* 4046 */
	0x1e,	0x14,	/* 4047 */
	0x9e,	0x01,	/* 4048 */
	0x08,	0x00,	/* 4049 */
	0x03,	0x10,	/* 4050 */
	0xfc,	0x0c,	/* 4051 */
	0x03,	0x10,	/* 4052 */
	0xfc,	0x0c,	/* 4053 */
	0x7c,	0x08,	/* 4054 */
	0x01,	0x39,	/* 4055 */
	0xfd,	0x00,	/* 4056 */
	0x08,	0x00,	/* 4057 */
	0x8c,	0x00,	/* 4058 */
	0x8d,	0x00,	/* 4059 */
	0x3f,	0x30,	/* 4060 */
	0x8e,	0x00,	/* 4061 */
	0x20,	0x30,	/* 4062 */
	0xf9,	0x00,	/* 4063 */
	0x08,	0x00,	/* 4064 */
	0x83,	0x12,	/* 4065 */
	0x03,	0x13,	/* 4066 */
	0x1d,	0x08,	/* 4067 */
	0xd9,	0x00,	/* 4068 */
	0x60,	0x34,	/* 4069 */
	0xdc,	0x30,	/* 4070 */
	0xf3,	0x01,	/* 4071 */
	0xf4,	0x01,	/* 4072 */
	0xf5,	0x01,	/* 4073 */
	0xf6,	0x01,	/* 4074 */
	0x08,	0x00,	/* 4075 */
	0x83,	0x12,	/* 4076 */
	0x03,	0x13,	/* 4077 */
	0x1d,	0x08,	/* 4078 */
	0xd9,	0x00,	/* 4079 */
	0x04,	0x34,	/* 4080 */
	0xf8,	0x0a,	/* 4081 */
	0x78,	0x08,	/* 4082 */
	0x83,	0x12,	/* 4083 */
	0x03,	0x13,	/* 4084 */
	0x8c,	0x00,	/* 4085 */
	0x08,	0x00,	/* 4086 */
	0x83,	0x12,	/* 4087 */
	0x03,	0x13,	/* 4088 */
	0x08,	0x00,	/* 4089 */
	0x83,	0x12,	/* 4090 */
	0x03,	0x13,	/* 4091 */
	0x08,	0x00,	/* 4092 */
	0x83,	0x12,	/* 4093 */
	0x03,	0x13,	/* 4094 */
	0x08,	0x00,	/* 4095 */
	0x10,	0x30,	/* 4096 */
	0x8a,	0x00,	/* 4097 */
	0x04,	0x08,	/* 4098 */
	0x84,	0x0a,	/* 4099 */
	0x82,	0x07,	/* 4100 */
	0x00,	0x34,	/* 4101 */
	0x44,	0x34,	/* 4102 */
	0x54,	0x34,	/* 4103 */
	0x48,	0x34,	/* 4104 */
	0x3f,	0x34,	/* 4105 */
	0x3f,	0x34,	/* 4106 */
	0x3f,	0x34,	/* 4107 */
	0x0a,	0x34,	/* 4108 */
	0x00,	0x34,	/* 4109 */
	0x64,	0x34,	/* 4110 */
	0x76,	0x34,	/* 4111 */
	0x62,	0x34,	/* 4112 */
	0x73,	0x34,	/* 4113 */
	0x32,	0x34,	/* 4114 */
	0x0a,	0x34,	/* 4115 */
	0x00,	0x34,	/* 4116 */
	0x62,	0x34,	/* 4117 */
	0x73,	0x34,	/* 4118 */
	0x63,	0x34,	/* 4119 */
	0x61,	0x34,	/* 4120 */
	0x6e,	0x34,	/* 4121 */
	0x0a,	0x34,	/* 4122 */
	0x00,	0x34,	/* 4123 */
	0x72,	0x34,	/* 4124 */
	0x65,	0x34,	/* 4125 */
	0x74,	0x34,	/* 4126 */
	0x72,	0x34,	/* 4127 */
	0x79,	0x34,	/* 4128 */
	0x0a,	0x34,	/* 4129 */
	0x00,	0x34,	/* 4130 */
	0x64,	0x34,	/* 4131 */
	0x76,	0x34,	/* 4132 */
	0x62,	0x34,	/* 4133 */
	0x73,	0x34,	/* 4134 */
	0x0a,	0x34,	/* 4135 */
	0x00,	0x34,	/* 4136 */
	0x72,	0x34,	/* 4137 */
	0x32,	0x34,	/* 4138 */
	0x0a,	0x34,	/* 4139 */
	0x00,	0x34,	/* 4140 */
	0x68,	0x34,	/* 4141 */
	0x66,	0x34,	/* 4142 */
	0x0a,	0x34,	/* 4143 */
	0x00,	0x34,	/* 4144 */
	0x67,	0x34,	/* 4145 */
	0x6f,	0x34,	/* 4146 */
	0x0a,	0x34,	/* 4147 */
	0x00,	0x34,	/* 4148 */
	0x72,	0x34,	/* 4149 */
	0x73,	0x34,	/* 4150 */
	0x0a,	0x34,	/* 4151 */
	0x00,	0x34,	/* 4152 */
	0x25,	0x34,	/* 4153 */
	0x78,	0x34,	/* 4154 */
	0x0a,	0x34,	/* 4155 */
	0x00,	0x34,	/* 4156 */
	0x00,	0x00,	/* 4157 */
	0x00,	0x00,	/* 4158 */
	0x00,	0x00,	/* 4159 */
	0x00,	0x00,	/* 4160 */
	0x00,	0x00,	/* 4161 */
	0x00,	0x00,	/* 4162 */
	0x00,	0x00,	/* 4163 */
	0x00,	0x00,	/* 4164 */
	0x00,	0x00,	/* 4165 */
	0x00,	0x00,	/* 4166 */
	0x00,	0x00,	/* 4167 */
	0x00,	0x00,	/* 4168 */
	0x00,	0x00,	/* 4169 */
	0x00,	0x00,	/* 4170 */
	0x00,	0x00,	/* 4171 */
	0x00,	0x00,	/* 4172 */
	0x00,	0x00,	/* 4173 */
	0x00,	0x00,	/* 4174 */
	0x00,	0x00,	/* 4175 */
	0x00,	0x00,	/* 4176 */
	0x00,	0x00,	/* 4177 */
	0x00,	0x00,	/* 4178 */
	0x00,	0x00,	/* 4179 */
	0x00,	0x00,	/* 4180 */
	0x00,	0x00,	/* 4181 */
	0x00,	0x00,	/* 4182 */
	0x00,	0x00,	/* 4183 */
	0x00,	0x00,	/* 4184 */
	0x00,	0x00,	/* 4185 */
	0x00,	0x00,	/* 4186 */
	0x00,	0x00,	/* 4187 */
	0x00,	0x00,	/* 4188 */
	0x00,	0x00,	/* 4189 */
	0x00,	0x00,	/* 4190 */
	0x00,	0x00,	/* 4191 */
	0x00,	0x00,	/* 4192 */
	0x00,	0x00,	/* 4193 */
	0x00,	0x00,	/* 4194 */
	0x00,	0x00,	/* 4195 */
	0x00,	0x00,	/* 4196 */
	0x00,	0x00,	/* 4197 */
	0x00,	0x00,	/* 4198 */
	0x00,	0x00,	/* 4199 */
	0x00,	0x00,	/* 4200 */
	0x00,	0x00,	/* 4201 */
	0x00,	0x00,	/* 4202 */
	0x00,	0x00,	/* 4203 */
	0x00,	0x00,	/* 4204 */
	0x00,	0x00,	/* 4205 */
	0x00,	0x00,	/* 4206 */
	0x00,	0x00,	/* 4207 */
	0x00,	0x00,	/* 4208 */
	0x00,	0x00,	/* 4209 */
	0x00,	0x00,	/* 4210 */
	0x00,	0x00,	/* 4211 */
	0x00,	0x00,	/* 4212 */
	0x00,	0x00,	/* 4213 */
	0x00,	0x00,	/* 4214 */
	0x00,	0x00,	/* 4215 */
	0x00,	0x00,	/* 4216 */
	0x00,	0x00,	/* 4217 */
	0x00,	0x00,	/* 4218 */
	0x00,	0x00,	/* 4219 */
	0x00,	0x00,	/* 4220 */
	0x00,	0x00,	/* 4221 */
	0x00,	0x00,	/* 4222 */
	0x00,	0x00,	/* 4223 */
	0x00,	0x00,	/* 4224 */
	0x00,	0x00,	/* 4225 */
	0x00,	0x00,	/* 4226 */
	0x00,	0x00,	/* 4227 */
	0x00,	0x00,	/* 4228 */
	0x00,	0x00,	/* 4229 */
	0x00,	0x00,	/* 4230 */
	0x00,	0x00,	/* 4231 */
	0x00,	0x00,	/* 4232 */
	0x00,	0x00,	/* 4233 */
	0x00,	0x00,	/* 4234 */
	0x00,	0x00,	/* 4235 */
	0x00,	0x00,	/* 4236 */
	0x00,	0x00,	/* 4237 */
	0x00,	0x00,	/* 4238 */
	0x00,	0x00,	/* 4239 */
	0x00,	0x00,	/* 4240 */
	0x00,	0x00,	/* 4241 */
	0x00,	0x00,	/* 4242 */
	0x00,	0x00,	/* 4243 */
	0x00,	0x00,	/* 4244 */
	0x00,	0x00,	/* 4245 */
	0x00,	0x00,	/* 4246 */
	0x00,	0x00,	/* 4247 */
	0x00,	0x00,	/* 4248 */
	0x00,	0x00,	/* 4249 */
	0x00,	0x00,	/* 4250 */
	0x00,	0x00,	/* 4251 */
	0x00,	0x00,	/* 4252 */
	0x00,	0x00,	/* 4253 */
	0x00,	0x00,	/* 4254 */
	0x00,	0x00,	/* 4255 */
	0x00,	0x00,	/* 4256 */
	0x00,	0x00,	/* 4257 */
	0x00,	0x00,	/* 4258 */
	0x00,	0x00,	/* 4259 */
	0x00,	0x00,	/* 4260 */
	0x00,	0x00,	/* 4261 */
	0x00,	0x00,	/* 4262 */
	0x00,	0x00,	/* 4263 */
	0x00,	0x00,	/* 4264 */
	0x00,	0x00,	/* 4265 */
	0x00,	0x00,	/* 4266 */
	0x00,	0x00,	/* 4267 */
	0x00,	0x00,	/* 4268 */
	0x00,	0x00,	/* 4269 */
	0x00,	0x00,	/* 4270 */
	0x00,	0x00,	/* 4271 */
	0x00,	0x00,	/* 4272 */
	0x00,	0x00,	/* 4273 */
	0x00,	0x00,	/* 4274 */
	0x00,	0x00,	/* 4275 */
	0x00,	0x00,	/* 4276 */
	0x00,	0x00,	/* 4277 */
	0x00,	0x00,	/* 4278 */
	0x00,	0x00,	/* 4279 */
	0x00,	0x00,	/* 4280 */
	0x00,	0x00,	/* 4281 */
	0x00,	0x00,	/* 4282 */
	0x00,	0x00,	/* 4283 */
	0x00,	0x00,	/* 4284 */
	0x00,	0x00,	/* 4285 */
	0x00,	0x00,	/* 4286 */
	0x00,	0x00,	/* 4287 */
	0x00,	0x00,	/* 4288 */
	0x00,	0x00,	/* 4289 */
	0x00,	0x00,	/* 4290 */
	0x00,	0x00,	/* 4291 */
	0x00,	0x00,	/* 4292 */
	0x00,	0x00,	/* 4293 */
	0x00,	0x00,	/* 4294 */
	0x00,	0x00,	/* 4295 */
	0x00,	0x00,	/* 4296 */
	0x00,	0x00,	/* 4297 */
	0x00,	0x00,	/* 4298 */
	0x00,	0x00,	/* 4299 */
	0x00,	0x00,	/* 4300 */
	0x00,	0x00,	/* 4301 */
	0x00,	0x00,	/* 4302 */
	0x00,	0x00,	/* 4303 */
	0x00,	0x00,	/* 4304 */
	0x00,	0x00,	/* 4305 */
	0x00,	0x00,	/* 4306 */
	0x00,	0x00,	/* 4307 */
	0x00,	0x00,	/* 4308 */
	0x00,	0x00,	/* 4309 */
	0x00,	0x00,	/* 4310 */
	0x00,	0x00,	/* 4311 */
	0x00,	0x00,	/* 4312 */
	0x00,	0x00,	/* 4313 */
	0x00,	0x00,	/* 4314 */
	0x00,	0x00,	/* 4315 */
	0x00,	0x00,	/* 4316 */
	0x00,	0x00,	/* 4317 */
	0x00,	0x00,	/* 4318 */
	0x00,	0x00,	/* 4319 */
	0x00,	0x00,	/* 4320 */
	0x00,	0x00,	/* 4321 */
	0x00,	0x00,	/* 4322 */
	0x00,	0x00,	/* 4323 */
	0x00,	0x00,	/* 4324 */
	0x00,	0x00,	/* 4325 */
	0x00,	0x00,	/* 4326 */
	0x00,	0x00,	/* 4327 */
	0x00,	0x00,	/* 4328 */
	0x00,	0x00,	/* 4329 */
	0x00,	0x00,	/* 4330 */
	0x00,	0x00,	/* 4331 */
	0x00,	0x00,	/* 4332 */
	0x00,	0x00,	/* 4333 */
	0x00,	0x00,	/* 4334 */
	0x00,	0x00,	/* 4335 */
	0x00,	0x00,	/* 4336 */
	0x00,	0x00,	/* 4337 */
	0x00,	0x00,	/* 4338 */
	0x00,	0x00,	/* 4339 */
	0x00,	0x00,	/* 4340 */
	0x00,	0x00,	/* 4341 */
	0x00,	0x00,	/* 4342 */
	0x00,	0x00,	/* 4343 */
	0x00,	0x00,	/* 4344 */
	0x00,	0x00,	/* 4345 */
	0x00,	0x00,	/* 4346 */
	0x00,	0x00,	/* 4347 */
	0x00,	0x00,	/* 4348 */
	0x00,	0x00,	/* 4349 */
	0x00,	0x00,	/* 4350 */
	0x00,	0x00,	/* 4351 */
	0x00,	0x00,	/* 4352 */
	0x00,	0x00,	/* 4353 */
	0x00,	0x00,	/* 4354 */
	0x00,	0x00,	/* 4355 */
	0x00,	0x00,	/* 4356 */
	0x00,	0x00,	/* 4357 */
	0x00,	0x00,	/* 4358 */
	0x00,	0x00,	/* 4359 */
	0x00,	0x00,	/* 4360 */
	0x00,	0x00,	/* 4361 */
	0x00,	0x00,	/* 4362 */
	0x00,	0x00,	/* 4363 */
	0x00,	0x00,	/* 4364 */
	0x00,	0x00,	/* 4365 */
	0x00,	0x00,	/* 4366 */
	0x00,	0x00,	/* 4367 */
	0x00,	0x00,	/* 4368 */
	0x00,	0x00,	/* 4369 */
	0x00,	0x00,	/* 4370 */
	0x00,	0x00,	/* 4371 */
	0x00,	0x00,	/* 4372 */
	0x00,	0x00,	/* 4373 */
	0x00,	0x00,	/* 4374 */
	0x00,	0x00,	/* 4375 */
	0x00,	0x00,	/* 4376 */
	0x00,	0x00,	/* 4377 */
	0x00,	0x00,	/* 4378 */
	0x00,	0x00,	/* 4379 */
	0x00,	0x00,	/* 4380 */
	0x00,	0x00,	/* 4381 */
	0x00,	0x00,	/* 4382 */
	0x00,	0x00,	/* 4383 */
	0x00,	0x00,	/* 4384 */
	0x00,	0x00,	/* 4385 */
	0x00,	0x00,	/* 4386 */
	0x00,	0x00,	/* 4387 */
	0x00,	0x00,	/* 4388 */
	0x00,	0x00,	/* 4389 */
	0x00,	0x00,	/* 4390 */
	0x00,	0x00,	/* 4391 */
	0x00,	0x00,	/* 4392 */
	0x00,	0x00,	/* 4393 */
	0x00,	0x00,	/* 4394 */
	0x00,	0x00,	/* 4395 */
	0x00,	0x00,	/* 4396 */
	0x00,	0x00,	/* 4397 */
	0x00,	0x00,	/* 4398 */
	0x00,	0x00,	/* 4399 */
	0x00,	0x00,	/* 4400 */
	0x00,	0x00,	/* 4401 */
	0x00,	0x00,	/* 4402 */
	0x00,	0x00,	/* 4403 */
	0x00,	0x00,	/* 4404 */
	0x00,	0x00,	/* 4405 */
	0x00,	0x00,	/* 4406 */
	0x00,	0x00,	/* 4407 */
	0x00,	0x00,	/* 4408 */
	0x00,	0x00,	/* 4409 */
	0x00,	0x00,	/* 4410 */
	0x00,	0x00,	/* 4411 */
	0x00,	0x00,	/* 4412 */
	0x00,	0x00,	/* 4413 */
	0x00,	0x00,	/* 4414 */
	0x00,	0x00,	/* 4415 */
	0x00,	0x00,	/* 4416 */
	0x00,	0x00,	/* 4417 */
	0x00,	0x00,	/* 4418 */
	0x00,	0x00,	/* 4419 */
	0x00,	0x00,	/* 4420 */
	0x00,	0x00,	/* 4421 */
	0x00,	0x00,	/* 4422 */
	0x00,	0x00,	/* 4423 */
	0x00,	0x00,	/* 4424 */
	0x00,	0x00,	/* 4425 */
	0x00,	0x00,	/* 4426 */
	0x00,	0x00,	/* 4427 */
	0x00,	0x00,	/* 4428 */
	0x00,	0x00,	/* 4429 */
	0x00,	0x00,	/* 4430 */
	0x00,	0x00,	/* 4431 */
	0x00,	0x00,	/* 4432 */
	0x00,	0x00,	/* 4433 */
	0x00,	0x00,	/* 4434 */
	0x00,	0x00,	/* 4435 */
	0x00,	0x00,	/* 4436 */
	0x00,	0x00,	/* 4437 */
	0x00,	0x00,	/* 4438 */
	0x00,	0x00,	/* 4439 */
	0x00,	0x00,	/* 4440 */
	0x00,	0x00,	/* 4441 */
	0x00,	0x00,	/* 4442 */
	0x00,	0x00,	/* 4443 */
	0x00,	0x00,	/* 4444 */
	0x00,	0x00,	/* 4445 */
	0x00,	0x00,	/* 4446 */
	0x00,	0x00,	/* 4447 */
	0x00,	0x00,	/* 4448 */
	0x00,	0x00,	/* 4449 */
	0x00,	0x00,	/* 4450 */
	0x00,	0x00,	/* 4451 */
	0x00,	0x00,	/* 4452 */
	0x00,	0x00,	/* 4453 */
	0x00,	0x00,	/* 4454 */
	0x00,	0x00,	/* 4455 */
	0x00,	0x00,	/* 4456 */
	0x00,	0x00,	/* 4457 */
	0x00,	0x00,	/* 4458 */
	0x00,	0x00,	/* 4459 */
	0x00,	0x00,	/* 4460 */
	0x00,	0x00,	/* 4461 */
	0x00,	0x00,	/* 4462 */
	0x00,	0x00,	/* 4463 */
	0x00,	0x00,	/* 4464 */
	0x00,	0x00,	/* 4465 */
	0x00,	0x00,	/* 4466 */
	0x00,	0x00,	/* 4467 */
	0x00,	0x00,	/* 4468 */
	0x00,	0x00,	/* 4469 */
	0x00,	0x00,	/* 4470 */
	0x00,	0x00,	/* 4471 */
	0x00,	0x00,	/* 4472 */
	0x00,	0x00,	/* 4473 */
	0x00,	0x00,	/* 4474 */
	0x00,	0x00,	/* 4475 */
	0x00,	0x00,	/* 4476 */
	0x00,	0x00,	/* 4477 */
	0x00,	0x00,	/* 4478 */
	0x00,	0x00,	/* 4479 */
	0x00,	0x00,	/* 4480 */
	0x00,	0x00,	/* 4481 */
	0x00,	0x00,	/* 4482 */
	0x00,	0x00,	/* 4483 */
	0x00,	0x00,	/* 4484 */
	0x00,	0x00,	/* 4485 */
	0x00,	0x00,	/* 4486 */
	0x00,	0x00,	/* 4487 */
	0x00,	0x00,	/* 4488 */
	0x00,	0x00,	/* 4489 */
	0x00,	0x00,	/* 4490 */
	0x00,	0x00,	/* 4491 */
	0x00,	0x00,	/* 4492 */
	0x00,	0x00,	/* 4493 */
	0x00,	0x00,	/* 4494 */
	0x00,	0x00,	/* 4495 */
	0x00,	0x00,	/* 4496 */
	0x00,	0x00,	/* 4497 */
	0x00,	0x00,	/* 4498 */
	0x00,	0x00,	/* 4499 */
	0x00,	0x00,	/* 4500 */
	0x00,	0x00,	/* 4501 */
	0x00,	0x00,	/* 4502 */
	0x00,	0x00,	/* 4503 */
	0x00,	0x00,	/* 4504 */
	0x00,	0x00,	/* 4505 */
	0x00,	0x00,	/* 4506 */
	0x00,	0x00,	/* 4507 */
	0x00,	0x00,	/* 4508 */
	0x00,	0x00,	/* 4509 */
	0x00,	0x00,	/* 4510 */
	0x00,	0x00,	/* 4511 */
	0x00,	0x00,	/* 4512 */
	0x00,	0x00,	/* 4513 */
	0x00,	0x00,	/* 4514 */
	0x00,	0x00,	/* 4515 */
	0x00,	0x00,	/* 4516 */
	0x00,	0x00,	/* 4517 */
	0x00,	0x00,	/* 4518 */
	0x00,	0x00,	/* 4519 */
	0x00,	0x00,	/* 4520 */
	0x00,	0x00,	/* 4521 */
	0x00,	0x00,	/* 4522 */
	0x00,	0x00,	/* 4523 */
	0x00,	0x00,	/* 4524 */
	0x00,	0x00,	/* 4525 */
	0x00,	0x00,	/* 4526 */
	0x00,	0x00,	/* 4527 */
	0x00,	0x00,	/* 4528 */
	0x00,	0x00,	/* 4529 */
	0x00,	0x00,	/* 4530 */
	0x00,	0x00,	/* 4531 */
	0x00,	0x00,	/* 4532 */
	0x00,	0x00,	/* 4533 */
	0x00,	0x00,	/* 4534 */
	0x00,	0x00,	/* 4535 */
	0x00,	0x00,	/* 4536 */
	0x00,	0x00,	/* 4537 */
	0x00,	0x00,	/* 4538 */
	0x00,	0x00,	/* 4539 */
	0x00,	0x00,	/* 4540 */
	0x00,	0x00,	/* 4541 */
	0x00,	0x00,	/* 4542 */
	0x00,	0x00,	/* 4543 */
	0x00,	0x00,	/* 4544 */
	0x00,	0x00,	/* 4545 */
	0x00,	0x00,	/* 4546 */
	0x00,	0x00,	/* 4547 */
	0x00,	0x00,	/* 4548 */
	0x00,	0x00,	/* 4549 */
	0x00,	0x00,	/* 4550 */
	0x00,	0x00,	/* 4551 */
	0x00,	0x00,	/* 4552 */
	0x00,	0x00,	/* 4553 */
	0x00,	0x00,	/* 4554 */
	0x00,	0x00,	/* 4555 */
	0x00,	0x00,	/* 4556 */
	0x00,	0x00,	/* 4557 */
	0x00,	0x00,	/* 4558 */
	0x00,	0x00,	/* 4559 */
	0x00,	0x00,	/* 4560 */
	0x00,	0x00,	/* 4561 */
	0x00,	0x00,	/* 4562 */
	0x00,	0x00,	/* 4563 */
	0x00,	0x00,	/* 4564 */
	0x00,	0x00,	/* 4565 */
	0x00,	0x00,	/* 4566 */
	0x00,	0x00,	/* 4567 */
	0x00,	0x00,	/* 4568 */
	0x00,	0x00,	/* 4569 */
	0x00,	0x00,	/* 4570 */
	0x00,	0x00,	/* 4571 */
	0x00,	0x00,	/* 4572 */
	0x00,	0x00,	/* 4573 */
	0x00,	0x00,	/* 4574 */
	0x00,	0x00,	/* 4575 */
	0x00,	0x00,	/* 4576 */
	0x00,	0x00,	/* 4577 */
	0x00,	0x00,	/* 4578 */
	0x00,	0x00,	/* 4579 */
	0x00,	0x00,	/* 4580 */
	0x00,	0x00,	/* 4581 */
	0x00,	0x00,	/* 4582 */
	0x00,	0x00,	/* 4583 */
	0x00,	0x00,	/* 4584 */
	0x00,	0x00,	/* 4585 */
	0x00,	0x00,	/* 4586 */
	0x00,	0x00,	/* 4587 */
	0x00,	0x00,	/* 4588 */
	0x00,	0x00,	/* 4589 */
	0x00,	0x00,	/* 4590 */
	0x00,	0x00,	/* 4591 */
	0x00,	0x00,	/* 4592 */
	0x00,	0x00,	/* 4593 */
	0x00,	0x00,	/* 4594 */
	0x00,	0x00,	/* 4595 */
	0x00,	0x00,	/* 4596 */
	0x00,	0x00,	/* 4597 */
	0x00,	0x00,	/* 4598 */
	0x00,	0x00,	/* 4599 */
	0x00,	0x00,	/* 4600 */
	0x00,	0x00,	/* 4601 */
	0x00,	0x00,	/* 4602 */
	0x00,	0x00,	/* 4603 */
	0x00,	0x00,	/* 4604 */
	0x00,	0x00,	/* 4605 */
	0x00,	0x00,	/* 4606 */
	0x00,	0x00,	/* 4607 */
	0x00,	0x00,	/* 4608 */
	0x00,	0x00,	/* 4609 */
	0x00,	0x00,	/* 4610 */
	0x00,	0x00,	/* 4611 */
	0x00,	0x00,	/* 4612 */
	0x00,	0x00,	/* 4613 */
	0x00,	0x00,	/* 4614 */
	0x00,	0x00,	/* 4615 */
	0x00,	0x00,	/* 4616 */
	0x00,	0x00,	/* 4617 */
	0x00,	0x00,	/* 4618 */
	0x00,	0x00,	/* 4619 */
	0x00,	0x00,	/* 4620 */
	0x00,	0x00,	/* 4621 */
	0x00,	0x00,	/* 4622 */
	0x00,	0x00,	/* 4623 */
	0x00,	0x00,	/* 4624 */
	0x00,	0x00,	/* 4625 */
	0x00,	0x00,	/* 4626 */
	0x00,	0x00,	/* 4627 */
	0x00,	0x00,	/* 4628 */
	0x00,	0x00,	/* 4629 */
	0x00,	0x00,	/* 4630 */
	0x00,	0x00,	/* 4631 */
	0x00,	0x00,	/* 4632 */
	0x00,	0x00,	/* 4633 */
	0x00,	0x00,	/* 4634 */
	0x00,	0x00,	/* 4635 */
	0x00,	0x00,	/* 4636 */
	0x00,	0x00,	/* 4637 */
	0x00,	0x00,	/* 4638 */
	0x00,	0x00,	/* 4639 */
	0x00,	0x00,	/* 4640 */
	0x00,	0x00,	/* 4641 */
	0x00,	0x00,	/* 4642 */
	0x00,	0x00,	/* 4643 */
	0x00,	0x00,	/* 4644 */
	0x00,	0x00,	/* 4645 */
	0x00,	0x00,	/* 4646 */
	0x00,	0x00,	/* 4647 */
	0x00,	0x00,	/* 4648 */
	0x00,	0x00,	/* 4649 */
	0x00,	0x00,	/* 4650 */
	0x00,	0x00,	/* 4651 */
	0x00,	0x00,	/* 4652 */
	0x00,	0x00,	/* 4653 */
	0x00,	0x00,	/* 4654 */
	0x00,	0x00,	/* 4655 */
	0x00,	0x00,	/* 4656 */
	0x00,	0x00,	/* 4657 */
	0x00,	0x00,	/* 4658 */
	0x00,	0x00,	/* 4659 */
	0x00,	0x00,	/* 4660 */
	0x00,	0x00,	/* 4661 */
	0x00,	0x00,	/* 4662 */
	0x00,	0x00,	/* 4663 */
	0x00,	0x00,	/* 4664 */
	0x00,	0x00,	/* 4665 */
	0x00,	0x00,	/* 4666 */
	0x00,	0x00,	/* 4667 */
	0x00,	0x00,	/* 4668 */
	0x00,	0x00,	/* 4669 */
	0x00,	0x00,	/* 4670 */
	0x00,	0x00,	/* 4671 */
	0x00,	0x00,	/* 4672 */
	0x00,	0x00,	/* 4673 */
	0x00,	0x00,	/* 4674 */
	0x00,	0x00,	/* 4675 */
	0x00,	0x00,	/* 4676 */
	0x00,	0x00,	/* 4677 */
	0x00,	0x00,	/* 4678 */
	0x00,	0x00,	/* 4679 */
	0x00,	0x00,	/* 4680 */
	0x00,	0x00,	/* 4681 */
	0x00,	0x00,	/* 4682 */
	0x00,	0x00,	/* 4683 */
	0x00,	0x00,	/* 4684 */
	0x00,	0x00,	/* 4685 */
	0x00,	0x00,	/* 4686 */
	0x00,	0x00,	/* 4687 */
	0x00,	0x00,	/* 4688 */
	0x00,	0x00,	/* 4689 */
	0x00,	0x00,	/* 4690 */
	0x00,	0x00,	/* 4691 */
	0x00,	0x00,	/* 4692 */
	0x00,	0x00,	/* 4693 */
	0x00,	0x00,	/* 4694 */
	0x00,	0x00,	/* 4695 */
	0x00,	0x00,	/* 4696 */
	0x00,	0x00,	/* 4697 */
	0x00,	0x00,	/* 4698 */
	0x00,	0x00,	/* 4699 */
	0x00,	0x00,	/* 4700 */
	0x00,	0x00,	/* 4701 */
	0x00,	0x00,	/* 4702 */
	0x00,	0x00,	/* 4703 */
	0x00,	0x00,	/* 4704 */
	0x00,	0x00,	/* 4705 */
	0x00,	0x00,	/* 4706 */
	0x00,	0x00,	/* 4707 */
	0x00,	0x00,	/* 4708 */
	0x00,	0x00,	/* 4709 */
	0x00,	0x00,	/* 4710 */
	0x00,	0x00,	/* 4711 */
	0x00,	0x00,	/* 4712 */
	0x00,	0x00,	/* 4713 */
	0x00,	0x00,	/* 4714 */
	0x00,	0x00,	/* 4715 */
	0x00,	0x00,	/* 4716 */
	0x00,	0x00,	/* 4717 */
	0x00,	0x00,	/* 4718 */
	0x00,	0x00,	/* 4719 */
	0x00,	0x00,	/* 4720 */
	0x00,	0x00,	/* 4721 */
	0x00,	0x00,	/* 4722 */
	0x00,	0x00,	/* 4723 */
	0x00,	0x00,	/* 4724 */
	0x00,	0x00,	/* 4725 */
	0x00,	0x00,	/* 4726 */
	0x00,	0x00,	/* 4727 */
	0x00,	0x00,	/* 4728 */
	0x00,	0x00,	/* 4729 */
	0x00,	0x00,	/* 4730 */
	0x00,	0x00,	/* 4731 */
	0x00,	0x00,	/* 4732 */
	0x00,	0x00,	/* 4733 */
	0x00,	0x00,	/* 4734 */
	0x00,	0x00,	/* 4735 */
	0x00,	0x00,	/* 4736 */
	0x00,	0x00,	/* 4737 */
	0x00,	0x00,	/* 4738 */
	0x00,	0x00,	/* 4739 */
	0x00,	0x00,	/* 4740 */
	0x00,	0x00,	/* 4741 */
	0x00,	0x00,	/* 4742 */
	0x00,	0x00,	/* 4743 */
	0x00,	0x00,	/* 4744 */
	0x00,	0x00,	/* 4745 */
	0x00,	0x00,	/* 4746 */
	0x00,	0x00,	/* 4747 */
	0x00,	0x00,	/* 4748 */
	0x00,	0x00,	/* 4749 */
	0x00,	0x00,	/* 4750 */
	0x00,	0x00,	/* 4751 */
	0x00,	0x00,	/* 4752 */
	0x00,	0x00,	/* 4753 */
	0x00,	0x00,	/* 4754 */
	0x00,	0x00,	/* 4755 */
	0x00,	0x00,	/* 4756 */
	0x00,	0x00,	/* 4757 */
	0x00,	0x00,	/* 4758 */
	0x00,	0x00,	/* 4759 */
	0x00,	0x00,	/* 4760 */
	0x00,	0x00,	/* 4761 */
	0x00,	0x00,	/* 4762 */
	0x00,	0x00,	/* 4763 */
	0x00,	0x00,	/* 4764 */
	0x00,	0x00,	/* 4765 */
	0x00,	0x00,	/* 4766 */
	0x00,	0x00,	/* 4767 */
	0x00,	0x00,	/* 4768 */
	0x00,	0x00,	/* 4769 */
	0x00,	0x00,	/* 4770 */
	0x00,	0x00,	/* 4771 */
	0x00,	0x00,	/* 4772 */
	0x00,	0x00,	/* 4773 */
	0x00,	0x00,	/* 4774 */
	0x00,	0x00,	/* 4775 */
	0x00,	0x00,	/* 4776 */
	0x00,	0x00,	/* 4777 */
	0x00,	0x00,	/* 4778 */
	0x00,	0x00,	/* 4779 */
	0x00,	0x00,	/* 4780 */
	0x00,	0x00,	/* 4781 */
	0x00,	0x00,	/* 4782 */
	0x00,	0x00,	/* 4783 */
	0x00,	0x00,	/* 4784 */
	0x00,	0x00,	/* 4785 */
	0x00,	0x00,	/* 4786 */
	0x00,	0x00,	/* 4787 */
	0x00,	0x00,	/* 4788 */
	0x00,	0x00,	/* 4789 */
	0x00,	0x00,	/* 4790 */
	0x00,	0x00,	/* 4791 */
	0x00,	0x00,	/* 4792 */
	0x00,	0x00,	/* 4793 */
	0x00,	0x00,	/* 4794 */
	0x00,	0x00,	/* 4795 */
	0x00,	0x00,	/* 4796 */
	0x00,	0x00,	/* 4797 */
	0x00,	0x00,	/* 4798 */
	0x00,	0x00,	/* 4799 */
	0x00,	0x00,	/* 4800 */
	0x00,	0x00,	/* 4801 */
	0x00,	0x00,	/* 4802 */
	0x00,	0x00,	/* 4803 */
	0x00,	0x00,	/* 4804 */
	0x00,	0x00,	/* 4805 */
	0x00,	0x00,	/* 4806 */
	0x00,	0x00,	/* 4807 */
	0x00,	0x00,	/* 4808 */
	0x00,	0x00,	/* 4809 */
	0x00,	0x00,	/* 4810 */
	0x00,	0x00,	/* 4811 */
	0x00,	0x00,	/* 4812 */
	0x00,	0x00,	/* 4813 */
	0x00,	0x00,	/* 4814 */
	0x00,	0x00,	/* 4815 */
	0x00,	0x00,	/* 4816 */
	0x00,	0x00,	/* 4817 */
	0x00,	0x00,	/* 4818 */
	0x00,	0x00,	/* 4819 */
	0x00,	0x00,	/* 4820 */
	0x00,	0x00,	/* 4821 */
	0x00,	0x00,	/* 4822 */
	0x00,	0x00,	/* 4823 */
	0x00,	0x00,	/* 4824 */
	0x00,	0x00,	/* 4825 */
	0x00,	0x00,	/* 4826 */
	0x00,	0x00,	/* 4827 */
	0x00,	0x00,	/* 4828 */
	0x00,	0x00,	/* 4829 */
	0x00,	0x00,	/* 4830 */
	0x00,	0x00,	/* 4831 */
	0x00,	0x00,	/* 4832 */
	0x00,	0x00,	/* 4833 */
	0x00,	0x00,	/* 4834 */
	0x00,	0x00,	/* 4835 */
	0x00,	0x00,	/* 4836 */
	0x00,	0x00,	/* 4837 */
	0x00,	0x00,	/* 4838 */
	0x00,	0x00,	/* 4839 */
	0x00,	0x00,	/* 4840 */
	0x00,	0x00,	/* 4841 */
	0x00,	0x00,	/* 4842 */
	0x00,	0x00,	/* 4843 */
	0x00,	0x00,	/* 4844 */
	0x00,	0x00,	/* 4845 */
	0x00,	0x00,	/* 4846 */
	0x00,	0x00,	/* 4847 */
	0x00,	0x00,	/* 4848 */
	0x00,	0x00,	/* 4849 */
	0x00,	0x00,	/* 4850 */
	0x00,	0x00,	/* 4851 */
	0x00,	0x00,	/* 4852 */
	0x00,	0x00,	/* 4853 */
	0x00,	0x00,	/* 4854 */
	0x00,	0x00,	/* 4855 */
	0x00,	0x00,	/* 4856 */
	0x00,	0x00,	/* 4857 */
	0x00,	0x00,	/* 4858 */
	0x00,	0x00,	/* 4859 */
	0x00,	0x00,	/* 4860 */
	0x00,	0x00,	/* 4861 */
	0x00,	0x00,	/* 4862 */
	0x00,	0x00,	/* 4863 */
	0x00,	0x00,	/* 4864 */
	0x00,	0x00,	/* 4865 */
	0x00,	0x00,	/* 4866 */
	0x00,	0x00,	/* 4867 */
	0x00,	0x00,	/* 4868 */
	0x00,	0x00,	/* 4869 */
	0x00,	0x00,	/* 4870 */
	0x00,	0x00,	/* 4871 */
	0x00,	0x00,	/* 4872 */
	0x00,	0x00,	/* 4873 */
	0x00,	0x00,	/* 4874 */
	0x00,	0x00,	/* 4875 */
	0x00,	0x00,	/* 4876 */
	0x00,	0x00,	/* 4877 */
	0x00,	0x00,	/* 4878 */
	0x00,	0x00,	/* 4879 */
	0x00,	0x00,	/* 4880 */
	0x00,	0x00,	/* 4881 */
	0x00,	0x00,	/* 4882 */
	0x00,	0x00,	/* 4883 */
	0x00,	0x00,	/* 4884 */
	0x00,	0x00,	/* 4885 */
	0x00,	0x00,	/* 4886 */
	0x00,	0x00,	/* 4887 */
	0x00,	0x00,	/* 4888 */
	0x00,	0x00,	/* 4889 */
	0x00,	0x00,	/* 4890 */
	0x00,	0x00,	/* 4891 */
	0x00,	0x00,	/* 4892 */
	0x00,	0x00,	/* 4893 */
	0x00,	0x00,	/* 4894 */
	0x00,	0x00,	/* 4895 */
	0x00,	0x00,	/* 4896 */
	0x00,	0x00,	/* 4897 */
	0x00,	0x00,	/* 4898 */
	0x00,	0x00,	/* 4899 */
	0x00,	0x00,	/* 4900 */
	0x00,	0x00,	/* 4901 */
	0x00,	0x00,	/* 4902 */
	0x00,	0x00,	/* 4903 */
	0x00,	0x00,	/* 4904 */
	0x00,	0x00,	/* 4905 */
	0x00,	0x00,	/* 4906 */
	0x00,	0x00,	/* 4907 */
	0x00,	0x00,	/* 4908 */
	0x00,	0x00,	/* 4909 */
	0x00,	0x00,	/* 4910 */
	0x00,	0x00,	/* 4911 */
	0x00,	0x00,	/* 4912 */
	0x00,	0x00,	/* 4913 */
	0x00,	0x00,	/* 4914 */
	0x00,	0x00,	/* 4915 */
	0x00,	0x00,	/* 4916 */
	0x00,	0x00,	/* 4917 */
	0x00,	0x00,	/* 4918 */
	0x00,	0x00,	/* 4919 */
	0x00,	0x00,	/* 4920 */
	0x00,	0x00,	/* 4921 */
	0x00,	0x00,	/* 4922 */
	0x00,	0x00,	/* 4923 */
	0x00,	0x00,	/* 4924 */
	0x00,	0x00,	/* 4925 */
	0x1a,	0x30,	/* 4926 */
	0xba,	0x01,	/* 4927 */
	0xc8,	0x00,	/* 4928 */
	0x72,	0x10,	/* 4929 */
	0x72,	0x18,	/* 4930 */
	0x08,	0x00,	/* 4931 */
	0x5f,	0x1c,	/* 4932 */
	0x69,	0x2b,	/* 4933 */
	0x48,	0x08,	/* 4934 */
	0x44,	0x04,	/* 4935 */
	0xc9,	0x00,	/* 4936 */
	0x4a,	0x06,	/* 4937 */
	0x03,	0x19,	/* 4938 */
	0x59,	0x2b,	/* 4939 */
	0x47,	0x30,	/* 4940 */
	0x9c,	0x00,	/* 4941 */
	0x49,	0x08,	/* 4942 */
	0x9e,	0x00,	/* 4943 */
	0x49,	0x08,	/* 4944 */
	0xf4,	0x00,	/* 4945 */
	0x34,	0x30,	/* 4946 */
	0xf5,	0x01,	/* 4947 */
	0xee,	0x26,	/* 4948 */
	0x0a,	0x16,	/* 4949 */
	0x8a,	0x11,	/* 4950 */
	0x49,	0x08,	/* 4951 */
	0xca,	0x00,	/* 4952 */
	0x71,	0x1e,	/* 4953 */
	0x69,	0x2b,	/* 4954 */
	0x4e,	0x30,	/* 4955 */
	0x9c,	0x00,	/* 4956 */
	0x1e,	0x14,	/* 4957 */
	0x9e,	0x01,	/* 4958 */
	0x66,	0x30,	/* 4959 */
	0xfd,	0x27,	/* 4960 */
	0x9c,	0x00,	/* 4961 */
	0x00,	0x00,	/* 4962 */
	0xf1,	0x11,	/* 4963 */
	0xfd,	0x27,	/* 4964 */
	0x1d,	0x18,	/* 4965 */
	0xf1,	0x15,	/* 4966 */
	0xf1,	0x1d,	/* 4967 */
	0x5f,	0x2b,	/* 4968 */
	0xf0,	0x1d,	/* 4969 */
	0xf1,	0x18,	/* 4970 */
	0xa4,	0x2b,	/* 4971 */
	0x60,	0x30,	/* 4972 */
	0xfd,	0x27,	/* 4973 */
	0x9c,	0x00,	/* 4974 */
	0x00,	0x00,	/* 4975 */
	0xfd,	0x27,	/* 4976 */
	0x1d,	0x08,	/* 4977 */
	0xd4,	0x00,	/* 4978 */
	0x54,	0x1c,	/* 4979 */
	0x81,	0x2b,	/* 4980 */
	0x78,	0x30,	/* 4981 */
	0x9c,	0x00,	/* 4982 */
	0x01,	0x30,	/* 4983 */
	0x9e,	0x00,	/* 4984 */
	0x78,	0x30,	/* 4985 */
	0x9c,	0x00,	/* 4986 */
	0x11,	0x30,	/* 4987 */
	0x9e,	0x00,	/* 4988 */
	0x28,	0x30,	/* 4989 */
	0xee,	0x26,	/* 4990 */
	0x0a,	0x16,	/* 4991 */
	0x8a,	0x11,	/* 4992 */
	0x04,	0x30,	/* 4993 */
	0x9c,	0x00,	/* 4994 */
	0x00,	0x00,	/* 4995 */
	0xfd,	0x27,	/* 4996 */
	0x1d,	0x08,	/* 4997 */
	0xc6,	0x00,	/* 4998 */
	0x46,	0x1c,	/* 4999 */
	0xa4,	0x2b,	/* 5000 */
	0x78,	0x30,	/* 5001 */
	0x9c,	0x00,	/* 5002 */
	0x81,	0x30,	/* 5003 */
	0x9e,	0x00,	/* 5004 */
	0x24,	0x30,	/* 5005 */
	0xb8,	0x01,	/* 5006 */
	0xb9,	0x01,	/* 5007 */
	0xd3,	0x01,	/* 5008 */
	0xd1,	0x01,	/* 5009 */
	0xd1,	0x0a,	/* 5010 */
	0xee,	0x26,	/* 5011 */
	0x1d,	0x30,	/* 5012 */
	0xcd,	0x01,	/* 5013 */
	0xcd,	0x0a,	/* 5014 */
	0x72,	0x14,	/* 5015 */
	0x5f,	0x14,	/* 5016 */
	0xc8,	0x00,	/* 5017 */
	0x29,	0x08,	/* 5018 */
	0xf4,	0x00,	/* 5019 */
	0x28,	0x08,	/* 5020 */
	0xf3,	0x00,	/* 5021 */
	0xe2,	0x30,	/* 5022 */
	0x0a,	0x12,	/* 5023 */
	0x8a,	0x11,	/* 5024 */
	0x45,	0x26,	/* 5025 */
	0x0a,	0x16,	/* 5026 */
	0x8a,	0x11,	/* 5027 */
	0xfd,	0x27,	/* 5028 */
	0x48,	0x08,	/* 5029 */
	0x1a,	0x3a,	/* 5030 */
	0x03,	0x1d,	/* 5031 */
	0xbf,	0x2b,	/* 5032 */
	0xf1,	0x1f,	/* 5033 */
	0xf1,	0x1a,	/* 5034 */
	0xad,	0x2b,	/* 5035 */
	0xd1,	0x01,	/* 5036 */
	0x01,	0x30,	/* 5037 */
	0x9c,	0x00,	/* 5038 */
	0x00,	0x00,	/* 5039 */
	0xf7,	0x27,	/* 5040 */
	0x0a,	0x16,	/* 5041 */
	0x8a,	0x11,	/* 5042 */
	0x03,	0x1d,	/* 5043 */
	0xb7,	0x2b,	/* 5044 */
	0x18,	0x30,	/* 5045 */
	0xbc,	0x2b,	/* 5046 */
	0xf0,	0x1d,	/* 5047 */
	0xbb,	0x2b,	/* 5048 */
	0x13,	0x30,	/* 5049 */
	0xbc,	0x2b,	/* 5050 */
	0x10,	0x30,	/* 5051 */
	0xc8,	0x00,	/* 5052 */
	0x5f,	0x14,	/* 5053 */
	0x42,	0x2b,	/* 5054 */
	0x48,	0x08,	/* 5055 */
	0x10,	0x3a,	/* 5056 */
	0x03,	0x1d,	/* 5057 */
	0xcd,	0x2b,	/* 5058 */
	0x15,	0x30,	/* 5059 */
	0x9c,	0x00,	/* 5060 */
	0x1e,	0x14,	/* 5061 */
	0x9e,	0x01,	/* 5062 */
	0x21,	0x30,	/* 5063 */
	0x9c,	0x00,	/* 5064 */
	0x1e,	0x14,	/* 5065 */
	0x9e,	0x01,	/* 5066 */
	0x11,	0x30,	/* 5067 */
	0xee,	0x2d,	/* 5068 */
	0x48,	0x08,	/* 5069 */
	0x11,	0x3a,	/* 5070 */
	0x03,	0x1d,	/* 5071 */
	0x30,	0x2c,	/* 5072 */
	0x5f,	0x1c,	/* 5073 */
	0xe3,	0x2b,	/* 5074 */
	0x44,	0x30,	/* 5075 */
	0x9c,	0x00,	/* 5076 */
	0x30,	0x30,	/* 5077 */
	0x9e,	0x00,	/* 5078 */
	0x1d,	0x30,	/* 5079 */
	0x9c,	0x00,	/* 5080 */
	0x1e,	0x14,	/* 5081 */
	0x9e,	0x01,	/* 5082 */
	0x64,	0x30,	/* 5083 */
	0xa4,	0x01,	/* 5084 */
	0xa5,	0x00,	/* 5085 */
	0x45,	0x30,	/* 5086 */
	0x5f,	0x10,	/* 5087 */
	0x9c,	0x00,	/* 5088 */
	0x1e,	0x14,	/* 5089 */
	0x9e,	0x01,	/* 5090 */
	0xff,	0x30,	/* 5091 */
	0xf3,	0x00,	/* 5092 */
	0xf4,	0x01,	/* 5093 */
	0x41,	0x08,	/* 5094 */
	0x0a,	0x12,	/* 5095 */
	0x8a,	0x11,	/* 5096 */
	0x50,	0x26,	/* 5097 */
	0x0a,	0x16,	/* 5098 */
	0x8a,	0x11,	/* 5099 */
	0xeb,	0x27,	/* 5100 */
	0x0a,	0x16,	/* 5101 */
	0x8a,	0x11,	/* 5102 */
	0x01,	0x30,	/* 5103 */
	0x9c,	0x00,	/* 5104 */
	0x00,	0x00,	/* 5105 */
	0xfd,	0x27,	/* 5106 */
	0x1d,	0x08,	/* 5107 */
	0xde,	0x00,	/* 5108 */
	0x56,	0x30,	/* 5109 */
	0x9c,	0x00,	/* 5110 */
	0x00,	0x00,	/* 5111 */
	0xfd,	0x27,	/* 5112 */
	0x1d,	0x08,	/* 5113 */
	0xd9,	0x00,	/* 5114 */
	0x5e,	0x08,	/* 5115 */
	0x07,	0x39,	/* 5116 */
	0x03,	0x1d,	/* 5117 */
	0x01,	0x2c,	/* 5118 */
	0x18,	0x30,	/* 5119 */
	0xee,	0x2d,	/* 5120 */
	0x59,	0x1c,	/* 5121 */
	0x28,	0x2c,	/* 5122 */
	0xe9,	0x30,	/* 5123 */
	0x69,	0x27,	/* 5124 */
	0x0a,	0x16,	/* 5125 */
	0x8a,	0x11,	/* 5126 */
	0x74,	0x08,	/* 5127 */
	0xd7,	0x00,	/* 5128 */
	0x73,	0x08,	/* 5129 */
	0xd6,	0x00,	/* 5130 */
	0x57,	0x08,	/* 5131 */
	0xf4,	0x00,	/* 5132 */
	0x56,	0x08,	/* 5133 */
	0xf3,	0x00,	/* 5134 */
	0x2b,	0x08,	/* 5135 */
	0xf6,	0x00,	/* 5136 */
	0x2a,	0x08,	/* 5137 */
	0xf5,	0x00,	/* 5138 */
	0x8b,	0x27,	/* 5139 */
	0x0a,	0x16,	/* 5140 */
	0x8a,	0x11,	/* 5141 */
	0x74,	0x08,	/* 5142 */
	0xd7,	0x00,	/* 5143 */
	0x73,	0x08,	/* 5144 */
	0xd6,	0x00,	/* 5145 */
	0xa6,	0x02,	/* 5146 */
	0x57,	0x08,	/* 5147 */
	0x03,	0x1c,	/* 5148 */
	0xa7,	0x03,	/* 5149 */
	0xa7,	0x02,	/* 5150 */
	0xf2,	0x27,	/* 5151 */
	0x0a,	0x12,	/* 5152 */
	0x8a,	0x11,	/* 5153 */
	0x45,	0x26,	/* 5154 */
	0x0a,	0x16,	/* 5155 */
	0x8a,	0x11,	/* 5156 */
	0xfd,	0x27,	/* 5157 */
	0x12,	0x30,	/* 5158 */
	0xee,	0x2d,	/* 5159 */
	0x25,	0x08,	/* 5160 */
	0x24,	0x04,	/* 5161 */
	0x03,	0x1d,	/* 5162 */
	0x42,	0x2b,	/* 5163 */
	0x0a,	0x30,	/* 5164 */
	0x5f,	0x14,	/* 5165 */
	0x72,	0x14,	/* 5166 */
	0xde,	0x2e,	/* 5167 */
	0x48,	0x08,	/* 5168 */
	0x12,	0x3a,	/* 5169 */
	0x03,	0x1d,	/* 5170 */
	0x56,	0x2c,	/* 5171 */
	0x70,	0x1d,	/* 5172 */
	0x38,	0x2c,	/* 5173 */
	0x10,	0x30,	/* 5174 */
	0x3a,	0x2c,	/* 5175 */
	0xd5,	0x30,	/* 5176 */
	0x82,	0x27,	/* 5177 */
	0xd9,	0x00,	/* 5178 */
	0xa4,	0x00,	/* 5179 */
	0xa5,	0x01,	/* 5180 */
	0x03,	0x10,	/* 5181 */
	0xa4,	0x0d,	/* 5182 */
	0xa5,	0x0d,	/* 5183 */
	0x03,	0x10,	/* 5184 */
	0xa4,	0x0d,	/* 5185 */
	0xa5,	0x0d,	/* 5186 */
	0xff,	0x30,	/* 5187 */
	0xf3,	0x00,	/* 5188 */
	0xf4,	0x01,	/* 5189 */
	0x41,	0x08,	/* 5190 */
	0x0a,	0x12,	/* 5191 */
	0x8a,	0x11,	/* 5192 */
	0x50,	0x26,	/* 5193 */
	0x0a,	0x16,	/* 5194 */
	0x8a,	0x11,	/* 5195 */
	0xd9,	0x27,	/* 5196 */
	0x0a,	0x16,	/* 5197 */
	0x8a,	0x11,	/* 5198 */
	0x24,	0x0a,	/* 5199 */
	0x03,	0x19,	/* 5200 */
	0x25,	0x0a,	/* 5201 */
	0x03,	0x1d,	/* 5202 */
	0x43,	0x2c,	/* 5203 */
	0x13,	0x30,	/* 5204 */
	0xee,	0x2d,	/* 5205 */
	0x48,	0x08,	/* 5206 */
	0x13,	0x3a,	/* 5207 */
	0x03,	0x1d,	/* 5208 */
	0xc0,	0x2c,	/* 5209 */
	0x5f,	0x1c,	/* 5210 */
	0x9d,	0x2c,	/* 5211 */
	0x64,	0x30,	/* 5212 */
	0x5f,	0x10,	/* 5213 */
	0xa4,	0x01,	/* 5214 */
	0xa5,	0x00,	/* 5215 */
	0x68,	0x30,	/* 5216 */
	0x9c,	0x00,	/* 5217 */
	0x00,	0x00,	/* 5218 */
	0xfd,	0x27,	/* 5219 */
	0x1d,	0x08,	/* 5220 */
	0xde,	0x00,	/* 5221 */
	0x5e,	0x1c,	/* 5222 */
	0x93,	0x2c,	/* 5223 */
	0x44,	0x1b,	/* 5224 */
	0x6c,	0x2c,	/* 5225 */
	0x3f,	0x1c,	/* 5226 */
	0x6e,	0x2c,	/* 5227 */
	0x01,	0x30,	/* 5228 */
	0x6f,	0x2c,	/* 5229 */
	0x00,	0x30,	/* 5230 */
	0x29,	0x27,	/* 5231 */
	0x0a,	0x16,	/* 5232 */
	0x8a,	0x11,	/* 5233 */
	0x08,	0x30,	/* 5234 */
	0xfd,	0x27,	/* 5235 */
	0x2b,	0x02,	/* 5236 */
	0x01,	0x30,	/* 5237 */
	0x03,	0x19,	/* 5238 */
	0x2a,	0x02,	/* 5239 */
	0x03,	0x18,	/* 5240 */
	0x93,	0x2c,	/* 5241 */
	0x44,	0x1b,	/* 5242 */
	0x81,	0x2c,	/* 5243 */
	0x3f,	0x08,	/* 5244 */
	0x03,	0x39,	/* 5245 */
	0x01,	0x3a,	/* 5246 */
	0x03,	0x1d,	/* 5247 */
	0x89,	0x2c,	/* 5248 */
	0x00,	0x30,	/* 5249 */
	0x29,	0x27,	/* 5250 */
	0x0a,	0x16,	/* 5251 */
	0x8a,	0x11,	/* 5252 */
	0xfd,	0x27,	/* 5253 */
	0xbf,	0x01,	/* 5254 */
	0xbf,	0x0a,	/* 5255 */
	0x93,	0x2c,	/* 5256 */
	0x3f,	0x08,	/* 5257 */
	0x02,	0x3a,	/* 5258 */
	0x03,	0x1d,	/* 5259 */
	0x8f,	0x2c,	/* 5260 */
	0x02,	0x30,	/* 5261 */
	0x90,	0x2c,	/* 5262 */
	0x01,	0x30,	/* 5263 */
	0x29,	0x27,	/* 5264 */
	0x0a,	0x16,	/* 5265 */
	0x8a,	0x11,	/* 5266 */
	0x15,	0x30,	/* 5267 */
	0xfd,	0x27,	/* 5268 */
	0x9c,	0x00,	/* 5269 */
	0x1e,	0x14,	/* 5270 */
	0x9e,	0x01,	/* 5271 */
	0x03,	0x30,	/* 5272 */
	0x9c,	0x00,	/* 5273 */
	0x9e,	0x01,	/* 5274 */
	0x9c,	0x00,	/* 5275 */
	0x1e,	0x14,	/* 5276 */
	0xf3,	0x01,	/* 5277 */
	0xf3,	0x0a,	/* 5278 */
	0xf4,	0x01,	/* 5279 */
	0x41,	0x08,	/* 5280 */
	0x0a,	0x12,	/* 5281 */
	0x8a,	0x11,	/* 5282 */
	0x50,	0x26,	/* 5283 */
	0x0a,	0x16,	/* 5284 */
	0x8a,	0x11,	/* 5285 */
	0x02,	0x30,	/* 5286 */
	0x9c,	0x00,	/* 5287 */
	0x00,	0x00,	/* 5288 */
	0xfd,	0x27,	/* 5289 */
	0x1d,	0x08,	/* 5290 */
	0xde,	0x00,	/* 5291 */
	0x5e,	0x1c,	/* 5292 */
	0xb5,	0x2c,	/* 5293 */
	0x1a,	0x30,	/* 5294 */
	0x5f,	0x14,	/* 5295 */
	0x9c,	0x00,	/* 5296 */
	0x1e,	0x14,	/* 5297 */
	0x9e,	0x01,	/* 5298 */
	0x15,	0x30,	/* 5299 */
	0xbb,	0x2c,	/* 5300 */
	0x25,	0x08,	/* 5301 */
	0x24,	0x04,	/* 5302 */
	0x03,	0x1d,	/* 5303 */
	0xbc,	0x2c,	/* 5304 */
	0x18,	0x30,	/* 5305 */
	0x5f,	0x14,	/* 5306 */
	0xc8,	0x00,	/* 5307 */
	0xd9,	0x27,	/* 5308 */
	0x0a,	0x16,	/* 5309 */
	0x8a,	0x11,	/* 5310 */
	0x42,	0x2b,	/* 5311 */
	0x48,	0x08,	/* 5312 */
	0x18,	0x3a,	/* 5313 */
	0x03,	0x1d,	/* 5314 */
	0xf9,	0x2c,	/* 5315 */
	0xf0,	0x1d,	/* 5316 */
	0xc8,	0x2c,	/* 5317 */
	0x0b,	0x30,	/* 5318 */
	0xf4,	0x2c,	/* 5319 */
	0x2b,	0x08,	/* 5320 */
	0xdb,	0x00,	/* 5321 */
	0x2a,	0x08,	/* 5322 */
	0xda,	0x00,	/* 5323 */
	0x03,	0x10,	/* 5324 */
	0xdb,	0x0c,	/* 5325 */
	0xda,	0x0c,	/* 5326 */
	0x38,	0x0b,	/* 5327 */
	0xd7,	0x2c,	/* 5328 */
	0xda,	0x09,	/* 5329 */
	0xdb,	0x09,	/* 5330 */
	0xda,	0x0a,	/* 5331 */
	0x03,	0x19,	/* 5332 */
	0xdb,	0x0a,	/* 5333 */
	0xda,	0x2c,	/* 5334 */
	0x5b,	0x0d,	/* 5335 */
	0xdb,	0x0c,	/* 5336 */
	0xda,	0x0c,	/* 5337 */
	0x04,	0x30,	/* 5338 */
	0xb9,	0x0a,	/* 5339 */
	0x39,	0x02,	/* 5340 */
	0x03,	0x18,	/* 5341 */
	0x44,	0x17,	/* 5342 */
	0x38,	0x08,	/* 5343 */
	0x02,	0x3a,	/* 5344 */
	0x03,	0x1d,	/* 5345 */
	0xe5,	0x2c,	/* 5346 */
	0xb8,	0x01,	/* 5347 */
	0xe6,	0x2c,	/* 5348 */
	0xb8,	0x0a,	/* 5349 */
	0x5a,	0x08,	/* 5350 */
	0xa6,	0x07,	/* 5351 */
	0x03,	0x18,	/* 5352 */
	0xa7,	0x0a,	/* 5353 */
	0x5b,	0x08,	/* 5354 */
	0xa7,	0x07,	/* 5355 */
	0xf2,	0x27,	/* 5356 */
	0x0a,	0x12,	/* 5357 */
	0x8a,	0x11,	/* 5358 */
	0x45,	0x26,	/* 5359 */
	0x0a,	0x16,	/* 5360 */
	0x8a,	0x11,	/* 5361 */
	0x0a,	0x30,	/* 5362 */
	0xfd,	0x27,	/* 5363 */
	0xc8,	0x00,	/* 5364 */
	0x72,	0x14,	/* 5365 */
	0x5f,	0x14,	/* 5366 */
	0x72,	0x14,	/* 5367 */
	0x42,	0x2b,	/* 5368 */
	0x48,	0x08,	/* 5369 */
	0x15,	0x3a,	/* 5370 */
	0x03,	0x1d,	/* 5371 */
	0x54,	0x2d,	/* 5372 */
	0x5f,	0x1c,	/* 5373 */
	0x14,	0x2d,	/* 5374 */
	0xc8,	0x30,	/* 5375 */
	0xa4,	0x01,	/* 5376 */
	0xa5,	0x00,	/* 5377 */
	0x44,	0x30,	/* 5378 */
	0x9c,	0x00,	/* 5379 */
	0x01,	0x30,	/* 5380 */
	0x9e,	0x00,	/* 5381 */
	0x4b,	0x30,	/* 5382 */
	0x9c,	0x00,	/* 5383 */
	0x1e,	0x14,	/* 5384 */
	0x4c,	0x30,	/* 5385 */
	0x9c,	0x00,	/* 5386 */
	0x1e,	0x14,	/* 5387 */
	0x74,	0x30,	/* 5388 */
	0x9c,	0x00,	/* 5389 */
	0x1e,	0x14,	/* 5390 */
	0x50,	0x30,	/* 5391 */
	0x9c,	0x00,	/* 5392 */
	0x1e,	0x14,	/* 5393 */
	0x9e,	0x01,	/* 5394 */
	0x5f,	0x10,	/* 5395 */
	0xff,	0x30,	/* 5396 */
	0xf3,	0x00,	/* 5397 */
	0xf4,	0x01,	/* 5398 */
	0x41,	0x08,	/* 5399 */
	0x0a,	0x12,	/* 5400 */
	0x8a,	0x11,	/* 5401 */
	0x50,	0x26,	/* 5402 */
	0x0a,	0x16,	/* 5403 */
	0x8a,	0x11,	/* 5404 */
	0xd9,	0x27,	/* 5405 */
	0x0a,	0x16,	/* 5406 */
	0x8a,	0x11,	/* 5407 */
	0x59,	0x30,	/* 5408 */
	0x9c,	0x00,	/* 5409 */
	0x00,	0x00,	/* 5410 */
	0xfd,	0x27,	/* 5411 */
	0x1d,	0x08,	/* 5412 */
	0xde,	0x00,	/* 5413 */
	0x01,	0x30,	/* 5414 */
	0x9c,	0x00,	/* 5415 */
	0x00,	0x00,	/* 5416 */
	0xf7,	0x27,	/* 5417 */
	0x0a,	0x16,	/* 5418 */
	0x8a,	0x11,	/* 5419 */
	0x03,	0x19,	/* 5420 */
	0xff,	0x2b,	/* 5421 */
	0x5e,	0x1c,	/* 5422 */
	0x4f,	0x2d,	/* 5423 */
	0x16,	0x30,	/* 5424 */
	0x5f,	0x14,	/* 5425 */
	0xc8,	0x00,	/* 5426 */
	0x3f,	0x30,	/* 5427 */
	0xf0,	0x13,	/* 5428 */
	0x9c,	0x00,	/* 5429 */
	0x00,	0x00,	/* 5430 */
	0x71,	0x10,	/* 5431 */
	0xfd,	0x27,	/* 5432 */
	0x1d,	0x18,	/* 5433 */
	0x71,	0x14,	/* 5434 */
	0x71,	0x1c,	/* 5435 */
	0x3f,	0x2d,	/* 5436 */
	0x71,	0x11,	/* 5437 */
	0x40,	0x2d,	/* 5438 */
	0x71,	0x15,	/* 5439 */
	0xff,	0x30,	/* 5440 */
	0xfd,	0x27,	/* 5441 */
	0xde,	0x00,	/* 5442 */
	0xff,	0x30,	/* 5443 */
	0xf3,	0x00,	/* 5444 */
	0x20,	0x30,	/* 5445 */
	0xf4,	0x01,	/* 5446 */
	0x0a,	0x12,	/* 5447 */
	0x8a,	0x11,	/* 5448 */
	0x50,	0x26,	/* 5449 */
	0x0a,	0x16,	/* 5450 */
	0x8a,	0x11,	/* 5451 */
	0xde,	0x0b,	/* 5452 */
	0x43,	0x2d,	/* 5453 */
	0x42,	0x2b,	/* 5454 */
	0x25,	0x08,	/* 5455 */
	0x24,	0x04,	/* 5456 */
	0x03,	0x19,	/* 5457 */
	0xbd,	0x2b,	/* 5458 */
	0x42,	0x2b,	/* 5459 */
	0x48,	0x08,	/* 5460 */
	0x16,	0x3a,	/* 5461 */
	0x03,	0x19,	/* 5462 */
	0x5c,	0x2d,	/* 5463 */
	0x48,	0x08,	/* 5464 */
	0x1c,	0x3a,	/* 5465 */
	0x03,	0x1d,	/* 5466 */
	0x9a,	0x2d,	/* 5467 */
	0x5f,	0x1c,	/* 5468 */
	0x64,	0x2d,	/* 5469 */
	0x4b,	0x30,	/* 5470 */
	0x9c,	0x00,	/* 5471 */
	0x1e,	0x14,	/* 5472 */
	0x9e,	0x01,	/* 5473 */
	0x5f,	0x10,	/* 5474 */
	0xd3,	0x0a,	/* 5475 */
	0x5a,	0x30,	/* 5476 */
	0x9c,	0x00,	/* 5477 */
	0x00,	0x00,	/* 5478 */
	0xfd,	0x27,	/* 5479 */
	0x1d,	0x08,	/* 5480 */
	0xde,	0x00,	/* 5481 */
	0x5e,	0x1c,	/* 5482 */
	0x71,	0x2d,	/* 5483 */
	0x17,	0x30,	/* 5484 */
	0x5f,	0x14,	/* 5485 */
	0xc8,	0x00,	/* 5486 */
	0xf1,	0x14,	/* 5487 */
	0x42,	0x2b,	/* 5488 */
	0x5e,	0x30,	/* 5489 */
	0xf1,	0x10,	/* 5490 */
	0x9c,	0x00,	/* 5491 */
	0x00,	0x00,	/* 5492 */
	0xfd,	0x27,	/* 5493 */
	0x1d,	0x08,	/* 5494 */
	0xde,	0x00,	/* 5495 */
	0x5e,	0x1c,	/* 5496 */
	0x42,	0x2b,	/* 5497 */
	0xf0,	0x19,	/* 5498 */
	0x80,	0x2d,	/* 5499 */
	0x05,	0x30,	/* 5500 */
	0x53,	0x02,	/* 5501 */
	0x03,	0x1c,	/* 5502 */
	0x85,	0x2d,	/* 5503 */
	0x0b,	0x30,	/* 5504 */
	0xc8,	0x00,	/* 5505 */
	0x72,	0x14,	/* 5506 */
	0xbf,	0x0a,	/* 5507 */
	0xbd,	0x2b,	/* 5508 */
	0x71,	0x1d,	/* 5509 */
	0x8f,	0x2d,	/* 5510 */
	0x0b,	0x30,	/* 5511 */
	0xc8,	0x00,	/* 5512 */
	0x72,	0x14,	/* 5513 */
	0x70,	0x18,	/* 5514 */
	0xbf,	0x0a,	/* 5515 */
	0x01,	0x30,	/* 5516 */
	0xf0,	0x06,	/* 5517 */
	0xbd,	0x2b,	/* 5518 */
	0x4b,	0x30,	/* 5519 */
	0x71,	0x15,	/* 5520 */
	0x9c,	0x00,	/* 5521 */
	0x1e,	0x14,	/* 5522 */
	0x5c,	0x30,	/* 5523 */
	0x9c,	0x00,	/* 5524 */
	0x00,	0x00,	/* 5525 */
	0xe0,	0x27,	/* 5526 */
	0x0a,	0x16,	/* 5527 */
	0x8a,	0x11,	/* 5528 */
	0xbc,	0x2b,	/* 5529 */
	0x48,	0x08,	/* 5530 */
	0x17,	0x3a,	/* 5531 */
	0x03,	0x1d,	/* 5532 */
	0x25,	0x2e,	/* 5533 */
	0x5f,	0x1c,	/* 5534 */
	0xab,	0x2d,	/* 5535 */
	0xe8,	0x30,	/* 5536 */
	0xa4,	0x00,	/* 5537 */
	0x03,	0x30,	/* 5538 */
	0xa5,	0x00,	/* 5539 */
	0x4c,	0x30,	/* 5540 */
	0x9c,	0x00,	/* 5541 */
	0x9e,	0x01,	/* 5542 */
	0x74,	0x30,	/* 5543 */
	0x9c,	0x00,	/* 5544 */
	0x9e,	0x01,	/* 5545 */
	0x5f,	0x10,	/* 5546 */
	0xff,	0x30,	/* 5547 */
	0xf3,	0x00,	/* 5548 */
	0xf4,	0x01,	/* 5549 */
	0x41,	0x08,	/* 5550 */
	0x0a,	0x12,	/* 5551 */
	0x8a,	0x11,	/* 5552 */
	0x50,	0x26,	/* 5553 */
	0x0a,	0x16,	/* 5554 */
	0x8a,	0x11,	/* 5555 */
	0xd9,	0x27,	/* 5556 */
	0x0a,	0x16,	/* 5557 */
	0x8a,	0x11,	/* 5558 */
	0x5b,	0x30,	/* 5559 */
	0x9c,	0x00,	/* 5560 */
	0x00,	0x00,	/* 5561 */
	0xfd,	0x27,	/* 5562 */
	0x1d,	0x08,	/* 5563 */
	0xde,	0x00,	/* 5564 */
	0x5e,	0x1c,	/* 5565 */
	0xf0,	0x2d,	/* 5566 */
	0x5c,	0x30,	/* 5567 */
	0x9c,	0x00,	/* 5568 */
	0x00,	0x00,	/* 5569 */
	0xfd,	0x27,	/* 5570 */
	0x1d,	0x08,	/* 5571 */
	0xdd,	0x00,	/* 5572 */
	0x5d,	0x30,	/* 5573 */
	0xdd,	0x13,	/* 5574 */
	0x5d,	0x13,	/* 5575 */
	0xdd,	0x12,	/* 5576 */
	0x5d,	0x12,	/* 5577 */
	0xdd,	0x11,	/* 5578 */
	0x9c,	0x00,	/* 5579 */
	0x00,	0x00,	/* 5580 */
	0xfd,	0x27,	/* 5581 */
	0x1d,	0x08,	/* 5582 */
	0xde,	0x00,	/* 5583 */
	0xde,	0x08,	/* 5584 */
	0x03,	0x1d,	/* 5585 */
	0xd5,	0x2d,	/* 5586 */
	0xdd,	0x17,	/* 5587 */
	0xe9,	0x2d,	/* 5588 */
	0x5e,	0x0b,	/* 5589 */
	0xd9,	0x2d,	/* 5590 */
	0x5d,	0x17,	/* 5591 */
	0xe9,	0x2d,	/* 5592 */
	0x5e,	0x08,	/* 5593 */
	0x02,	0x3a,	/* 5594 */
	0x03,	0x1d,	/* 5595 */
	0xdf,	0x2d,	/* 5596 */
	0xdd,	0x16,	/* 5597 */
	0xe9,	0x2d,	/* 5598 */
	0x5e,	0x08,	/* 5599 */
	0x03,	0x3a,	/* 5600 */
	0x03,	0x1d,	/* 5601 */
	0xe5,	0x2d,	/* 5602 */
	0x5d,	0x16,	/* 5603 */
	0xe9,	0x2d,	/* 5604 */
	0x5e,	0x08,	/* 5605 */
	0x04,	0x3a,	/* 5606 */
	0x03,	0x19,	/* 5607 */
	0xdd,	0x15,	/* 5608 */
	0x4a,	0x30,	/* 5609 */
	0x9c,	0x00,	/* 5610 */
	0x5d,	0x08,	/* 5611 */
	0x9e,	0x00,	/* 5612 */
	0x19,	0x30,	/* 5613 */
	0x5f,	0x14,	/* 5614 */
	0xde,	0x2e,	/* 5615 */
	0x25,	0x08,	/* 5616 */
	0x24,	0x04,	/* 5617 */
	0x03,	0x1d,	/* 5618 */
	0x42,	0x2b,	/* 5619 */
	0x4c,	0x30,	/* 5620 */
	0x9c,	0x00,	/* 5621 */
	0x01,	0x30,	/* 5622 */
	0x9e,	0x00,	/* 5623 */
	0x5f,	0x14,	/* 5624 */
	0xf0,	0x1f,	/* 5625 */
	0x17,	0x2e,	/* 5626 */
	0xf0,	0x1d,	/* 5627 */
	0x02,	0x2e,	/* 5628 */
	0x0b,	0x30,	/* 5629 */
	0xc8,	0x00,	/* 5630 */
	0x72,	0x14,	/* 5631 */
	0xbf,	0x0a,	/* 5632 */
	0x42,	0x2b,	/* 5633 */
	0x71,	0x19,	/* 5634 */
	0x10,	0x2e,	/* 5635 */
	0x4b,	0x30,	/* 5636 */
	0xf0,	0x13,	/* 5637 */
	0x71,	0x15,	/* 5638 */
	0x9c,	0x00,	/* 5639 */
	0x1e,	0x14,	/* 5640 */
	0x5c,	0x30,	/* 5641 */
	0x9c,	0x00,	/* 5642 */
	0x00,	0x00,	/* 5643 */
	0xe0,	0x27,	/* 5644 */
	0x0a,	0x16,	/* 5645 */
	0x8a,	0x11,	/* 5646 */
	0xde,	0x2e,	/* 5647 */
	0x5c,	0x30,	/* 5648 */
	0x9c,	0x00,	/* 5649 */
	0x00,	0x00,	/* 5650 */
	0xcb,	0x27,	/* 5651 */
	0x0a,	0x16,	/* 5652 */
	0x8a,	0x11,	/* 5653 */
	0xde,	0x2e,	/* 5654 */
	0x5c,	0x30,	/* 5655 */
	0xf0,	0x17,	/* 5656 */
	0x9c,	0x00,	/* 5657 */
	0x00,	0x00,	/* 5658 */
	0xcb,	0x27,	/* 5659 */
	0x0a,	0x16,	/* 5660 */
	0x8a,	0x11,	/* 5661 */
	0xc8,	0x00,	/* 5662 */
	0x71,	0x1c,	/* 5663 */
	0x23,	0x2e,	/* 5664 */
	0x71,	0x11,	/* 5665 */
	0x42,	0x2b,	/* 5666 */
	0x71,	0x15,	/* 5667 */
	0x42,	0x2b,	/* 5668 */
	0x48,	0x08,	/* 5669 */
	0x19,	0x3a,	/* 5670 */
	0x03,	0x1d,	/* 5671 */
	0xb5,	0x2e,	/* 5672 */
	0x5f,	0x1c,	/* 5673 */
	0x4a,	0x2e,	/* 5674 */
	0xc8,	0x30,	/* 5675 */
	0x5f,	0x10,	/* 5676 */
	0xa4,	0x01,	/* 5677 */
	0xa5,	0x00,	/* 5678 */
	0x69,	0x30,	/* 5679 */
	0xd5,	0x01,	/* 5680 */
	0xba,	0x01,	/* 5681 */
	0xcc,	0x01,	/* 5682 */
	0x9c,	0x00,	/* 5683 */
	0x00,	0x00,	/* 5684 */
	0xfd,	0x27,	/* 5685 */
	0x1d,	0x08,	/* 5686 */
	0xdc,	0x00,	/* 5687 */
	0x0f,	0x30,	/* 5688 */
	0xdc,	0x0e,	/* 5689 */
	0xdc,	0x05,	/* 5690 */
	0x85,	0x30,	/* 5691 */
	0x9c,	0x00,	/* 5692 */
	0x5c,	0x08,	/* 5693 */
	0x9e,	0x00,	/* 5694 */
	0x68,	0x30,	/* 5695 */
	0x9c,	0x00,	/* 5696 */
	0x00,	0x00,	/* 5697 */
	0xfd,	0x27,	/* 5698 */
	0x1d,	0x08,	/* 5699 */
	0xdc,	0x00,	/* 5700 */
	0x84,	0x30,	/* 5701 */
	0x03,	0x10,	/* 5702 */
	0xdc,	0x0c,	/* 5703 */
	0x9c,	0x00,	/* 5704 */
	0x9e,	0x01,	/* 5705 */
	0x78,	0x30,	/* 5706 */
	0xf0,	0x13,	/* 5707 */
	0xd3,	0x01,	/* 5708 */
	0xcc,	0x01,	/* 5709 */
	0x9c,	0x00,	/* 5710 */
	0x01,	0x30,	/* 5711 */
	0x9e,	0x00,	/* 5712 */
	0xf0,	0x19,	/* 5713 */
	0x59,	0x2e,	/* 5714 */
	0xf0,	0x15,	/* 5715 */
	0xc4,	0x01,	/* 5716 */
	0x33,	0x08,	/* 5717 */
	0xad,	0x00,	/* 5718 */
	0x32,	0x08,	/* 5719 */
	0xac,	0x00,	/* 5720 */
	0x5b,	0x30,	/* 5721 */
	0xb8,	0x01,	/* 5722 */
	0xb9,	0x01,	/* 5723 */
	0xba,	0x01,	/* 5724 */
	0x9c,	0x00,	/* 5725 */
	0x00,	0x00,	/* 5726 */
	0x70,	0x12,	/* 5727 */
	0xfd,	0x27,	/* 5728 */
	0x1d,	0x18,	/* 5729 */
	0x70,	0x16,	/* 5730 */
	0x70,	0x1a,	/* 5731 */
	0x74,	0x2e,	/* 5732 */
	0x1b,	0x30,	/* 5733 */
	0xfd,	0x27,	/* 5734 */
	0xc8,	0x00,	/* 5735 */
	0x05,	0x30,	/* 5736 */
	0x5f,	0x14,	/* 5737 */
	0xc5,	0x0a,	/* 5738 */
	0x45,	0x02,	/* 5739 */
	0x03,	0x1c,	/* 5740 */
	0x42,	0x2b,	/* 5741 */
	0x0b,	0x30,	/* 5742 */
	0xbf,	0x0a,	/* 5743 */
	0xc8,	0x00,	/* 5744 */
	0x72,	0x14,	/* 5745 */
	0xc5,	0x01,	/* 5746 */
	0x42,	0x2b,	/* 5747 */
	0xfd,	0x27,	/* 5748 */
	0xd5,	0x08,	/* 5749 */
	0x03,	0x1d,	/* 5750 */
	0x89,	0x2e,	/* 5751 */
	0x01,	0x30,	/* 5752 */
	0xd5,	0x01,	/* 5753 */
	0xd5,	0x0a,	/* 5754 */
	0xf7,	0x01,	/* 5755 */
	0xf8,	0x00,	/* 5756 */
	0x02,	0x30,	/* 5757 */
	0xf9,	0x00,	/* 5758 */
	0x01,	0x30,	/* 5759 */
	0xfa,	0x01,	/* 5760 */
	0xfb,	0x00,	/* 5761 */
	0xb6,	0x27,	/* 5762 */
	0x0a,	0x16,	/* 5763 */
	0x8a,	0x11,	/* 5764 */
	0x84,	0x30,	/* 5765 */
	0x9c,	0x00,	/* 5766 */
	0x01,	0x30,	/* 5767 */
	0x9e,	0x00,	/* 5768 */
	0x93,	0x30,	/* 5769 */
	0x9c,	0x00,	/* 5770 */
	0x00,	0x00,	/* 5771 */
	0xfd,	0x27,	/* 5772 */
	0x1d,	0x08,	/* 5773 */
	0xd8,	0x00,	/* 5774 */
	0xf6,	0x30,	/* 5775 */
	0x69,	0x27,	/* 5776 */
	0x0a,	0x16,	/* 5777 */
	0x8a,	0x11,	/* 5778 */
	0x74,	0x08,	/* 5779 */
	0xb7,	0x00,	/* 5780 */
	0x73,	0x08,	/* 5781 */
	0xb6,	0x00,	/* 5782 */
	0x58,	0x1c,	/* 5783 */
	0xab,	0x2e,	/* 5784 */
	0x5c,	0x08,	/* 5785 */
	0xfc,	0x00,	/* 5786 */
	0xfd,	0x01,	/* 5787 */
	0x7d,	0x08,	/* 5788 */
	0x37,	0x02,	/* 5789 */
	0x03,	0x1d,	/* 5790 */
	0xa2,	0x2e,	/* 5791 */
	0x7c,	0x08,	/* 5792 */
	0x36,	0x02,	/* 5793 */
	0x03,	0x1c,	/* 5794 */
	0xab,	0x2e,	/* 5795 */
	0x84,	0x30,	/* 5796 */
	0x9c,	0x00,	/* 5797 */
	0x9e,	0x01,	/* 5798 */
	0x0b,	0x30,	/* 5799 */
	0xbf,	0x0a,	/* 5800 */
	0xc8,	0x00,	/* 5801 */
	0xf7,	0x2c,	/* 5802 */
	0x58,	0x1c,	/* 5803 */
	0x42,	0x2b,	/* 5804 */
	0x84,	0x30,	/* 5805 */
	0x9c,	0x00,	/* 5806 */
	0x9e,	0x01,	/* 5807 */
	0x84,	0x30,	/* 5808 */
	0x9c,	0x00,	/* 5809 */
	0x01,	0x30,	/* 5810 */
	0x9e,	0x00,	/* 5811 */
	0x42,	0x2b,	/* 5812 */
	0x48,	0x08,	/* 5813 */
	0x1b,	0x3a,	/* 5814 */
	0x03,	0x1d,	/* 5815 */
	0xe9,	0x2e,	/* 5816 */
	0x14,	0x30,	/* 5817 */
	0xa4,	0x01,	/* 5818 */
	0xa5,	0x00,	/* 5819 */
	0xbf,	0x2e,	/* 5820 */
	0x70,	0x1a,	/* 5821 */
	0xda,	0x2e,	/* 5822 */
	0xff,	0x30,	/* 5823 */
	0xf3,	0x00,	/* 5824 */
	0xf4,	0x01,	/* 5825 */
	0x41,	0x08,	/* 5826 */
	0x0a,	0x12,	/* 5827 */
	0x8a,	0x11,	/* 5828 */
	0x50,	0x26,	/* 5829 */
	0x0a,	0x16,	/* 5830 */
	0x8a,	0x11,	/* 5831 */
	0x5b,	0x30,	/* 5832 */
	0x9c,	0x00,	/* 5833 */
	0x00,	0x00,	/* 5834 */
	0x70,	0x12,	/* 5835 */
	0xfd,	0x27,	/* 5836 */
	0x1d,	0x18,	/* 5837 */
	0x70,	0x16,	/* 5838 */
	0x01,	0x30,	/* 5839 */
	0xfd,	0x27,	/* 5840 */
	0xa4,	0x02,	/* 5841 */
	0x00,	0x30,	/* 5842 */
	0x03,	0x1c,	/* 5843 */
	0xa5,	0x03,	/* 5844 */
	0xa5,	0x02,	/* 5845 */
	0x25,	0x08,	/* 5846 */
	0x24,	0x04,	/* 5847 */
	0x03,	0x1d,	/* 5848 */
	0xbd,	0x2e,	/* 5849 */
	0x5f,	0x14,	/* 5850 */
	0x70,	0x1e,	/* 5851 */
	0xe0,	0x2e,	/* 5852 */
	0x19,	0x30,	/* 5853 */
	0xc8,	0x00,	/* 5854 */
	0x42,	0x2b,	/* 5855 */
	0x68,	0x30,	/* 5856 */
	0x9c,	0x00,	/* 5857 */
	0x00,	0x00,	/* 5858 */
	0xfd,	0x27,	/* 5859 */
	0x1d,	0x08,	/* 5860 */
	0xde,	0x00,	/* 5861 */
	0x5e,	0x18,	/* 5862 */
	0xa7,	0x2e,	/* 5863 */
	0x42,	0x2b,	/* 5864 */
	0x48,	0x08,	/* 5865 */
	0x1d,	0x3a,	/* 5866 */
	0x03,	0x19,	/* 5867 */
	0xf7,	0x2c,	/* 5868 */
	0x42,	0x2b,	/* 5869 */
	0xf8,	0x00,	/* 5870 */
	0x74,	0x30,	/* 5871 */
	0xf7,	0x00,	/* 5872 */
	0x78,	0x08,	/* 5873 */
	0x84,	0x00,	/* 5874 */
	0x0a,	0x16,	/* 5875 */
	0x8a,	0x11,	/* 5876 */
	0x00,	0x20,	/* 5877 */
	0x0a,	0x16,	/* 5878 */
	0x8a,	0x11,	/* 5879 */
	0x00,	0x38,	/* 5880 */
	0x03,	0x19,	/* 5881 */
	0x08,	0x00,	/* 5882 */
	0x78,	0x08,	/* 5883 */
	0x84,	0x00,	/* 5884 */
	0x0a,	0x16,	/* 5885 */
	0x8a,	0x11,	/* 5886 */
	0x00,	0x20,	/* 5887 */
	0x0a,	0x16,	/* 5888 */
	0x8a,	0x11,	/* 5889 */
	0x25,	0x3a,	/* 5890 */
	0x03,	0x19,	/* 5891 */
	0x1c,	0x2f,	/* 5892 */
	0x78,	0x08,	/* 5893 */
	0x84,	0x00,	/* 5894 */
	0x0a,	0x16,	/* 5895 */
	0x8a,	0x11,	/* 5896 */
	0x00,	0x20,	/* 5897 */
	0x0a,	0x16,	/* 5898 */
	0x8a,	0x11,	/* 5899 */
	0xb0,	0x27,	/* 5900 */
	0x0a,	0x16,	/* 5901 */
	0x8a,	0x11,	/* 5902 */
	0xf8,	0x0a,	/* 5903 */
	0xf1,	0x2e,	/* 5904 */
	0x77,	0x08,	/* 5905 */
	0x84,	0x00,	/* 5906 */
	0x00,	0x08,	/* 5907 */
	0xf6,	0x00,	/* 5908 */
	0xf7,	0x0a,	/* 5909 */
	0xf7,	0x0a,	/* 5910 */
	0xaa,	0x27,	/* 5911 */
	0x0a,	0x16,	/* 5912 */
	0x8a,	0x11,	/* 5913 */
	0x0f,	0x2f,	/* 5914 */
	0x05,	0x2f,	/* 5915 */
	0xf8,	0x0a,	/* 5916 */
	0x78,	0x08,	/* 5917 */
	0x84,	0x00,	/* 5918 */
	0x0a,	0x16,	/* 5919 */
	0x8a,	0x11,	/* 5920 */
	0x00,	0x20,	/* 5921 */
	0x0a,	0x16,	/* 5922 */
	0x8a,	0x11,	/* 5923 */
	0x78,	0x3a,	/* 5924 */
	0x03,	0x19,	/* 5925 */
	0x11,	0x2f,	/* 5926 */
	0x1b,	0x2f,	/* 5927 */
	0xf1,	0x2e,	/* 5928 */
	0xf8,	0x00,	/* 5929 */
	0x78,	0x0b,	/* 5930 */
	0x34,	0x2f,	/* 5931 */
	0x80,	0x30,	/* 5932 */
	0xf6,	0x00,	/* 5933 */
	0x82,	0x30,	/* 5934 */
	0xf5,	0x00,	/* 5935 */
	0x22,	0x30,	/* 5936 */
	0xf4,	0x00,	/* 5937 */
	0x44,	0x30,	/* 5938 */
	0x3e,	0x2f,	/* 5939 */
	0x80,	0x30,	/* 5940 */
	0xf8,	0x08,	/* 5941 */
	0xf6,	0x00,	/* 5942 */
	0x82,	0x30,	/* 5943 */
	0xf5,	0x00,	/* 5944 */
	0x03,	0x1d,	/* 5945 */
	0x45,	0x2f,	/* 5946 */
	0x64,	0x30,	/* 5947 */
	0xf4,	0x00,	/* 5948 */
	0x66,	0x30,	/* 5949 */
	0xf3,	0x00,	/* 5950 */
	0xef,	0x30,	/* 5951 */
	0x5a,	0x27,	/* 5952 */
	0x0a,	0x16,	/* 5953 */
	0x8a,	0x11,	/* 5954 */
	0x44,	0x30,	/* 5955 */
	0x4c,	0x2f,	/* 5956 */
	0x54,	0x30,	/* 5957 */
	0xf4,	0x00,	/* 5958 */
	0x55,	0x30,	/* 5959 */
	0xf3,	0x00,	/* 5960 */
	0xef,	0x30,	/* 5961 */
	0x5a,	0x27,	/* 5962 */
	0xcc,	0x30,	/* 5963 */
	0xf3,	0x00,	/* 5964 */
	0xf4,	0x30,	/* 5965 */
	0xf4,	0x01,	/* 5966 */
	0x0a,	0x12,	/* 5967 */
	0x8a,	0x11,	/* 5968 */
	0x45,	0x26,	/* 5969 */
	0x0a,	0x16,	/* 5970 */
	0x8a,	0x11,	/* 5971 */
	0xef,	0x30,	/* 5972 */
	0xf3,	0x01,	/* 5973 */
	0xf4,	0x01,	/* 5974 */
	0xf5,	0x01,	/* 5975 */
	0xf6,	0x01,	/* 5976 */
	0x5a,	0x2f,	/* 5977 */
	0xf7,	0x00,	/* 5978 */
	0xfd,	0x27,	/* 5979 */
	0x8e,	0x00,	/* 5980 */
	0x73,	0x08,	/* 5981 */
	0x98,	0x00,	/* 5982 */
	0x74,	0x08,	/* 5983 */
	0x99,	0x00,	/* 5984 */
	0x75,	0x08,	/* 5985 */
	0x9a,	0x00,	/* 5986 */
	0x76,	0x08,	/* 5987 */
	0x9b,	0x00,	/* 5988 */
	0x00,	0x00,	/* 5989 */
	0xfc,	0x3b,	/* 5990 */
	0x00,	0x00,	/* 5991 */
	0x08,	0x00,	/* 5992 */
	0xf7,	0x00,	/* 5993 */
	0x8c,	0x00,	/* 5994 */
	0x00,	0x00,	/* 5995 */
	0xe0,	0x3b,	/* 5996 */
	0x00,	0x00,	/* 5997 */
	0xfd,	0x27,	/* 5998 */
	0x10,	0x08,	/* 5999 */
	0xf8,	0x00,	/* 6000 */
	0xf9,	0x01,	/* 6001 */
	0x11,	0x08,	/* 6002 */
	0xf5,	0x00,	/* 6003 */
	0xf6,	0x01,	/* 6004 */
	0xf6,	0x00,	/* 6005 */
	0xf5,	0x01,	/* 6006 */
	0x75,	0x08,	/* 6007 */
	0xf8,	0x07,	/* 6008 */
	0x03,	0x18,	/* 6009 */
	0xf9,	0x0a,	/* 6010 */
	0x76,	0x08,	/* 6011 */
	0xf9,	0x07,	/* 6012 */
	0x79,	0x08,	/* 6013 */
	0xf4,	0x00,	/* 6014 */
	0x78,	0x08,	/* 6015 */
	0xf3,	0x00,	/* 6016 */
	0x08,	0x00,	/* 6017 */
	0xf3,	0x00,	/* 6018 */
	0x8c,	0x00,	/* 6019 */
	0x00,	0x00,	/* 6020 */
	0xe0,	0x3b,	/* 6021 */
	0x00,	0x00,	/* 6022 */
	0xfd,	0x27,	/* 6023 */
	0x10,	0x08,	/* 6024 */
	0xf4,	0x00,	/* 6025 */
	0x08,	0x00,	/* 6026 */
	0x73,	0x08,	/* 6027 */
	0x90,	0x00,	/* 6028 */
	0x74,	0x08,	/* 6029 */
	0x91,	0x00,	/* 6030 */
	0x75,	0x08,	/* 6031 */
	0x94,	0x00,	/* 6032 */
	0x76,	0x08,	/* 6033 */
	0x95,	0x00,	/* 6034 */
	0x00,	0x00,	/* 6035 */
	0x6c,	0x3b,	/* 6036 */
	0x00,	0x00,	/* 6037 */
	0xfd,	0x27,	/* 6038 */
	0x16,	0x08,	/* 6039 */
	0xf9,	0x00,	/* 6040 */
	0xfa,	0x01,	/* 6041 */
	0x17,	0x08,	/* 6042 */
	0xf7,	0x00,	/* 6043 */
	0xf8,	0x01,	/* 6044 */
	0xf8,	0x00,	/* 6045 */
	0xf7,	0x01,	/* 6046 */
	0x77,	0x08,	/* 6047 */
	0xf9,	0x07,	/* 6048 */
	0x03,	0x18,	/* 6049 */
	0xfa,	0x0a,	/* 6050 */
	0x78,	0x08,	/* 6051 */
	0xfa,	0x07,	/* 6052 */
	0x7a,	0x08,	/* 6053 */
	0xf4,	0x00,	/* 6054 */
	0x79,	0x08,	/* 6055 */
	0xf3,	0x00,	/* 6056 */
	0x08,	0x00,	/* 6057 */
	0xf3,	0x00,	/* 6058 */
	0x0b,	0x30,	/* 6059 */
	0x9c,	0x00,	/* 6060 */
	0x73,	0x08,	/* 6061 */
	0x9e,	0x00,	/* 6062 */
	0x08,	0x00,	/* 6063 */
	0xf3,	0x00,	/* 6064 */
	0x0c,	0x30,	/* 6065 */
	0x9c,	0x00,	/* 6066 */
	0x73,	0x08,	/* 6067 */
	0x9e,	0x00,	/* 6068 */
	0x08,	0x00,	/* 6069 */
	0x7b,	0x08,	/* 6070 */
	0xf4,	0x00,	/* 6071 */
	0x7a,	0x08,	/* 6072 */
	0xf3,	0x00,	/* 6073 */
	0x79,	0x08,	/* 6074 */
	0x0a,	0x12,	/* 6075 */
	0x8a,	0x11,	/* 6076 */
	0x50,	0x26,	/* 6077 */
	0x0a,	0x16,	/* 6078 */
	0x8a,	0x11,	/* 6079 */
	0x01,	0x30,	/* 6080 */
	0xf7,	0x02,	/* 6081 */
	0x00,	0x30,	/* 6082 */
	0x03,	0x1c,	/* 6083 */
	0xf8,	0x03,	/* 6084 */
	0xf8,	0x02,	/* 6085 */
	0x78,	0x08,	/* 6086 */
	0x77,	0x04,	/* 6087 */
	0x03,	0x19,	/* 6088 */
	0x08,	0x00,	/* 6089 */
	0xb6,	0x2f,	/* 6090 */
	0x83,	0x12,	/* 6091 */
	0x03,	0x13,	/* 6092 */
	0x1d,	0x08,	/* 6093 */
	0xdd,	0x00,	/* 6094 */
	0x01,	0x30,	/* 6095 */
	0xdd,	0x06,	/* 6096 */
	0x4a,	0x30,	/* 6097 */
	0x9c,	0x00,	/* 6098 */
	0x5d,	0x08,	/* 6099 */
	0x9e,	0x00,	/* 6100 */
	0x4b,	0x30,	/* 6101 */
	0x9c,	0x00,	/* 6102 */
	0x1e,	0x14,	/* 6103 */
	0x16,	0x34,	/* 6104 */
	0x01,	0x30,	/* 6105 */
	0xa4,	0x02,	/* 6106 */
	0x00,	0x30,	/* 6107 */
	0x03,	0x1c,	/* 6108 */
	0xa5,	0x03,	/* 6109 */
	0xa5,	0x02,	/* 6110 */
	0x08,	0x00,	/* 6111 */
	0x83,	0x12,	/* 6112 */
	0x03,	0x13,	/* 6113 */
	0x1d,	0x08,	/* 6114 */
	0xdd,	0x00,	/* 6115 */
	0x04,	0x30,	/* 6116 */
	0xdd,	0x06,	/* 6117 */
	0x4a,	0x30,	/* 6118 */
	0x9c,	0x00,	/* 6119 */
	0x5d,	0x08,	/* 6120 */
	0x9e,	0x00,	/* 6121 */
	0x1c,	0x34,	/* 6122 */
	0x01,	0x30,	/* 6123 */
	0xa4,	0x02,	/* 6124 */
	0x00,	0x30,	/* 6125 */
	0x03,	0x1c,	/* 6126 */
	0xa5,	0x03,	/* 6127 */
	0xa5,	0x02,	/* 6128 */
	0x08,	0x00,	/* 6129 */
	0x27,	0x08,	/* 6130 */
	0xf4,	0x00,	/* 6131 */
	0x26,	0x08,	/* 6132 */
	0xf3,	0x00,	/* 6133 */
	0xe2,	0x34,	/* 6134 */
	0x83,	0x12,	/* 6135 */
	0x03,	0x13,	/* 6136 */
	0x1d,	0x08,	/* 6137 */
	0xd0,	0x00,	/* 6138 */
	0xd0,	0x08,	/* 6139 */
	0x08,	0x00,	/* 6140 */
	0x83,	0x12,	/* 6141 */
	0x03,	0x13,	/* 6142 */
	0x08,	0x00	/* 6143 */
};


