

/*!
    xbm(x bitmap) every bit stands for a pixel.
    pal is 15*19 a character, ntsc is 15*17 a charater
    every line has 480/15 = 32 characters
    WIDTH   480
    HEIGHT  912
  */
const u8 wstfont2_bits_pal_vsb_test[] = {
  0x00, 0x00, 0x00, 0x00, 0x00, 0x00, 0x00, 0x00, 0x1C, 0x00, 0x00, 0x00,
  0x00, 0x00, 0x00, 0x00, 0x00, 0x00, 0x00, 0x00, 0x00, 0x00, 0x00, 0x00,
  0x00, 0x00, 0x00, 0x00, 0x00, 0x00, 0x00, 0x00, 0x00, 0x00, 0x00, 0x00,
  0x00, 0x00, 0x00, 0x00, 0x00, 0x00, 0x00, 0x00, 0x00, 0x00, 0x00, 0x00,
  0x00, 0x00, 0x00, 0x00, 0x00, 0x00, 0x00, 0x00, 0x00, 0x00, 0x00, 0x00,
  0x00, 0x00, 0x00, 0x00, 0x00, 0x00, 0x00, 0x00, 0x1C, 0x00, 0x00, 0x00,
  0x00, 0x00, 0x00, 0x00, 0x00, 0x00, 0x00, 0x00, 0x00, 0x00, 0x00, 0x00,
  0x00, 0x00, 0x00, 0x00, 0x00, 0x00, 0x00, 0x00, 0x00, 0x00, 0x00, 0x00,
  0x00, 0x00, 0x00, 0x00, 0x00, 0x00, 0x00, 0x00, 0x00, 0x00, 0x00, 0x00,
  0x00, 0x00, 0x00, 0x00, 0x00, 0x00, 0x00, 0x00, 0x00, 0x00, 0x00, 0x00,
  0x00, 0x00, 0xE0, 0x00, 0x8F, 0x03, 0xC6, 0xC0, 0xFF, 0xF0, 0x60, 0xC0,
  0x07, 0x80, 0x07, 0xC0, 0x03, 0xF0, 0x00, 0x70, 0x00, 0x00, 0x00, 0x00,
  0x00, 0x00, 0x00, 0x00, 0x00, 0x18, 0xF0, 0x0F, 0xC0, 0x01, 0xFC, 0x83,
  0xFF, 0x07, 0x38, 0xE0, 0xFF, 0x01, 0x07, 0xF8, 0x7F, 0xF0, 0x0F, 0xF8,
  0x07, 0x00, 0x00, 0x00, 0x00, 0xC0, 0x03, 0x00, 0x78, 0x00, 0xE0, 0x0F,
  0x00, 0x00, 0xE0, 0x00, 0x8F, 0x03, 0xC6, 0xC0, 0xFF, 0xF0, 0x60, 0xC0,
  0x07, 0x80, 0x07, 0xC0, 0x03, 0xF0, 0x00, 0x70, 0x00, 0x00, 0x00, 0x00,
  0x00, 0x00, 0x00, 0x00, 0x00, 0x18, 0xF0, 0x0F, 0xC0, 0x01, 0xFC, 0x83,
  0xFF, 0x07, 0x38, 0xE0, 0xFF, 0x01, 0x07, 0xF8, 0x7F, 0xF0, 0x0F, 0xF8,
  0x07, 0x00, 0x00, 0x00, 0x00, 0xC0, 0x03, 0x00, 0x78, 0x00, 0xE0, 0x0F,
  0x00, 0x00, 0xE0, 0x00, 0x0C, 0x03, 0xC6, 0xE0, 0x9C, 0x9B, 0x31, 0x70,
  0x0E, 0x00, 0x07, 0x60, 0x00, 0xC0, 0x81, 0x73, 0x0E, 0x38, 0x00, 0x00,
  0x00, 0x00, 0x00, 0x00, 0x00, 0x0C, 0x1C, 0x38, 0xF0, 0x01, 0x07, 0x0E,
  0x80, 0x01, 0x1C, 0xE0, 0x00, 0x80, 0x01, 0x00, 0x70, 0x1C, 0x38, 0x0E,
  0x1C, 0x00, 0x00, 0x00, 0x00, 0x78, 0x00, 0x00, 0xC0, 0x01, 0x38, 0x18,
  0x00, 0x00, 0xE0, 0x00, 0x0C, 0x03, 0xC6, 0xE0, 0x9C, 0x9B, 0x31, 0x70,
  0x0E, 0x00, 0x07, 0x60, 0x00, 0xC0, 0x81, 0x73, 0x0E, 0x38, 0x00, 0x00,
  0x00, 0x00, 0x00, 0x00, 0x00, 0x0C, 0x1C, 0x38, 0xF0, 0x01, 0x07, 0x0E,
  0x80, 0x01, 0x1C, 0xE0, 0x00, 0x80, 0x01, 0x00, 0x70, 0x1C, 0x38, 0x0E,
  0x1C, 0x00, 0x00, 0x00, 0x00, 0x78, 0x00, 0x00, 0xC0, 0x01, 0x38, 0x18,
  0x00, 0x00, 0xE0, 0x00, 0x87, 0xC1, 0xFF, 0xE7, 0x1C, 0xF0, 0x1C, 0x70,
  0x0E, 0x80, 0x03, 0x30, 0x00, 0x00, 0x03, 0x77, 0x03, 0x38, 0x00, 0x00,
  0x00, 0x00, 0x00, 0x00, 0x00, 0x07, 0x1C, 0x38, 0xC0, 0x01, 0x00, 0x0E,
  0xC0, 0x00, 0x06, 0xE0, 0x7F, 0xC0, 0x00, 0x00, 0x18, 0x1C, 0x38, 0x0E,
  0x1C, 0x18, 0x00, 0x0C, 0x00, 0x1E, 0xE0, 0x7F, 0x00, 0x0F, 0x00, 0x18,
  0x00, 0x00, 0xE0, 0x00, 0x87, 0xC1, 0xFF, 0xE7, 0x1C, 0xF0, 0x1C, 0x70,
  0x0E, 0x80, 0x03, 0x30, 0x00, 0x00, 0x03, 0x77, 0x03, 0x38, 0x00, 0x00,
  0x00, 0x00, 0x00, 0x00, 0x00, 0x07, 0x1C, 0x38, 0xC0, 0x01, 0x00, 0x0E,
  0xC0, 0x00, 0x06, 0xE0, 0x7F, 0xC0, 0x00, 0x00, 0x18, 0x1C, 0x38, 0x0E,
  0x1C, 0x18, 0x00, 0x0C, 0x00, 0x1E, 0xE0, 0x7F, 0x00, 0x0F, 0x00, 0x18,
  0x00, 0x00, 0xE0, 0x00, 0x00, 0x00, 0xC6, 0xC0, 0xFF, 0x00, 0x0E, 0xC0,
  0x07, 0x00, 0x00, 0x30, 0x00, 0x00, 0x03, 0xF8, 0x80, 0xFF, 0x01, 0x00,
  0xE0, 0x7F, 0x00, 0x00, 0x80, 0x03, 0x1C, 0x38, 0xC0, 0x01, 0x80, 0x03,
  0xF0, 0x01, 0xC3, 0x00, 0xC0, 0xF1, 0x3F, 0x00, 0x0C, 0xF0, 0x0F, 0xF8,
  0x07, 0x18, 0x00, 0x0C, 0xC0, 0x03, 0x00, 0x00, 0x00, 0x38, 0x00, 0x0C,
  0x00, 0x00, 0xE0, 0x00, 0x00, 0xC0, 0xFF, 0x07, 0x9C, 0x03, 0xE3, 0x71,
  0xCE, 0x01, 0x00, 0x30, 0x00, 0x00, 0x03, 0x77, 0x03, 0x38, 0x00, 0x00,
  0xE0, 0x7F, 0x00, 0x00, 0xC0, 0x00, 0x1C, 0x38, 0xC0, 0x01, 0xF0, 0x00,
  0x00, 0xC7, 0xC1, 0x00, 0xC0, 0x71, 0xE0, 0x00, 0x07, 0x1C, 0x38, 0x00,
  0x03, 0x00, 0x00, 0x00, 0x00, 0x1E, 0xE0, 0x7F, 0x00, 0x0F, 0x80, 0x03,
  0x00, 0x00, 0xE0, 0x00, 0x00, 0xC0, 0xFF, 0x07, 0x9C, 0x03, 0xE3, 0x71,
  0xCE, 0x01, 0x00, 0x30, 0x00, 0x00, 0x03, 0x77, 0x03, 0x38, 0x00, 0x00,
  0x00, 0x00, 0x00, 0x00, 0xC0, 0x00, 0x1C, 0x38, 0xC0, 0x01, 0xF0, 0x00,
  0x00, 0xC7, 0xC1, 0x00, 0xC0, 0x71, 0xE0, 0x00, 0x07, 0x1C, 0x38, 0x00,
  0x03, 0x00, 0x00, 0x00, 0x00, 0x1E, 0xE0, 0x7F, 0x00, 0x0F, 0x80, 0x03,
  0x00, 0x00, 0x00, 0x00, 0x00, 0x00, 0xC6, 0xE0, 0x9C, 0x83, 0xB1, 0x3B,
  0x38, 0x00, 0x00, 0x60, 0x00, 0xC0, 0x81, 0x73, 0x0E, 0x38, 0xC0, 0x03,
  0x00, 0x00, 0x70, 0x00, 0x60, 0x00, 0x1C, 0x38, 0xC0, 0x01, 0x1C, 0x00,
  0x00, 0xC7, 0xFF, 0xE3, 0xC0, 0x71, 0xE0, 0x80, 0x03, 0x1C, 0x38, 0xC0,
  0x01, 0x18, 0x00, 0x0C, 0x00, 0x78, 0x00, 0x00, 0xC0, 0x01, 0x00, 0x00,
  0x00, 0x00, 0x00, 0x00, 0x00, 0x00, 0xC6, 0xE0, 0x9C, 0x83, 0xB1, 0x3B,
  0x38, 0x00, 0x00, 0x60, 0x00, 0xC0, 0x81, 0x73, 0x0E, 0x38, 0xC0, 0x03,
  0x00, 0x00, 0x70, 0x00, 0x60, 0x00, 0x1C, 0x38, 0xC0, 0x01, 0x1C, 0x00,
  0x00, 0xC7, 0xFF, 0xE3, 0xC0, 0x71, 0xE0, 0x80, 0x03, 0x1C, 0x38, 0xC0,
  0x01, 0x18, 0x00, 0x0C, 0x00, 0x78, 0x00, 0x00, 0xC0, 0x01, 0x00, 0x00,
  0x00, 0x00, 0xE0, 0x00, 0x00, 0x00, 0xC6, 0xC0, 0xFF, 0xE0, 0xE0, 0xF1,
  0xCF, 0x01, 0x00, 0xC0, 0x03, 0xF0, 0x00, 0x70, 0x00, 0x00, 0x00, 0x03,
  0x00, 0x00, 0x70, 0x00, 0x38, 0x00, 0xF0, 0x0F, 0xC0, 0x01, 0xFF, 0x8F,
  0xFF, 0x01, 0xC0, 0x80, 0x7F, 0xC0, 0x3F, 0xC0, 0x00, 0xF0, 0x0F, 0xE0,
  0x00, 0x18, 0x00, 0x0C, 0x00, 0xC0, 0x03, 0x00, 0x78, 0x00, 0x80, 0x03,
  0x00, 0x00, 0xE0, 0x00, 0x00, 0x00, 0xC6, 0xC0, 0xFF, 0xE0, 0xE0, 0xF1,
  0xCF, 0x01, 0x00, 0xC0, 0x03, 0xF0, 0x00, 0x70, 0x00, 0x00, 0x00, 0x03,
  0x00, 0x00, 0x70, 0x00, 0x38, 0x00, 0xF0, 0x0F, 0xC0, 0x01, 0xFF, 0x8F,
  0xFF, 0x01, 0xC0, 0x80, 0x7F, 0xC0, 0x3F, 0xC0, 0x00, 0xF0, 0x0F, 0xE0,
  0x00, 0x18, 0x00, 0x0C, 0x00, 0xC0, 0x03, 0x00, 0x78, 0x00, 0x80, 0x03,
  0x00, 0x00, 0x00, 0x00, 0x00, 0x00, 0x00, 0x00, 0x1C, 0x00, 0x00, 0x00,
  0x00, 0x00, 0x00, 0x00, 0x00, 0x00, 0x00, 0x00, 0x00, 0x00, 0xC0, 0x01,
  0x00, 0x00, 0x00, 0x00, 0x00, 0x00, 0x00, 0x00, 0x00, 0x00, 0x00, 0x00,
  0x00, 0x00, 0x00, 0x00, 0x00, 0x00, 0x00, 0x00, 0x00, 0x00, 0x00, 0x00,
  0x00, 0x00, 0x00, 0x06, 0x00, 0x00, 0x00, 0x00, 0x00, 0x00, 0x00, 0x00,
  0x00, 0x00, 0x00, 0x00, 0x00, 0x00, 0x00, 0x00, 0x1C, 0x00, 0x00, 0x00,
  0x00, 0x00, 0x00, 0x00, 0x00, 0x00, 0x00, 0x00, 0x00, 0x00, 0xC0, 0x01,
  0x00, 0x00, 0x00, 0x00, 0x00, 0x00, 0x00, 0x00, 0x00, 0x00, 0x00, 0x00,
  0x00, 0x00, 0x00, 0x00, 0x00, 0x00, 0x00, 0x00, 0x00, 0x00, 0x00, 0x00,
  0x00, 0x00, 0x00, 0x06, 0x00, 0x00, 0x00, 0x00, 0x00, 0x00, 0x00, 0x00,
  0x00, 0x00, 0x00, 0x00, 0x00, 0x00, 0x00, 0x00, 0x00, 0x00, 0x00, 0x00,
  0x00, 0x00, 0x00, 0x00, 0x00, 0x00, 0x00, 0x00, 0x00, 0x00, 0x00, 0x00,
  0x00, 0x00, 0x00, 0x00, 0x00, 0x00, 0x00, 0x00, 0x00, 0x00, 0x00, 0x00,
  0x00, 0x00, 0x00, 0x00, 0x00, 0x00, 0x00, 0x00, 0x00, 0x00, 0x00, 0x00,
  0x00, 0x00, 0x00, 0x00, 0x00, 0x00, 0x00, 0x00, 0x00, 0x00, 0x00, 0x00,
  0x00, 0x00, 0x00, 0x00, 0x00, 0x00, 0x00, 0x00, 0x00, 0x00, 0x00, 0x00,
  0x00, 0x00, 0x00, 0x00, 0x00, 0x00, 0x00, 0x00, 0x00, 0x00, 0x00, 0x00,
  0x00, 0x00, 0x00, 0x00, 0x00, 0x00, 0x00, 0x00, 0x00, 0x00, 0x00, 0x00,
  0x00, 0x00, 0x00, 0x00, 0x00, 0x00, 0x00, 0x00, 0x00, 0x00, 0x00, 0x00,
  0x00, 0x00, 0x00, 0x00, 0x00, 0x00, 0x00, 0x00, 0x00, 0x00, 0x00, 0x00,
  0x00, 0x00, 0x00, 0x00, 0x00, 0x00, 0x00, 0x00, 0x00, 0x00, 0x00, 0x00,
  0x00, 0x00, 0x00, 0x00, 0x00, 0x00, 0x00, 0x00, 0x00, 0x00, 0x00, 0x00,
  0x00, 0x00, 0x00, 0x00, 0x00, 0x00, 0x00, 0x00, 0x00, 0x00, 0x00, 0x00,
  0x00, 0x00, 0x00, 0x00, 0x00, 0x00, 0x00, 0x00, 0x00, 0x00, 0x00, 0x00,
  0x00, 0x00, 0x00, 0xF8, 0x00, 0x00, 0x80, 0x0F, 0x00, 0x00, 0x00, 0x00,
  0x00, 0x00, 0x00, 0x00, 0x00, 0x00, 0x00, 0x00, 0x00, 0x00, 0x00, 0x00,
  0x00, 0x00, 0x00, 0x00, 0x00, 0x00, 0x00, 0x00, 0x00, 0x00, 0x00, 0x00,
  0x00, 0x00, 0x00, 0x00, 0x00, 0x00, 0x00, 0x00, 0x00, 0x00, 0x00, 0x00,
  0x00, 0x00, 0x00, 0x00, 0x00, 0x00, 0x00, 0x00, 0x00, 0x00, 0x00, 0x00,
  0x00, 0x00, 0x00, 0xF8, 0x00, 0x00, 0x80, 0x0F, 0x00, 0x00, 0x00, 0x00,
  0xF0, 0x0F, 0xF0, 0x01, 0xFF, 0x03, 0xFC, 0xC1, 0x7F, 0xE0, 0xFF, 0xF1,
  0xFF, 0xE0, 0x1F, 0x1C, 0x38, 0xFE, 0x07, 0x00, 0x8E, 0x83, 0xC7, 0x01,
  0xF0, 0xE0, 0x79, 0xE0, 0xE0, 0x1F, 0xFC, 0x0F, 0xF8, 0x07, 0xFF, 0x03,
  0xFE, 0xE1, 0xFF, 0xE3, 0xC0, 0x39, 0xE0, 0x1C, 0x70, 0x1C, 0x0C, 0x07,
  0x1C, 0xFF, 0x03, 0x38, 0xC0, 0x01, 0x00, 0x0E, 0x80, 0x07, 0x00, 0x00,
  0xF0, 0x0F, 0xF0, 0x01, 0xFF, 0x03, 0xFC, 0xC1, 0x7F, 0xE0, 0xFF, 0xF1,
  0xFF, 0xE0, 0x1F, 0x1C, 0x38, 0xFE, 0x07, 0x00, 0x8E, 0x83, 0xC7, 0x01,
  0xF0, 0xE0, 0x79, 0xE0, 0xE0, 0x1F, 0xFC, 0x0F, 0xF8, 0x07, 0xFF, 0x03,
  0xFE, 0xE1, 0xFF, 0xE3, 0xC0, 0x39, 0xE0, 0x1C, 0x70, 0x1C, 0x0C, 0x07,
  0x1C, 0xFF, 0x03, 0x38, 0xC0, 0x01, 0x00, 0x0E, 0x80, 0x07, 0x00, 0x00,
  0x1C, 0x38, 0x18, 0x03, 0x07, 0x0E, 0x06, 0xC7, 0xC1, 0xE0, 0x00, 0x70,
  0x00, 0x38, 0x70, 0x1C, 0x38, 0xE0, 0x00, 0x00, 0x8E, 0xF3, 0xC0, 0x01,
  0xF0, 0xF1, 0xF9, 0xE0, 0x38, 0x70, 0x1C, 0x38, 0x0E, 0x1C, 0x07, 0x8E,
  0x03, 0x07, 0x1C, 0xE0, 0xC0, 0x39, 0xE0, 0x1C, 0x70, 0x30, 0x06, 0x0E,
  0x06, 0x80, 0x01, 0x38, 0x00, 0x03, 0x00, 0x0E, 0xC0, 0x0E, 0x00, 0x00,
  0x1C, 0x38, 0x18, 0x03, 0x07, 0x0E, 0x06, 0xC7, 0xC1, 0xE0, 0x00, 0x70,
  0x00, 0x38, 0x70, 0x1C, 0x38, 0xE0, 0x00, 0x00, 0x8E, 0xF3, 0xC0, 0x01,
  0xF0, 0xF1, 0xF9, 0xE0, 0x38, 0x70, 0x1C, 0x38, 0x0E, 0x1C, 0x07, 0x8E,
  0x03, 0x07, 0x1C, 0xE0, 0xC0, 0x39, 0xE0, 0x1C, 0x70, 0x30, 0x06, 0x0E,
  0x06, 0x80, 0x01, 0x38, 0x00, 0x03, 0x00, 0x0E, 0xC0, 0x0E, 0x00, 0x00,
  0x8E, 0x3F, 0x0E, 0x06, 0x07, 0x8E, 0x03, 0xC0, 0x81, 0xE3, 0x00, 0x70,
  0x00, 0x38, 0x00, 0x1C, 0x38, 0xE0, 0x00, 0x00, 0x8E, 0x7B, 0xC0, 0x01,
  0x70, 0xDF, 0xB9, 0xE1, 0x38, 0x70, 0x1C, 0x38, 0x0E, 0x1C, 0x07, 0x8E,
  0x03, 0x00, 0x1C, 0xE0, 0xC0, 0x71, 0x30, 0x9C, 0x73, 0xE0, 0x03, 0x18,
  0x03, 0xE0, 0x00, 0x38, 0x00, 0x06, 0x00, 0x0E, 0x70, 0x18, 0x00, 0x00,
  0x8E, 0x3F, 0x0E, 0x06, 0x07, 0x8E, 0x03, 0xC0, 0x81, 0xE3, 0x00, 0x70,
  0x00, 0x38, 0x00, 0x1C, 0x38, 0xE0, 0x00, 0x00, 0x8E, 0x7B, 0xC0, 0x01,
  0x70, 0xDF, 0xB9, 0xE1, 0x38, 0x70, 0x1C, 0x38, 0x0E, 0x1C, 0x07, 0x8E,
  0x03, 0x00, 0x1C, 0xE0, 0xC0, 0x71, 0x30, 0x9C, 0x73, 0xE0, 0x03, 0x18,
  0x03, 0xE0, 0x00, 0x38, 0x00, 0x06, 0x00, 0x0E, 0x70, 0x18, 0x00, 0x00,
  0xCE, 0x39, 0x07, 0x1C, 0xFF, 0x83, 0x03, 0xC0, 0x81, 0xE3, 0x3F, 0xF0,
  0x1F, 0x38, 0x7C, 0xFC, 0x3F, 0xE0, 0x00, 0x00, 0x8E, 0x0F, 0xC0, 0x01,
  0x70, 0xCE, 0x39, 0xE7, 0x38, 0x70, 0xFC, 0x0F, 0x0E, 0x1C, 0xFF, 0x03,
  0xFE, 0x01, 0x1C, 0xE0, 0xC0, 0x71, 0x30, 0x9C, 0x73, 0xC0, 0x01, 0xF0,
  0x01, 0x70, 0x00, 0x38, 0x00, 0x1C, 0x00, 0x0E, 0x00, 0x00, 0x00, 0x00,
  0xCE, 0x39, 0xFF, 0x1F, 0x07, 0x8E, 0x03, 0xC0, 0x81, 0xE3, 0x00, 0x70,
  0x00, 0x38, 0x70, 0x1C, 0x38, 0xE0, 0x00, 0x00, 0x8E, 0x7B, 0xC0, 0x01,
  0x70, 0xC0, 0x39, 0xEE, 0x38, 0x70, 0x1C, 0x00, 0x0E, 0x1C, 0x87, 0x01,
  0x00, 0x07, 0x1C, 0xE0, 0xC0, 0xC1, 0x18, 0xDC, 0x77, 0xE0, 0x03, 0xE0,
  0x00, 0x18, 0x00, 0x38, 0x00, 0x38, 0x00, 0x0E, 0x00, 0x00, 0x00, 0x00,
  0xCE, 0x39, 0xFF, 0x1F, 0x07, 0x8E, 0x03, 0xC0, 0x81, 0xE3, 0x00, 0x70,
  0x00, 0x38, 0x70, 0x1C, 0x38, 0xE0, 0x00, 0x00, 0x8E, 0x7B, 0xC0, 0x01,
  0x70, 0xC0, 0x39, 0xEE, 0x38, 0x70, 0x1C, 0x00, 0x0E, 0x1C, 0x87, 0x01,
  0x00, 0x07, 0x1C, 0xE0, 0xC0, 0xC1, 0x18, 0xDC, 0x77, 0xE0, 0x03, 0xE0,
  0x00, 0x18, 0x00, 0x38, 0x00, 0x38, 0x00, 0x0E, 0x00, 0x00, 0x00, 0x00,
  0x8E, 0x3F, 0x07, 0x1C, 0x07, 0x0E, 0x06, 0xC7, 0xC1, 0xE0, 0x00, 0x70,
  0x00, 0x38, 0x70, 0x1C, 0x38, 0xE0, 0x00, 0x07, 0x8E, 0xF3, 0xC0, 0x01,
  0x70, 0xC0, 0x39, 0xF8, 0x38, 0x70, 0x1C, 0x00, 0xCE, 0x1D, 0x07, 0x83,
  0x03, 0x07, 0x1C, 0xE0, 0xC0, 0x81, 0x0F, 0x78, 0x1C, 0x30, 0x06, 0xE0,
  0x00, 0x0C, 0x00, 0x38, 0x00, 0x60, 0x00, 0x0E, 0x00, 0x00, 0x00, 0x00,
  0x8E, 0x3F, 0x07, 0x1C, 0x07, 0x0E, 0x06, 0xC7, 0xC1, 0xE0, 0x00, 0x70,
  0x00, 0x38, 0x70, 0x1C, 0x38, 0xE0, 0x00, 0x07, 0x8E, 0xF3, 0xC0, 0x01,
  0x70, 0xC0, 0x39, 0xF8, 0x38, 0x70, 0x1C, 0x00, 0xCE, 0x1D, 0x07, 0x83,
  0x03, 0x07, 0x1C, 0xE0, 0xC0, 0x81, 0x0F, 0x78, 0x1C, 0x30, 0x06, 0xE0,
  0x00, 0x0C, 0x00, 0x38, 0x00, 0x60, 0x00, 0x0E, 0x00, 0x00, 0x00, 0x00,
  0x1C, 0x00, 0x07, 0x1C, 0xFF, 0x03, 0xFC, 0xC1, 0x7F, 0xE0, 0xFF, 0x71,
  0x00, 0xE0, 0x1F, 0x1C, 0x38, 0xFE, 0x07, 0xFC, 0x83, 0x83, 0xC7, 0xFF,
  0x73, 0xC0, 0x39, 0xF0, 0xE0, 0x1F, 0x1C, 0x00, 0xF8, 0x07, 0x07, 0x0E,
  0xFE, 0x01, 0x1C, 0x80, 0x7F, 0x00, 0x07, 0x38, 0x18, 0x1C, 0x0C, 0xE0,
  0x00, 0xFF, 0x03, 0x38, 0x00, 0xC0, 0x00, 0x0E, 0x00, 0x00, 0x00, 0x00,
  0x1C, 0x00, 0x07, 0x1C, 0xFF, 0x03, 0xFC, 0xC1, 0x7F, 0xE0, 0xFF, 0x71,
  0x00, 0xE0, 0x1F, 0x1C, 0x38, 0xFE, 0x07, 0xFC, 0x83, 0x83, 0xC7, 0xFF,
  0x73, 0xC0, 0x39, 0xF0, 0xE0, 0x1F, 0x1C, 0x00, 0xF8, 0x07, 0x07, 0x0E,
  0xFE, 0x01, 0x1C, 0x80, 0x7F, 0x00, 0x07, 0x38, 0x18, 0x1C, 0x0C, 0xE0,
  0x00, 0xFF, 0x03, 0x38, 0x00, 0xC0, 0x00, 0x0E, 0x00, 0x00, 0x00, 0x00,
  0xF0, 0x0F, 0x00, 0x00, 0x00, 0x00, 0x00, 0x00, 0x00, 0x00, 0x00, 0x00,
  0x00, 0x00, 0x00, 0x00, 0x00, 0x00, 0x00, 0x00, 0x00, 0x00, 0x00, 0x00,
  0x00, 0x00, 0x00, 0x00, 0x00, 0x00, 0x00, 0x00, 0x00, 0x03, 0x00, 0x00,
  0x00, 0x00, 0x00, 0x00, 0x00, 0x00, 0x00, 0x00, 0x00, 0x00, 0x00, 0x00,
  0x00, 0x00, 0x00, 0xF8, 0x00, 0x00, 0x80, 0x0F, 0x00, 0x00, 0xFC, 0x7F,
  0xF0, 0x0F, 0x00, 0x00, 0x00, 0x00, 0x00, 0x00, 0x00, 0x00, 0x00, 0x00,
  0x00, 0x00, 0x00, 0x00, 0x00, 0x00, 0x00, 0x00, 0x00, 0x00, 0x00, 0x00,
  0x00, 0x00, 0x00, 0x00, 0x00, 0x00, 0x00, 0x00, 0x00, 0x03, 0x00, 0x00,
  0x00, 0x00, 0x00, 0x00, 0x00, 0x00, 0x00, 0x00, 0x00, 0x00, 0x00, 0x00,
  0x00, 0x00, 0x00, 0xF8, 0x00, 0x00, 0x80, 0x0F, 0x00, 0x00, 0xFC, 0x7F,
  0x00, 0x00, 0x00, 0x00, 0x00, 0x00, 0x00, 0x00, 0x00, 0x00, 0x00, 0x00,
  0x00, 0x00, 0x00, 0x00, 0x00, 0x00, 0x00, 0x00, 0x00, 0x00, 0x00, 0x00,
  0x00, 0x00, 0x00, 0x00, 0x00, 0x00, 0x00, 0x00, 0x00, 0x1E, 0x00, 0x00,
  0x00, 0x00, 0x00, 0x00, 0x00, 0x00, 0x00, 0x00, 0x00, 0x00, 0x00, 0x00,
  0x00, 0x00, 0x00, 0x00, 0x00, 0x00, 0x00, 0x00, 0x00, 0x00, 0x00, 0x00,
  0x00, 0x00, 0x00, 0x00, 0x00, 0x00, 0x00, 0x00, 0x00, 0x00, 0x00, 0x00,
  0x00, 0x00, 0x00, 0x00, 0x00, 0x00, 0x00, 0x00, 0x00, 0x00, 0x00, 0x00,
  0x00, 0x00, 0x00, 0x00, 0x00, 0x00, 0x00, 0x00, 0x00, 0x1E, 0x00, 0x00,
  0x00, 0x00, 0x00, 0x00, 0x00, 0x00, 0x00, 0x00, 0x00, 0x00, 0x00, 0x00,
  0x00, 0x00, 0x00, 0x00, 0x00, 0x00, 0x00, 0x00, 0x00, 0x00, 0x00, 0x00,
  0x00, 0x00, 0x00, 0x00, 0x00, 0x00, 0x00, 0x00, 0x00, 0x00, 0x00, 0x00,
  0x00, 0x00, 0x00, 0x00, 0x00, 0x00, 0x00, 0x00, 0x00, 0x00, 0x00, 0x00,
  0x00, 0x00, 0x00, 0x00, 0x00, 0x00, 0x00, 0x00, 0x00, 0x00, 0x00, 0x00,
  0x00, 0x00, 0x00, 0x00, 0x00, 0x00, 0x00, 0x00, 0x00, 0x00, 0x00, 0x00,
  0x00, 0x00, 0x00, 0xF0, 0x00, 0x00, 0x80, 0x03, 0x00, 0x00, 0x00, 0x00,
  0x00, 0x00, 0x00, 0x00, 0x00, 0x00, 0x00, 0x00, 0x00, 0x00, 0x00, 0x00,
  0x00, 0x00, 0x00, 0x00, 0x00, 0x00, 0x00, 0x00, 0x00, 0x00, 0x00, 0x00,
  0x00, 0x00, 0x00, 0x00, 0x00, 0x00, 0x00, 0x00, 0x00, 0x00, 0x00, 0x00,
  0x00, 0x00, 0x00, 0x00, 0x00, 0x00, 0x00, 0x00, 0x00, 0x00, 0x00, 0x00,
  0x00, 0x00, 0x00, 0xF0, 0x00, 0x00, 0x80, 0x03, 0x00, 0x00, 0x00, 0x00,
  0xC0, 0x01, 0x00, 0x00, 0x07, 0x00, 0x00, 0x00, 0x80, 0x03, 0x00, 0x00,
  0x1F, 0x00, 0x00, 0x1C, 0x00, 0xE0, 0x00, 0x00, 0x8E, 0x03, 0x00, 0x1F,
  0x00, 0x00, 0x00, 0x00, 0x00, 0x00, 0x00, 0x00, 0x00, 0x00, 0x00, 0x00,
  0x00, 0x00, 0x06, 0x00, 0x00, 0x00, 0x00, 0x00, 0x00, 0x00, 0x00, 0x00,
  0x00, 0x00, 0x00, 0x38, 0x00, 0x1C, 0x00, 0x0E, 0xC0, 0xE7, 0x00, 0x00,
  0xC0, 0x01, 0x00, 0x00, 0x07, 0x00, 0x00, 0x00, 0x80, 0x03, 0x00, 0x00,
  0x1F, 0x00, 0x00, 0x1C, 0x00, 0xE0, 0x00, 0x00, 0x8E, 0x03, 0x00, 0x1F,
  0x00, 0x00, 0x00, 0x00, 0x00, 0x00, 0x00, 0x00, 0x00, 0x00, 0x00, 0x00,
  0x00, 0x00, 0x06, 0x00, 0x00, 0x00, 0x00, 0x00, 0x00, 0x00, 0x00, 0x00,
  0x00, 0x00, 0x00, 0x38, 0x00, 0x1C, 0x00, 0x0E, 0xC0, 0xE7, 0x00, 0x00,
  0x80, 0x03, 0x00, 0x00, 0x07, 0x00, 0x00, 0x00, 0x80, 0x03, 0x00, 0x80,
  0x31, 0x00, 0x00, 0x1C, 0x00, 0x00, 0x00, 0x00, 0x80, 0x03, 0x00, 0x1C,
  0x00, 0x00, 0x00, 0x00, 0x00, 0x00, 0x00, 0x00, 0x00, 0x00, 0x00, 0x00,
  0x00, 0x00, 0x06, 0x00, 0x00, 0x00, 0x00, 0x00, 0x00, 0x00, 0x00, 0x00,
  0x00, 0x00, 0x00, 0x38, 0x00, 0x1C, 0x00, 0x0E, 0x70, 0x3E, 0x00, 0x00,
  0x80, 0x03, 0x00, 0x00, 0x07, 0x00, 0x00, 0x00, 0x80, 0x03, 0x00, 0x80,
  0x31, 0x00, 0x00, 0x1C, 0x00, 0x00, 0x00, 0x00, 0x80, 0x03, 0x00, 0x1C,
  0x00, 0x00, 0x00, 0x00, 0x00, 0x00, 0x00, 0x00, 0x00, 0x00, 0x00, 0x00,
  0x00, 0x00, 0x06, 0x00, 0x00, 0x00, 0x00, 0x00, 0x00, 0x00, 0x00, 0x00,
  0x00, 0x00, 0x00, 0x38, 0x00, 0x1C, 0x00, 0x0E, 0x70, 0x3E, 0x00, 0x00,
  0x00, 0x06, 0xFE, 0x03, 0xF7, 0x03, 0xFE, 0x01, 0xBF, 0x83, 0x7F, 0x80,
  0x01, 0xE0, 0x77, 0xDC, 0x0F, 0xF0, 0x00, 0x80, 0x8F, 0x83, 0x07, 0x1C,
  0xF0, 0x73, 0x70, 0x3F, 0xE0, 0x1F, 0xDC, 0x0F, 0xF8, 0x1D, 0xF7, 0x03,
  0xFE, 0xC1, 0x7F, 0xE0, 0xC0, 0x39, 0xE0, 0x1C, 0x70, 0x1E, 0x3C, 0x0E,
  0x1C, 0xFF, 0x0F, 0x38, 0x00, 0x1C, 0x00, 0x0E, 0x00, 0x00, 0x00, 0x00,
  0x00, 0x06, 0xFE, 0x03, 0xF7, 0x03, 0xFE, 0x01, 0xBF, 0x83, 0x7F, 0x80,
  0x01, 0xE0, 0x77, 0xDC, 0x0F, 0xF0, 0x00, 0x80, 0x8F, 0x83, 0x07, 0x1C,
  0xF0, 0x73, 0x70, 0x3F, 0xE0, 0x1F, 0xDC, 0x0F, 0xF8, 0x1D, 0xF7, 0x03,
  0xFE, 0xC1, 0x7F, 0xE0, 0xC0, 0x39, 0xE0, 0x1C, 0x70, 0x1E, 0x3C, 0x0E,
  0x1C, 0xFF, 0x0F, 0x38, 0x00, 0x1C, 0x00, 0x0E, 0x00, 0x00, 0x00, 0x00,
  0x00, 0x00, 0x00, 0x06, 0x0F, 0x8E, 0x03, 0xC7, 0xC1, 0xE3, 0xC0, 0xF1,
  0x0F, 0x38, 0x78, 0x3C, 0x38, 0xE0, 0x00, 0x00, 0x8E, 0xC3, 0x00, 0x1C,
  0x70, 0xCE, 0xF1, 0xE0, 0x38, 0x70, 0x3C, 0x38, 0x0E, 0x1E, 0x0F, 0x8E,
  0x03, 0x00, 0x06, 0xE0, 0xC0, 0x71, 0x30, 0x9C, 0x73, 0x30, 0x06, 0x18,
  0x06, 0x80, 0x01, 0x0C, 0x00, 0x1C, 0x00, 0x1C, 0x00, 0x00, 0x00, 0x00,
  0x00, 0x00, 0xFE, 0x07, 0x07, 0x8E, 0x03, 0xC0, 0x81, 0xE3, 0xFF, 0x81,
  0x01, 0x38, 0x70, 0x1C, 0x38, 0xE0, 0x00, 0x00, 0x8E, 0x3F, 0x00, 0x1C,
  0x70, 0xCE, 0x71, 0xE0, 0x38, 0x70, 0x1C, 0x38, 0x0E, 0x1C, 0x07, 0x00,
  0xFE, 0x01, 0x06, 0xE0, 0xC0, 0xC1, 0x18, 0x9C, 0x73, 0xE0, 0x03, 0x30,
  0x03, 0xF0, 0x00, 0x38, 0x00, 0x1C, 0x00, 0x0E, 0x00, 0x00, 0x00, 0x00,
  0x00, 0x00, 0xFE, 0x07, 0x07, 0x8E, 0x03, 0xC0, 0x81, 0xE3, 0xFF, 0x81,
  0x01, 0x38, 0x70, 0x1C, 0x38, 0xE0, 0x00, 0x00, 0x8E, 0x3F, 0x00, 0x1C,
  0x70, 0xCE, 0x71, 0xE0, 0x38, 0x70, 0x1C, 0x38, 0x0E, 0x1C, 0x07, 0x00,
  0xFE, 0x01, 0x06, 0xE0, 0xC0, 0xC1, 0x18, 0x9C, 0x73, 0xE0, 0x03, 0x30,
  0x03, 0xF0, 0x00, 0x38, 0x00, 0x1C, 0x00, 0x0E, 0x00, 0x00, 0x00, 0x00,
  0x00, 0x00, 0x07, 0x06, 0x07, 0x8E, 0x03, 0xC0, 0x81, 0xE3, 0x00, 0x80,
  0x01, 0xE0, 0x7F, 0x1C, 0x38, 0xE0, 0x00, 0x00, 0x8E, 0xC3, 0x00, 0x1C,
  0x70, 0xCE, 0x71, 0xE0, 0x38, 0x70, 0x3C, 0x38, 0x0E, 0x1E, 0x07, 0x00,
  0x00, 0x07, 0x86, 0xE3, 0xE0, 0x81, 0x0F, 0xB8, 0x1B, 0x30, 0x06, 0xE0,
  0x01, 0x18, 0x00, 0x38, 0x00, 0x1C, 0x00, 0x0E, 0x00, 0x00, 0x00, 0x00,
  0x00, 0x00, 0x07, 0x06, 0x07, 0x8E, 0x03, 0xC0, 0x81, 0xE3, 0x00, 0x80,
  0x01, 0xE0, 0x7F, 0x1C, 0x38, 0xE0, 0x00, 0x00, 0x8E, 0xC3, 0x00, 0x1C,
  0x70, 0xCE, 0x71, 0xE0, 0x38, 0x70, 0x3C, 0x38, 0x0E, 0x1E, 0x07, 0x00,
  0x00, 0x07, 0x86, 0xE3, 0xE0, 0x81, 0x0F, 0xB8, 0x1B, 0x30, 0x06, 0xE0,
  0x01, 0x18, 0x00, 0x38, 0x00, 0x1C, 0x00, 0x0E, 0x00, 0x00, 0x00, 0x00,
  0x00, 0x00, 0xFE, 0x1F, 0xFF, 0x03, 0xFE, 0x07, 0xFF, 0x83, 0x7F, 0x80,
  0x01, 0x00, 0x70, 0x1C, 0x38, 0xF8, 0x03, 0x07, 0x8E, 0x83, 0x07, 0x7F,
  0x70, 0xCE, 0x71, 0xE0, 0xE0, 0x1F, 0xDC, 0x0F, 0xF8, 0x1D, 0x07, 0x00,
  0xFE, 0x01, 0xFC, 0x80, 0xDF, 0x01, 0x07, 0x60, 0x0C, 0x1E, 0x3C, 0xE0,
  0x00, 0xFF, 0x0F, 0x38, 0x00, 0x1C, 0x00, 0x0E, 0x00, 0x00, 0x00, 0x00,
  0x00, 0x00, 0xFE, 0x1F, 0xFF, 0x03, 0xFE, 0x07, 0xFF, 0x83, 0x7F, 0x80,
  0x01, 0x00, 0x70, 0x1C, 0x38, 0xF8, 0x03, 0x07, 0x8E, 0x83, 0x07, 0x7F,
  0x70, 0xCE, 0x71, 0xE0, 0xE0, 0x1F, 0xDC, 0x0F, 0xF8, 0x1D, 0x07, 0x00,
  0xFE, 0x01, 0xFC, 0x80, 0xDF, 0x01, 0x07, 0x60, 0x0C, 0x1E, 0x3C, 0xE0,
  0x00, 0xFF, 0x0F, 0x38, 0x00, 0x1C, 0x00, 0x0E, 0x00, 0x00, 0x00, 0x00,
  0x00, 0x00, 0x00, 0x00, 0x00, 0x00, 0x00, 0x00, 0x00, 0x00, 0x00, 0x00,
  0x00, 0xE0, 0x1F, 0x00, 0x00, 0x00, 0x00, 0xFC, 0x03, 0x00, 0x00, 0x00,
  0x00, 0x00, 0x00, 0x00, 0x00, 0x00, 0x1C, 0x00, 0x00, 0x1C, 0x00, 0x00,
  0x00, 0x00, 0x00, 0x00, 0x00, 0x00, 0x00, 0x00, 0x00, 0x00, 0x00, 0x38,
  0x00, 0x00, 0x00, 0xF0, 0x00, 0x00, 0x80, 0x03, 0x00, 0x00, 0x00, 0x00,
  0x00, 0x00, 0x00, 0x00, 0x00, 0x00, 0x00, 0x00, 0x00, 0x00, 0x00, 0x00,
  0x00, 0xE0, 0x1F, 0x00, 0x00, 0x00, 0x00, 0xFC, 0x03, 0x00, 0x00, 0x00,
  0x00, 0x00, 0x00, 0x00, 0x00, 0x00, 0x1C, 0x00, 0x00, 0x1C, 0x00, 0x00,
  0x00, 0x00, 0x00, 0x00, 0x00, 0x00, 0x00, 0x00, 0x00, 0x00, 0x00, 0x38,
  0x00, 0x00, 0x00, 0xF0, 0x00, 0x00, 0x80, 0x03, 0x00, 0x00, 0x00, 0x00,
  0x00, 0x00, 0x00, 0x00, 0x00, 0x00, 0x00, 0x00, 0x00, 0x00, 0x00, 0x00,
  0x00, 0x00, 0x00, 0x00, 0x00, 0x00, 0x00, 0x00, 0x00, 0x00, 0x00, 0x00,
  0x00, 0x00, 0x00, 0x00, 0x00, 0x00, 0x00, 0x00, 0x00, 0x00, 0x00, 0x00,
  0x00, 0x00, 0x00, 0x00, 0x00, 0x00, 0x00, 0x00, 0x00, 0x00, 0x00, 0x00,
  0x00, 0x00, 0x00, 0x00, 0x00, 0x00, 0x00, 0x00, 0x00, 0x00, 0x00, 0x00,
  0x00, 0x00, 0x00, 0x00, 0x00, 0x00, 0x00, 0x00, 0x00, 0x00, 0x00, 0x00,
  0x00, 0x00, 0x00, 0x00, 0x00, 0x00, 0x00, 0x00, 0x00, 0x00, 0x00, 0x00,
  0x00, 0x00, 0x00, 0x00, 0x00, 0x00, 0x00, 0x00, 0x00, 0x00, 0x00, 0x00,
  0x00, 0x00, 0x00, 0x00, 0x00, 0x00, 0x00, 0x00, 0x00, 0x00, 0x00, 0x00,
  0x00, 0x00, 0x00, 0x00, 0x00, 0x00, 0x00, 0x00, 0x00, 0x00, 0x00, 0x00,
  0x00, 0x00, 0x00, 0x00, 0x00, 0x00, 0x00, 0x00, 0x00, 0x00, 0x00, 0x00,
  0x00, 0xE0, 0x0F, 0x30, 0x0C, 0xF8, 0x07, 0x00, 0x00, 0x00, 0x00, 0x00,
  0x00, 0x00, 0xC0, 0x3F, 0xE0, 0x1F, 0x00, 0x00, 0x00, 0x00, 0x00, 0x00,
  0x00, 0x00, 0x00, 0x00, 0x00, 0x00, 0x00, 0x00, 0x00, 0x00, 0x00, 0x00,
  0x00, 0x00, 0x00, 0x00, 0x00, 0x00, 0x00, 0x00, 0x00, 0x00, 0x00, 0x00,
  0x00, 0x00, 0x00, 0x00, 0x00, 0x00, 0x00, 0x00, 0x00, 0x00, 0x00, 0x00,
  0x00, 0xE0, 0x0F, 0x30, 0x0C, 0xF8, 0x07, 0x00, 0x00, 0x00, 0x00, 0x00,
  0x00, 0x00, 0xC0, 0x3F, 0xE0, 0x1F, 0x00, 0x00, 0x00, 0x00, 0x00, 0x00,
  0x00, 0x00, 0x00, 0x00, 0x00, 0x00, 0x00, 0x00, 0x00, 0x00, 0x00, 0x00,
  0x00, 0x00, 0x00, 0x00, 0x00, 0x00, 0x00, 0x00, 0x00, 0x00, 0x00, 0x00,
  0x00, 0x00, 0xE0, 0x00, 0x70, 0x00, 0xFC, 0x01, 0x00, 0xE0, 0x60, 0x00,
  0x07, 0x38, 0x18, 0x00, 0x00, 0x06, 0x18, 0xFC, 0x01, 0x00, 0x00, 0x00,
  0x00, 0x00, 0x30, 0xC0, 0x00, 0x00, 0xF0, 0x01, 0xE0, 0x80, 0x0F, 0xC0,
  0x07, 0x00, 0x38, 0x00, 0x00, 0xF0, 0xFF, 0x01, 0x00, 0x00, 0x00, 0xE0,
  0x00, 0xF8, 0x03, 0x00, 0xE0, 0x81, 0xF0, 0x40, 0xF8, 0x20, 0x80, 0x03,
  0x00, 0x00, 0xE0, 0x00, 0x70, 0x00, 0xFC, 0x01, 0x00, 0xE0, 0x60, 0x00,
  0x07, 0x38, 0x18, 0x00, 0x00, 0x06, 0x18, 0xFC, 0x01, 0x00, 0x00, 0x00,
  0x00, 0x00, 0x30, 0xC0, 0x00, 0x00, 0xF0, 0x01, 0xE0, 0x80, 0x0F, 0xC0,
  0x07, 0x00, 0x38, 0x00, 0x00, 0xF0, 0xFF, 0x01, 0x00, 0x00, 0x00, 0xE0,
  0x00, 0xF8, 0x03, 0x00, 0xE0, 0x81, 0xF0, 0x40, 0xF8, 0x20, 0x80, 0x03,
  0x00, 0x00, 0x00, 0x00, 0x70, 0x00, 0x06, 0xC7, 0xC1, 0x80, 0x31, 0x00,
  0x07, 0x38, 0x00, 0x00, 0x00, 0xE1, 0x21, 0x00, 0x03, 0xC6, 0x00, 0x00,
  0x00, 0x00, 0x88, 0x1F, 0x01, 0x00, 0x9C, 0x03, 0xE0, 0x00, 0x18, 0x00,
  0x0C, 0x00, 0x1C, 0x00, 0x00, 0x38, 0xE7, 0x01, 0x00, 0x00, 0x00, 0xF0,
  0x00, 0x0C, 0x8E, 0x73, 0xC0, 0x41, 0xE0, 0x20, 0x80, 0x11, 0x00, 0x00,
  0x00, 0x00, 0x00, 0x00, 0x70, 0x00, 0x06, 0xC7, 0xC1, 0x80, 0x31, 0x00,
  0x07, 0x38, 0x00, 0x00, 0x00, 0xE1, 0x21, 0x00, 0x03, 0xC6, 0x00, 0x00,
  0x00, 0x00, 0x88, 0x1F, 0x01, 0x00, 0x9C, 0x03, 0xE0, 0x00, 0x18, 0x00,
  0x0C, 0x00, 0x1C, 0x00, 0x00, 0x38, 0xE7, 0x01, 0x00, 0x00, 0x00, 0xF0,
  0x00, 0x0C, 0x8E, 0x73, 0xC0, 0x41, 0xE0, 0x20, 0x80, 0x11, 0x00, 0x00,
  0x00, 0x00, 0xE0, 0x00, 0xFF, 0x03, 0x0C, 0x00, 0x7F, 0x00, 0x1F, 0x00,
  0x07, 0xE0, 0x0F, 0x00, 0x00, 0x11, 0x22, 0xFC, 0x83, 0x73, 0x00, 0x00,
  0x00, 0x00, 0x88, 0x30, 0x01, 0x00, 0xF0, 0x01, 0xFE, 0x07, 0x0C, 0x80,
  0x07, 0x00, 0x00, 0x70, 0x30, 0x38, 0xE7, 0x00, 0x00, 0x00, 0x00, 0xE0,
  0x00, 0x0C, 0x0E, 0xC6, 0xC0, 0x21, 0xE0, 0x10, 0xF0, 0x08, 0x80, 0x03,
  0x00, 0x00, 0xE0, 0x00, 0xFF, 0x03, 0x0C, 0x00, 0x7F, 0x00, 0x1F, 0x00,
  0x07, 0xE0, 0x0F, 0x00, 0x00, 0x11, 0x22, 0xFC, 0x83, 0x73, 0x00, 0x00,
  0x00, 0x00, 0x88, 0x30, 0x01, 0x00, 0xF0, 0x01, 0xFE, 0x07, 0x0C, 0x80,
  0x07, 0x00, 0x00, 0x70, 0x30, 0x38, 0xE7, 0x00, 0x00, 0x00, 0x00, 0xE0,
  0x00, 0x0C, 0x0E, 0xC6, 0xC0, 0x21, 0xE0, 0x10, 0xF0, 0x08, 0x80, 0x03,
  0x00, 0x00, 0xE0, 0x80, 0x73, 0x8E, 0x7F, 0xC0, 0xC1, 0x00, 0x0E, 0x00,
  0x00, 0x38, 0x18, 0x00, 0x00, 0x11, 0x20, 0x07, 0xC3, 0x39, 0xC0, 0xFF,
  0xE0, 0x7F, 0x88, 0x1F, 0x01, 0x00, 0x00, 0x00, 0xE0, 0x00, 0x07, 0x00,
  0x0C, 0x00, 0x00, 0x70, 0x30, 0xF0, 0xE7, 0x80, 0x03, 0x00, 0x00, 0xE0,
  0x00, 0x0C, 0x0E, 0x8C, 0xC1, 0x99, 0xE7, 0xFC, 0x81, 0xF7, 0x60, 0x00,
  0x00, 0x00, 0xE0, 0x80, 0x73, 0x00, 0x0C, 0xC0, 0xC1, 0x80, 0x3F, 0x00,
  0x07, 0xE0, 0x0F, 0x00, 0x00, 0x11, 0x22, 0xFC, 0x8F, 0x73, 0x00, 0xC0,
  0x00, 0x00, 0x88, 0x10, 0x01, 0x00, 0x00, 0x00, 0xE0, 0x80, 0x7F, 0xC0,
  0x07, 0x00, 0x00, 0x70, 0x30, 0x00, 0xE7, 0x00, 0x00, 0x00, 0x00, 0xE0,
  0x00, 0xF8, 0x03, 0xC6, 0xC0, 0x45, 0xE7, 0x82, 0xFB, 0xE9, 0x38, 0x00,
  0x00, 0x00, 0xE0, 0x80, 0x73, 0x00, 0x0C, 0xC0, 0xC1, 0x80, 0x3F, 0x00,
  0x07, 0xE0, 0x0F, 0x00, 0x00, 0x11, 0x22, 0xFC, 0x8F, 0x73, 0x00, 0xC0,
  0x00, 0x00, 0x88, 0x10, 0x01, 0x00, 0x00, 0x00, 0xE0, 0x80, 0x7F, 0xC0,
  0x07, 0x00, 0x00, 0x70, 0x30, 0x00, 0xE7, 0x00, 0x00, 0x00, 0x00, 0xE0,
  0x00, 0xF8, 0x03, 0xC6, 0xC0, 0x45, 0xE7, 0x82, 0xFB, 0xE9, 0x38, 0x00,
  0x00, 0x00, 0xE0, 0x80, 0x73, 0x80, 0x3F, 0x07, 0x7F, 0x00, 0x0E, 0x00,
  0x07, 0x00, 0x18, 0x00, 0x00, 0xE1, 0x21, 0x00, 0x00, 0xC6, 0x00, 0x00,
  0x00, 0x00, 0x88, 0x30, 0x01, 0x00, 0x00, 0x00, 0x00, 0x00, 0x00, 0x00,
  0x00, 0x00, 0x00, 0x70, 0x30, 0x00, 0xE7, 0x00, 0x00, 0x00, 0x00, 0x00,
  0x00, 0x00, 0x80, 0x73, 0x00, 0x22, 0x07, 0xC1, 0x81, 0xE6, 0x38, 0x18,
  0x00, 0x00, 0xE0, 0x80, 0x73, 0x80, 0x3F, 0x07, 0x7F, 0x00, 0x0E, 0x00,
  0x07, 0x00, 0x18, 0x00, 0x00, 0xE1, 0x21, 0x00, 0x00, 0xC6, 0x00, 0x00,
  0x00, 0x00, 0x88, 0x30, 0x01, 0x00, 0x00, 0x00, 0x00, 0x00, 0x00, 0x00,
  0x00, 0x00, 0x00, 0x70, 0x30, 0x00, 0xE7, 0x00, 0x00, 0x00, 0x00, 0x00,
  0x00, 0x00, 0x80, 0x73, 0x00, 0x22, 0x07, 0xC1, 0x81, 0xE6, 0x38, 0x18,
  0x00, 0x00, 0xE0, 0x00, 0xFF, 0x8F, 0xF3, 0xC1, 0xC1, 0x00, 0x0E, 0x00,
  0x07, 0x38, 0x18, 0x00, 0x00, 0x06, 0x18, 0xFF, 0x0F, 0x00, 0x00, 0x00,
  0x00, 0x00, 0x30, 0xC0, 0x00, 0x00, 0x00, 0x00, 0xFE, 0x07, 0x00, 0x00,
  0x00, 0x00, 0x00, 0xF0, 0x6F, 0x00, 0xE7, 0x00, 0x00, 0x00, 0x00, 0x00,
  0x00, 0xFC, 0x0F, 0x00, 0x00, 0xF9, 0x87, 0x60, 0x40, 0xFF, 0xE0, 0x0F,
  0x00, 0x00, 0xE0, 0x00, 0xFF, 0x8F, 0xF3, 0xC1, 0xC1, 0x00, 0x0E, 0x00,
  0x07, 0x38, 0x18, 0x00, 0x00, 0x06, 0x18, 0xFF, 0x0F, 0x00, 0x00, 0x00,
  0x00, 0x00, 0x30, 0xC0, 0x00, 0x00, 0x00, 0x00, 0xFE, 0x07, 0x00, 0x00,
  0x00, 0x00, 0x00, 0xF0, 0x6F, 0x00, 0xE7, 0x00, 0x00, 0x00, 0x00, 0x00,
  0x00, 0xFC, 0x0F, 0x00, 0x00, 0xF9, 0x87, 0x60, 0x40, 0xFF, 0xE0, 0x0F,
  0x00, 0x00, 0x00, 0x00, 0x70, 0x00, 0x00, 0x00, 0x00, 0x00, 0x00, 0x00,
  0x00, 0xE0, 0x0F, 0x00, 0x00, 0xF8, 0x07, 0x00, 0x00, 0x00, 0x00, 0x00,
  0x00, 0x00, 0xC0, 0x3F, 0x00, 0x00, 0x00, 0x00, 0x00, 0x00, 0x00, 0x00,
  0x00, 0x00, 0x00, 0x70, 0x00, 0x00, 0xE7, 0x00, 0x00, 0xC0, 0x01, 0x00,
  0x00, 0x00, 0x00, 0x00, 0xC0, 0x00, 0x67, 0xF0, 0x33, 0xE0, 0x00, 0x00,
  0x00, 0x00, 0x00, 0x00, 0x70, 0x00, 0x00, 0x00, 0x00, 0x00, 0x00, 0x00,
  0x00, 0xE0, 0x0F, 0x00, 0x00, 0xF8, 0x07, 0x00, 0x00, 0x00, 0x00, 0x00,
  0x00, 0x00, 0xC0, 0x3F, 0x00, 0x00, 0x00, 0x00, 0x00, 0x00, 0x00, 0x00,
  0x00, 0x00, 0x00, 0x70, 0x00, 0x00, 0xE7, 0x00, 0x00, 0xC0, 0x01, 0x00,
  0x00, 0x00, 0x00, 0x00, 0xC0, 0x00, 0x67, 0xF0, 0x33, 0xE0, 0x00, 0x00,
  0x00, 0x00, 0x00, 0x00, 0x70, 0x00, 0x00, 0x00, 0x00, 0x00, 0x00, 0x00,
  0x00, 0x00, 0x00, 0x00, 0x00, 0x00, 0x00, 0x00, 0x00, 0x00, 0x00, 0x00,
  0x00, 0x00, 0x00, 0x00, 0x00, 0x00, 0x00, 0x00, 0x00, 0x00, 0x00, 0x00,
  0x00, 0x00, 0x00, 0x70, 0x00, 0x00, 0xE7, 0x00, 0x00, 0xE0, 0x01, 0x00,
  0x00, 0x00, 0x00, 0x00, 0x00, 0x00, 0x00, 0x00, 0x00, 0x00, 0x00, 0x00,
  0x00, 0x00, 0x00, 0x00, 0x70, 0x00, 0x00, 0x00, 0x00, 0x00, 0x00, 0x00,
  0x00, 0x00, 0x00, 0x00, 0x00, 0x00, 0x00, 0x00, 0x00, 0x00, 0x00, 0x00,
  0x00, 0x00, 0x00, 0x00, 0x00, 0x00, 0x00, 0x00, 0x00, 0x00, 0x00, 0x00,
  0x00, 0x00, 0x00, 0x70, 0x00, 0x00, 0xE7, 0x00, 0x00, 0xE0, 0x01, 0x00,
  0x00, 0x00, 0x00, 0x00, 0x00, 0x00, 0x00, 0x00, 0x00, 0x00, 0x00, 0x00,
  0x60, 0x00, 0x00, 0x03, 0xF0, 0x00, 0x3E, 0x07, 0xC3, 0x00, 0x3F, 0x00,
  0x00, 0x00, 0x00, 0xC0, 0x01, 0x00, 0x03, 0xF0, 0x00, 0x86, 0x01, 0x06,
  0x00, 0x1C, 0x80, 0x0F, 0x60, 0x0C, 0x00, 0x00, 0xF8, 0x1C, 0x18, 0x00,
  0xC0, 0x00, 0x3C, 0x80, 0xCF, 0xC1, 0x30, 0x00, 0x00, 0x00, 0x00, 0xE0,
  0x00, 0xE0, 0x00, 0x78, 0x00, 0xC3, 0x00, 0x1C, 0xF0, 0x01, 0x00, 0x00,
  0x60, 0x00, 0x00, 0x03, 0xF0, 0x00, 0x3E, 0x07, 0xC3, 0x00, 0x3F, 0x00,
  0x00, 0x00, 0x00, 0xC0, 0x01, 0x00, 0x03, 0xF0, 0x00, 0x86, 0x01, 0x06,
  0x00, 0x1C, 0x80, 0x0F, 0x60, 0x0C, 0x00, 0x00, 0xF8, 0x1C, 0x18, 0x00,
  0xC0, 0x00, 0x3C, 0x80, 0xCF, 0xC1, 0x30, 0x00, 0x00, 0x00, 0x00, 0xE0,
  0x00, 0xE0, 0x00, 0x78, 0x00, 0xC3, 0x00, 0x1C, 0xF0, 0x01, 0x00, 0x00,
  0xC0, 0x01, 0xC0, 0x01, 0x98, 0x81, 0xF3, 0x01, 0x00, 0x80, 0x61, 0xC0,
  0xFF, 0xC0, 0x1F, 0x80, 0x03, 0xC0, 0x01, 0x98, 0x01, 0x00, 0x00, 0x1C,
  0x00, 0x0E, 0xC0, 0x18, 0x00, 0x00, 0xFC, 0x07, 0xCE, 0x07, 0x70, 0x00,
  0x70, 0x00, 0x66, 0xE0, 0x7C, 0x00, 0x00, 0x00, 0x00, 0x00, 0x38, 0xC0,
  0x01, 0x70, 0x00, 0xCC, 0x00, 0x00, 0x70, 0xCE, 0xC1, 0x00, 0xC0, 0x0F,
  0xC0, 0x01, 0xC0, 0x01, 0x98, 0x81, 0xF3, 0x01, 0x00, 0x80, 0x61, 0xC0,
  0xFF, 0xC0, 0x1F, 0x80, 0x03, 0xC0, 0x01, 0x98, 0x01, 0x00, 0x00, 0x1C,
  0x00, 0x0E, 0xC0, 0x18, 0x00, 0x00, 0xFC, 0x07, 0xCE, 0x07, 0x70, 0x00,
  0x70, 0x00, 0x66, 0xE0, 0x7C, 0x00, 0x00, 0x00, 0x00, 0x00, 0x38, 0xC0,
  0x01, 0x70, 0x00, 0xCC, 0x00, 0x00, 0x70, 0xCE, 0xC1, 0x00, 0xC0, 0x0F,
  0xE0, 0x07, 0xF0, 0x03, 0x00, 0x00, 0x00, 0x00, 0x7E, 0x00, 0x3F, 0x70,
  0x07, 0x60, 0x70, 0xFC, 0x3F, 0xFE, 0x1F, 0xFF, 0x8F, 0xFF, 0x07, 0x7F,
  0x80, 0x3F, 0x00, 0x00, 0xE0, 0x0F, 0x1C, 0x0C, 0x1E, 0x1C, 0xFC, 0x03,
  0xFE, 0x01, 0xFF, 0x80, 0x7F, 0xC0, 0x3F, 0x00, 0x00, 0xF0, 0x0F, 0x0E,
  0x1C, 0x07, 0x8E, 0x03, 0xC7, 0x81, 0xE3, 0x60, 0xC0, 0x3F, 0x60, 0x18,
  0xE0, 0x07, 0xF0, 0x03, 0x00, 0x00, 0x00, 0x00, 0x7E, 0x00, 0x3F, 0x70,
  0x07, 0x60, 0x70, 0xFC, 0x3F, 0xFE, 0x1F, 0xFF, 0x8F, 0xFF, 0x07, 0x7F,
  0x80, 0x3F, 0x00, 0x00, 0xE0, 0x0F, 0x1C, 0x0C, 0x1E, 0x1C, 0xFC, 0x03,
  0xFE, 0x01, 0xFF, 0x80, 0x7F, 0xC0, 0x3F, 0x00, 0x00, 0xF0, 0x0F, 0x0E,
  0x1C, 0x07, 0x8E, 0x03, 0xC7, 0x81, 0xE3, 0x60, 0xC0, 0x3F, 0x60, 0x18,
  0x30, 0x0C, 0x18, 0x06, 0xFC, 0x03, 0xFE, 0x01, 0xC3, 0x80, 0x61, 0x38,
  0x07, 0x38, 0x00, 0x1C, 0x00, 0x0E, 0x00, 0x07, 0x80, 0x03, 0x00, 0x1C,
  0x00, 0x0E, 0xC0, 0x1F, 0x80, 0x03, 0x1C, 0x38, 0x3E, 0x1C, 0x07, 0x8E,
  0x03, 0xC7, 0x81, 0xE3, 0xC0, 0x71, 0xE0, 0x60, 0x0C, 0x1C, 0x3E, 0x0E,
  0x1C, 0x07, 0x8E, 0x03, 0xC7, 0x81, 0x83, 0x31, 0xC0, 0xE0, 0x38, 0x18,
  0x30, 0x0C, 0x18, 0x06, 0xFC, 0x03, 0xFE, 0x01, 0xC3, 0x80, 0x61, 0x38,
  0x07, 0x38, 0x00, 0x1C, 0x00, 0x0E, 0x00, 0x07, 0x80, 0x03, 0x00, 0x1C,
  0x00, 0x0E, 0xC0, 0x1F, 0x80, 0x03, 0x1C, 0x38, 0x3E, 0x1C, 0x07, 0x8E,
  0x03, 0xC7, 0x81, 0xE3, 0xC0, 0x71, 0xE0, 0x60, 0x0C, 0x1C, 0x3E, 0x0E,
  0x1C, 0x07, 0x8E, 0x03, 0xC7, 0x81, 0x83, 0x31, 0xC0, 0xE0, 0x38, 0x18,
  0x1C, 0x38, 0x0E, 0x1C, 0x07, 0x8E, 0x03, 0xC7, 0x81, 0xE3, 0xC0, 0xF9,
  0x3F, 0x38, 0x00, 0xFC, 0x07, 0xFE, 0x03, 0xFF, 0x81, 0xFF, 0x00, 0x1C,
  0x00, 0x0E, 0x00, 0x07, 0x80, 0x03, 0x7E, 0x38, 0xEE, 0x1C, 0x07, 0x8E,
  0x03, 0xC7, 0x81, 0xE3, 0xC0, 0x71, 0xE0, 0xC0, 0x07, 0x9C, 0x3B, 0x0E,
  0x1C, 0x07, 0x8E, 0x03, 0xC7, 0x81, 0x03, 0x1F, 0xC0, 0xE0, 0x38, 0x0C,
  0xFC, 0x3F, 0xFE, 0x1F, 0xFF, 0x8F, 0xFF, 0xC7, 0xFF, 0xE3, 0xFF, 0x39,
  0x07, 0x38, 0x00, 0x1C, 0x00, 0x0E, 0x00, 0x07, 0x80, 0x03, 0x00, 0x1C,
  0x00, 0x0E, 0x00, 0x07, 0x80, 0x03, 0x1C, 0x38, 0xCE, 0x1D, 0x07, 0x8E,
  0x03, 0xC7, 0x81, 0xE3, 0xC0, 0x71, 0xE0, 0x80, 0x03, 0xDC, 0x39, 0x0E,
  0x1C, 0x07, 0x8E, 0x03, 0xC7, 0x81, 0x03, 0x0E, 0xC0, 0x3F, 0x38, 0x70,
  0xFC, 0x3F, 0xFE, 0x1F, 0xFF, 0x8F, 0xFF, 0xC7, 0xFF, 0xE3, 0xFF, 0x39,
  0x07, 0x38, 0x00, 0x1C, 0x00, 0x0E, 0x00, 0x07, 0x80, 0x03, 0x00, 0x1C,
  0x00, 0x0E, 0x00, 0x07, 0x80, 0x03, 0x1C, 0x38, 0xCE, 0x1D, 0x07, 0x8E,
  0x03, 0xC7, 0x81, 0xE3, 0xC0, 0x71, 0xE0, 0x80, 0x03, 0xDC, 0x39, 0x0E,
  0x1C, 0x07, 0x8E, 0x03, 0xC7, 0x81, 0x03, 0x0E, 0xC0, 0x3F, 0x38, 0x70,
  0x1C, 0x38, 0x0E, 0x1C, 0x07, 0x8E, 0x03, 0xC7, 0x81, 0xE3, 0xC0, 0x39,
  0x07, 0x60, 0x70, 0x1C, 0x00, 0x0E, 0x00, 0x07, 0x80, 0x03, 0x00, 0x1C,
  0x00, 0x0E, 0x00, 0x07, 0x80, 0x03, 0x1C, 0x0C, 0x0E, 0x1F, 0x07, 0x8E,
  0x03, 0xC7, 0x81, 0xE3, 0xC0, 0x71, 0xE0, 0xC0, 0x07, 0x7C, 0x38, 0x0E,
  0x1C, 0x07, 0x8E, 0x03, 0xC7, 0x81, 0x03, 0x0E, 0xC0, 0x00, 0x38, 0x70,
  0x1C, 0x38, 0x0E, 0x1C, 0x07, 0x8E, 0x03, 0xC7, 0x81, 0xE3, 0xC0, 0x39,
  0x07, 0x60, 0x70, 0x1C, 0x00, 0x0E, 0x00, 0x07, 0x80, 0x03, 0x00, 0x1C,
  0x00, 0x0E, 0x00, 0x07, 0x80, 0x03, 0x1C, 0x0C, 0x0E, 0x1F, 0x07, 0x8E,
  0x03, 0xC7, 0x81, 0xE3, 0xC0, 0x71, 0xE0, 0xC0, 0x07, 0x7C, 0x38, 0x0E,
  0x1C, 0x07, 0x8E, 0x03, 0xC7, 0x81, 0x03, 0x0E, 0xC0, 0x00, 0x38, 0x70,
  0x1C, 0x38, 0x0E, 0x1C, 0x07, 0x8E, 0x03, 0xC7, 0x81, 0xE3, 0xC0, 0x39,
  0xFF, 0xC0, 0x1F, 0xFC, 0x3F, 0xFE, 0x1F, 0xFF, 0x8F, 0xFF, 0x07, 0x7F,
  0x80, 0x3F, 0xC0, 0x1F, 0xE0, 0x0F, 0xFC, 0x07, 0x0E, 0x1E, 0xFC, 0x03,
  0xFE, 0x01, 0xFF, 0x80, 0x7F, 0xC0, 0x3F, 0x60, 0x0C, 0xF0, 0x0F, 0xF8,
  0x07, 0xFC, 0x03, 0xFE, 0x01, 0xFF, 0x00, 0x0E, 0xF0, 0x01, 0x38, 0x1F,
  0x1C, 0x38, 0x0E, 0x1C, 0x07, 0x8E, 0x03, 0xC7, 0x81, 0xE3, 0xC0, 0x39,
  0xFF, 0xC0, 0x1F, 0xFC, 0x3F, 0xFE, 0x1F, 0xFF, 0x8F, 0xFF, 0x07, 0x7F,
  0x80, 0x3F, 0xC0, 0x1F, 0xE0, 0x0F, 0xFC, 0x07, 0x0E, 0x1E, 0xFC, 0x03,
  0xFE, 0x01, 0xFF, 0x80, 0x7F, 0xC0, 0x3F, 0x60, 0x0C, 0xF0, 0x0F, 0xF8,
  0x07, 0xFC, 0x03, 0xFE, 0x01, 0xFF, 0x00, 0x0E, 0xF0, 0x01, 0x38, 0x1F,
  0x00, 0x00, 0x00, 0x00, 0x00, 0x00, 0x00, 0x00, 0x00, 0x00, 0x00, 0x00,
  0x00, 0x00, 0x07, 0x00, 0x00, 0x00, 0x00, 0x00, 0x00, 0x00, 0x00, 0x00,
  0x00, 0x00, 0x00, 0x00, 0x00, 0x00, 0x00, 0x00, 0x00, 0x00, 0x00, 0x00,
  0x00, 0x00, 0x00, 0x00, 0x00, 0x00, 0x00, 0x00, 0x00, 0x1C, 0x00, 0x00,
  0x00, 0x00, 0x00, 0x00, 0x00, 0x00, 0x00, 0x00, 0x00, 0x00, 0x38, 0x00,
  0x00, 0x00, 0x00, 0x00, 0x00, 0x00, 0x00, 0x00, 0x00, 0x00, 0x00, 0x00,
  0x00, 0x00, 0x07, 0x00, 0x00, 0x00, 0x00, 0x00, 0x00, 0x00, 0x00, 0x00,
  0x00, 0x00, 0x00, 0x00, 0x00, 0x00, 0x00, 0x00, 0x00, 0x00, 0x00, 0x00,
  0x00, 0x00, 0x00, 0x00, 0x00, 0x00, 0x00, 0x00, 0x00, 0x1C, 0x00, 0x00,
  0x00, 0x00, 0x00, 0x00, 0x00, 0x00, 0x00, 0x00, 0x00, 0x00, 0x38, 0x00,
  0x00, 0x00, 0x00, 0x00, 0x00, 0x00, 0x00, 0x00, 0x00, 0x00, 0x00, 0x00,
  0x00, 0x80, 0x03, 0x00, 0x00, 0x00, 0x00, 0x00, 0x00, 0x00, 0x00, 0x00,
  0x00, 0x00, 0x00, 0x00, 0x00, 0x00, 0x00, 0x00, 0x00, 0x00, 0x00, 0x00,
  0x00, 0x00, 0x00, 0x00, 0x00, 0x00, 0x00, 0x00, 0x00, 0x00, 0x00, 0x00,
  0x00, 0x00, 0x00, 0x00, 0x00, 0x00, 0x00, 0x00, 0x00, 0x00, 0x00, 0x00,
  0x00, 0x00, 0x00, 0x00, 0x00, 0x00, 0x00, 0x00, 0x00, 0x00, 0x00, 0x00,
  0x00, 0x80, 0x03, 0x00, 0x00, 0x00, 0x00, 0x00, 0x00, 0x00, 0x00, 0x00,
  0x00, 0x00, 0x00, 0x00, 0x00, 0x00, 0x00, 0x00, 0x00, 0x00, 0x00, 0x00,
  0x00, 0x00, 0x00, 0x00, 0x00, 0x00, 0x00, 0x00, 0x00, 0x00, 0x00, 0x00,
  0x00, 0x00, 0x00, 0x00, 0x00, 0x00, 0x00, 0x00, 0x00, 0x00, 0x00, 0x00,
  0x60, 0x00, 0xC0, 0x01, 0x78, 0x00, 0x8E, 0x01, 0x63, 0x00, 0x1F, 0x00,
  0x00, 0x00, 0x00, 0xC0, 0x01, 0xC0, 0x01, 0xF0, 0x00, 0x86, 0x01, 0x06,
  0x00, 0x1C, 0x00, 0x0F, 0x60, 0x0C, 0x00, 0x06, 0xF8, 0x1C, 0x18, 0x00,
  0xC0, 0x00, 0x3C, 0x80, 0xCF, 0xC1, 0x30, 0x00, 0x00, 0x00, 0x00, 0xE0,
  0x00, 0xE0, 0x00, 0x78, 0x00, 0xC3, 0x00, 0x30, 0x00, 0x00, 0x38, 0x0C,
  0x60, 0x00, 0xC0, 0x01, 0x78, 0x00, 0x8E, 0x01, 0x63, 0x00, 0x1F, 0x00,
  0x00, 0x00, 0x00, 0xC0, 0x01, 0xC0, 0x01, 0xF0, 0x00, 0x86, 0x01, 0x06,
  0x00, 0x1C, 0x00, 0x0F, 0x60, 0x0C, 0x00, 0x06, 0xF8, 0x1C, 0x18, 0x00,
  0xC0, 0x00, 0x3C, 0x80, 0xCF, 0xC1, 0x30, 0x00, 0x00, 0x00, 0x00, 0xE0,
  0x00, 0xE0, 0x00, 0x78, 0x00, 0xC3, 0x00, 0x30, 0x00, 0x00, 0x38, 0x0C,
  0xC0, 0x01, 0xE0, 0x00, 0xEC, 0x80, 0xF3, 0x00, 0x00, 0x80, 0x31, 0x00,
  0x00, 0x00, 0x00, 0x80, 0x03, 0xE0, 0x00, 0x98, 0x01, 0x00, 0x00, 0x1C,
  0x00, 0x0E, 0x80, 0x19, 0x00, 0x00, 0xC0, 0x7F, 0xCE, 0x07, 0x70, 0x00,
  0x70, 0x00, 0x66, 0xE0, 0x7C, 0x00, 0x00, 0x00, 0x00, 0x00, 0x00, 0xC0,
  0x01, 0x70, 0x00, 0xCC, 0x00, 0x00, 0x00, 0x1C, 0xC0, 0x00, 0x00, 0x00,
  0xC0, 0x01, 0xE0, 0x00, 0xEC, 0x80, 0xF3, 0x00, 0x00, 0x80, 0x31, 0x00,
  0x00, 0x00, 0x00, 0x80, 0x03, 0xE0, 0x00, 0x98, 0x01, 0x00, 0x00, 0x1C,
  0x00, 0x0E, 0x80, 0x19, 0x00, 0x00, 0xC0, 0x7F, 0xCE, 0x07, 0x70, 0x00,
  0x70, 0x00, 0x66, 0xE0, 0x7C, 0x00, 0x00, 0x00, 0x00, 0x00, 0x00, 0xC0,
  0x01, 0x70, 0x00, 0xCC, 0x00, 0x00, 0x00, 0x1C, 0xC0, 0x00, 0x00, 0x00,
  0x00, 0x00, 0x00, 0x00, 0x00, 0x00, 0x00, 0x00, 0x00, 0x00, 0x1F, 0x00,
  0x00, 0x00, 0x00, 0x00, 0x00, 0x00, 0x00, 0x00, 0x00, 0x00, 0x00, 0x00,
  0x00, 0x00, 0x00, 0x00, 0x00, 0x00, 0x00, 0x0C, 0x00, 0x00, 0x00, 0x00,
  0x00, 0x00, 0x00, 0x00, 0x00, 0x00, 0x00, 0x00, 0x00, 0x00, 0x06, 0x00,
  0x00, 0x00, 0x00, 0x00, 0x00, 0x00, 0x00, 0x00, 0xC0, 0x00, 0x00, 0x00,
  0x00, 0x00, 0x00, 0x00, 0x00, 0x00, 0x00, 0x00, 0x00, 0x00, 0x1F, 0x00,
  0x00, 0x00, 0x00, 0x00, 0x00, 0x00, 0x00, 0x00, 0x00, 0x00, 0x00, 0x00,
  0x00, 0x00, 0x00, 0x00, 0x00, 0x00, 0x00, 0x0C, 0x00, 0x00, 0x00, 0x00,
  0x00, 0x00, 0x00, 0x00, 0x00, 0x00, 0x00, 0x00, 0x00, 0x00, 0x06, 0x00,
  0x00, 0x00, 0x00, 0x00, 0x00, 0x00, 0x00, 0x00, 0xC0, 0x00, 0x00, 0x00,
  0xFC, 0x07, 0xFE, 0x03, 0xFF, 0x81, 0xFF, 0xC0, 0x7F, 0xE0, 0x3F, 0xF0,
  0x39, 0xE0, 0x1F, 0xF0, 0x0F, 0xF8, 0x07, 0xFC, 0x03, 0xFE, 0x01, 0x1E,
  0x00, 0x0F, 0x80, 0x07, 0xC0, 0x03, 0xF0, 0x3F, 0xEE, 0x07, 0xFC, 0x03,
  0xFE, 0x01, 0xFF, 0x80, 0x7F, 0xC0, 0x3F, 0x80, 0x03, 0xFC, 0x0F, 0x0E,
  0x1C, 0x07, 0x8E, 0x03, 0xC7, 0x81, 0xE3, 0xC0, 0xC1, 0x3F, 0x1C, 0x18,
  0xFC, 0x07, 0xFE, 0x03, 0xFF, 0x81, 0xFF, 0xC0, 0x7F, 0xE0, 0x3F, 0xF0,
  0x39, 0xE0, 0x1F, 0xF0, 0x0F, 0xF8, 0x07, 0xFC, 0x03, 0xFE, 0x01, 0x1E,
  0x00, 0x0F, 0x80, 0x07, 0xC0, 0x03, 0xF0, 0x3F, 0xEE, 0x07, 0xFC, 0x03,
  0xFE, 0x01, 0xFF, 0x80, 0x7F, 0xC0, 0x3F, 0x80, 0x03, 0xFC, 0x0F, 0x0E,
  0x1C, 0x07, 0x8E, 0x03, 0xC7, 0x81, 0xE3, 0xC0, 0xC1, 0x3F, 0x1C, 0x18,
  0x00, 0x0C, 0x00, 0x06, 0x00, 0x03, 0x80, 0x01, 0xC0, 0x00, 0x60, 0x00,
  0xE7, 0x38, 0x70, 0x1C, 0x38, 0x0E, 0x1C, 0x07, 0x8E, 0x03, 0x07, 0x1C,
  0x00, 0x0E, 0x00, 0x07, 0x80, 0x03, 0x1C, 0x38, 0x1E, 0x1C, 0x07, 0x8E,
  0x03, 0xC7, 0x81, 0xE3, 0xC0, 0x71, 0xE0, 0x00, 0x00, 0x8E, 0x3B, 0x0E,
  0x1C, 0x07, 0x8E, 0x03, 0xC7, 0x81, 0x83, 0x61, 0xC0, 0xE0, 0x38, 0x0C,
  0xFC, 0x0F, 0xFE, 0x07, 0xFF, 0x83, 0xFF, 0xC1, 0xFF, 0xE0, 0x7F, 0xF0,
  0xFF, 0x38, 0x00, 0xFC, 0x3F, 0xFE, 0x1F, 0xFF, 0x8F, 0xFF, 0x07, 0x1C,
  0x00, 0x0E, 0x00, 0x07, 0x80, 0x03, 0x1C, 0x38, 0x0E, 0x1C, 0x07, 0x8E,
  0x03, 0xC7, 0x81, 0xE3, 0xC0, 0x71, 0xE0, 0xF8, 0x1F, 0xCE, 0x39, 0x0E,
  0x1C, 0x07, 0x8E, 0x03, 0xC7, 0x81, 0x03, 0x33, 0xC0, 0xE0, 0x60, 0x07,
  0xFC, 0x0F, 0xFE, 0x07, 0xFF, 0x83, 0xFF, 0xC1, 0xFF, 0xE0, 0x7F, 0xF0,
  0xFF, 0x38, 0x00, 0xFC, 0x3F, 0xFE, 0x1F, 0xFF, 0x8F, 0xFF, 0x07, 0x1C,
  0x00, 0x0E, 0x00, 0x07, 0x80, 0x03, 0x1C, 0x38, 0x0E, 0x1C, 0x07, 0x8E,
  0x03, 0xC7, 0x81, 0xE3, 0xC0, 0x71, 0xE0, 0xF8, 0x1F, 0xCE, 0x39, 0x0E,
  0x1C, 0x07, 0x8E, 0x03, 0xC7, 0x81, 0x03, 0x33, 0xC0, 0xE0, 0x60, 0x07,
  0x0E, 0x0C, 0x07, 0x86, 0x03, 0xC3, 0x81, 0xE1, 0xC0, 0x70, 0x60, 0x38,
  0x07, 0x38, 0x00, 0x1C, 0x00, 0x0E, 0x00, 0x07, 0x80, 0x03, 0x00, 0x1C,
  0x00, 0x0E, 0x00, 0x07, 0x80, 0x03, 0x1C, 0x38, 0x0E, 0x1C, 0x07, 0x8E,
  0x03, 0xC7, 0x81, 0xE3, 0xC0, 0x71, 0xE0, 0x00, 0x00, 0x6E, 0x38, 0x0E,
  0x1E, 0x07, 0x8F, 0x83, 0xC7, 0xC1, 0x03, 0x1E, 0xC0, 0xE0, 0xC0, 0x03,
  0x0E, 0x0C, 0x07, 0x86, 0x03, 0xC3, 0x81, 0xE1, 0xC0, 0x70, 0x60, 0x38,
  0x07, 0x38, 0x00, 0x1C, 0x00, 0x0E, 0x00, 0x07, 0x80, 0x03, 0x00, 0x1C,
  0x00, 0x0E, 0x00, 0x07, 0x80, 0x03, 0x1C, 0x38, 0x0E, 0x1C, 0x07, 0x8E,
  0x03, 0xC7, 0x81, 0xE3, 0xC0, 0x71, 0xE0, 0x00, 0x00, 0x6E, 0x38, 0x0E,
  0x1E, 0x07, 0x8F, 0x83, 0xC7, 0xC1, 0x03, 0x1E, 0xC0, 0xE0, 0xC0, 0x03,
  0xFC, 0x3F, 0xFE, 0x1F, 0xFF, 0x8F, 0xFF, 0xC7, 0xFF, 0xE3, 0xFF, 0xF1,
  0x3F, 0xE0, 0x7F, 0xF0, 0x0F, 0xF8, 0x07, 0xFC, 0x03, 0xFE, 0x01, 0x7F,
  0x80, 0x3F, 0xC0, 0x1F, 0xE0, 0x0F, 0xF0, 0x3F, 0x0E, 0x1C, 0xFC, 0x03,
  0xFE, 0x01, 0xFF, 0x80, 0x7F, 0xC0, 0x3F, 0x80, 0x03, 0xFC, 0x0F, 0xF8,
  0x1D, 0xFC, 0x0E, 0x7E, 0x07, 0xBF, 0x03, 0x0E, 0xC0, 0x3F, 0xC0, 0x00,
  0xFC, 0x3F, 0xFE, 0x1F, 0xFF, 0x8F, 0xFF, 0xC7, 0xFF, 0xE3, 0xFF, 0xF1,
  0x3F, 0xE0, 0x7F, 0xF0, 0x0F, 0xF8, 0x07, 0xFC, 0x03, 0xFE, 0x01, 0x7F,
  0x80, 0x3F, 0xC0, 0x1F, 0xE0, 0x0F, 0xF0, 0x3F, 0x0E, 0x1C, 0xFC, 0x03,
  0xFE, 0x01, 0xFF, 0x80, 0x7F, 0xC0, 0x3F, 0x80, 0x03, 0xFC, 0x0F, 0xF8,
  0x1D, 0xFC, 0x0E, 0x7E, 0x07, 0xBF, 0x03, 0x0E, 0xC0, 0x3F, 0xC0, 0x00,
  0x00, 0x00, 0x00, 0x00, 0x00, 0x00, 0x00, 0x00, 0x00, 0x00, 0x00, 0x00,
  0x00, 0x80, 0x03, 0x00, 0x00, 0x00, 0x00, 0x00, 0x00, 0x00, 0x00, 0x00,
  0x00, 0x00, 0x00, 0x00, 0x00, 0x00, 0x00, 0x00, 0x00, 0x00, 0x00, 0x00,
  0x00, 0x00, 0x00, 0x00, 0x00, 0x00, 0x00, 0x00, 0x00, 0x30, 0x00, 0x00,
  0x00, 0x00, 0x00, 0x00, 0x00, 0x00, 0x80, 0x03, 0xC0, 0x00, 0x78, 0x00,
  0x00, 0x00, 0x00, 0x00, 0x00, 0x00, 0x00, 0x00, 0x00, 0x00, 0x00, 0x00,
  0x00, 0x80, 0x03, 0x00, 0x00, 0x00, 0x00, 0x00, 0x00, 0x00, 0x00, 0x00,
  0x00, 0x00, 0x00, 0x00, 0x00, 0x00, 0x00, 0x00, 0x00, 0x00, 0x00, 0x00,
  0x00, 0x00, 0x00, 0x00, 0x00, 0x00, 0x00, 0x00, 0x00, 0x30, 0x00, 0x00,
  0x00, 0x00, 0x00, 0x00, 0x00, 0x00, 0x80, 0x03, 0xC0, 0x00, 0x78, 0x00,
  0x00, 0x00, 0x00, 0x00, 0x00, 0x00, 0x00, 0x00, 0x00, 0x00, 0x00, 0x00,
  0x00, 0xC0, 0x00, 0x00, 0x00, 0x00, 0x00, 0x00, 0x00, 0x00, 0x00, 0x00,
  0x00, 0x00, 0x00, 0x00, 0x00, 0x00, 0x00, 0x00, 0x00, 0x00, 0x00, 0x00,
  0x00, 0x00, 0x00, 0x00, 0x00, 0x00, 0x00, 0x00, 0x00, 0x00, 0x00, 0x00,
  0x00, 0x00, 0x00, 0x00, 0x00, 0x00, 0x00, 0x00, 0xC0, 0x00, 0x00, 0x00,
  0x00, 0x00, 0x00, 0x00, 0x00, 0x00, 0x00, 0x00, 0x00, 0x00, 0x00, 0x00,
  0x00, 0xC0, 0x00, 0x00, 0x00, 0x00, 0x00, 0x00, 0x00, 0x00, 0x00, 0x00,
  0x00, 0x00, 0x00, 0x00, 0x00, 0x00, 0x00, 0x00, 0x00, 0x00, 0x00, 0x00,
  0x00, 0x00, 0x00, 0x00, 0x00, 0x00, 0x00, 0x00, 0x00, 0x00, 0x00, 0x00,
  0x00, 0x00, 0x00, 0x00, 0x00, 0x00, 0x00, 0x00, 0xC0, 0x00, 0x00, 0x00,
  0xF0, 0x0F, 0xFE, 0x03, 0x0C, 0x83, 0xC3, 0x00, 0x00, 0x00, 0x00, 0x00,
  0x18, 0x00, 0x07, 0x80, 0x07, 0xE0, 0x01, 0xE0, 0x00, 0x38, 0x00, 0x66,
  0x00, 0x33, 0xC0, 0x0E, 0xC0, 0x0C, 0x00, 0x00, 0x00, 0x00, 0xFC, 0x03,
  0xFE, 0x01, 0xC3, 0x80, 0x61, 0x00, 0x07, 0x80, 0x03, 0x00, 0x00, 0x00,
  0x00, 0x98, 0x01, 0xCC, 0x00, 0x3C, 0x00, 0x1E, 0xC0, 0x30, 0x60, 0x18,
  0xF0, 0x0F, 0xFE, 0x03, 0x0C, 0x83, 0xC3, 0x00, 0x00, 0x00, 0x00, 0x00,
  0x18, 0x00, 0x07, 0x80, 0x07, 0xE0, 0x01, 0xE0, 0x00, 0x38, 0x00, 0x66,
  0x00, 0x33, 0xC0, 0x0E, 0xC0, 0x0C, 0x00, 0x00, 0x00, 0x00, 0xFC, 0x03,
  0xFE, 0x01, 0xC3, 0x80, 0x61, 0x00, 0x07, 0x80, 0x03, 0x00, 0x00, 0x00,
  0x00, 0x98, 0x01, 0xCC, 0x00, 0x3C, 0x00, 0x1E, 0xC0, 0x30, 0x60, 0x18,
  0x00, 0x00, 0x00, 0x00, 0xF8, 0x01, 0x7E, 0x00, 0x00, 0x00, 0x00, 0x00,
  0x0E, 0x80, 0x03, 0xC0, 0x0D, 0x30, 0x03, 0x00, 0x00, 0x00, 0x00, 0x3C,
  0x00, 0x1E, 0x80, 0x07, 0x80, 0x77, 0xFC, 0x07, 0x00, 0x1C, 0x00, 0x00,
  0x00, 0x00, 0x7E, 0x00, 0x3F, 0x00, 0x00, 0x00, 0x00, 0x00, 0x00, 0x00,
  0x00, 0xF0, 0x00, 0x78, 0x00, 0x66, 0x00, 0x33, 0x80, 0x1F, 0xC0, 0x0F,
  0x00, 0x00, 0x00, 0x00, 0xF8, 0x01, 0x7E, 0x00, 0x00, 0x00, 0x00, 0x00,
  0x0E, 0x80, 0x03, 0xC0, 0x0D, 0x30, 0x03, 0x00, 0x00, 0x00, 0x00, 0x3C,
  0x00, 0x1E, 0x80, 0x07, 0x80, 0x77, 0xFC, 0x07, 0x00, 0x1C, 0x00, 0x00,
  0x00, 0x00, 0x7E, 0x00, 0x3F, 0x00, 0x00, 0x00, 0x00, 0x00, 0x00, 0x00,
  0x00, 0xF0, 0x00, 0x78, 0x00, 0x66, 0x00, 0x33, 0x80, 0x1F, 0xC0, 0x0F,
  0xE0, 0x07, 0x00, 0x00, 0x00, 0x00, 0x00, 0x00, 0x7E, 0x00, 0x00, 0x80,
  0x3F, 0x00, 0x00, 0xE0, 0x0F, 0x00, 0x00, 0xF8, 0x03, 0x00, 0x00, 0xFE,
  0x00, 0x00, 0xF0, 0x1F, 0x00, 0x70, 0x1C, 0x0C, 0x00, 0x7F, 0xFF, 0x0F,
  0x00, 0xC0, 0xFF, 0x03, 0x00, 0xF0, 0xFF, 0x00, 0x00, 0xFC, 0x3F, 0x00,
  0x00, 0xFF, 0x0F, 0x00, 0x00, 0xFF, 0x00, 0x00, 0xC0, 0x3F, 0x00, 0x00,
  0xE0, 0x07, 0x00, 0x00, 0x00, 0x00, 0x00, 0x00, 0x7E, 0x00, 0x00, 0x80,
  0x3F, 0x00, 0x00, 0xE0, 0x0F, 0x00, 0x00, 0xF8, 0x03, 0x00, 0x00, 0xFE,
  0x00, 0x00, 0xF0, 0x1F, 0x00, 0x70, 0x1C, 0x0C, 0x00, 0x7F, 0xFF, 0x0F,
  0x00, 0xC0, 0xFF, 0x03, 0x00, 0xF0, 0xFF, 0x00, 0x00, 0xFC, 0x3F, 0x00,
  0x00, 0xFF, 0x0F, 0x00, 0x00, 0xFF, 0x00, 0x00, 0xC0, 0x3F, 0x00, 0x00,
  0x30, 0x0C, 0xFE, 0x03, 0xFC, 0x83, 0xFF, 0x00, 0xC3, 0xE0, 0x3F, 0xC0,
  0xE0, 0xE0, 0x1F, 0x30, 0x38, 0xF8, 0x07, 0x0C, 0x0E, 0xFE, 0x01, 0x83,
  0x83, 0x7F, 0x70, 0x30, 0xE0, 0x77, 0x1C, 0x38, 0x00, 0x1C, 0x07, 0x00,
  0xFE, 0xC1, 0x01, 0x80, 0x7F, 0x70, 0x00, 0xE0, 0x1F, 0x1C, 0x00, 0xF8,
  0x07, 0x07, 0x00, 0xFE, 0xC1, 0x81, 0x83, 0xDF, 0x71, 0xE0, 0xE0, 0x77,
  0x30, 0x0C, 0xFE, 0x03, 0xFC, 0x83, 0xFF, 0x00, 0xC3, 0xE0, 0x3F, 0xC0,
  0xE0, 0xE0, 0x1F, 0x30, 0x38, 0xF8, 0x07, 0x0C, 0x0E, 0xFE, 0x01, 0x83,
  0x83, 0x7F, 0x70, 0x30, 0xE0, 0x77, 0x1C, 0x38, 0x00, 0x1C, 0x07, 0x00,
  0xFE, 0xC1, 0x01, 0x80, 0x7F, 0x70, 0x00, 0xE0, 0x1F, 0x1C, 0x00, 0xF8,
  0x07, 0x07, 0x00, 0xFE, 0xC1, 0x81, 0x83, 0xDF, 0x71, 0xE0, 0xE0, 0x77,
  0x1C, 0x38, 0x00, 0x06, 0x07, 0x0E, 0x80, 0xC1, 0x81, 0x03, 0x60, 0x70,
  0x00, 0x38, 0x70, 0x1C, 0x00, 0x0E, 0x1C, 0x07, 0x80, 0x03, 0xC7, 0x01,
  0xE0, 0xC0, 0x71, 0xE0, 0x38, 0x78, 0x7E, 0x38, 0xF8, 0x1F, 0xFF, 0x81,
  0x03, 0xC7, 0x7F, 0xE0, 0xC0, 0xF1, 0x1F, 0x38, 0x70, 0xFC, 0x07, 0x0E,
  0x1C, 0xFF, 0x81, 0x03, 0xC7, 0x01, 0xE0, 0xE0, 0x71, 0x00, 0x38, 0x78,
  0xFC, 0x3F, 0xFE, 0x07, 0xFF, 0x8F, 0xFF, 0xC1, 0xFF, 0xE3, 0x7F, 0x70,
  0x00, 0x38, 0x00, 0x1C, 0x00, 0x0E, 0x00, 0x07, 0x80, 0x03, 0xC0, 0x01,
  0xE0, 0x00, 0x70, 0xE0, 0x38, 0x70, 0x1C, 0x38, 0x0E, 0x1C, 0x07, 0x80,
  0xFF, 0xC7, 0x01, 0xE0, 0xFF, 0x71, 0x00, 0xF8, 0x7F, 0x1C, 0x00, 0xFE,
  0x1F, 0x07, 0x80, 0xFF, 0xC7, 0xE1, 0xE3, 0xC0, 0x71, 0xF8, 0x38, 0x70,
  0xFC, 0x3F, 0xFE, 0x07, 0xFF, 0x8F, 0xFF, 0xC1, 0xFF, 0xE3, 0x7F, 0x70,
  0x00, 0x38, 0x00, 0x1C, 0x00, 0x0E, 0x00, 0x07, 0x80, 0x03, 0xC0, 0x01,
  0xE0, 0x00, 0x70, 0xE0, 0x38, 0x70, 0x1C, 0x38, 0x0E, 0x1C, 0x07, 0x80,
  0xFF, 0xC7, 0x01, 0xE0, 0xFF, 0x71, 0x00, 0xF8, 0x7F, 0x1C, 0x00, 0xFE,
  0x1F, 0x07, 0x80, 0xFF, 0xC7, 0xE1, 0xE3, 0xC0, 0x71, 0xF8, 0x38, 0x70,
  0x1C, 0x38, 0x07, 0x06, 0x07, 0xCE, 0x81, 0xC1, 0x81, 0x73, 0x60, 0xC0,
  0xE0, 0x38, 0x00, 0x30, 0x38, 0x0E, 0x00, 0x0C, 0x8E, 0x03, 0x00, 0x83,
  0xE3, 0x00, 0x70, 0x30, 0x38, 0x70, 0x1C, 0x0C, 0x0E, 0x1C, 0x07, 0x80,
  0x03, 0xC0, 0x01, 0xE0, 0x00, 0x70, 0x00, 0x38, 0x00, 0x1C, 0x00, 0x0E,
  0x00, 0x07, 0x80, 0x03, 0xC0, 0x81, 0x83, 0xFF, 0x71, 0xE0, 0xE0, 0x7F,
  0x1C, 0x38, 0x07, 0x06, 0x07, 0xCE, 0x81, 0xC1, 0x81, 0x73, 0x60, 0xC0,
  0xE0, 0x38, 0x00, 0x30, 0x38, 0x0E, 0x00, 0x0C, 0x8E, 0x03, 0x00, 0x83,
  0xE3, 0x00, 0x70, 0x30, 0x38, 0x70, 0x1C, 0x0C, 0x0E, 0x1C, 0x07, 0x80,
  0x03, 0xC0, 0x01, 0xE0, 0x00, 0x70, 0x00, 0x38, 0x00, 0x1C, 0x00, 0x0E,
  0x00, 0x07, 0x80, 0x03, 0xC0, 0x81, 0x83, 0xFF, 0x71, 0xE0, 0xE0, 0x7F,
  0x1C, 0x38, 0xFE, 0x1F, 0x07, 0x8E, 0xFF, 0xC7, 0x81, 0xE3, 0xFF, 0x81,
  0x3F, 0xE0, 0x7F, 0xE0, 0x0F, 0xF8, 0x1F, 0xF8, 0x03, 0xFE, 0x07, 0xFE,
  0x80, 0xFF, 0xF1, 0x1F, 0xE0, 0x7F, 0xFC, 0x07, 0xF8, 0x1F, 0xFF, 0x0F,
  0xFE, 0xC1, 0xFF, 0x83, 0x7F, 0xF0, 0xFF, 0xE0, 0x1F, 0xFC, 0x3F, 0xF8,
  0x07, 0xFF, 0x0F, 0xFE, 0x01, 0xFF, 0x00, 0xC0, 0xC1, 0x3F, 0x00, 0x70,
  0x1C, 0x38, 0xFE, 0x1F, 0x07, 0x8E, 0xFF, 0xC7, 0x81, 0xE3, 0xFF, 0x81,
  0x3F, 0xE0, 0x7F, 0xE0, 0x0F, 0xF8, 0x1F, 0xF8, 0x03, 0xFE, 0x07, 0xFE,
  0x80, 0xFF, 0xF1, 0x1F, 0xE0, 0x7F, 0xFC, 0x07, 0xF8, 0x1F, 0xFF, 0x0F,
  0xFE, 0xC1, 0xFF, 0x83, 0x7F, 0xF0, 0xFF, 0xE0, 0x1F, 0xFC, 0x3F, 0xF8,
  0x07, 0xFF, 0x0F, 0xFE, 0x01, 0xFF, 0x00, 0xC0, 0xC1, 0x3F, 0x00, 0x70,
  0x00, 0x00, 0x00, 0x00, 0x00, 0x00, 0x00, 0x00, 0xC0, 0x00, 0x0E, 0x00,
  0x00, 0x00, 0x00, 0x00, 0x00, 0x00, 0x00, 0x00, 0x00, 0x00, 0x00, 0x00,
  0x00, 0x00, 0x00, 0x00, 0x00, 0x00, 0x00, 0x00, 0x00, 0x00, 0x00, 0x00,
  0x00, 0x00, 0x00, 0x00, 0x00, 0x00, 0x00, 0x00, 0x00, 0x80, 0x03, 0xE0,
  0x00, 0x00, 0x00, 0x00, 0x00, 0x00, 0x80, 0x7F, 0x00, 0x00, 0xE0, 0x1F,
  0x00, 0x00, 0x00, 0x00, 0x00, 0x00, 0x00, 0x00, 0xC0, 0x00, 0x0E, 0x00,
  0x00, 0x00, 0x00, 0x00, 0x00, 0x00, 0x00, 0x00, 0x00, 0x00, 0x00, 0x00,
  0x00, 0x00, 0x00, 0x00, 0x00, 0x00, 0x00, 0x00, 0x00, 0x00, 0x00, 0x00,
  0x00, 0x00, 0x00, 0x00, 0x00, 0x00, 0x00, 0x00, 0x00, 0x80, 0x03, 0xE0,
  0x00, 0x00, 0x00, 0x00, 0x00, 0x00, 0x80, 0x7F, 0x00, 0x00, 0xE0, 0x1F,
  0x00, 0x00, 0x00, 0x00, 0x00, 0x00, 0x00, 0x00, 0xC0, 0x03, 0x1E, 0x00,
  0x00, 0x00, 0x00, 0x00, 0x00, 0x00, 0x00, 0x00, 0x00, 0x00, 0x00, 0x00,
  0x00, 0x00, 0x00, 0x00, 0x00, 0x00, 0x00, 0x00, 0x00, 0x00, 0x00, 0x00,
  0x00, 0x00, 0x00, 0x00, 0x00, 0x00, 0x00, 0x00, 0x00, 0x80, 0x07, 0xE0,
  0x01, 0x00, 0x00, 0x00, 0x00, 0x00, 0x00, 0x00, 0x00, 0x00, 0x00, 0x00,
  0x00, 0x00, 0x00, 0x00, 0x00, 0x00, 0x00, 0x00, 0xC0, 0x03, 0x1E, 0x00,
  0x00, 0x00, 0x00, 0x00, 0x00, 0x00, 0x00, 0x00, 0x00, 0x00, 0x00, 0x00,
  0x00, 0x00, 0x00, 0x00, 0x00, 0x00, 0x00, 0x00, 0x00, 0x00, 0x00, 0x00,
  0x00, 0x00, 0x00, 0x00, 0x00, 0x00, 0x00, 0x00, 0x00, 0x80, 0x07, 0xE0,
  0x01, 0x00, 0x00, 0x00, 0x00, 0x00, 0x00, 0x00, 0x00, 0x00, 0x00, 0x00,
  0xC0, 0x01, 0xE0, 0x00, 0x00, 0x00, 0x70, 0x00, 0x3C, 0x00, 0x1E, 0x00,
  0x00, 0x00, 0x00, 0x70, 0x0C, 0x30, 0x03, 0xFC, 0x01, 0xFE, 0xC0, 0xC1,
  0xE0, 0x60, 0x00, 0x00, 0x00, 0x00, 0xC0, 0x01, 0x00, 0x00, 0x00, 0x00,
  0x00, 0x00, 0x3C, 0x00, 0x1E, 0x00, 0x00, 0x00, 0x00, 0x00, 0x00, 0x00,
  0x03, 0xE0, 0x00, 0x00, 0x00, 0x00, 0x00, 0x00, 0x00, 0x00, 0x00, 0x00,
  0xC0, 0x01, 0xE0, 0x00, 0x00, 0x00, 0x70, 0x00, 0x3C, 0x00, 0x1E, 0x00,
  0x00, 0x00, 0x00, 0x70, 0x0C, 0x30, 0x03, 0xFC, 0x01, 0xFE, 0xC0, 0xC1,
  0xE0, 0x60, 0x00, 0x00, 0x00, 0x00, 0xC0, 0x01, 0x00, 0x00, 0x00, 0x00,
  0x00, 0x00, 0x3C, 0x00, 0x1E, 0x00, 0x00, 0x00, 0x00, 0x00, 0x00, 0x00,
  0x03, 0xE0, 0x00, 0x00, 0x00, 0x00, 0x00, 0x00, 0x00, 0x00, 0x00, 0x00,
  0x00, 0x00, 0x00, 0x00, 0x00, 0x00, 0x38, 0x00, 0x66, 0x00, 0x33, 0x70,
  0xE0, 0x38, 0x00, 0x9C, 0x07, 0xD8, 0x01, 0x00, 0x00, 0x00, 0x00, 0x7F,
  0x80, 0x3F, 0x00, 0x00, 0x80, 0x03, 0x00, 0x00, 0x00, 0x80, 0x0F, 0x0E,
  0x06, 0x07, 0x66, 0x00, 0x33, 0x70, 0xF0, 0x38, 0x00, 0x00, 0x00, 0xC0,
  0x01, 0x70, 0x80, 0x03, 0x00, 0x1F, 0xE0, 0x30, 0xC0, 0xE7, 0x38, 0x00,
  0x00, 0x00, 0x00, 0x00, 0x00, 0x00, 0x38, 0x00, 0x66, 0x00, 0x33, 0x70,
  0xE0, 0x38, 0x00, 0x9C, 0x07, 0xD8, 0x01, 0x00, 0x00, 0x00, 0x00, 0x7F,
  0x80, 0x3F, 0x00, 0x00, 0x80, 0x03, 0x00, 0x00, 0x00, 0x80, 0x0F, 0x0E,
  0x06, 0x07, 0x66, 0x00, 0x33, 0x70, 0xF0, 0x38, 0x00, 0x00, 0x00, 0xC0,
  0x01, 0x70, 0x80, 0x03, 0x00, 0x1F, 0xE0, 0x30, 0xC0, 0xE7, 0x38, 0x00,
  0xF0, 0x0F, 0x00, 0x00, 0xFC, 0x03, 0x00, 0xC0, 0x81, 0xE3, 0x00, 0xF8,
  0xFF, 0xFD, 0x00, 0xF0, 0x07, 0x00, 0x00, 0xFC, 0x01, 0x00, 0x00, 0x00,
  0x00, 0x00, 0xC0, 0x1F, 0x00, 0x00, 0xF0, 0x07, 0x00, 0x00, 0x07, 0x0E,
  0x00, 0x00, 0x80, 0x03, 0x00, 0x70, 0x1E, 0x38, 0x00, 0x00, 0x00, 0x0E,
  0x00, 0x7C, 0x80, 0x03, 0x00, 0x1C, 0xE0, 0x1C, 0x00, 0x37, 0x38, 0x00,
  0xF0, 0x0F, 0x00, 0x00, 0xFC, 0x03, 0x00, 0xC0, 0x81, 0xE3, 0x00, 0xF8,
  0xFF, 0xFD, 0x00, 0xF0, 0x07, 0x00, 0x00, 0xFC, 0x01, 0x00, 0x00, 0x00,
  0x00, 0x00, 0xC0, 0x1F, 0x00, 0x00, 0xF0, 0x07, 0x00, 0x00, 0x07, 0x0E,
  0x00, 0x00, 0x80, 0x03, 0x00, 0x70, 0x1E, 0x38, 0x00, 0x00, 0x00, 0x0E,
  0x00, 0x7C, 0x80, 0x03, 0x00, 0x1C, 0xE0, 0x1C, 0x00, 0x37, 0x38, 0x00,
  0x1C, 0x38, 0xF8, 0x1D, 0x07, 0x0E, 0x7E, 0xC7, 0x81, 0xE3, 0x00, 0x70,
  0xE0, 0x38, 0x00, 0xC0, 0x01, 0xF0, 0x00, 0x70, 0x00, 0x3C, 0x00, 0x7F,
  0x00, 0x0F, 0x00, 0x07, 0xC0, 0x03, 0xC0, 0x01, 0xF0, 0x00, 0x07, 0x8E,
  0x87, 0x07, 0x80, 0x03, 0xF0, 0x71, 0x0F, 0x38, 0x78, 0x1C, 0x3E, 0x0E,
  0x00, 0x70, 0x80, 0x03, 0x00, 0x1C, 0xE0, 0x00, 0x00, 0x07, 0x38, 0x0C,
  0x1C, 0x38, 0xF8, 0x1D, 0x07, 0x0E, 0x7E, 0xC7, 0x81, 0xE3, 0x00, 0x70,
  0xE0, 0x38, 0x00, 0xC0, 0x01, 0xF0, 0x00, 0x70, 0x00, 0x3C, 0x00, 0x7F,
  0x00, 0x0F, 0x00, 0x07, 0xC0, 0x03, 0xC0, 0x01, 0xF0, 0x00, 0x07, 0x8E,
  0x87, 0x07, 0x80, 0x03, 0xF0, 0x71, 0x0F, 0x38, 0x78, 0x1C, 0x3E, 0x0E,
  0x00, 0x70, 0x80, 0x03, 0x00, 0x1C, 0xE0, 0x00, 0x00, 0x07, 0x38, 0x0C,
  0x1C, 0x00, 0x0E, 0x1E, 0x07, 0x80, 0x83, 0xC7, 0xFF, 0xE3, 0x7E, 0xF0,
  0xFF, 0xB8, 0x1F, 0xC0, 0x01, 0xE0, 0x00, 0x70, 0x00, 0x38, 0x00, 0x1C,
  0x00, 0x0E, 0x00, 0x07, 0x80, 0x03, 0xC0, 0x01, 0xE0, 0x00, 0x07, 0x0E,
  0x06, 0x07, 0x80, 0x03, 0xC0, 0xF1, 0x01, 0x38, 0x0C, 0x9C, 0x07, 0x0E,
  0x00, 0x70, 0x80, 0x03, 0x00, 0x1C, 0xE0, 0x00, 0x00, 0x07, 0x38, 0x00,
  0x1C, 0x3E, 0x0E, 0x1C, 0x87, 0x8F, 0x03, 0xC7, 0x81, 0xE3, 0xC1, 0x71,
  0xE0, 0x78, 0x70, 0xC0, 0x01, 0xE0, 0x00, 0x70, 0x00, 0x38, 0x00, 0x1C,
  0x00, 0x0E, 0x00, 0x07, 0x80, 0x03, 0xC0, 0x01, 0xE0, 0x00, 0x07, 0x0E,
  0x06, 0x07, 0x80, 0x03, 0xC0, 0x71, 0x0F, 0xF8, 0x03, 0xFC, 0x01, 0x0E,
  0x00, 0x70, 0x80, 0x03, 0x00, 0x1C, 0xE0, 0x00, 0x00, 0x07, 0x38, 0x00,
  0x1C, 0x3E, 0x0E, 0x1C, 0x87, 0x8F, 0x03, 0xC7, 0x81, 0xE3, 0xC1, 0x71,
  0xE0, 0x78, 0x70, 0xC0, 0x01, 0xE0, 0x00, 0x70, 0x00, 0x38, 0x00, 0x1C,
  0x00, 0x0E, 0x00, 0x07, 0x80, 0x03, 0xC0, 0x01, 0xE0, 0x00, 0x07, 0x0E,
  0x06, 0x07, 0x80, 0x03, 0xC0, 0x71, 0x0F, 0xF8, 0x03, 0xFC, 0x01, 0x0E,
  0x00, 0x70, 0x80, 0x03, 0x00, 0x1C, 0xE0, 0x00, 0x00, 0x07, 0x38, 0x00,
  0x1C, 0x38, 0xF8, 0x1F, 0x07, 0x0E, 0xFE, 0xC7, 0x81, 0xE3, 0xC0, 0x71,
  0xE0, 0x38, 0x70, 0xC0, 0x01, 0xE0, 0x00, 0x70, 0x00, 0x38, 0x00, 0x1C,
  0x00, 0x0E, 0x00, 0x07, 0x80, 0x03, 0xC0, 0x01, 0xE0, 0x00, 0xE7, 0x0E,
  0x06, 0xC7, 0x81, 0xE3, 0xC0, 0x71, 0x1E, 0x38, 0x0C, 0x9C, 0x07, 0x0E,
  0x00, 0x70, 0x80, 0x03, 0x00, 0x1C, 0xE0, 0x00, 0x00, 0x07, 0x38, 0x00,
  0x1C, 0x38, 0xF8, 0x1F, 0x07, 0x0E, 0xFE, 0xC7, 0x81, 0xE3, 0xC0, 0x71,
  0xE0, 0x38, 0x70, 0xC0, 0x01, 0xE0, 0x00, 0x70, 0x00, 0x38, 0x00, 0x1C,
  0x00, 0x0E, 0x00, 0x07, 0x80, 0x03, 0xC0, 0x01, 0xE0, 0x00, 0xE7, 0x0E,
  0x06, 0xC7, 0x81, 0xE3, 0xC0, 0x71, 0x1E, 0x38, 0x0C, 0x9C, 0x07, 0x0E,
  0x00, 0x70, 0x80, 0x03, 0x00, 0x1C, 0xE0, 0x00, 0x00, 0x07, 0x38, 0x00,
  0xF0, 0x0F, 0x00, 0x1C, 0xFC, 0x03, 0x00, 0xC7, 0x81, 0xE3, 0xC0, 0x71,
  0xE0, 0x38, 0x70, 0xF0, 0x07, 0xF8, 0x03, 0xFC, 0x01, 0xFE, 0x00, 0x7F,
  0x80, 0x3F, 0xC0, 0x1F, 0xE0, 0x0F, 0xF0, 0x07, 0xF8, 0x83, 0x8F, 0xC3,
  0x3F, 0x07, 0xFF, 0x80, 0x7F, 0x70, 0xF0, 0x38, 0x78, 0x1C, 0x3E, 0xFE,
  0x1F, 0xFC, 0x81, 0xFF, 0x07, 0x7F, 0xE0, 0xFF, 0xC1, 0x1F, 0xF8, 0x7F,
  0xF0, 0x0F, 0x00, 0x1C, 0xFC, 0x03, 0x00, 0xC7, 0x81, 0xE3, 0xC0, 0x71,
  0xE0, 0x38, 0x70, 0xF0, 0x07, 0xF8, 0x03, 0xFC, 0x01, 0xFE, 0x00, 0x7F,
  0x80, 0x3F, 0xC0, 0x1F, 0xE0, 0x0F, 0xF0, 0x07, 0xF8, 0x83, 0x8F, 0xC3,
  0x3F, 0x07, 0xFF, 0x80, 0x7F, 0x70, 0xF0, 0x38, 0x78, 0x1C, 0x3E, 0xFE,
  0x1F, 0xFC, 0x81, 0xFF, 0x07, 0x7F, 0xE0, 0xFF, 0xC1, 0x1F, 0xF8, 0x7F,
  0x00, 0x00, 0xF8, 0x07, 0x70, 0x00, 0xFE, 0x01, 0x00, 0x00, 0x00, 0x00,
  0x00, 0x00, 0x00, 0x00, 0x00, 0x00, 0x00, 0x00, 0x00, 0x00, 0x00, 0x00,
  0x00, 0x00, 0x00, 0x07, 0x80, 0x03, 0x00, 0x00, 0x00, 0x00, 0x00, 0x00,
  0xC0, 0x01, 0x00, 0x00, 0x00, 0x00, 0x0E, 0x00, 0x07, 0x00, 0x00, 0x00,
  0x00, 0x00, 0x00, 0x38, 0x00, 0x1C, 0x00, 0x00, 0x00, 0x00, 0x00, 0x00,
  0x00, 0x00, 0xF8, 0x07, 0x70, 0x00, 0xFE, 0x01, 0x00, 0x00, 0x00, 0x00,
  0x00, 0x00, 0x00, 0x00, 0x00, 0x00, 0x00, 0x00, 0x00, 0x00, 0x00, 0x00,
  0x00, 0x00, 0x00, 0x07, 0x80, 0x03, 0x00, 0x00, 0x00, 0x00, 0x00, 0x00,
  0xC0, 0x01, 0x00, 0x00, 0x00, 0x00, 0x0E, 0x00, 0x07, 0x00, 0x00, 0x00,
  0x00, 0x00, 0x00, 0x38, 0x00, 0x1C, 0x00, 0x00, 0x00, 0x00, 0x00, 0x00,
  0x00, 0x00, 0x00, 0x00, 0x18, 0x00, 0x00, 0x00, 0x00, 0x00, 0x00, 0x00,
  0x00, 0x00, 0x00, 0x00, 0x00, 0x00, 0x00, 0x00, 0x00, 0x00, 0x00, 0x00,
  0x00, 0x00, 0x00, 0x0F, 0x80, 0x07, 0x00, 0x00, 0x00, 0x00, 0x00, 0x00,
  0x00, 0x00, 0x00, 0x00, 0x00, 0x00, 0x07, 0x80, 0x03, 0x00, 0x00, 0x00,
  0x00, 0x00, 0x00, 0x0C, 0x00, 0x06, 0x00, 0x00, 0x00, 0x00, 0x00, 0x00,
  0x00, 0x00, 0x00, 0x00, 0x18, 0x00, 0x00, 0x00, 0x00, 0x00, 0x00, 0x00,
  0x00, 0x00, 0x00, 0x00, 0x00, 0x00, 0x00, 0x00, 0x00, 0x00, 0x00, 0x00,
  0x00, 0x00, 0x00, 0x0F, 0x80, 0x07, 0x00, 0x00, 0x00, 0x00, 0x00, 0x00,
  0x00, 0x00, 0x00, 0x00, 0x00, 0x00, 0x07, 0x80, 0x03, 0x00, 0x00, 0x00,
  0x00, 0x00, 0x00, 0x0C, 0x00, 0x06, 0x00, 0x00, 0x00, 0x00, 0x00, 0x00,
  0xF0, 0x01, 0x00, 0x00, 0x00, 0x00, 0xC0, 0x00, 0x60, 0x00, 0x00, 0x00,
  0x00, 0xC0, 0x0C, 0x60, 0x06, 0x07, 0x00, 0x00, 0x00, 0x00, 0x00, 0xFF,
  0x80, 0x7F, 0xC0, 0x30, 0x60, 0x18, 0xC0, 0x39, 0xE0, 0x1C, 0x00, 0x00,
  0x00, 0x00, 0x38, 0x00, 0x30, 0x00, 0x00, 0x00, 0x00, 0xB0, 0x03, 0x30,
  0x03, 0xE0, 0x00, 0x70, 0x00, 0x3C, 0x00, 0x1E, 0x00, 0x00, 0x00, 0x00,
  0xF0, 0x01, 0x00, 0x00, 0x00, 0x00, 0xC0, 0x00, 0x60, 0x00, 0x00, 0x00,
  0x00, 0xC0, 0x0C, 0x60, 0x06, 0x07, 0x00, 0x00, 0x00, 0x00, 0x00, 0xFF,
  0x80, 0x7F, 0xC0, 0x30, 0x60, 0x18, 0xC0, 0x39, 0xE0, 0x1C, 0x00, 0x00,
  0x00, 0x00, 0x38, 0x00, 0x30, 0x00, 0x00, 0x00, 0x00, 0xB0, 0x03, 0x30,
  0x03, 0xE0, 0x00, 0x70, 0x00, 0x3C, 0x00, 0x1E, 0x00, 0x00, 0x00, 0x00,
  0xC0, 0x01, 0x0E, 0x00, 0x7C, 0x03, 0x70, 0x00, 0x38, 0x00, 0x00, 0x00,
  0x00, 0x80, 0x07, 0xC0, 0x03, 0x0E, 0x00, 0x07, 0x0E, 0x00, 0x00, 0x00,
  0x00, 0x00, 0x80, 0x1F, 0xC0, 0x0F, 0x60, 0x0C, 0x30, 0x06, 0xFC, 0x0F,
  0x00, 0x00, 0x1C, 0x00, 0x1C, 0xF0, 0x3F, 0x00, 0x00, 0xE0, 0x01, 0xE0,
  0x01, 0x70, 0x00, 0x38, 0x00, 0x66, 0x00, 0x33, 0xC0, 0x3F, 0x00, 0x00,
  0xC0, 0x01, 0x0E, 0x00, 0x7C, 0x03, 0x70, 0x00, 0x38, 0x00, 0x00, 0x00,
  0x00, 0x80, 0x07, 0xC0, 0x03, 0x0E, 0x00, 0x07, 0x0E, 0x00, 0x00, 0x00,
  0x00, 0x00, 0x80, 0x1F, 0xC0, 0x0F, 0x60, 0x0C, 0x30, 0x06, 0xFC, 0x0F,
  0x00, 0x00, 0x1C, 0x00, 0x1C, 0xF0, 0x3F, 0x00, 0x00, 0xE0, 0x01, 0xE0,
  0x01, 0x70, 0x00, 0x38, 0x00, 0x66, 0x00, 0x33, 0xC0, 0x3F, 0x00, 0x00,
  0xC0, 0x0D, 0xEE, 0x00, 0xF0, 0x81, 0x07, 0x07, 0x00, 0xE0, 0xC1, 0x01,
  0x00, 0x78, 0x70, 0x00, 0x00, 0x00, 0x00, 0x0F, 0x0E, 0x00, 0x00, 0xFF,
  0x00, 0x00, 0xC0, 0x3F, 0x00, 0x00, 0xF0, 0x0F, 0x00, 0x00, 0xE7, 0x00,
  0x00, 0xC0, 0xFF, 0x00, 0x00, 0x70, 0xE0, 0x00, 0x00, 0xFC, 0x0F, 0x00,
  0x00, 0xFC, 0x03, 0x00, 0x00, 0xFF, 0x00, 0x00, 0x70, 0xE0, 0x00, 0x00,
  0xC0, 0x0D, 0xEE, 0x00, 0xF0, 0x81, 0x07, 0x07, 0x00, 0xE0, 0xC1, 0x01,
  0x00, 0x78, 0x70, 0x00, 0x00, 0x00, 0x00, 0x0F, 0x0E, 0x00, 0x00, 0xFF,
  0x00, 0x00, 0xC0, 0x3F, 0x00, 0x00, 0xF0, 0x0F, 0x00, 0x00, 0xE7, 0x00,
  0x00, 0xC0, 0xFF, 0x00, 0x00, 0x70, 0xE0, 0x00, 0x00, 0xFC, 0x0F, 0x00,
  0x00, 0xFC, 0x03, 0x00, 0x00, 0xFF, 0x00, 0x00, 0x70, 0xE0, 0x00, 0x00,
  0xC0, 0x01, 0x3E, 0x00, 0xF0, 0x80, 0x0F, 0xC7, 0xFD, 0xE0, 0xC3, 0x71,
  0x3F, 0xF8, 0x70, 0xDC, 0x0F, 0xEE, 0x07, 0x1F, 0x8E, 0xFB, 0xC1, 0x81,
  0x83, 0x7F, 0x70, 0xE0, 0xE0, 0x1F, 0x1C, 0x38, 0xF8, 0x87, 0xE3, 0x80,
  0xFF, 0xC1, 0x81, 0xE3, 0x7E, 0x70, 0xE0, 0xB8, 0x1F, 0x1C, 0x38, 0xEE,
  0x07, 0x07, 0x00, 0xFE, 0xC1, 0x01, 0x80, 0x7F, 0x70, 0x00, 0xE0, 0x1F,
  0xC0, 0x01, 0x3E, 0x00, 0xF0, 0x80, 0x0F, 0xC7, 0xFD, 0xE0, 0xC3, 0x71,
  0x3F, 0xF8, 0x70, 0xDC, 0x0F, 0xEE, 0x07, 0x1F, 0x8E, 0xFB, 0xC1, 0x81,
  0x83, 0x7F, 0x70, 0xE0, 0xE0, 0x1F, 0x1C, 0x38, 0xF8, 0x87, 0xE3, 0x80,
  0xFF, 0xC1, 0x81, 0xE3, 0x7E, 0x70, 0xE0, 0xB8, 0x1F, 0x1C, 0x38, 0xEE,
  0x07, 0x07, 0x00, 0xFE, 0xC1, 0x01, 0x80, 0x7F, 0x70, 0x00, 0xE0, 0x1F,
  0xC0, 0x01, 0x1E, 0x00, 0x78, 0x80, 0x3B, 0xC7, 0x83, 0xE3, 0xCE, 0xF1,
  0xE0, 0xB8, 0x73, 0x3C, 0x38, 0x1E, 0x1C, 0x77, 0x8E, 0x07, 0xC7, 0x81,
  0xE3, 0xC0, 0x71, 0xE0, 0x38, 0x70, 0x1C, 0x38, 0x0E, 0x9C, 0xE3, 0xC3,
  0x39, 0xC7, 0x81, 0xE3, 0xC1, 0xF1, 0x3F, 0x78, 0x70, 0x1C, 0x38, 0x1E,
  0x1C, 0xFC, 0x83, 0x03, 0x00, 0xFF, 0xE0, 0x00, 0xC0, 0x3F, 0x38, 0x00,
  0xC0, 0x01, 0x0F, 0x00, 0x7C, 0x80, 0x73, 0xC7, 0x81, 0xE3, 0xDC, 0x71,
  0xE0, 0x38, 0x77, 0x1C, 0x38, 0x0E, 0x1C, 0xE7, 0x8E, 0x03, 0xC7, 0x81,
  0xE3, 0xC0, 0x71, 0xE0, 0x38, 0x70, 0x1C, 0x38, 0x0E, 0x9C, 0xE3, 0xC0,
  0xF9, 0xC7, 0xFF, 0xE0, 0x00, 0x70, 0x18, 0x38, 0x00, 0xFC, 0x0F, 0x0E,
  0x00, 0x00, 0x0E, 0xFE, 0x01, 0x80, 0x83, 0x7F, 0x00, 0xE0, 0xE0, 0x1F,
  0xC0, 0x01, 0x0F, 0x00, 0x7C, 0x80, 0x73, 0xC7, 0x81, 0xE3, 0xDC, 0x71,
  0xE0, 0x38, 0x77, 0x1C, 0x38, 0x0E, 0x1C, 0xE7, 0x8E, 0x03, 0xC7, 0x81,
  0xE3, 0xC0, 0x71, 0xE0, 0x38, 0x70, 0x1C, 0x38, 0x0E, 0x9C, 0xE3, 0xC0,
  0xF9, 0xC7, 0xFF, 0xE0, 0x00, 0x70, 0x18, 0x38, 0x00, 0xFC, 0x0F, 0x0E,
  0x00, 0x00, 0x0E, 0xFE, 0x01, 0x80, 0x83, 0x7F, 0x00, 0xE0, 0xE0, 0x1F,
  0xC0, 0x81, 0x0F, 0x00, 0x70, 0x80, 0xC3, 0xC7, 0x81, 0xE3, 0xF0, 0x71,
  0xE0, 0x38, 0x7C, 0x1C, 0x38, 0x0E, 0x1C, 0x87, 0x8F, 0x03, 0xC7, 0x81,
  0xE3, 0xC0, 0x71, 0xE0, 0x38, 0x70, 0x1C, 0x38, 0x0E, 0x1C, 0xE7, 0xC0,
  0x39, 0xC0, 0x61, 0xE0, 0x00, 0x70, 0x30, 0x38, 0x00, 0x1C, 0x06, 0x0E,
  0x00, 0x07, 0x0E, 0x00, 0xC7, 0x81, 0x03, 0xC0, 0x71, 0xE0, 0x00, 0x70,
  0xC0, 0x81, 0x0F, 0x00, 0x70, 0x80, 0xC3, 0xC7, 0x81, 0xE3, 0xF0, 0x71,
  0xE0, 0x38, 0x7C, 0x1C, 0x38, 0x0E, 0x1C, 0x87, 0x8F, 0x03, 0xC7, 0x81,
  0xE3, 0xC0, 0x71, 0xE0, 0x38, 0x70, 0x1C, 0x38, 0x0E, 0x1C, 0xE7, 0xC0,
  0x39, 0xC0, 0x61, 0xE0, 0x00, 0x70, 0x30, 0x38, 0x00, 0x1C, 0x06, 0x0E,
  0x00, 0x07, 0x0E, 0x00, 0xC7, 0x81, 0x03, 0xC0, 0x71, 0xE0, 0x00, 0x70,
  0xF0, 0x07, 0xFE, 0x1F, 0xFC, 0x81, 0x83, 0xC7, 0x81, 0xE3, 0xE0, 0x71,
  0xE0, 0x38, 0x78, 0x1C, 0x38, 0x0E, 0x1C, 0x07, 0x8F, 0x03, 0x07, 0xFF,
  0x80, 0x7F, 0xC0, 0x3F, 0xE0, 0x1F, 0xF0, 0x0F, 0xF8, 0x07, 0xFC, 0x8F,
  0xFF, 0xC1, 0xC1, 0xE3, 0x00, 0x70, 0xE0, 0x38, 0x00, 0x1C, 0x3C, 0x0E,
  0x00, 0xFC, 0x03, 0xFE, 0x01, 0xFF, 0x80, 0x7F, 0xC0, 0x3F, 0xE0, 0x1F,
  0xF0, 0x07, 0xFE, 0x1F, 0xFC, 0x81, 0x83, 0xC7, 0x81, 0xE3, 0xE0, 0x71,
  0xE0, 0x38, 0x78, 0x1C, 0x38, 0x0E, 0x1C, 0x07, 0x8F, 0x03, 0x07, 0xFF,
  0x80, 0x7F, 0xC0, 0x3F, 0xE0, 0x1F, 0xF0, 0x0F, 0xF8, 0x07, 0xFC, 0x8F,
  0xFF, 0xC1, 0xC1, 0xE3, 0x00, 0x70, 0xE0, 0x38, 0x00, 0x1C, 0x3C, 0x0E,
  0x00, 0xFC, 0x03, 0xFE, 0x01, 0xFF, 0x80, 0x7F, 0xC0, 0x3F, 0xE0, 0x1F,
  0x00, 0x00, 0x00, 0x00, 0x00, 0x00, 0x00, 0x00, 0x00, 0x00, 0x1C, 0x00,
  0x07, 0x00, 0x00, 0x00, 0x00, 0x00, 0x00, 0x00, 0x0E, 0x00, 0x07, 0x00,
  0x00, 0x00, 0x00, 0x00, 0x00, 0x00, 0x00, 0x00, 0x00, 0x00, 0x00, 0x00,
  0x00, 0x00, 0x00, 0x00, 0x00, 0x00, 0x0E, 0x00, 0x07, 0x00, 0x00, 0x00,
  0x00, 0x00, 0x00, 0x00, 0x00, 0x00, 0x00, 0x00, 0x00, 0x0E, 0x00, 0x07,
  0x00, 0x00, 0x00, 0x00, 0x00, 0x00, 0x00, 0x00, 0x00, 0x00, 0x1C, 0x00,
  0x07, 0x00, 0x00, 0x00, 0x00, 0x00, 0x00, 0x00, 0x0E, 0x00, 0x07, 0x00,
  0x00, 0x00, 0x00, 0x00, 0x00, 0x00, 0x00, 0x00, 0x00, 0x00, 0x00, 0x00,
  0x00, 0x00, 0x00, 0x00, 0x00, 0x00, 0x0E, 0x00, 0x07, 0x00, 0x00, 0x00,
  0x00, 0x00, 0x00, 0x00, 0x00, 0x00, 0x00, 0x00, 0x00, 0x0E, 0x00, 0x07,
  0x00, 0x00, 0x00, 0x00, 0x00, 0x00, 0x00, 0x00, 0x00, 0x00, 0x0E, 0x80,
  0x01, 0x00, 0x00, 0x00, 0x00, 0x00, 0x00, 0xE0, 0x03, 0xF0, 0x01, 0x00,
  0x00, 0x00, 0x00, 0x00, 0x00, 0x00, 0x00, 0x00, 0x00, 0x00, 0x00, 0x00,
  0x00, 0x00, 0x00, 0x00, 0x00, 0x00, 0x07, 0x80, 0x03, 0x00, 0x00, 0x00,
  0x00, 0x00, 0x00, 0x00, 0x00, 0x00, 0x00, 0x00, 0x00, 0x0F, 0x80, 0x07,
  0x00, 0x00, 0x00, 0x00, 0x00, 0x00, 0x00, 0x00, 0x00, 0x00, 0x0E, 0x80,
  0x01, 0x00, 0x00, 0x00, 0x00, 0x00, 0x00, 0xE0, 0x03, 0xF0, 0x01, 0x00,
  0x00, 0x00, 0x00, 0x00, 0x00, 0x00, 0x00, 0x00, 0x00, 0x00, 0x00, 0x00,
  0x00, 0x00, 0x00, 0x00, 0x00, 0x00, 0x07, 0x80, 0x03, 0x00, 0x00, 0x00,
  0x00, 0x00, 0x00, 0x00, 0x00, 0x00, 0x00, 0x00, 0x00, 0x0F, 0x80, 0x07,
  0x60, 0x06, 0x30, 0x03, 0x00, 0x00, 0x00, 0x00, 0x63, 0x80, 0x31, 0x00,
  0x00, 0x00, 0x00, 0xE0, 0x0D, 0xF0, 0x06, 0xFC, 0x03, 0xFE, 0x01, 0xC3,
  0x80, 0x61, 0x00, 0x0F, 0x80, 0x07, 0xC0, 0x39, 0xE0, 0x1C, 0x00, 0x00,
  0x00, 0x00, 0x3E, 0x00, 0x1F, 0x80, 0x0F, 0x80, 0x07, 0x30, 0x06, 0xC0,
  0x01, 0xE0, 0x00, 0x38, 0x00, 0x1C, 0x00, 0x33, 0x80, 0x19, 0x00, 0x00,
  0x60, 0x06, 0x30, 0x03, 0x00, 0x00, 0x00, 0x00, 0x63, 0x80, 0x31, 0x00,
  0x00, 0x00, 0x00, 0xE0, 0x0D, 0xF0, 0x06, 0xFC, 0x03, 0xFE, 0x01, 0xC3,
  0x80, 0x61, 0x00, 0x0F, 0x80, 0x07, 0xC0, 0x39, 0xE0, 0x1C, 0x00, 0x00,
  0x00, 0x00, 0x3E, 0x00, 0x1F, 0x80, 0x0F, 0x80, 0x07, 0x30, 0x06, 0xC0,
  0x01, 0xE0, 0x00, 0x38, 0x00, 0x1C, 0x00, 0x33, 0x80, 0x19, 0x00, 0x00,
  0xC0, 0x03, 0xE0, 0x81, 0xFF, 0x0F, 0x0C, 0x00, 0x3E, 0x00, 0x1F, 0xF8,
  0xFF, 0xC0, 0x00, 0xB0, 0x07, 0xD8, 0x03, 0x00, 0x00, 0x00, 0x00, 0x7E,
  0x00, 0x3F, 0x80, 0x19, 0xC0, 0x0C, 0x60, 0x0C, 0x30, 0x06, 0x07, 0x0E,
  0x00, 0x00, 0x63, 0x80, 0x31, 0xC0, 0x18, 0xC0, 0x0C, 0x00, 0x00, 0xE0,
  0x00, 0x70, 0x00, 0x00, 0x00, 0x00, 0x00, 0x1E, 0x00, 0x0F, 0xC0, 0x07,
  0xC0, 0x03, 0xE0, 0x81, 0xFF, 0x0F, 0x0C, 0x00, 0x3E, 0x00, 0x1F, 0xF8,
  0xFF, 0xC0, 0x00, 0xB0, 0x07, 0xD8, 0x03, 0x00, 0x00, 0x00, 0x00, 0x7E,
  0x00, 0x3F, 0x80, 0x19, 0xC0, 0x0C, 0x60, 0x0C, 0x30, 0x06, 0x07, 0x0E,
  0x00, 0x00, 0x63, 0x80, 0x31, 0xC0, 0x18, 0xC0, 0x0C, 0x00, 0x00, 0xE0,
  0x00, 0x70, 0x00, 0x00, 0x00, 0x00, 0x00, 0x1E, 0x00, 0x0F, 0xC0, 0x07,
  0xF0, 0x0F, 0x00, 0x00, 0x70, 0x00, 0x0C, 0xE0, 0xFF, 0x03, 0x03, 0x00,
  0x07, 0xF8, 0x0F, 0x1C, 0x38, 0x00, 0x00, 0x07, 0x0E, 0x00, 0xC0, 0x81,
  0x03, 0x00, 0x70, 0xEF, 0x80, 0x07, 0x1C, 0x38, 0x00, 0x00, 0x07, 0x0E,
  0x00, 0xE0, 0x80, 0x03, 0x00, 0x00, 0x00, 0x00, 0x00, 0x1C, 0x0C, 0xFE,
  0x07, 0x00, 0x80, 0xFF, 0x01, 0x00, 0xE0, 0x7F, 0x00, 0x00, 0x60, 0x0C,
  0xF0, 0x0F, 0x00, 0x00, 0x70, 0x00, 0x0C, 0xE0, 0xFF, 0x03, 0x03, 0x00,
  0x07, 0xF8, 0x0F, 0x1C, 0x38, 0x00, 0x00, 0x07, 0x0E, 0x00, 0xC0, 0x81,
  0x03, 0x00, 0x70, 0xEF, 0x80, 0x07, 0x1C, 0x38, 0x00, 0x00, 0x07, 0x0E,
  0x00, 0xE0, 0x80, 0x03, 0x00, 0x00, 0x00, 0x00, 0x00, 0x1C, 0x0C, 0xFE,
  0x07, 0x00, 0x80, 0xFF, 0x01, 0x00, 0xE0, 0x7F, 0x00, 0x00, 0x60, 0x0C,
  0x1C, 0x00, 0xF8, 0x07, 0x70, 0x80, 0xFF, 0x00, 0x1C, 0xE0, 0x3F, 0x00,
  0x07, 0xC0, 0x00, 0x1C, 0x38, 0x0E, 0x1C, 0x07, 0x8E, 0x03, 0xC7, 0x81,
  0xE3, 0xC0, 0x71, 0xE0, 0x38, 0x70, 0x1C, 0x38, 0x0E, 0x1C, 0x07, 0x8E,
  0x03, 0xE7, 0x9C, 0x73, 0xC0, 0x71, 0x30, 0x38, 0x70, 0x30, 0x06, 0xC0,
  0x01, 0xFF, 0x0F, 0x70, 0xC0, 0xFF, 0x03, 0x1C, 0xF0, 0xFF, 0x78, 0x00,
  0x1C, 0x00, 0xF8, 0x07, 0x70, 0x80, 0xFF, 0x00, 0x1C, 0xE0, 0x3F, 0x00,
  0x07, 0xC0, 0x00, 0x1C, 0x38, 0x0E, 0x1C, 0x07, 0x8E, 0x03, 0xC7, 0x81,
  0xE3, 0xC0, 0x71, 0xE0, 0x38, 0x70, 0x1C, 0x38, 0x0E, 0x1C, 0x07, 0x8E,
  0x03, 0xE7, 0x9C, 0x73, 0xC0, 0x71, 0x30, 0x38, 0x70, 0x30, 0x06, 0xC0,
  0x01, 0xFF, 0x0F, 0x70, 0xC0, 0xFF, 0x03, 0x1C, 0xF0, 0xFF, 0x78, 0x00,
  0xF0, 0x0F, 0x0E, 0x00, 0x70, 0x00, 0x0C, 0x00, 0x1C, 0x00, 0x03, 0xC0,
  0x1F, 0xF8, 0x0F, 0x1C, 0x38, 0x0E, 0x1C, 0x07, 0x8E, 0x03, 0xC7, 0x81,
  0xE3, 0xC0, 0x71, 0xE0, 0x38, 0x70, 0x1C, 0x38, 0x0E, 0x1C, 0x07, 0x8E,
  0x03, 0xE7, 0x9C, 0x73, 0xCE, 0xC1, 0x18, 0x60, 0x18, 0xE0, 0x03, 0xE0,
  0x00, 0x80, 0x01, 0x38, 0x00, 0x60, 0x00, 0x0E, 0x00, 0x18, 0x60, 0x00,
  0x00, 0x38, 0xF8, 0x07, 0x70, 0x00, 0x0C, 0x00, 0x1C, 0x00, 0x03, 0x00,
  0x07, 0xC0, 0x00, 0x1C, 0x38, 0x0E, 0x1C, 0x07, 0x8E, 0x03, 0xC7, 0x81,
  0xE3, 0xC0, 0x71, 0xE0, 0x38, 0x70, 0x1C, 0x38, 0x0E, 0x1C, 0x07, 0x8E,
  0x03, 0xE7, 0xBE, 0x73, 0xCE, 0x81, 0x0F, 0xC0, 0x0C, 0xC0, 0x01, 0x30,
  0x00, 0xF0, 0x00, 0x0C, 0x00, 0x3C, 0x00, 0x03, 0x00, 0x0F, 0x60, 0x00,
  0x00, 0x38, 0xF8, 0x07, 0x70, 0x00, 0x0C, 0x00, 0x1C, 0x00, 0x03, 0x00,
  0x07, 0xC0, 0x00, 0x1C, 0x38, 0x0E, 0x1C, 0x07, 0x8E, 0x03, 0xC7, 0x81,
  0xE3, 0xC0, 0x71, 0xE0, 0x38, 0x70, 0x1C, 0x38, 0x0E, 0x1C, 0x07, 0x8E,
  0x03, 0xE7, 0xBE, 0x73, 0xCE, 0x81, 0x0F, 0xC0, 0x0C, 0xC0, 0x01, 0x30,
  0x00, 0xF0, 0x00, 0x0C, 0x00, 0x3C, 0x00, 0x03, 0x00, 0x0F, 0x60, 0x00,
  0x1C, 0x38, 0x00, 0x1C, 0x70, 0x00, 0x0C, 0x07, 0x1C, 0x00, 0xC3, 0x01,
  0x07, 0xC0, 0x70, 0x1C, 0x38, 0x0E, 0x1E, 0x07, 0x8E, 0x83, 0xC7, 0x81,
  0xE3, 0xE0, 0x71, 0xE0, 0x38, 0x78, 0x1C, 0x38, 0x0E, 0x1E, 0x07, 0x8E,
  0x83, 0xC7, 0xE3, 0xE0, 0x6E, 0x00, 0x07, 0x80, 0x07, 0xC0, 0x01, 0x18,
  0x00, 0x18, 0x00, 0x06, 0x00, 0x06, 0x80, 0x01, 0x80, 0x01, 0x60, 0x00,
  0x1C, 0x38, 0x00, 0x1C, 0x70, 0x00, 0x0C, 0x07, 0x1C, 0x00, 0xC3, 0x01,
  0x07, 0xC0, 0x70, 0x1C, 0x38, 0x0E, 0x1E, 0x07, 0x8E, 0x83, 0xC7, 0x81,
  0xE3, 0xE0, 0x71, 0xE0, 0x38, 0x78, 0x1C, 0x38, 0x0E, 0x1E, 0x07, 0x8E,
  0x83, 0xC7, 0xE3, 0xE0, 0x6E, 0x00, 0x07, 0x80, 0x07, 0xC0, 0x01, 0x18,
  0x00, 0x18, 0x00, 0x06, 0x00, 0x06, 0x80, 0x01, 0x80, 0x01, 0x60, 0x00,
  0xF0, 0x0F, 0xF8, 0x07, 0x70, 0x00, 0xF8, 0x01, 0x1C, 0x00, 0x7E, 0x00,
  0x07, 0x80, 0x1F, 0xF0, 0x0F, 0xF8, 0x1D, 0xFC, 0x03, 0x7E, 0x07, 0xFF,
  0x80, 0xDF, 0xC1, 0x3F, 0xE0, 0x77, 0xF0, 0x0F, 0xF8, 0x1D, 0xFC, 0x03,
  0x7E, 0xC7, 0xC1, 0x80, 0x31, 0x00, 0x07, 0x80, 0x03, 0xC0, 0x01, 0xFE,
  0x07, 0xFF, 0x8F, 0xFF, 0xC1, 0xFF, 0xE3, 0x7F, 0xF0, 0xFF, 0xF8, 0x00,
  0xF0, 0x0F, 0xF8, 0x07, 0x70, 0x00, 0xF8, 0x01, 0x1C, 0x00, 0x7E, 0x00,
  0x07, 0x80, 0x1F, 0xF0, 0x0F, 0xF8, 0x1D, 0xFC, 0x03, 0x7E, 0x07, 0xFF,
  0x80, 0xDF, 0xC1, 0x3F, 0xE0, 0x77, 0xF0, 0x0F, 0xF8, 0x1D, 0xFC, 0x03,
  0x7E, 0xC7, 0xC1, 0x80, 0x31, 0x00, 0x07, 0x80, 0x03, 0xC0, 0x01, 0xFE,
  0x07, 0xFF, 0x8F, 0xFF, 0xC1, 0xFF, 0xE3, 0x7F, 0xF0, 0xFF, 0xF8, 0x00,
  0x00, 0x00, 0x00, 0x00, 0xE0, 0x00, 0xC0, 0x00, 0x00, 0x00, 0x00, 0x00,
  0x00, 0x00, 0x00, 0x00, 0x00, 0x00, 0x00, 0x00, 0x00, 0x00, 0x00, 0x00,
  0x00, 0x00, 0x00, 0x00, 0x00, 0x00, 0x00, 0x00, 0x00, 0x00, 0x70, 0x00,
  0x38, 0x00, 0x00, 0x00, 0x00, 0x00, 0x00, 0xE0, 0x00, 0x00, 0x00, 0x00,
  0x00, 0x00, 0x00, 0x00, 0x00, 0x00, 0x00, 0x00, 0x00, 0x00, 0x00, 0x00,
  0x00, 0x00, 0x00, 0x00, 0xE0, 0x00, 0xC0, 0x00, 0x00, 0x00, 0x00, 0x00,
  0x00, 0x00, 0x00, 0x00, 0x00, 0x00, 0x00, 0x00, 0x00, 0x00, 0x00, 0x00,
  0x00, 0x00, 0x00, 0x00, 0x00, 0x00, 0x00, 0x00, 0x00, 0x00, 0x70, 0x00,
  0x38, 0x00, 0x00, 0x00, 0x00, 0x00, 0x00, 0xE0, 0x00, 0x00, 0x00, 0x00,
  0x00, 0x00, 0x00, 0x00, 0x00, 0x00, 0x00, 0x00, 0x00, 0x00, 0x00, 0x00,
  0x00, 0x00, 0x00, 0x00, 0xF8, 0x00, 0xF0, 0x00, 0x00, 0x00, 0x00, 0x00,
  0x00, 0x00, 0x00, 0x00, 0x00, 0x00, 0x00, 0x00, 0x00, 0x00, 0x00, 0x00,
  0x00, 0x00, 0x00, 0x00, 0x00, 0x00, 0x00, 0x00, 0x00, 0x00, 0xF0, 0x00,
  0x78, 0x00, 0x00, 0x00, 0x00, 0x00, 0x00, 0x00, 0x00, 0x00, 0x00, 0x00,
  0x00, 0x00, 0x00, 0x00, 0x00, 0x00, 0x00, 0x00, 0x00, 0x00, 0x00, 0x00,
  0x00, 0x00, 0x00, 0x00, 0xF8, 0x00, 0xF0, 0x00, 0x00, 0x00, 0x00, 0x00,
  0x00, 0x00, 0x00, 0x00, 0x00, 0x00, 0x00, 0x00, 0x00, 0x00, 0x00, 0x00,
  0x00, 0x00, 0x00, 0x00, 0x00, 0x00, 0x00, 0x00, 0x00, 0x00, 0xF0, 0x00,
  0x78, 0x00, 0x00, 0x00, 0x00, 0x00, 0x00, 0x00, 0x00, 0x00, 0x00, 0x00,
  0x00, 0x00, 0x00, 0x00, 0x00, 0x00, 0x00, 0x00, 0x00, 0x00, 0x00, 0x00,
  0x00, 0x00, 0x00, 0x00, 0x98, 0x01, 0x76, 0x00, 0x00, 0x00, 0x00, 0x80,
  0x31, 0x80, 0x07, 0x60, 0x06, 0xF8, 0x07, 0xE0, 0x00, 0x0C, 0x00, 0x00,
  0x00, 0x00, 0xC0, 0x30, 0x80, 0x03, 0xE0, 0x03, 0x00, 0x00, 0x78, 0x03,
  0x00, 0x00, 0x38, 0x00, 0x1E, 0x80, 0x31, 0xE0, 0x1C, 0xFE, 0x01, 0x1F,
  0x06, 0x00, 0xC0, 0x3F, 0x06, 0x7F, 0x00, 0x00, 0x00, 0x00, 0x00, 0x00,
  0x00, 0x00, 0x00, 0x00, 0x98, 0x01, 0x76, 0x00, 0x00, 0x00, 0x00, 0x80,
  0x31, 0x80, 0x07, 0x60, 0x06, 0xF8, 0x07, 0xE0, 0x00, 0x0C, 0x00, 0x00,
  0x00, 0x00, 0xC0, 0x30, 0x80, 0x03, 0xE0, 0x03, 0x00, 0x00, 0x78, 0x03,
  0x00, 0x00, 0x38, 0x00, 0x1E, 0x80, 0x31, 0xE0, 0x1C, 0xFE, 0x01, 0x1F,
  0x06, 0x00, 0xC0, 0x3F, 0x06, 0x7F, 0x00, 0x00, 0x00, 0x00, 0x00, 0x00,
  0xFC, 0x0F, 0x18, 0x03, 0xF0, 0x00, 0x3C, 0x00, 0x00, 0x00, 0x00, 0xC0,
  0x18, 0xC0, 0x0C, 0xC0, 0x03, 0x00, 0x00, 0x70, 0x00, 0x38, 0x00, 0x00,
  0x00, 0x00, 0x80, 0x1F, 0x00, 0x00, 0x30, 0x06, 0x00, 0x00, 0xEC, 0x01,
  0x00, 0x00, 0x1C, 0x00, 0x1C, 0xC0, 0x18, 0xC0, 0x18, 0x0E, 0x00, 0x11,
  0x03, 0x00, 0x00, 0x72, 0xC7, 0xC1, 0xF0, 0x40, 0xF8, 0x20, 0x7C, 0x10,
  0xFC, 0x0F, 0x18, 0x03, 0xF0, 0x00, 0x3C, 0x00, 0x00, 0x00, 0x00, 0xC0,
  0x18, 0xC0, 0x0C, 0xC0, 0x03, 0x00, 0x00, 0x70, 0x00, 0x38, 0x00, 0x00,
  0x00, 0x00, 0x80, 0x1F, 0x00, 0x00, 0x30, 0x06, 0x00, 0x00, 0xEC, 0x01,
  0x00, 0x00, 0x1C, 0x00, 0x1C, 0xC0, 0x18, 0xC0, 0x18, 0x0E, 0x00, 0x11,
  0x03, 0x00, 0x00, 0x72, 0xC7, 0xC1, 0xF0, 0x40, 0xF8, 0x20, 0x7C, 0x10,
  0x00, 0x06, 0x18, 0x03, 0xF8, 0x01, 0x00, 0x00, 0x00, 0x00, 0x00, 0x00,
  0x00, 0x00, 0x00, 0x00, 0x00, 0x00, 0x00, 0x00, 0x00, 0x00, 0x00, 0x00,
  0x00, 0x00, 0x00, 0x00, 0x00, 0x00, 0xE0, 0x03, 0x00, 0x00, 0x00, 0x00,
  0x00, 0x00, 0x3C, 0x00, 0x0E, 0xC0, 0x39, 0x60, 0x0C, 0xCE, 0x3F, 0xDF,
  0x01, 0xFC, 0x02, 0xF2, 0xE7, 0x80, 0xE3, 0x20, 0x80, 0x11, 0x04, 0x08,
  0x00, 0x06, 0x18, 0x03, 0xF8, 0x01, 0x00, 0x00, 0x00, 0x00, 0x00, 0x00,
  0x00, 0x00, 0x00, 0x00, 0x00, 0x00, 0x00, 0x00, 0x00, 0x00, 0x00, 0x00,
  0x00, 0x00, 0x00, 0x00, 0x00, 0x00, 0xE0, 0x03, 0x00, 0x00, 0x00, 0x00,
  0x00, 0x00, 0x3C, 0x00, 0x0E, 0xC0, 0x39, 0x60, 0x0C, 0xCE, 0x3F, 0xDF,
  0x01, 0xFC, 0x02, 0xF2, 0xE7, 0x80, 0xE3, 0x20, 0x80, 0x11, 0x04, 0x08,
  0x80, 0x03, 0x18, 0x03, 0x0C, 0x83, 0xFF, 0x00, 0xFF, 0x80, 0xDF, 0x01,
  0x00, 0x00, 0x00, 0x00, 0x00, 0x00, 0x00, 0x00, 0x00, 0x00, 0x00, 0x00,
  0x00, 0x00, 0x00, 0x00, 0x00, 0x00, 0x00, 0x00, 0x00, 0x00, 0x00, 0x00,
  0x00, 0x00, 0x00, 0x00, 0x00, 0x00, 0x00, 0x00, 0x00, 0xCE, 0x01, 0xE0,
  0x00, 0x84, 0x02, 0xB2, 0xE6, 0x80, 0xE3, 0x10, 0xF0, 0x08, 0x7C, 0x04,
  0x80, 0x03, 0x18, 0x03, 0x0C, 0x83, 0xFF, 0x00, 0xFF, 0x80, 0xDF, 0x01,
  0x00, 0x00, 0x00, 0x00, 0x00, 0x00, 0x00, 0x00, 0x00, 0x00, 0x00, 0x00,
  0x00, 0x00, 0x00, 0x00, 0x00, 0x00, 0x00, 0x00, 0x00, 0x00, 0x00, 0x00,
  0x00, 0x00, 0x00, 0x00, 0x00, 0x00, 0x00, 0x00, 0x00, 0xCE, 0x01, 0xE0,
  0x00, 0x84, 0x02, 0xB2, 0xE6, 0x80, 0xE3, 0x10, 0xF0, 0x08, 0x7C, 0x04,
  0xF0, 0x07, 0x18, 0x03, 0x07, 0x0E, 0x80, 0xC1, 0x81, 0xE3, 0x70, 0x00,
  0x00, 0x00, 0x00, 0x00, 0x00, 0x00, 0x00, 0x00, 0x00, 0x00, 0x00, 0x00,
  0x00, 0x00, 0x00, 0x00, 0x00, 0x00, 0x00, 0x00, 0x00, 0x00, 0x00, 0x00,
  0x00, 0x00, 0x00, 0x00, 0x00, 0x00, 0x00, 0x00, 0x00, 0xFE, 0x0F, 0x30,
  0x00, 0x94, 0x02, 0x32, 0xE6, 0x80, 0xE3, 0xFC, 0x81, 0xF7, 0x61, 0x7F,
  0x60, 0x00, 0x18, 0x03, 0xFF, 0x8F, 0xFF, 0xC1, 0xFF, 0x73, 0x20, 0x00,
  0x00, 0x00, 0x00, 0x00, 0x00, 0x00, 0x00, 0x00, 0x00, 0x00, 0x00, 0x00,
  0x00, 0x00, 0x00, 0x00, 0x00, 0x00, 0x00, 0x00, 0x00, 0x00, 0x00, 0xE0,
  0xFF, 0x0F, 0x00, 0x00, 0x00, 0x00, 0x00, 0x00, 0x00, 0xC0, 0x01, 0xF8,
  0x3E, 0x94, 0x02, 0x32, 0xC6, 0xC1, 0xE0, 0x92, 0xF9, 0x11, 0xBD, 0x64,
  0x60, 0x00, 0x18, 0x03, 0xFF, 0x8F, 0xFF, 0xC1, 0xFF, 0x73, 0x20, 0x00,
  0x00, 0x00, 0x00, 0x00, 0x00, 0x00, 0x00, 0x00, 0x00, 0x00, 0x00, 0x00,
  0x00, 0x00, 0x00, 0x00, 0x00, 0x00, 0x00, 0x00, 0x00, 0x00, 0x00, 0xE0,
  0xFF, 0x0F, 0x00, 0x00, 0x00, 0x00, 0x00, 0x00, 0x00, 0xC0, 0x01, 0xF8,
  0x3E, 0x94, 0x02, 0x32, 0xC6, 0xC1, 0xE0, 0x92, 0xF9, 0x11, 0xBD, 0x64,
  0x30, 0x00, 0x18, 0x03, 0x07, 0xCE, 0x81, 0xC1, 0x01, 0xE0, 0x70, 0x00,
  0x00, 0x00, 0x00, 0x00, 0x00, 0x00, 0x00, 0x00, 0x00, 0x00, 0x00, 0x00,
  0x00, 0x00, 0x00, 0x00, 0x00, 0x00, 0x00, 0x00, 0x00, 0x00, 0x00, 0x00,
  0x00, 0x00, 0x00, 0x00, 0x00, 0x00, 0x00, 0x00, 0x00, 0xC0, 0x01, 0xDE,
  0x22, 0x14, 0x02, 0x00, 0x00, 0x63, 0x00, 0xF1, 0x81, 0xF0, 0x41, 0x7C,
  0x30, 0x00, 0x18, 0x03, 0x07, 0xCE, 0x81, 0xC1, 0x01, 0xE0, 0x70, 0x00,
  0x00, 0x00, 0x00, 0x00, 0x00, 0x00, 0x00, 0x00, 0x00, 0x00, 0x00, 0x00,
  0x00, 0x00, 0x00, 0x00, 0x00, 0x00, 0x00, 0x00, 0x00, 0x00, 0x00, 0x00,
  0x00, 0x00, 0x00, 0x00, 0x00, 0x00, 0x00, 0x00, 0x00, 0xC0, 0x01, 0xDE,
  0x22, 0x14, 0x02, 0x00, 0x00, 0x63, 0x00, 0xF1, 0x81, 0xF0, 0x41, 0x7C,
  0xFC, 0x0F, 0x18, 0x03, 0x07, 0x8E, 0xFF, 0x07, 0xFF, 0x80, 0xDF, 0x01,
  0x00, 0x00, 0x00, 0x00, 0x00, 0x00, 0x00, 0x00, 0x00, 0x00, 0x00, 0x00,
  0x00, 0x00, 0x00, 0x00, 0x00, 0x00, 0x00, 0x00, 0x00, 0x00, 0x00, 0x00,
  0x00, 0x00, 0x00, 0x00, 0x00, 0x00, 0x00, 0x00, 0x00, 0xC0, 0x3F, 0xF7,
  0x3E, 0xF4, 0x03, 0x00, 0xE0, 0xE3, 0x83, 0x90, 0x41, 0x10, 0x21, 0x64,
  0xFC, 0x0F, 0x18, 0x03, 0x07, 0x8E, 0xFF, 0x07, 0xFF, 0x80, 0xDF, 0x01,
  0x00, 0x00, 0x00, 0x00, 0x00, 0x00, 0x00, 0x00, 0x00, 0x00, 0x00, 0x00,
  0x00, 0x00, 0x00, 0x00, 0x00, 0x00, 0x00, 0x00, 0x00, 0x00, 0x00, 0x00,
  0x00, 0x00, 0x00, 0x00, 0x00, 0x00, 0x00, 0x00, 0x00, 0xC0, 0x3F, 0xF7,
  0x3E, 0xF4, 0x03, 0x00, 0xE0, 0xE3, 0x83, 0x90, 0x41, 0x10, 0x21, 0x64,
  0x00, 0x00, 0x18, 0x03, 0x00, 0x00, 0x00, 0x00, 0x38, 0x00, 0x00, 0x00,
  0x00, 0x00, 0x00, 0x00, 0x00, 0x00, 0x00, 0x00, 0x00, 0x00, 0x00, 0x00,
  0x00, 0x0E, 0x00, 0x00, 0x00, 0x00, 0x00, 0x00, 0xE0, 0x00, 0x00, 0x00,
  0x00, 0x00, 0x00, 0x00, 0x00, 0x00, 0x00, 0x00, 0x00, 0x00, 0x00, 0x00,
  0x00, 0x00, 0x00, 0x00, 0x00, 0x00, 0x60, 0xF0, 0x31, 0xF0, 0x19, 0x7C,
  0x00, 0x00, 0x18, 0x03, 0x00, 0x00, 0x00, 0x00, 0x38, 0x00, 0x00, 0x00,
  0x00, 0x00, 0x00, 0x00, 0x00, 0x00, 0x00, 0x00, 0x00, 0x00, 0x00, 0x00,
  0x00, 0x0E, 0x00, 0x00, 0x00, 0x00, 0x00, 0x00, 0xE0, 0x00, 0x00, 0x00,
  0x00, 0x00, 0x00, 0x00, 0x00, 0x00, 0x00, 0x00, 0x00, 0x00, 0x00, 0x00,
  0x00, 0x00, 0x00, 0x00, 0x00, 0x00, 0x60, 0xF0, 0x31, 0xF0, 0x19, 0x7C,
  0x00, 0x00, 0x00, 0x00, 0x00, 0x00, 0x00, 0x00, 0x1C, 0x00, 0x00, 0x00,
  0x00, 0x00, 0x00, 0x00, 0x00, 0x00, 0x00, 0x00, 0x00, 0x00, 0x00, 0xFF,
  0x00, 0x03, 0x00, 0x00, 0x00, 0x00, 0x00, 0x00, 0xE0, 0x01, 0x00, 0x00,
  0x00, 0x00, 0x00, 0x00, 0x00, 0x00, 0x00, 0x00, 0x00, 0x00, 0x00, 0x00,
  0x00, 0x00, 0x00, 0x00, 0x00, 0x00, 0x00, 0x00, 0x00, 0x00, 0x00, 0x00,
  0x00, 0x00, 0x00, 0x00, 0x00, 0x00, 0x00, 0x00, 0x1C, 0x00, 0x00, 0x00,
  0x00, 0x00, 0x00, 0x00, 0x00, 0x00, 0x00, 0x00, 0x00, 0x00, 0x00, 0xFF,
  0x00, 0x03, 0x00, 0x00, 0x00, 0x00, 0x00, 0x00, 0xE0, 0x01, 0x00, 0x00,
  0x00, 0x00, 0x00, 0x00, 0x00, 0x00, 0x00, 0x00, 0x00, 0x00, 0x00, 0x00,
  0x00, 0x00, 0x00, 0x00, 0x00, 0x00, 0x00, 0x00, 0x00, 0x00, 0x00, 0x00,
  0x00, 0x00, 0x00, 0x00, 0x00, 0x00, 0x00, 0x00, 0x1C, 0x00, 0x00, 0x00,
  0x06, 0x00, 0x00, 0x00, 0x00, 0x00, 0x00, 0x00, 0x00, 0x00, 0x00, 0x00,
  0x00, 0x00, 0x00, 0x00, 0x00, 0x00, 0x00, 0x00, 0x00, 0x00, 0x00, 0x00,
  0x00, 0x00, 0x00, 0x00, 0x00, 0x00, 0x00, 0x00, 0x00, 0x00, 0x00, 0x00,
  0x00, 0x00, 0x00, 0x00, 0x00, 0x00, 0x00, 0x00, 0x00, 0x00, 0x00, 0x00,
  0x00, 0x00, 0x00, 0x00, 0x00, 0x00, 0x00, 0x00, 0x1C, 0x00, 0x00, 0x00,
  0x06, 0x00, 0x00, 0x00, 0x00, 0x00, 0x00, 0x00, 0x00, 0x00, 0x00, 0x00,
  0x00, 0x00, 0x00, 0x00, 0x00, 0x00, 0x00, 0x00, 0x00, 0x00, 0x00, 0x00,
  0x00, 0x00, 0x00, 0x00, 0x00, 0x00, 0x00, 0x00, 0x00, 0x00, 0x00, 0x00,
  0x00, 0x00, 0x00, 0x00, 0x00, 0x00, 0x00, 0x00, 0x00, 0x00, 0x00, 0x00,
  0x7E, 0x08, 0x00, 0x00, 0x70, 0x00, 0x00, 0x00, 0x1C, 0xF0, 0xFF, 0x01,
  0x1E, 0x00, 0x00, 0x00, 0x00, 0x00, 0x00, 0x00, 0x00, 0x00, 0x00, 0x00,
  0x00, 0x00, 0x00, 0x00, 0x00, 0x00, 0x00, 0x00, 0x00, 0x00, 0x00, 0x00,
  0x00, 0x00, 0x00, 0x00, 0x00, 0x00, 0x00, 0x00, 0x00, 0x00, 0x00, 0x00,
  0x00, 0x00, 0x00, 0x00, 0x00, 0x00, 0x00, 0x00, 0x00, 0x00, 0x00, 0x00,
  0x7E, 0x08, 0x00, 0x00, 0x70, 0x00, 0x00, 0x00, 0x1C, 0xF0, 0xFF, 0x01,
  0x1E, 0x00, 0x00, 0x00, 0x00, 0x00, 0x00, 0x00, 0x00, 0x00, 0x00, 0x00,
  0x00, 0x00, 0x00, 0x00, 0x00, 0x00, 0x00, 0x00, 0x00, 0x00, 0x00, 0x00,
  0x00, 0x00, 0x00, 0x00, 0x00, 0x00, 0x00, 0x00, 0x00, 0x00, 0x00, 0x00,
  0x00, 0x00, 0x00, 0x00, 0x00, 0x00, 0x00, 0x00, 0x00, 0x00, 0x00, 0x00,
  0x30, 0x04, 0xE0, 0x00, 0xF8, 0x00, 0x38, 0x00, 0x1C, 0xF0, 0xFF, 0x01,
  0x36, 0xF8, 0x07, 0x00, 0x00, 0x00, 0x00, 0x00, 0x00, 0x00, 0x00, 0x00,
  0x00, 0x00, 0x00, 0x00, 0x00, 0x00, 0x00, 0x00, 0x00, 0x00, 0x00, 0x00,
  0x00, 0x00, 0x00, 0x00, 0x00, 0x00, 0x00, 0x00, 0x00, 0x00, 0x00, 0x00,
  0x00, 0x00, 0x00, 0x00, 0x00, 0x00, 0x00, 0x00, 0x00, 0x00, 0x00, 0x00,
  0x30, 0x04, 0xE0, 0x00, 0xF8, 0x00, 0x38, 0x00, 0x1C, 0xF0, 0xFF, 0x01,
  0x36, 0xF8, 0x07, 0x00, 0x00, 0x00, 0x00, 0x00, 0x00, 0x00, 0x00, 0x00,
  0x00, 0x00, 0x00, 0x00, 0x00, 0x00, 0x00, 0x00, 0x00, 0x00, 0x00, 0x00,
  0x00, 0x00, 0x00, 0x00, 0x00, 0x00, 0x00, 0x00, 0x00, 0x00, 0x00, 0x00,
  0x00, 0x00, 0x00, 0x00, 0x00, 0x00, 0x00, 0x00, 0x00, 0x00, 0x00, 0x00,
  0x1C, 0x02, 0x38, 0x00, 0xFC, 0x01, 0xF0, 0x00, 0x1C, 0xF0, 0xFF, 0x01,
  0x26, 0xC0, 0x00, 0xF0, 0x0F, 0x00, 0x00, 0x00, 0x00, 0x00, 0x00, 0x00,
  0x00, 0x00, 0x00, 0x00, 0x00, 0x00, 0x00, 0x00, 0x00, 0x00, 0x00, 0x00,
  0x00, 0x00, 0x00, 0x00, 0x00, 0x00, 0x00, 0x00, 0x00, 0x00, 0x00, 0x00,
  0x00, 0x00, 0x00, 0x00, 0x00, 0x00, 0x00, 0x00, 0x00, 0x00, 0x00, 0x00,
  0x1C, 0x02, 0x38, 0x00, 0xFC, 0x01, 0xF0, 0x00, 0x1C, 0xF0, 0xFF, 0x01,
  0x26, 0xC0, 0x00, 0xF0, 0x0F, 0x00, 0x00, 0x00, 0x00, 0x00, 0x00, 0x00,
  0x00, 0x00, 0x00, 0x00, 0x00, 0x00, 0x00, 0x00, 0x00, 0x00, 0x00, 0x00,
  0x00, 0x00, 0x00, 0x00, 0x00, 0x00, 0x00, 0x00, 0x00, 0x00, 0x00, 0x00,
  0x00, 0x00, 0x00, 0x00, 0x00, 0x00, 0x00, 0x00, 0x00, 0x00, 0x00, 0x00,
  0x8E, 0x3F, 0xFF, 0x3F, 0x77, 0xE3, 0xFF, 0x07, 0x1C, 0xF0, 0xFF, 0x01,
  0x06, 0xC0, 0x0C, 0xE0, 0x07, 0x00, 0x00, 0x00, 0x00, 0x00, 0x00, 0x00,
  0x00, 0x00, 0x00, 0x00, 0x00, 0x00, 0x00, 0x00, 0x00, 0x00, 0x00, 0x00,
  0x00, 0x00, 0x00, 0x00, 0x00, 0x00, 0x00, 0x00, 0x00, 0x00, 0x00, 0x00,
  0x00, 0x00, 0x00, 0x00, 0x00, 0x00, 0x00, 0x00, 0x00, 0x00, 0x00, 0x00,
  0x4E, 0x32, 0x38, 0x00, 0x70, 0x00, 0xF0, 0xC0, 0xDD, 0xF0, 0xFF, 0xC1,
  0x07, 0xC0, 0x0C, 0xC0, 0x3D, 0x00, 0x00, 0x00, 0x00, 0x00, 0x00, 0x00,
  0x00, 0x00, 0x00, 0x00, 0x00, 0x00, 0x00, 0x00, 0x00, 0x00, 0x00, 0x00,
  0x00, 0x00, 0x00, 0x00, 0x00, 0x00, 0x00, 0x00, 0x00, 0x00, 0x00, 0x00,
  0x00, 0x00, 0x00, 0x00, 0x00, 0x00, 0x00, 0x00, 0x00, 0x00, 0x00, 0x00,
  0x4E, 0x32, 0x38, 0x00, 0x70, 0x00, 0xF0, 0xC0, 0xDD, 0xF0, 0xFF, 0xC1,
  0x07, 0xC0, 0x0C, 0xC0, 0x3D, 0x00, 0x00, 0x00, 0x00, 0x00, 0x00, 0x00,
  0x00, 0x00, 0x00, 0x00, 0x00, 0x00, 0x00, 0x00, 0x00, 0x00, 0x00, 0x00,
  0x00, 0x00, 0x00, 0x00, 0x00, 0x00, 0x00, 0x00, 0x00, 0x00, 0x00, 0x00,
  0x00, 0x00, 0x00, 0x00, 0x00, 0x00, 0x00, 0x00, 0x00, 0x00, 0x00, 0x00,
  0x20, 0x3E, 0xE0, 0x00, 0x70, 0x00, 0x38, 0x00, 0x7F, 0xF0, 0xFF, 0xF1,
  0x07, 0xC0, 0x0C, 0x60, 0x70, 0x00, 0x00, 0x00, 0x00, 0x00, 0x00, 0x00,
  0x00, 0x00, 0x00, 0x00, 0x00, 0x00, 0x00, 0x00, 0x00, 0x00, 0x00, 0x00,
  0x00, 0x00, 0x00, 0x00, 0x00, 0x00, 0x00, 0x00, 0x00, 0x00, 0x00, 0x00,
  0x00, 0x00, 0x00, 0x00, 0x00, 0x00, 0x00, 0x00, 0x00, 0x00, 0x00, 0x00,
  0x20, 0x3E, 0xE0, 0x00, 0x70, 0x00, 0x38, 0x00, 0x7F, 0xF0, 0xFF, 0xF1,
  0x07, 0xC0, 0x0C, 0x60, 0x70, 0x00, 0x00, 0x00, 0x00, 0x00, 0x00, 0x00,
  0x00, 0x00, 0x00, 0x00, 0x00, 0x00, 0x00, 0x00, 0x00, 0x00, 0x00, 0x00,
  0x00, 0x00, 0x00, 0x00, 0x00, 0x00, 0x00, 0x00, 0x00, 0x00, 0x00, 0x00,
  0x00, 0x00, 0x00, 0x00, 0x00, 0x00, 0x00, 0x00, 0x00, 0x00, 0x00, 0x00,
  0x10, 0x32, 0x00, 0x00, 0x70, 0x00, 0x00, 0x00, 0x3E, 0xF0, 0xFF, 0xC1,
  0x01, 0xC0, 0x7C, 0x30, 0x00, 0x00, 0x00, 0x00, 0x00, 0x00, 0x00, 0x00,
  0x00, 0x00, 0x00, 0x00, 0x00, 0x00, 0x00, 0x00, 0x00, 0x00, 0x00, 0x00,
  0x00, 0x00, 0x00, 0x00, 0x00, 0x00, 0x00, 0x00, 0x00, 0x00, 0x00, 0x00,
  0x00, 0x00, 0x00, 0x00, 0x00, 0x00, 0x00, 0x00, 0x00, 0x00, 0x00, 0x00,
  0x10, 0x32, 0x00, 0x00, 0x70, 0x00, 0x00, 0x00, 0x3E, 0xF0, 0xFF, 0xC1,
  0x01, 0xC0, 0x7C, 0x30, 0x00, 0x00, 0x00, 0x00, 0x00, 0x00, 0x00, 0x00,
  0x00, 0x00, 0x00, 0x00, 0x00, 0x00, 0x00, 0x00, 0x00, 0x00, 0x00, 0x00,
  0x00, 0x00, 0x00, 0x00, 0x00, 0x00, 0x00, 0x00, 0x00, 0x00, 0x00, 0x00,
  0x00, 0x00, 0x00, 0x00, 0x00, 0x00, 0x00, 0x00, 0x00, 0x00, 0x00, 0x00,
  0x0C, 0x3E, 0x00, 0x00, 0x70, 0x00, 0x00, 0x00, 0x1C, 0x00, 0x00, 0x00,
  0x00, 0x00, 0x00, 0x30, 0x00, 0x00, 0x00, 0x00, 0x00, 0x00, 0x00, 0x00,
  0x00, 0x00, 0x00, 0x00, 0x00, 0x00, 0x00, 0x00, 0x00, 0x00, 0x00, 0x00,
  0x00, 0x00, 0x00, 0x00, 0x00, 0x00, 0x00, 0x00, 0x00, 0x00, 0x00, 0x00,
  0x00, 0x00, 0x00, 0x00, 0x00, 0x00, 0x00, 0x00, 0x00, 0x00, 0x00, 0x00,
  0x0C, 0x3E, 0x00, 0x00, 0x70, 0x00, 0x00, 0x00, 0x1C, 0x00, 0x00, 0x00,
  0x00, 0x00, 0x00, 0x30, 0x00, 0x00, 0x00, 0x00, 0x00, 0x00, 0x00, 0x00,
  0x00, 0x00, 0x00, 0x00, 0x00, 0x00, 0x00, 0x00, 0x00, 0x00, 0x00, 0x00,
  0x00, 0x00, 0x00, 0x00, 0x00, 0x00, 0x00, 0x00, 0x00, 0x00, 0x00, 0x00,
  0x00, 0x00, 0x00, 0x00, 0x00, 0x00, 0x00, 0x00, 0x00, 0x00, 0x00, 0x00,
  0x00, 0x00, 0x00, 0x00, 0x70, 0x00, 0x00, 0x00, 0x00, 0x00, 0x00, 0x00,
  0x00, 0x00, 0x00, 0xE0, 0x3F, 0x00, 0x00, 0x00, 0x00, 0x00, 0x00, 0x00,
  0x00, 0x00, 0x00, 0x00, 0x00, 0x00, 0x00, 0x00, 0x00, 0x00, 0x00, 0x00,
  0x00, 0x00, 0x00, 0x00, 0x00, 0x00, 0x00, 0x00, 0x00, 0x00, 0x00, 0x00,
  0x00, 0x00, 0x00, 0x00, 0x00, 0x00, 0x00, 0x00, 0x00, 0x00, 0x00, 0x00,
  0x00, 0x00, 0x00, 0x00, 0x70, 0x00, 0x00, 0x00, 0x00, 0x00, 0x00, 0x00,
  0x00, 0x00, 0x00, 0xE0, 0x3F, 0x00, 0x00, 0x00, 0x00, 0x00, 0x00, 0x00,
  0x00, 0x00, 0x00, 0x00, 0x00, 0x00, 0x00, 0x00, 0x00, 0x00, 0x00, 0x00,
  0x00, 0x00, 0x00, 0x00, 0x00, 0x00, 0x00, 0x00, 0x00, 0x00, 0x00, 0x00,
  0x00, 0x00, 0x00, 0x00, 0x00, 0x00, 0x00, 0x00, 0x00, 0x00, 0x00, 0x00,
  0x00, 0x00, 0x00, 0x00, 0x00, 0x00, 0x00, 0x00, 0x00, 0x00, 0x00, 0x00,
  0x00, 0x00, 0x00, 0x00, 0x00, 0x00, 0x00, 0x00, 0x00, 0x00, 0x00, 0x00,
  0x00, 0x00, 0x00, 0x00, 0x00, 0x00, 0x00, 0x00, 0x00, 0x00, 0x00, 0x00,
  0x00, 0x00, 0x00, 0x00, 0x00, 0x00, 0x00, 0x00, 0x00, 0x00, 0x00, 0x00,
  0x00, 0x00, 0x00, 0x00, 0x00, 0x00, 0x00, 0x00, 0x00, 0x00, 0x00, 0x00,
  0x00, 0x00, 0x00, 0x00, 0x00, 0x00, 0x00, 0x00, 0x00, 0x00, 0x00, 0x00,
  0x00, 0x00, 0x00, 0x00, 0x00, 0x00, 0x00, 0x00, 0x00, 0x00, 0x00, 0x00,
  0x00, 0x00, 0x00, 0x00, 0x00, 0x00, 0x00, 0x00, 0x00, 0x00, 0x00, 0x00,
  0x00, 0x00, 0x00, 0x00, 0x00, 0x00, 0x00, 0x00, 0x00, 0x00, 0x00, 0x00,
  0x00, 0x00, 0x00, 0x00, 0x00, 0x00, 0x00, 0x00, 0x00, 0x00, 0x00, 0x00,
  0x00, 0x00, 0x00, 0x00, 0x00, 0x00, 0x00, 0x00, 0x00, 0x07, 0x00, 0x00,
  0x00, 0x00, 0x00, 0x00, 0x00, 0x00, 0x00, 0x00, 0x00, 0x00, 0x00, 0x00,
  0x00, 0x00, 0x00, 0x00, 0x00, 0x00, 0x00, 0x00, 0x00, 0x00, 0x00, 0x00,
  0x00, 0x00, 0x00, 0x00, 0x00, 0x0C, 0x1F, 0x00, 0x00, 0xF3, 0xBF, 0x19,
  0xDC, 0xFC, 0x0F, 0x00, 0x30, 0x7E, 0x00, 0x00, 0xCC, 0xE0, 0xC6, 0x1F,
  0x00, 0x00, 0x00, 0x00, 0x00, 0x00, 0x00, 0x00, 0x00, 0x07, 0x00, 0x00,
  0x00, 0x00, 0x00, 0x00, 0x00, 0x00, 0x00, 0x00, 0x00, 0x00, 0x00, 0x00,
  0x00, 0x00, 0x00, 0x00, 0x00, 0x00, 0x00, 0x00, 0x00, 0x00, 0x00, 0x00,
  0x00, 0x00, 0x00, 0x00, 0x00, 0x0C, 0x1F, 0x00, 0x00, 0xF3, 0xBF, 0x19,
  0xDC, 0xFC, 0x0F, 0x00, 0x30, 0x7E, 0x00, 0x00, 0xCC, 0xE0, 0xC6, 0x1F,
  0x00, 0x00, 0x00, 0x00, 0x00, 0x00, 0x00, 0x00, 0x00, 0x07, 0x00, 0x00,
  0x00, 0x00, 0x00, 0x00, 0x00, 0x00, 0x00, 0x00, 0x00, 0x00, 0x00, 0x00,
  0x00, 0x00, 0x00, 0x00, 0x00, 0x00, 0x00, 0x00, 0x00, 0x00, 0x00, 0x00,
  0x00, 0x00, 0x00, 0x00, 0x00, 0x8C, 0x31, 0x00, 0x00, 0x33, 0xB0, 0x19,
  0xDC, 0xE0, 0x00, 0x00, 0x30, 0xC3, 0x00, 0x00, 0x8C, 0x31, 0x66, 0x70,
  0x00, 0x00, 0x00, 0x00, 0x00, 0x00, 0x00, 0x00, 0x00, 0x07, 0x00, 0x00,
  0x00, 0x00, 0x00, 0x00, 0x00, 0x00, 0x00, 0x00, 0x00, 0x00, 0x00, 0x00,
  0x00, 0x00, 0x00, 0x00, 0x00, 0x00, 0x00, 0x00, 0x00, 0x00, 0x00, 0x00,
  0x00, 0x00, 0x00, 0x00, 0x00, 0x8C, 0x31, 0x00, 0x00, 0x33, 0xB0, 0x19,
  0xDC, 0xE0, 0x00, 0x00, 0x30, 0xC3, 0x00, 0x00, 0x8C, 0x31, 0x66, 0x70,
  0x00, 0x00, 0x00, 0x00, 0x00, 0x00, 0x00, 0x00, 0x00, 0x00, 0x00, 0x00,
  0x00, 0x00, 0x00, 0x00, 0x00, 0x00, 0x00, 0x00, 0x00, 0x00, 0x00, 0x00,
  0x00, 0x00, 0x00, 0x00, 0x00, 0x00, 0x00, 0x00, 0x00, 0x00, 0x00, 0x00,
  0x00, 0x00, 0x00, 0x00, 0x00, 0xC0, 0xE0, 0x00, 0x00, 0x30, 0x00, 0x18,
  0x1C, 0xE0, 0x00, 0x00, 0xC0, 0x81, 0x03, 0x00, 0x00, 0x1F, 0x38, 0xE0,
  0x00, 0x00, 0x00, 0x00, 0x00, 0x00, 0x00, 0x00, 0x00, 0x00, 0x00, 0x00,
  0x00, 0x00, 0x00, 0x00, 0x00, 0x00, 0x00, 0x00, 0x00, 0x00, 0x00, 0x00,
  0x00, 0x00, 0x00, 0x00, 0x00, 0x00, 0x00, 0x00, 0x00, 0x00, 0x00, 0x00,
  0x00, 0x00, 0x00, 0x00, 0x00, 0xC0, 0xE0, 0x00, 0x00, 0x30, 0x00, 0x18,
  0x1C, 0xE0, 0x00, 0x00, 0xC0, 0x81, 0x03, 0x00, 0x00, 0x1F, 0x38, 0xE0,
  0x00, 0x00, 0x00, 0x00, 0x00, 0x00, 0x00, 0x00, 0x00, 0x00, 0x00, 0x00,
  0x00, 0x00, 0x00, 0x00, 0x00, 0x00, 0x00, 0x00, 0x00, 0x00, 0x00, 0x00,
  0x00, 0x00, 0x00, 0x00, 0x00, 0x00, 0x00, 0x00, 0x00, 0x00, 0x00, 0x00,
  0x00, 0x00, 0x00, 0x00, 0x00, 0x70, 0xC0, 0x01, 0x00, 0xF0, 0x07, 0xF8,
  0x1F, 0xE0, 0x00, 0x00, 0xC0, 0x81, 0x03, 0x00, 0x00, 0x0E, 0x38, 0xE0,
  0x00, 0x00, 0x00, 0x00, 0x00, 0x00, 0x00, 0x00, 0x00, 0x00, 0x00, 0x00,
  0x00, 0x00, 0x00, 0x00, 0x00, 0x00, 0x00, 0x00, 0x00, 0x00, 0x00, 0x00,
  0x00, 0x00, 0x00, 0x00, 0x00, 0x00, 0x00, 0x00, 0x00, 0x00, 0x00, 0x00,
  0x00, 0x00, 0x00, 0x00, 0x00, 0xF0, 0xFF, 0x01, 0x00, 0x30, 0x00, 0x18,
  0x1C, 0xE0, 0x00, 0x00, 0xC0, 0x81, 0x03, 0x00, 0x00, 0x0E, 0x60, 0x70,
  0x00, 0x00, 0x00, 0x00, 0x00, 0x00, 0x00, 0x00, 0x00, 0x00, 0x00, 0x00,
  0x00, 0x00, 0x00, 0x00, 0x00, 0x00, 0x00, 0x00, 0x00, 0x00, 0x00, 0x00,
  0x00, 0x00, 0x00, 0x00, 0x00, 0x00, 0x00, 0x00, 0x00, 0x00, 0x00, 0x00,
  0x00, 0x00, 0x00, 0x00, 0x00, 0xF0, 0xFF, 0x01, 0x00, 0x30, 0x00, 0x18,
  0x1C, 0xE0, 0x00, 0x00, 0xC0, 0x81, 0x03, 0x00, 0x00, 0x0E, 0x60, 0x70,
  0x00, 0x00, 0x00, 0x00, 0x00, 0x00, 0x00, 0x00, 0x00, 0x00, 0x00, 0x00,
  0x00, 0x00, 0x00, 0x00, 0x00, 0x00, 0x00, 0x00, 0x00, 0x00, 0x00, 0x00,
  0x00, 0x00, 0x00, 0x00, 0x00, 0x00, 0x00, 0x00, 0x00, 0x00, 0x00, 0x00,
  0x00, 0x00, 0x00, 0x00, 0x00, 0x70, 0xC0, 0x01, 0x00, 0x30, 0x30, 0x18,
  0x1C, 0xE0, 0x00, 0x00, 0x00, 0xC3, 0x00, 0x00, 0x00, 0x0E, 0xC0, 0x18,
  0x00, 0x00, 0x00, 0x00, 0x00, 0x00, 0x00, 0x00, 0x00, 0x00, 0x00, 0x00,
  0x00, 0x00, 0x00, 0x00, 0x00, 0x00, 0x00, 0x00, 0x00, 0x00, 0x00, 0x00,
  0x00, 0x00, 0x00, 0x00, 0x00, 0x00, 0x00, 0x00, 0x00, 0x00, 0x00, 0x00,
  0x00, 0x00, 0x00, 0x00, 0x00, 0x70, 0xC0, 0x01, 0x00, 0x30, 0x30, 0x18,
  0x1C, 0xE0, 0x00, 0x00, 0x00, 0xC3, 0x00, 0x00, 0x00, 0x0E, 0xC0, 0x18,
  0x00, 0x00, 0x00, 0x00, 0x00, 0x00, 0x00, 0x00, 0x00, 0x00, 0x00, 0x00,
  0x00, 0x00, 0x00, 0x00, 0x00, 0x00, 0x00, 0x00, 0x00, 0x00, 0x00, 0x00,
  0x00, 0x00, 0x00, 0x00, 0x00, 0x00, 0x00, 0x00, 0x00, 0x00, 0x00, 0x00,
  0x00, 0x00, 0x00, 0x00, 0x00, 0x70, 0xC0, 0x01, 0x00, 0xF0, 0x3F, 0x18,
  0x1C, 0xFC, 0x0F, 0x00, 0x00, 0x7E, 0x00, 0x00, 0x00, 0x1F, 0xF8, 0xF8,
  0x00, 0x00, 0x00, 0x00, 0x00, 0x00, 0x00, 0x00, 0x00, 0x00, 0x00, 0x00,
  0x00, 0x00, 0x00, 0x00, 0x00, 0x00, 0x00, 0x00, 0x00, 0x00, 0x00, 0x00,
  0x00, 0x00, 0x00, 0x00, 0x00, 0x00, 0x00, 0x00, 0x00, 0x00, 0x00, 0x00,
  0x00, 0x00, 0x00, 0x00, 0x00, 0x70, 0xC0, 0x01, 0x00, 0xF0, 0x3F, 0x18,
  0x1C, 0xFC, 0x0F, 0x00, 0x00, 0x7E, 0x00, 0x00, 0x00, 0x1F, 0xF8, 0xF8,
  0x00, 0x00, 0x00, 0x00, 0x00, 0x00, 0x00, 0x00, 0x00, 0x00, 0x00, 0x00,
  0x00, 0x00, 0x00, 0x00, 0x00, 0x00, 0x00, 0x00, 0x00, 0x00, 0x00, 0x00,
  0x00, 0x00, 0x00, 0x00, 0x00, 0x00, 0x00, 0x00, 0x00, 0x00, 0x00, 0x00,
  0x00, 0x00, 0x00, 0x00, 0x00, 0x00, 0x00, 0x00, 0x00, 0x00, 0x00, 0x00,
  0x00, 0x00, 0x00, 0x00, 0x00, 0x00, 0x00, 0x00, 0x00, 0x00, 0x00, 0x00,
  0x00, 0x00, 0x00, 0x00, 0x00, 0x00, 0x00, 0x00, 0x00, 0x00, 0x00, 0x00,
  0x00, 0x00, 0x00, 0x00, 0x00, 0x00, 0x00, 0x00, 0x00, 0x00, 0x00, 0x00,
  0x00, 0x00, 0x00, 0x00, 0x00, 0x00, 0x00, 0x00, 0x00, 0x00, 0x00, 0x00,
  0x00, 0x00, 0x00, 0x00, 0x00, 0x00, 0x00, 0x00, 0x00, 0x00, 0x00, 0x00,
  0x00, 0x00, 0x00, 0x00, 0x00, 0x00, 0x00, 0x00, 0x00, 0x00, 0x00, 0x00,
  0x00, 0x00, 0x00, 0x00, 0x00, 0x00, 0x00, 0x00, 0x00, 0x00, 0x00, 0x00,
  0x00, 0x00, 0x00, 0x00, 0x00, 0x00, 0x00, 0x00, 0x00, 0x00, 0x00, 0x00,
  0x00, 0x00, 0x00, 0x00, 0x00, 0x00, 0x00, 0x00, 0x00, 0x00, 0x00, 0x00,
  0x00, 0x00, 0x00, 0x00, 0x00, 0x00, 0x00, 0x00, 0x00, 0x00, 0x00, 0x00,
  0x00, 0x00, 0x00, 0x00, 0x00, 0x00, 0x00, 0x00, 0x00, 0x00, 0x00, 0x00,
  0x00, 0x00, 0x00, 0x00, 0x00, 0x00, 0x00, 0x00, 0x00, 0x00, 0x00, 0x00,
  0x00, 0x00, 0x00, 0x00, 0x00, 0x00, 0x00, 0x00, 0x00, 0x00, 0x00, 0x00,
  0x00, 0x00, 0x00, 0x00, 0x00, 0x00, 0x00, 0x00, 0x00, 0x00, 0x00, 0x00,
  0x00, 0x00, 0x00, 0x00, 0x00, 0x00, 0x00, 0x00, 0x00, 0x00, 0x00, 0x00,
  0x00, 0x00, 0x00, 0x00, 0x00, 0x00, 0x00, 0x00, 0x00, 0x00, 0x00, 0x00,
  0xC0, 0x01, 0x00, 0x00, 0x00, 0x00, 0x00, 0x00, 0x00, 0x00, 0x00, 0x00,
  0x00, 0x00, 0x00, 0x00, 0x00, 0x00, 0x00, 0x00, 0x00, 0x00, 0x00, 0x00,
  0x00, 0x00, 0x00, 0x00, 0x00, 0x00, 0x00, 0x00, 0x00, 0x00, 0x00, 0x00,
  0x00, 0x00, 0x00, 0x00, 0x00, 0x00, 0x00, 0x00, 0x00, 0x00, 0x00, 0xF8,
  0x03, 0x8C, 0x01, 0xC6, 0x00, 0x38, 0x00, 0x30, 0x00, 0x0E, 0x00, 0x07,
  0xC0, 0x01, 0x00, 0x00, 0x00, 0x00, 0x00, 0x00, 0x00, 0x00, 0x00, 0x00,
  0x00, 0x00, 0x00, 0x00, 0x00, 0x00, 0x00, 0x00, 0x00, 0x00, 0x00, 0x00,
  0x00, 0x00, 0x00, 0x00, 0x00, 0x00, 0x00, 0x00, 0x00, 0x00, 0x00, 0x00,
  0x00, 0x00, 0x00, 0x00, 0x00, 0x00, 0x00, 0x00, 0x00, 0x00, 0x00, 0xF8,
  0x03, 0x8C, 0x01, 0xC6, 0x00, 0x38, 0x00, 0x30, 0x00, 0x0E, 0x00, 0x07,
  0xDC, 0x0D, 0xF0, 0x81, 0xFF, 0xC1, 0xFF, 0x07, 0x3E, 0xF0, 0x7F, 0xF8,
  0x3F, 0x3C, 0x78, 0xFC, 0x0F, 0xF8, 0x83, 0x0F, 0x0F, 0x7C, 0xE0, 0xC1,
  0xF3, 0xE0, 0xF9, 0xFF, 0xF8, 0x1F, 0xFE, 0x3F, 0xFE, 0x07, 0x00, 0xC0,
  0xFF, 0xE7, 0xFF, 0x73, 0xC0, 0xF1, 0x3F, 0x3C, 0x78, 0xCE, 0x39, 0x0E,
  0x06, 0x00, 0x00, 0x00, 0x00, 0x1C, 0x00, 0x1C, 0x00, 0x07, 0x80, 0x03,
  0xDC, 0x0D, 0xF0, 0x81, 0xFF, 0xC1, 0xFF, 0x07, 0x3E, 0xF0, 0x7F, 0xF8,
  0x3F, 0x3C, 0x78, 0xFC, 0x0F, 0xF8, 0x83, 0x0F, 0x0F, 0x7C, 0xE0, 0xC1,
  0xF3, 0xE0, 0xF9, 0xFF, 0xF8, 0x1F, 0xFE, 0x3F, 0xFE, 0x07, 0x00, 0xC0,
  0xFF, 0xE7, 0xFF, 0x73, 0xC0, 0xF1, 0x3F, 0x3C, 0x78, 0xCE, 0x39, 0x0E,
  0x06, 0x00, 0x00, 0x00, 0x00, 0x1C, 0x00, 0x1C, 0x00, 0x07, 0x80, 0x03,
  0x00, 0x00, 0x18, 0x03, 0x07, 0x83, 0x03, 0x06, 0x63, 0xE0, 0x40, 0x08,
  0x1E, 0x38, 0x18, 0x0E, 0x38, 0xE0, 0x00, 0x87, 0x01, 0xC6, 0xE0, 0xE3,
  0xE3, 0x61, 0x08, 0xC0, 0x1C, 0x70, 0x1C, 0x0C, 0x0E, 0x1C, 0x00, 0x80,
  0x07, 0x26, 0x1C, 0xE3, 0x60, 0x38, 0xE7, 0x38, 0x18, 0xCE, 0x39, 0x07,
  0x1C, 0xFC, 0x81, 0x83, 0x01, 0x00, 0x00, 0x00, 0x00, 0x00, 0x00, 0x00,
  0x00, 0x00, 0x18, 0x03, 0x07, 0x83, 0x03, 0x06, 0x63, 0xE0, 0x40, 0x08,
  0x1E, 0x38, 0x18, 0x0E, 0x38, 0xE0, 0x00, 0x87, 0x01, 0xC6, 0xE0, 0xE3,
  0xE3, 0x61, 0x08, 0xC0, 0x1C, 0x70, 0x1C, 0x0C, 0x0E, 0x1C, 0x00, 0x80,
  0x07, 0x26, 0x1C, 0xE3, 0x60, 0x38, 0xE7, 0x38, 0x18, 0xCE, 0x39, 0x07,
  0x1C, 0xFC, 0x81, 0x83, 0x01, 0x00, 0x00, 0x00, 0x00, 0x00, 0x00, 0x00,
  0xE0, 0x01, 0x0E, 0x06, 0x07, 0x83, 0x03, 0xC0, 0xC1, 0xE0, 0x00, 0x00,
  0x0F, 0x38, 0x18, 0x0E, 0x38, 0xE0, 0x00, 0xE7, 0x80, 0x83, 0xE1, 0xBE,
  0xE3, 0x63, 0x00, 0x00, 0x1C, 0x70, 0x1C, 0x0C, 0x0E, 0x1C, 0x00, 0x00,
  0x0C, 0x00, 0x1C, 0x80, 0x31, 0x38, 0xE7, 0x60, 0x0C, 0xCE, 0x39, 0x07,
  0x1C, 0x70, 0x00, 0xC6, 0x00, 0x9F, 0x83, 0x7F, 0xB8, 0x1F, 0xC0, 0x03,
  0xE0, 0x01, 0x0E, 0x06, 0x07, 0x83, 0x03, 0xC0, 0xC1, 0xE0, 0x00, 0x00,
  0x0F, 0x38, 0x18, 0x0E, 0x38, 0xE0, 0x00, 0xE7, 0x80, 0x83, 0xE1, 0xBE,
  0xE3, 0x63, 0x00, 0x00, 0x1C, 0x70, 0x1C, 0x0C, 0x0E, 0x1C, 0x00, 0x00,
  0x0C, 0x00, 0x1C, 0x80, 0x31, 0x38, 0xE7, 0x60, 0x0C, 0xCE, 0x39, 0x07,
  0x1C, 0x70, 0x00, 0xC6, 0x00, 0x9F, 0x83, 0x7F, 0xB8, 0x1F, 0xC0, 0x03,
  0xC0, 0x01, 0x07, 0x1C, 0xFF, 0x81, 0x03, 0xE0, 0x80, 0xE3, 0x0F, 0x80,
  0x07, 0xF8, 0x1F, 0xFE, 0x3F, 0xE0, 0x00, 0x7F, 0xC0, 0x01, 0xE7, 0x9C,
  0xE3, 0x6E, 0xC0, 0x1F, 0x1C, 0x70, 0x1C, 0x0C, 0xFE, 0x07, 0x00, 0x00,
  0x38, 0x00, 0x1C, 0x00, 0x1F, 0x38, 0xE7, 0xC0, 0x07, 0xCE, 0x39, 0x07,
  0x1C, 0x70, 0x00, 0x7C, 0xC0, 0xE1, 0xE0, 0x00, 0xF0, 0x30, 0x80, 0x03,
  0xC0, 0x01, 0xFF, 0x1F, 0x07, 0x83, 0x03, 0xE0, 0x80, 0xE3, 0x00, 0xC0,
  0x01, 0x38, 0x18, 0x0E, 0x38, 0xE0, 0x00, 0xE7, 0xC0, 0x01, 0xE7, 0x80,
  0xE3, 0x7C, 0x00, 0x00, 0x1C, 0x70, 0x1C, 0x0C, 0x0E, 0x00, 0x00, 0x00,
  0x0C, 0x00, 0x1C, 0x00, 0x0E, 0xF0, 0x3F, 0x60, 0x0C, 0xFC, 0x0F, 0x0E,
  0x06, 0x70, 0x00, 0x38, 0xC0, 0x61, 0x80, 0x1F, 0x70, 0x30, 0x80, 0x03,
  0xC0, 0x01, 0xFF, 0x1F, 0x07, 0x83, 0x03, 0xE0, 0x80, 0xE3, 0x00, 0xC0,
  0x01, 0x38, 0x18, 0x0E, 0x38, 0xE0, 0x00, 0xE7, 0xC0, 0x01, 0xE7, 0x80,
  0xE3, 0x7C, 0x00, 0x00, 0x1C, 0x70, 0x1C, 0x0C, 0x0E, 0x00, 0x00, 0x00,
  0x0C, 0x00, 0x1C, 0x00, 0x0E, 0xF0, 0x3F, 0x60, 0x0C, 0xFC, 0x0F, 0x0E,
  0x06, 0x70, 0x00, 0x38, 0xC0, 0x61, 0x80, 0x1F, 0x70, 0x30, 0x80, 0x03,
  0xC0, 0x01, 0x07, 0x1C, 0x07, 0x83, 0x03, 0xE0, 0x80, 0xE3, 0x40, 0xF0,
  0x20, 0x38, 0x18, 0x0E, 0x38, 0xE0, 0x00, 0x87, 0xC1, 0x01, 0xE7, 0x80,
  0xE3, 0x70, 0x08, 0xC0, 0x1C, 0x70, 0x1C, 0x0C, 0x0E, 0x00, 0x00, 0x80,
  0x07, 0x06, 0x1C, 0x00, 0x0E, 0x00, 0x07, 0x38, 0x18, 0xC0, 0x01, 0x18,
  0x03, 0x70, 0x00, 0x38, 0xC0, 0xE1, 0xE0, 0x00, 0x70, 0x30, 0x80, 0x03,
  0xC0, 0x01, 0x07, 0x1C, 0x07, 0x83, 0x03, 0xE0, 0x80, 0xE3, 0x40, 0xF0,
  0x20, 0x38, 0x18, 0x0E, 0x38, 0xE0, 0x00, 0x87, 0xC1, 0x01, 0xE7, 0x80,
  0xE3, 0x70, 0x08, 0xC0, 0x1C, 0x70, 0x1C, 0x0C, 0x0E, 0x00, 0x00, 0x80,
  0x07, 0x06, 0x1C, 0x00, 0x0E, 0x00, 0x07, 0x38, 0x18, 0xC0, 0x01, 0x18,
  0x03, 0x70, 0x00, 0x38, 0xC0, 0xE1, 0xE0, 0x00, 0x70, 0x30, 0x80, 0x03,
  0xF0, 0x07, 0x07, 0x9C, 0xFF, 0xC1, 0x03, 0xE0, 0xFF, 0xF3, 0x7F, 0xF8,
  0x3F, 0x3C, 0x78, 0xFC, 0x0F, 0xF8, 0x83, 0x0F, 0xCF, 0x01, 0xE7, 0x80,
  0xF3, 0xE0, 0xF9, 0xFF, 0xF8, 0x1F, 0x1E, 0x3C, 0x1F, 0x00, 0x00, 0xC0,
  0xFF, 0x07, 0x3E, 0x00, 0x1F, 0x80, 0x0F, 0x3C, 0x78, 0xE0, 0x03, 0x1F,
  0x1F, 0xFC, 0x01, 0x7C, 0x00, 0x9F, 0x83, 0x7F, 0x78, 0x30, 0xE0, 0x0F,
  0xF0, 0x07, 0x07, 0x9C, 0xFF, 0xC1, 0x03, 0xE0, 0xFF, 0xF3, 0x7F, 0xF8,
  0x3F, 0x3C, 0x78, 0xFC, 0x0F, 0xF8, 0x83, 0x0F, 0xCF, 0x01, 0xE7, 0x80,
  0xF3, 0xE0, 0xF9, 0xFF, 0xF8, 0x1F, 0x1E, 0x3C, 0x1F, 0x00, 0x00, 0xC0,
  0xFF, 0x07, 0x3E, 0x00, 0x1F, 0x80, 0x0F, 0x3C, 0x78, 0xE0, 0x03, 0x1F,
  0x1F, 0xFC, 0x01, 0x7C, 0x00, 0x9F, 0x83, 0x7F, 0x78, 0x30, 0xE0, 0x0F,
  0x00, 0x00, 0x00, 0x00, 0x00, 0x00, 0x00, 0x00, 0x00, 0x00, 0x00, 0x00,
  0x00, 0x00, 0x00, 0x00, 0x00, 0x00, 0x00, 0x00, 0x00, 0x00, 0x00, 0x00,
  0x00, 0x00, 0x00, 0x00, 0x00, 0x00, 0x00, 0x00, 0x00, 0x00, 0x00, 0x00,
  0x00, 0x00, 0x00, 0x00, 0x00, 0x00, 0x00, 0x00, 0x00, 0x00, 0x00, 0x00,
  0x00, 0x00, 0x00, 0x00, 0x00, 0x00, 0x00, 0x00, 0x00, 0x30, 0x00, 0x00,
  0x00, 0x00, 0x00, 0x00, 0x00, 0x00, 0x00, 0x00, 0x00, 0x00, 0x00, 0x00,
  0x00, 0x00, 0x00, 0x00, 0x00, 0x00, 0x00, 0x00, 0x00, 0x00, 0x00, 0x00,
  0x00, 0x00, 0x00, 0x00, 0x00, 0x00, 0x00, 0x00, 0x00, 0x00, 0x00, 0x00,
  0x00, 0x00, 0x00, 0x00, 0x00, 0x00, 0x00, 0x00, 0x00, 0x00, 0x00, 0x00,
  0x00, 0x00, 0x00, 0x00, 0x00, 0x00, 0x00, 0x00, 0x00, 0x30, 0x00, 0x00,
  0x00, 0x00, 0x00, 0x00, 0x00, 0x00, 0x00, 0x00, 0x00, 0x00, 0x00, 0x00,
  0x00, 0x00, 0x00, 0x00, 0x00, 0x00, 0x00, 0x00, 0x00, 0x00, 0x00, 0x00,
  0x00, 0x00, 0x00, 0x00, 0x00, 0x00, 0x00, 0x00, 0x00, 0x00, 0x00, 0x00,
  0x00, 0x00, 0x00, 0x00, 0x00, 0x00, 0x00, 0x00, 0x00, 0x00, 0x00, 0x00,
  0x00, 0x00, 0x00, 0x00, 0x00, 0x00, 0x00, 0x00, 0x00, 0x00, 0x00, 0x00,
  0x00, 0x00, 0x00, 0x00, 0x00, 0x00, 0x00, 0x00, 0x00, 0x00, 0x00, 0x00,
  0x00, 0x00, 0x00, 0x00, 0x00, 0x00, 0x00, 0x00, 0x00, 0x00, 0x00, 0x00,
  0x00, 0x00, 0x00, 0x00, 0x00, 0x00, 0x00, 0x00, 0x00, 0x00, 0x00, 0x00,
  0x00, 0x00, 0x00, 0x00, 0x00, 0x00, 0x00, 0x00, 0x00, 0x00, 0x00, 0x00,
  0x00, 0x00, 0x00, 0x00, 0x00, 0x00, 0x00, 0x00, 0x00, 0x00, 0x00, 0x00,
  0xC0, 0x01, 0x00, 0x00, 0x00, 0x00, 0x00, 0x00, 0x00, 0x00, 0x00, 0x00,
  0x00, 0x00, 0x00, 0x00, 0x00, 0x00, 0x00, 0x00, 0x00, 0x00, 0x00, 0x00,
  0x00, 0x00, 0x00, 0x00, 0x00, 0x00, 0x00, 0x00, 0x00, 0x00, 0x00, 0x00,
  0x00, 0x00, 0x00, 0x00, 0x00, 0x00, 0x00, 0x00, 0x00, 0x00, 0x00, 0x00,
  0x00, 0x00, 0x00, 0x00, 0x00, 0x60, 0x00, 0x30, 0x00, 0x0E, 0x00, 0x00,
  0xC0, 0x01, 0x00, 0x00, 0x00, 0x00, 0x00, 0x00, 0x00, 0x00, 0x00, 0x00,
  0x00, 0x00, 0x00, 0x00, 0x00, 0x00, 0x00, 0x00, 0x00, 0x00, 0x00, 0x00,
  0x00, 0x00, 0x00, 0x00, 0x00, 0x00, 0x00, 0x00, 0x00, 0x00, 0x00, 0x00,
  0x00, 0x00, 0x00, 0x00, 0x00, 0x00, 0x00, 0x00, 0x00, 0x00, 0x00, 0x00,
  0x00, 0x00, 0x00, 0x00, 0x00, 0x60, 0x00, 0x30, 0x00, 0x0E, 0x00, 0x00,
  0xDC, 0x39, 0x00, 0x00, 0xFC, 0x00, 0x00, 0xE0, 0xFF, 0x00, 0x00, 0x00,
  0x00, 0x00, 0x00, 0xF0, 0x07, 0x00, 0x00, 0x00, 0xC0, 0x07, 0x00, 0x00,
  0x00, 0x00, 0xC0, 0x00, 0x00, 0x00, 0x00, 0x00, 0x00, 0x00, 0x00, 0x00,
  0x00, 0x00, 0x00, 0x00, 0x00, 0x00, 0x00, 0x00, 0x00, 0x00, 0x00, 0x00,
  0x00, 0x8C, 0x01, 0x86, 0x01, 0x38, 0x00, 0x1C, 0x00, 0x07, 0x00, 0x00,
  0xDC, 0x39, 0x00, 0x00, 0xFC, 0x00, 0x00, 0xE0, 0xFF, 0x00, 0x00, 0x00,
  0x00, 0x00, 0x00, 0xF0, 0x07, 0x00, 0x00, 0x00, 0xC0, 0x07, 0x00, 0x00,
  0x00, 0x00, 0xC0, 0x00, 0x00, 0x00, 0x00, 0x00, 0x00, 0x00, 0x00, 0x00,
  0x00, 0x00, 0x00, 0x00, 0x00, 0x00, 0x00, 0x00, 0x00, 0x00, 0x00, 0x00,
  0x00, 0x8C, 0x01, 0x86, 0x01, 0x38, 0x00, 0x1C, 0x00, 0x07, 0x00, 0x00,
  0x00, 0x00, 0x00, 0x00, 0x87, 0x01, 0x00, 0xC0, 0x01, 0x00, 0x00, 0xC0,
  0x01, 0x00, 0x00, 0x1C, 0x0C, 0x00, 0x00, 0x00, 0x00, 0x0C, 0x00, 0x00,
  0x00, 0x00, 0x80, 0x0F, 0x00, 0x00, 0x00, 0x00, 0x00, 0x00, 0x00, 0x00,
  0x00, 0x00, 0x00, 0x00, 0x00, 0x00, 0x07, 0x00, 0x00, 0x00, 0x00, 0x00,
  0x00, 0x00, 0x00, 0x00, 0x00, 0x00, 0x00, 0x00, 0x00, 0x00, 0x00, 0x00,
  0x00, 0x00, 0x00, 0x00, 0x87, 0x01, 0x00, 0xC0, 0x01, 0x00, 0x00, 0xC0,
  0x01, 0x00, 0x00, 0x1C, 0x0C, 0x00, 0x00, 0x00, 0x00, 0x0C, 0x00, 0x00,
  0x00, 0x00, 0x80, 0x0F, 0x00, 0x00, 0x00, 0x00, 0x00, 0x00, 0x00, 0x00,
  0x00, 0x00, 0x00, 0x00, 0x00, 0x00, 0x07, 0x00, 0x00, 0x00, 0x00, 0x00,
  0x00, 0x00, 0x00, 0x00, 0x00, 0x00, 0x00, 0x00, 0x00, 0x00, 0x00, 0x00,
  0x1E, 0x38, 0xFE, 0x06, 0x87, 0xC1, 0x03, 0x07, 0x03, 0x80, 0x7F, 0x00,
  0x3F, 0xDC, 0x0F, 0x1C, 0x0C, 0xF0, 0x80, 0x07, 0x03, 0x38, 0xE0, 0xC1,
  0xF0, 0xE0, 0xC1, 0x00, 0xE0, 0x1F, 0xFE, 0x3F, 0xF0, 0x07, 0xFC, 0x01,
  0xFE, 0xC7, 0xFF, 0xF0, 0xC0, 0xC1, 0x1F, 0x3C, 0x78, 0x0E, 0x38, 0x0E,
  0x06, 0x78, 0xC0, 0x03, 0x07, 0xFF, 0xF0, 0xC0, 0x71, 0x30, 0x00, 0x00,
  0x1E, 0x38, 0xFE, 0x06, 0x87, 0xC1, 0x03, 0x07, 0x03, 0x80, 0x7F, 0x00,
  0x3F, 0xDC, 0x0F, 0x1C, 0x0C, 0xF0, 0x80, 0x07, 0x03, 0x38, 0xE0, 0xC1,
  0xF0, 0xE0, 0xC1, 0x00, 0xE0, 0x1F, 0xFE, 0x3F, 0xF0, 0x07, 0xFC, 0x01,
  0xFE, 0xC7, 0xFF, 0xF0, 0xC0, 0xC1, 0x1F, 0x3C, 0x78, 0x0E, 0x38, 0x0E,
  0x06, 0x78, 0xC0, 0x03, 0x07, 0xFF, 0xF0, 0xC0, 0x71, 0x30, 0x00, 0x00,
  0x1C, 0x38, 0xC7, 0x03, 0xF7, 0x40, 0x86, 0xC1, 0x7F, 0xE0, 0x00, 0x80,
  0x01, 0x78, 0x18, 0xF0, 0x0F, 0xE0, 0x00, 0xE7, 0x01, 0x7C, 0xC0, 0xC1,
  0xE0, 0x60, 0x80, 0x0F, 0x38, 0x70, 0x1C, 0x0C, 0x18, 0x1C, 0x07, 0x80,
  0xC3, 0x00, 0x1C, 0xE0, 0xC0, 0x71, 0x37, 0x78, 0x1C, 0xCE, 0x39, 0x07,
  0x1C, 0x70, 0x80, 0x03, 0xC7, 0x81, 0xE3, 0xC0, 0x39, 0xE0, 0x00, 0x00,
  0x1C, 0x38, 0x07, 0x03, 0x87, 0x03, 0xCC, 0xE0, 0xC0, 0xE0, 0x1F, 0xC0,
  0x00, 0x38, 0x18, 0x1C, 0x0C, 0xE0, 0x00, 0x7F, 0x00, 0xC6, 0xC0, 0xC3,
  0x80, 0x31, 0xC0, 0x00, 0x38, 0x70, 0x1C, 0x0C, 0x18, 0x1C, 0xFC, 0x81,
  0x83, 0x01, 0x1C, 0xE0, 0xC0, 0x71, 0x37, 0xC0, 0x07, 0xCE, 0x39, 0xE7,
  0x1C, 0x70, 0x80, 0x03, 0xC7, 0x81, 0xE3, 0xC0, 0x39, 0xE7, 0x00, 0x00,
  0x1C, 0x38, 0x07, 0x03, 0x87, 0x03, 0xCC, 0xE0, 0xC0, 0xE0, 0x1F, 0xC0,
  0x00, 0x38, 0x18, 0x1C, 0x0C, 0xE0, 0x00, 0x7F, 0x00, 0xC6, 0xC0, 0xC3,
  0x80, 0x31, 0xC0, 0x00, 0x38, 0x70, 0x1C, 0x0C, 0x18, 0x1C, 0xFC, 0x81,
  0x83, 0x01, 0x1C, 0xE0, 0xC0, 0x71, 0x37, 0xC0, 0x07, 0xCE, 0x39, 0xE7,
  0x1C, 0x70, 0x80, 0x03, 0xC7, 0x81, 0xE3, 0xC0, 0x39, 0xE7, 0x00, 0x00,
  0x1C, 0x38, 0xC7, 0x07, 0x07, 0x03, 0x78, 0xE0, 0xC0, 0xE0, 0x00, 0x80,
  0x01, 0x38, 0x18, 0x1C, 0x0C, 0xE0, 0x00, 0xE7, 0x81, 0x83, 0xC1, 0x7D,
  0x03, 0x1F, 0x70, 0x00, 0x38, 0x70, 0x1C, 0x0C, 0xF8, 0x07, 0x00, 0x83,
  0x83, 0x01, 0x1C, 0xE0, 0xC0, 0xC1, 0x1F, 0x78, 0x1C, 0xFC, 0x0F, 0xF7,
  0x1D, 0x70, 0x80, 0x03, 0xC7, 0x81, 0xE3, 0xC0, 0xB9, 0xEF, 0x00, 0x00,
  0x1C, 0x38, 0xC7, 0x07, 0x07, 0x03, 0x78, 0xE0, 0xC0, 0xE0, 0x00, 0x80,
  0x01, 0x38, 0x18, 0x1C, 0x0C, 0xE0, 0x00, 0xE7, 0x81, 0x83, 0xC1, 0x7D,
  0x03, 0x1F, 0x70, 0x00, 0x38, 0x70, 0x1C, 0x0C, 0xF8, 0x07, 0x00, 0x83,
  0x83, 0x01, 0x1C, 0xE0, 0xC0, 0xC1, 0x1F, 0x78, 0x1C, 0xFC, 0x0F, 0xF7,
  0x1D, 0x70, 0x80, 0x03, 0xC7, 0x81, 0xE3, 0xC0, 0xB9, 0xEF, 0x00, 0x00,
  0xF0, 0x0F, 0xFE, 0x1C, 0xF7, 0x01, 0x3C, 0xC0, 0x7F, 0x80, 0x7F, 0x00,
  0x3F, 0x3C, 0x18, 0xF0, 0x07, 0xF8, 0x83, 0x07, 0xCF, 0x83, 0xC7, 0x01,
  0x00, 0x0E, 0xC0, 0x0F, 0xE0, 0x1F, 0x1C, 0x0C, 0x18, 0x00, 0xFC, 0x01,
  0xFE, 0x00, 0x3C, 0x80, 0x7F, 0x00, 0x07, 0x3C, 0x78, 0xC0, 0x01, 0x1E,
  0x07, 0xFC, 0x01, 0xFE, 0x01, 0xFF, 0x80, 0x7F, 0xF0, 0x38, 0x00, 0x00,
  0xF0, 0x0F, 0xFE, 0x1C, 0xF7, 0x01, 0x3C, 0xC0, 0x7F, 0x80, 0x7F, 0x00,
  0x3F, 0x3C, 0x18, 0xF0, 0x07, 0xF8, 0x83, 0x07, 0xCF, 0x83, 0xC7, 0x01,
  0x00, 0x0E, 0xC0, 0x0F, 0xE0, 0x1F, 0x1C, 0x0C, 0x18, 0x00, 0xFC, 0x01,
  0xFE, 0x00, 0x3C, 0x80, 0x7F, 0x00, 0x07, 0x3C, 0x78, 0xC0, 0x01, 0x1E,
  0x07, 0xFC, 0x01, 0xFE, 0x01, 0xFF, 0x80, 0x7F, 0xF0, 0x38, 0x00, 0x00,
  0x00, 0x00, 0x00, 0x00, 0x07, 0x00, 0x0E, 0x00, 0x00, 0x00, 0x00, 0x00,
  0xE0, 0x00, 0x18, 0x00, 0x00, 0x00, 0x00, 0x00, 0x00, 0x00, 0xC0, 0x01,
  0x00, 0x00, 0x00, 0x18, 0x00, 0x00, 0x00, 0x00, 0x18, 0x00, 0x00, 0x00,
  0x00, 0x00, 0x00, 0x00, 0x00, 0x00, 0x07, 0x00, 0x00, 0xC0, 0x01, 0x00,
  0x00, 0x00, 0x00, 0x00, 0x00, 0x00, 0x00, 0x00, 0x00, 0x00, 0x00, 0x00,
  0x00, 0x00, 0x00, 0x00, 0x07, 0x00, 0x0E, 0x00, 0x00, 0x00, 0x00, 0x00,
  0xE0, 0x00, 0x18, 0x00, 0x00, 0x00, 0x00, 0x00, 0x00, 0x00, 0xC0, 0x01,
  0x00, 0x00, 0x00, 0x18, 0x00, 0x00, 0x00, 0x00, 0x18, 0x00, 0x00, 0x00,
  0x00, 0x00, 0x00, 0x00, 0x00, 0x00, 0x07, 0x00, 0x00, 0xC0, 0x01, 0x00,
  0x00, 0x00, 0x00, 0x00, 0x00, 0x00, 0x00, 0x00, 0x00, 0x00, 0x00, 0x00,
  0x00, 0x00, 0x00, 0x00, 0x00, 0x00, 0x00, 0x00, 0x00, 0x00, 0x00, 0x00,
  0x3E, 0x00, 0x00, 0x00, 0x00, 0x00, 0x00, 0x00, 0x00, 0x00, 0x00, 0x00,
  0x00, 0x00, 0x00, 0x00, 0x00, 0x00, 0x00, 0x00, 0x00, 0x00, 0x00, 0x00,
  0x00, 0x00, 0x00, 0x00, 0x00, 0x00, 0x00, 0x00, 0x00, 0x00, 0x00, 0x00,
  0x00, 0x00, 0x00, 0x00, 0x00, 0x00, 0x00, 0x00, 0x00, 0x00, 0x00, 0x00,
  0x00, 0x00, 0x00, 0x00, 0x00, 0x00, 0x00, 0x00, 0x00, 0x00, 0x00, 0x00,
  0x3E, 0x00, 0x00, 0x00, 0x00, 0x00, 0x00, 0x00, 0x00, 0x00, 0x00, 0x00,
  0x00, 0x00, 0x00, 0x00, 0x00, 0x00, 0x00, 0x00, 0x00, 0x00, 0x00, 0x00,
  0x00, 0x00, 0x00, 0x00, 0x00, 0x00, 0x00, 0x00, 0x00, 0x00, 0x00, 0x00,
  0x00, 0x00, 0x00, 0x00, 0x00, 0x00, 0x00, 0x00, 0x00, 0x00, 0x00, 0x00,
  0x60, 0x00, 0x18, 0x06, 0x00, 0x00, 0xC0, 0x00, 0x00, 0x00, 0x00, 0x00,
  0x00, 0x60, 0x0C, 0x00, 0x00, 0x00, 0x00, 0x00, 0x00, 0x00, 0x00, 0x78,
  0x00, 0x03, 0x70, 0x30, 0x00, 0x00, 0x00, 0x00, 0x00, 0x00, 0x00, 0x00,
  0x00, 0x00, 0x00, 0x00, 0x00, 0x00, 0x00, 0x00, 0x00, 0x00, 0x00, 0x18,
  0x06, 0x00, 0x00, 0x00, 0x00, 0x00, 0x00, 0x00, 0x00, 0x00, 0x00, 0x00,
  0x60, 0x00, 0x18, 0x06, 0x00, 0x00, 0xC0, 0x00, 0x00, 0x00, 0x00, 0x00,
  0x00, 0x60, 0x0C, 0x00, 0x00, 0x00, 0x00, 0x00, 0x00, 0x00, 0x00, 0x78,
  0x00, 0x03, 0x70, 0x30, 0x00, 0x00, 0x00, 0x00, 0x00, 0x00, 0x00, 0x00,
  0x00, 0x00, 0x00, 0x00, 0x00, 0x00, 0x00, 0x00, 0x00, 0x00, 0x00, 0x18,
  0x06, 0x00, 0x00, 0x00, 0x00, 0x00, 0x00, 0x00, 0x00, 0x00, 0x00, 0x00,
  0xC0, 0x01, 0x00, 0xC0, 0x1F, 0x00, 0x70, 0x00, 0xFF, 0x80, 0x7F, 0xF0,
  0x3F, 0x00, 0x00, 0x00, 0x38, 0xF8, 0x81, 0xE3, 0xE0, 0x0F, 0xC0, 0x1D,
  0x00, 0x0E, 0xC0, 0x1F, 0x38, 0x18, 0xE0, 0x03, 0xFE, 0x07, 0xFF, 0x83,
  0xFF, 0x01, 0x7E, 0xE0, 0xFF, 0x39, 0xE7, 0xE0, 0x1F, 0x0E, 0x3C, 0xF0,
  0x03, 0x07, 0x0F, 0xFC, 0xE0, 0xC1, 0x73, 0xC0, 0xC1, 0x3F, 0xF8, 0x1F,
  0xC0, 0x01, 0x00, 0xC0, 0x1F, 0x00, 0x70, 0x00, 0xFF, 0x80, 0x7F, 0xF0,
  0x3F, 0x00, 0x00, 0x00, 0x38, 0xF8, 0x81, 0xE3, 0xE0, 0x0F, 0xC0, 0x1D,
  0x00, 0x0E, 0xC0, 0x1F, 0x38, 0x18, 0xE0, 0x03, 0xFE, 0x07, 0xFF, 0x83,
  0xFF, 0x01, 0x7E, 0xE0, 0xFF, 0x39, 0xE7, 0xE0, 0x1F, 0x0E, 0x3C, 0xF0,
  0x03, 0x07, 0x0F, 0xFC, 0xE0, 0xC1, 0x73, 0xC0, 0xC1, 0x3F, 0xF8, 0x1F,
  0xFC, 0x3F, 0xFE, 0x1F, 0x07, 0x80, 0xFF, 0xC7, 0x81, 0xE3, 0xC0, 0x01,
  0x07, 0xE0, 0x0F, 0x00, 0x38, 0xCE, 0x81, 0xE3, 0x80, 0x03, 0xC0, 0xC1,
  0x73, 0xF0, 0x01, 0x00, 0x38, 0x18, 0x30, 0x06, 0x0E, 0x00, 0x07, 0x8E,
  0x03, 0x00, 0x63, 0xE0, 0x00, 0x38, 0xE7, 0x38, 0x70, 0x0E, 0x3E, 0x07,
  0x1F, 0x87, 0x01, 0xC6, 0xE0, 0xE3, 0x73, 0xC0, 0x71, 0xE0, 0x38, 0x18,
  0xFC, 0x3F, 0xFE, 0x1F, 0x07, 0x80, 0xFF, 0xC7, 0x81, 0xE3, 0xC0, 0x01,
  0x07, 0xE0, 0x0F, 0x00, 0x38, 0xCE, 0x81, 0xE3, 0x80, 0x03, 0xC0, 0xC1,
  0x73, 0xF0, 0x01, 0x00, 0x38, 0x18, 0x30, 0x06, 0x0E, 0x00, 0x07, 0x8E,
  0x03, 0x00, 0x63, 0xE0, 0x00, 0x38, 0xE7, 0x38, 0x70, 0x0E, 0x3E, 0x07,
  0x1F, 0x87, 0x01, 0xC6, 0xE0, 0xE3, 0x73, 0xC0, 0x71, 0xE0, 0x38, 0x18,
  0x1C, 0x00, 0x0E, 0x00, 0xF7, 0x83, 0x03, 0xE0, 0x00, 0xE0, 0x00, 0x00,
  0x07, 0x80, 0x03, 0x00, 0x38, 0xCE, 0x81, 0xE3, 0x80, 0xFB, 0xC1, 0x61,
  0x70, 0xDC, 0x71, 0x30, 0x38, 0x18, 0x1C, 0x0C, 0x0E, 0x00, 0x07, 0x8E,
  0x03, 0x00, 0x63, 0xE0, 0x00, 0x38, 0xE7, 0x00, 0x70, 0x8E, 0x3B, 0xC7,
  0x1D, 0xF7, 0x00, 0xC6, 0xE0, 0xBE, 0x73, 0xC0, 0x71, 0xE0, 0x38, 0x18,
  0x1C, 0x00, 0x0E, 0x00, 0xF7, 0x83, 0x03, 0xE0, 0x00, 0xE0, 0x00, 0x00,
  0x07, 0x80, 0x03, 0x00, 0x38, 0xCE, 0x81, 0xE3, 0x80, 0xFB, 0xC1, 0x61,
  0x70, 0xDC, 0x71, 0x30, 0x38, 0x18, 0x1C, 0x0C, 0x0E, 0x00, 0x07, 0x8E,
  0x03, 0x00, 0x63, 0xE0, 0x00, 0x38, 0xE7, 0x00, 0x70, 0x8E, 0x3B, 0xC7,
  0x1D, 0xF7, 0x00, 0xC6, 0xE0, 0xBE, 0x73, 0xC0, 0x71, 0xE0, 0x38, 0x18,
  0xFC, 0x07, 0xFE, 0x03, 0x0F, 0x8E, 0x03, 0xC0, 0x3F, 0x80, 0x7F, 0x00,
  0x07, 0x80, 0x03, 0x00, 0x38, 0xCE, 0x9F, 0xFF, 0x8F, 0x07, 0xC7, 0x3D,
  0x70, 0xCE, 0xC1, 0x18, 0x38, 0x18, 0x0E, 0x38, 0xFE, 0x07, 0xFF, 0x83,
  0x03, 0x00, 0x63, 0xE0, 0x1F, 0xC0, 0x1F, 0x80, 0x1F, 0xCE, 0x39, 0xE7,
  0x1C, 0x1F, 0x00, 0xC6, 0xE0, 0x9C, 0xF3, 0xFF, 0x71, 0xE0, 0x38, 0x18,
  0x1C, 0x00, 0x0E, 0x00, 0x07, 0x8E, 0x03, 0xE0, 0x00, 0x00, 0xC0, 0x01,
  0x07, 0x80, 0x03, 0x00, 0x38, 0xCE, 0xB9, 0xE3, 0x9C, 0x03, 0xC7, 0x07,
  0x70, 0xC3, 0x81, 0x0F, 0x38, 0x18, 0xFE, 0x3F, 0x0E, 0x1C, 0x07, 0x8E,
  0x03, 0x00, 0x63, 0xE0, 0x00, 0x38, 0xE7, 0x00, 0x70, 0x6E, 0x38, 0x37,
  0x1C, 0xF7, 0x00, 0xC6, 0xE0, 0x80, 0x73, 0xC0, 0x71, 0xE0, 0x38, 0x18,
  0x1C, 0x00, 0x0E, 0x00, 0x07, 0x8E, 0x03, 0xE0, 0x00, 0x00, 0xC0, 0x01,
  0x07, 0x80, 0x03, 0x00, 0x38, 0xCE, 0xB9, 0xE3, 0x9C, 0x03, 0xC7, 0x07,
  0x70, 0xC3, 0x81, 0x0F, 0x38, 0x18, 0xFE, 0x3F, 0x0E, 0x1C, 0x07, 0x8E,
  0x03, 0x00, 0x63, 0xE0, 0x00, 0x38, 0xE7, 0x00, 0x70, 0x6E, 0x38, 0x37,
  0x1C, 0xF7, 0x00, 0xC6, 0xE0, 0x80, 0x73, 0xC0, 0x71, 0xE0, 0x38, 0x18,
  0x1C, 0x00, 0x0E, 0x00, 0x07, 0x8E, 0x03, 0xC0, 0x81, 0xE3, 0xC0, 0x01,
  0x07, 0x80, 0x03, 0x1C, 0x38, 0xCE, 0xB9, 0xE3, 0x9C, 0x03, 0xC7, 0x79,
  0xF0, 0xC1, 0x01, 0x07, 0x38, 0x18, 0x0E, 0x38, 0x0E, 0x1C, 0x07, 0x8E,
  0x03, 0x00, 0x63, 0xE0, 0x00, 0x38, 0xE7, 0x38, 0x70, 0x3E, 0x38, 0x1F,
  0x1C, 0x87, 0x01, 0xC6, 0xE0, 0x80, 0x73, 0xC0, 0x71, 0xE0, 0x38, 0x18,
  0x1C, 0x00, 0x0E, 0x00, 0x07, 0x8E, 0x03, 0xC0, 0x81, 0xE3, 0xC0, 0x01,
  0x07, 0x80, 0x03, 0x1C, 0x38, 0xCE, 0xB9, 0xE3, 0x9C, 0x03, 0xC7, 0x79,
  0xF0, 0xC1, 0x01, 0x07, 0x38, 0x18, 0x0E, 0x38, 0x0E, 0x1C, 0x07, 0x8E,
  0x03, 0x00, 0x63, 0xE0, 0x00, 0x38, 0xE7, 0x38, 0x70, 0x3E, 0x38, 0x1F,
  0x1C, 0x87, 0x01, 0xC6, 0xE0, 0x80, 0x73, 0xC0, 0x71, 0xE0, 0x38, 0x18,
  0xFC, 0x3F, 0xFE, 0x1F, 0x07, 0x83, 0x03, 0x00, 0xFF, 0x80, 0x7F, 0xF0,
  0x3F, 0xE0, 0x0F, 0xF0, 0x0F, 0xCF, 0x9F, 0xE3, 0x8F, 0x03, 0xC7, 0xC1,
  0xF3, 0xC0, 0x01, 0x07, 0xF8, 0x1F, 0x0E, 0x38, 0xFE, 0x07, 0xFF, 0x83,
  0x03, 0xE0, 0xFF, 0xE3, 0xFF, 0x39, 0xE7, 0xE0, 0x1F, 0x1E, 0x38, 0x0F,
  0x1C, 0x07, 0xCF, 0xC7, 0xE0, 0x80, 0x73, 0xC0, 0xC1, 0x3F, 0x38, 0x18,
  0xFC, 0x3F, 0xFE, 0x1F, 0x07, 0x83, 0x03, 0x00, 0xFF, 0x80, 0x7F, 0xF0,
  0x3F, 0xE0, 0x0F, 0xF0, 0x0F, 0xCF, 0x9F, 0xE3, 0x8F, 0x03, 0xC7, 0xC1,
  0xF3, 0xC0, 0x01, 0x07, 0xF8, 0x1F, 0x0E, 0x38, 0xFE, 0x07, 0xFF, 0x83,
  0x03, 0xE0, 0xFF, 0xE3, 0xFF, 0x39, 0xE7, 0xE0, 0x1F, 0x1E, 0x38, 0x0F,
  0x1C, 0x07, 0xCF, 0xC7, 0xE0, 0x80, 0x73, 0xC0, 0xC1, 0x3F, 0x38, 0x18,
  0x00, 0x00, 0x00, 0x00, 0x80, 0x01, 0x00, 0x00, 0x00, 0x00, 0x00, 0x00,
  0x00, 0x00, 0x00, 0x00, 0x00, 0x00, 0x00, 0x00, 0x00, 0x00, 0x00, 0x00,
  0x00, 0x00, 0x00, 0x00, 0x80, 0x03, 0x00, 0x00, 0x00, 0x00, 0x00, 0x00,
  0x00, 0xE0, 0x80, 0x03, 0x00, 0x00, 0x00, 0x00, 0x00, 0x00, 0x00, 0x00,
  0x00, 0x00, 0x00, 0x00, 0x00, 0x00, 0x00, 0x00, 0x00, 0x00, 0x00, 0x00,
  0x00, 0x00, 0x00, 0x00, 0x80, 0x01, 0x00, 0x00, 0x00, 0x00, 0x00, 0x00,
  0x00, 0x00, 0x00, 0x00, 0x00, 0x00, 0x00, 0x00, 0x00, 0x00, 0x00, 0x00,
  0x00, 0x00, 0x00, 0x00, 0x80, 0x03, 0x00, 0x00, 0x00, 0x00, 0x00, 0x00,
  0x00, 0xE0, 0x80, 0x03, 0x00, 0x00, 0x00, 0x00, 0x00, 0x00, 0x00, 0x00,
  0x00, 0x00, 0x00, 0x00, 0x00, 0x00, 0x00, 0x00, 0x00, 0x00, 0x00, 0x00,
  0x00, 0x00, 0x00, 0x00, 0x00, 0x00, 0x00, 0x00, 0x00, 0x00, 0x00, 0x00,
  0x00, 0x00, 0x00, 0x00, 0x00, 0x00, 0x00, 0x00, 0x00, 0x00, 0x00, 0x00,
  0x00, 0x00, 0x00, 0x00, 0x80, 0x03, 0x00, 0x00, 0x00, 0x00, 0x00, 0x00,
  0x00, 0x00, 0x00, 0x00, 0x00, 0x00, 0x00, 0x00, 0x00, 0x00, 0x00, 0x00,
  0x00, 0x00, 0x00, 0x00, 0x00, 0x00, 0x00, 0x00, 0x00, 0x00, 0x00, 0x00,
  0x00, 0x00, 0x00, 0x00, 0x00, 0x00, 0x00, 0x00, 0x00, 0x00, 0x00, 0x00,
  0x00, 0x00, 0x00, 0x00, 0x00, 0x00, 0x00, 0x00, 0x00, 0x00, 0x00, 0x00,
  0x00, 0x00, 0x00, 0x00, 0x80, 0x03, 0x00, 0x00, 0x00, 0x00, 0x00, 0x00,
  0x00, 0x00, 0x00, 0x00, 0x00, 0x00, 0x00, 0x00, 0x00, 0x00, 0x00, 0x00,
  0x00, 0x00, 0x00, 0x00, 0x00, 0x00, 0x00, 0x00, 0x00, 0x00, 0x00, 0x00,
  0x00, 0x00, 0x00, 0x00, 0x00, 0x00, 0x00, 0x00, 0x00, 0x00, 0x00, 0x00,
  0x00, 0x00, 0x00, 0x00, 0x00, 0x00, 0x00, 0x00, 0x00, 0x00, 0x00, 0x00,
  0x00, 0x00, 0x00, 0x00, 0x00, 0x00, 0x00, 0x00, 0x00, 0x00, 0x00, 0x00,
  0x00, 0x00, 0x00, 0x00, 0x00, 0x00, 0x00, 0x00, 0x00, 0x00, 0x00, 0x00,
  0x00, 0x00, 0x00, 0x00, 0x00, 0x00, 0x00, 0x00, 0x00, 0x00, 0x00, 0x00,
  0x00, 0x00, 0x00, 0x00, 0x00, 0x00, 0x00, 0x00, 0x00, 0x00, 0x00, 0x00,
  0x00, 0x00, 0x00, 0x00, 0x00, 0x00, 0x00, 0x00, 0x00, 0x00, 0x00, 0x00,
  0x00, 0x00, 0x00, 0x00, 0x00, 0x00, 0x00, 0x00, 0x00, 0x00, 0x00, 0x00,
  0x00, 0x00, 0x00, 0x00, 0x00, 0x00, 0x00, 0x00, 0x00, 0x00, 0x00, 0x00,
  0x00, 0x00, 0x00, 0x00, 0x00, 0x00, 0x00, 0x00, 0x00, 0x00, 0x00, 0x00,
  0xFC, 0x0F, 0xF0, 0x07, 0xFF, 0x83, 0x03, 0x07, 0x1C, 0xE0, 0x60, 0x70,
  0x18, 0x38, 0x70, 0xCE, 0x39, 0x37, 0x83, 0x07, 0xC0, 0x01, 0xC7, 0x01,
  0xE0, 0x3F, 0x70, 0x3E, 0xE0, 0x7F, 0x00, 0x00, 0xF8, 0x1F, 0x00, 0x00,
  0x00, 0x00, 0x00, 0x00, 0x00, 0x00, 0x00, 0x00, 0x00, 0x00, 0x00, 0x18,
  0x06, 0x00, 0x00, 0x00, 0x00, 0x00, 0x00, 0x00, 0x00, 0x00, 0x00, 0x00,
  0xFC, 0x0F, 0xF0, 0x07, 0xFF, 0x83, 0x03, 0x07, 0x1C, 0xE0, 0x60, 0x70,
  0x18, 0x38, 0x70, 0xCE, 0x39, 0x37, 0x83, 0x07, 0xC0, 0x01, 0xC7, 0x01,
  0xE0, 0x3F, 0x70, 0x3E, 0xE0, 0x7F, 0x00, 0x00, 0xF8, 0x1F, 0x00, 0x00,
  0x00, 0x00, 0x00, 0x00, 0x00, 0x00, 0x00, 0x00, 0x00, 0x00, 0x00, 0x18,
  0x06, 0x00, 0x00, 0x00, 0x00, 0x00, 0x00, 0x00, 0x00, 0x00, 0x00, 0x00,
  0x1C, 0x38, 0x18, 0x1C, 0x70, 0x80, 0x03, 0xC7, 0xFF, 0x80, 0x31, 0x70,
  0x18, 0x38, 0x70, 0xCE, 0x39, 0x37, 0x03, 0x07, 0xC0, 0x01, 0xC7, 0x01,
  0x70, 0x60, 0x70, 0xE7, 0x38, 0x70, 0x00, 0x00, 0x30, 0x00, 0x00, 0x00,
  0x00, 0x00, 0x00, 0x00, 0x00, 0x00, 0x00, 0x00, 0x00, 0x00, 0x00, 0xF0,
  0x03, 0x00, 0x00, 0x00, 0x00, 0x00, 0x00, 0x00, 0x00, 0x00, 0x00, 0x00,
  0x1C, 0x38, 0x18, 0x1C, 0x70, 0x80, 0x03, 0xC7, 0xFF, 0x80, 0x31, 0x70,
  0x18, 0x38, 0x70, 0xCE, 0x39, 0x37, 0x03, 0x07, 0xC0, 0x01, 0xC7, 0x01,
  0x70, 0x60, 0x70, 0xE7, 0x38, 0x70, 0x00, 0x00, 0x30, 0x00, 0x00, 0x00,
  0x00, 0x00, 0x00, 0x00, 0x00, 0x00, 0x00, 0x00, 0x00, 0x00, 0x00, 0xF0,
  0x03, 0x00, 0x00, 0x00, 0x00, 0x00, 0x00, 0x00, 0x00, 0x00, 0x00, 0x00,
  0x1C, 0x38, 0x0E, 0x00, 0x70, 0x80, 0x03, 0xE7, 0x9C, 0x03, 0x1F, 0x70,
  0x18, 0x38, 0x70, 0xCE, 0x39, 0x37, 0x03, 0x07, 0xC0, 0x01, 0xC7, 0x01,
  0x00, 0xC0, 0x71, 0xE7, 0x38, 0x70, 0xFC, 0x07, 0xC0, 0x03, 0xFF, 0x83,
  0xFF, 0x00, 0x7E, 0x80, 0x7F, 0x70, 0x37, 0xE0, 0x1F, 0x1C, 0x3C, 0x0E,
  0x1E, 0x07, 0x0F, 0xFC, 0xE1, 0xC1, 0xE3, 0xC0, 0xC1, 0x3F, 0xF8, 0x1F,
  0x1C, 0x38, 0x0E, 0x00, 0x70, 0x80, 0x03, 0xE7, 0x9C, 0x03, 0x1F, 0x70,
  0x18, 0x38, 0x70, 0xCE, 0x39, 0x37, 0x03, 0x07, 0xC0, 0x01, 0xC7, 0x01,
  0x00, 0xC0, 0x71, 0xE7, 0x38, 0x70, 0xFC, 0x07, 0xC0, 0x03, 0xFF, 0x83,
  0xFF, 0x00, 0x7E, 0x80, 0x7F, 0x70, 0x37, 0xE0, 0x1F, 0x1C, 0x3C, 0x0E,
  0x1E, 0x07, 0x0F, 0xFC, 0xE1, 0xC1, 0xE3, 0xC0, 0xC1, 0x3F, 0xF8, 0x1F,
  0xFC, 0x0F, 0x0E, 0x00, 0x70, 0x00, 0xFE, 0xE7, 0x9C, 0x03, 0x0E, 0x70,
  0x18, 0xE0, 0x7F, 0xCE, 0x39, 0x37, 0x03, 0xFF, 0xC3, 0x3F, 0xC7, 0xFF,
  0x00, 0x7F, 0xF0, 0xE7, 0xE0, 0x7F, 0x00, 0x0C, 0xF8, 0x07, 0x07, 0x8E,
  0x03, 0x00, 0x63, 0xE0, 0xC0, 0x71, 0x37, 0x38, 0x70, 0x1C, 0x3A, 0x0E,
  0x1D, 0x87, 0x01, 0x86, 0xE1, 0xE3, 0xE3, 0xC0, 0x71, 0xE0, 0x38, 0x18,
  0x1C, 0x00, 0x0E, 0x00, 0x70, 0x00, 0x00, 0xE7, 0x9C, 0x03, 0x1F, 0x70,
  0x18, 0x00, 0x70, 0xCE, 0x39, 0x37, 0x03, 0x07, 0xCE, 0x71, 0xC7, 0x81,
  0x03, 0xC0, 0x71, 0xE7, 0x00, 0x77, 0xFC, 0x0F, 0x0E, 0x1C, 0xFF, 0x83,
  0x03, 0x00, 0x63, 0xE0, 0xFF, 0x81, 0x0F, 0x00, 0x1F, 0x9C, 0x39, 0xCE,
  0x1C, 0x7F, 0x00, 0x86, 0xE1, 0xBE, 0xE3, 0xFF, 0x71, 0xE0, 0x38, 0x18,
  0x1C, 0x00, 0x0E, 0x00, 0x70, 0x00, 0x00, 0xE7, 0x9C, 0x03, 0x1F, 0x70,
  0x18, 0x00, 0x70, 0xCE, 0x39, 0x37, 0x03, 0x07, 0xCE, 0x71, 0xC7, 0x81,
  0x03, 0xC0, 0x71, 0xE7, 0x00, 0x77, 0xFC, 0x0F, 0x0E, 0x1C, 0xFF, 0x83,
  0x03, 0x00, 0x63, 0xE0, 0xFF, 0x81, 0x0F, 0x00, 0x1F, 0x9C, 0x39, 0xCE,
  0x1C, 0x7F, 0x00, 0x86, 0xE1, 0xBE, 0xE3, 0xFF, 0x71, 0xE0, 0x38, 0x18,
  0x1C, 0x00, 0x18, 0x1C, 0x70, 0x00, 0x00, 0xE7, 0x9C, 0x83, 0x31, 0x70,
  0x18, 0x00, 0x70, 0xCE, 0x39, 0x37, 0x03, 0x07, 0xCE, 0x71, 0xC7, 0x81,
  0x73, 0x60, 0x70, 0xE7, 0x80, 0x73, 0x0E, 0x0C, 0x0E, 0x1C, 0x07, 0x8E,
  0x03, 0x00, 0x63, 0xE0, 0x00, 0x70, 0x37, 0x38, 0x70, 0x5C, 0x38, 0x2E,
  0x1C, 0x87, 0x01, 0x86, 0xE1, 0x9C, 0xE3, 0xC0, 0x71, 0xE0, 0x38, 0x18,
  0x1C, 0x00, 0x18, 0x1C, 0x70, 0x00, 0x00, 0xE7, 0x9C, 0x83, 0x31, 0x70,
  0x18, 0x00, 0x70, 0xCE, 0x39, 0x37, 0x03, 0x07, 0xCE, 0x71, 0xC7, 0x81,
  0x73, 0x60, 0x70, 0xE7, 0x80, 0x73, 0x0E, 0x0C, 0x0E, 0x1C, 0x07, 0x8E,
  0x03, 0x00, 0x63, 0xE0, 0x00, 0x70, 0x37, 0x38, 0x70, 0x5C, 0x38, 0x2E,
  0x1C, 0x87, 0x01, 0x86, 0xE1, 0x9C, 0xE3, 0xC0, 0x71, 0xE0, 0x38, 0x18,
  0x1C, 0x00, 0xF0, 0x07, 0x70, 0x80, 0xFF, 0xC7, 0xFF, 0xE0, 0x60, 0xF0,
  0xFF, 0x00, 0x70, 0xFE, 0x3F, 0xFF, 0x1F, 0xFF, 0xCF, 0x3F, 0xC7, 0xFF,
  0xE3, 0x3F, 0x70, 0x3E, 0xF8, 0x70, 0xFC, 0x3F, 0xF8, 0x07, 0xFF, 0x83,
  0x03, 0xE0, 0xFF, 0x83, 0x7F, 0x70, 0x37, 0xE0, 0x1F, 0x3C, 0x38, 0x1E,
  0x1C, 0x07, 0xCF, 0x87, 0xE1, 0x80, 0xE3, 0xC0, 0xC1, 0x3F, 0x38, 0x18,
  0x1C, 0x00, 0xF0, 0x07, 0x70, 0x80, 0xFF, 0xC7, 0xFF, 0xE0, 0x60, 0xF0,
  0xFF, 0x00, 0x70, 0xFE, 0x3F, 0xFF, 0x1F, 0xFF, 0xCF, 0x3F, 0xC7, 0xFF,
  0xE3, 0x3F, 0x70, 0x3E, 0xF8, 0x70, 0xFC, 0x3F, 0xF8, 0x07, 0xFF, 0x83,
  0x03, 0xE0, 0xFF, 0x83, 0x7F, 0x70, 0x37, 0xE0, 0x1F, 0x3C, 0x38, 0x1E,
  0x1C, 0x07, 0xCF, 0x87, 0xE1, 0x80, 0xE3, 0xC0, 0xC1, 0x3F, 0x38, 0x18,
  0x00, 0x00, 0x00, 0x00, 0x00, 0x00, 0x00, 0x00, 0x1C, 0x00, 0x00, 0x00,
  0xE0, 0x00, 0x00, 0x00, 0x00, 0x00, 0x1C, 0x00, 0x00, 0x00, 0x00, 0x00,
  0x00, 0x00, 0x00, 0x00, 0x00, 0x00, 0x00, 0x00, 0x00, 0x00, 0x00, 0x00,
  0x00, 0xE0, 0x80, 0x03, 0x00, 0x00, 0x00, 0x00, 0x00, 0x00, 0x00, 0x00,
  0x00, 0x00, 0x00, 0x00, 0x00, 0x00, 0x00, 0x00, 0x00, 0x00, 0x00, 0x00,
  0x00, 0x00, 0x00, 0x00, 0x00, 0x00, 0x00, 0x00, 0x1C, 0x00, 0x00, 0x00,
  0xE0, 0x00, 0x00, 0x00, 0x00, 0x00, 0x1C, 0x00, 0x00, 0x00, 0x00, 0x00,
  0x00, 0x00, 0x00, 0x00, 0x00, 0x00, 0x00, 0x00, 0x00, 0x00, 0x00, 0x00,
  0x00, 0xE0, 0x80, 0x03, 0x00, 0x00, 0x00, 0x00, 0x00, 0x00, 0x00, 0x00,
  0x00, 0x00, 0x00, 0x00, 0x00, 0x00, 0x00, 0x00, 0x00, 0x00, 0x00, 0x00,
  0x00, 0x00, 0x00, 0x00, 0x00, 0x00, 0x00, 0x00, 0x00, 0x00, 0x00, 0x00,
  0x00, 0x00, 0x00, 0x00, 0x00, 0x00, 0x00, 0x00, 0x00, 0x00, 0x00, 0x00,
  0x00, 0x00, 0x00, 0x00, 0x00, 0x00, 0x00, 0x00, 0x00, 0x00, 0x00, 0x00,
  0x00, 0x00, 0x00, 0x00, 0x00, 0x00, 0x00, 0x00, 0x00, 0x00, 0x00, 0x00,
  0x00, 0x00, 0x00, 0x00, 0x00, 0x00, 0x00, 0x00, 0x00, 0x00, 0x00, 0x00,
  0x00, 0x00, 0x00, 0x00, 0x00, 0x00, 0x00, 0x00, 0x00, 0x00, 0x00, 0x00,
  0x00, 0x00, 0x00, 0x00, 0x00, 0x00, 0x00, 0x00, 0x00, 0x00, 0x00, 0x00,
  0x00, 0x00, 0x00, 0x00, 0x00, 0x00, 0x00, 0x00, 0x00, 0x00, 0x00, 0x00,
  0x00, 0x00, 0x00, 0x00, 0x00, 0x00, 0x00, 0x00, 0x00, 0x00, 0x00, 0x00,
  0x00, 0x00, 0x00, 0x00, 0x00, 0x00, 0x00, 0x00, 0x00, 0x00, 0x00, 0x00,
  0x00, 0x00, 0x00, 0x00, 0x00, 0x00, 0x00, 0x00, 0x00, 0x00, 0x00, 0x00,
  0x00, 0x00, 0x00, 0x00, 0x00, 0x00, 0x00, 0x00, 0x00, 0x00, 0x00, 0x00,
  0x00, 0x00, 0x00, 0x00, 0x00, 0x00, 0xC0, 0x01, 0x18, 0x06, 0x00, 0x00,
  0xC0, 0x00, 0x00, 0x00, 0x00, 0x00, 0x00, 0x60, 0x0C, 0x00, 0x00, 0x00,
  0x00, 0x00, 0x00, 0x00, 0x00, 0x38, 0x00, 0x0E, 0xC0, 0x30, 0x00, 0x00,
  0x00, 0x00, 0x00, 0x00, 0x00, 0x00, 0x00, 0x00, 0x00, 0x00, 0x00, 0x00,
  0x00, 0x00, 0x00, 0x00, 0x00, 0x00, 0x00, 0x00, 0x00, 0x00, 0x00, 0x00,
  0x00, 0x00, 0x00, 0x00, 0x00, 0x00, 0xC0, 0x01, 0x18, 0x06, 0x00, 0x00,
  0xC0, 0x00, 0x00, 0x00, 0x00, 0x00, 0x00, 0x60, 0x0C, 0x00, 0x00, 0x00,
  0x00, 0x00, 0x00, 0x00, 0x00, 0x38, 0x00, 0x0E, 0xC0, 0x30, 0x00, 0x00,
  0x00, 0x00, 0x00, 0x00, 0x00, 0x00, 0x00, 0x00, 0x00, 0x00, 0x00, 0x00,
  0x00, 0x00, 0x00, 0x00, 0x00, 0x00, 0x00, 0x00, 0x00, 0x00, 0x00, 0x00,
  0x00, 0x00, 0x00, 0x00, 0x00, 0x00, 0x80, 0x03, 0x00, 0x00, 0x07, 0x00,
  0x70, 0x00, 0x00, 0x00, 0x00, 0x00, 0x07, 0x00, 0x00, 0x00, 0x38, 0x00,
  0x00, 0x00, 0x00, 0x06, 0x00, 0x1C, 0x00, 0x1C, 0x80, 0x1F, 0x00, 0x00,
  0x00, 0x00, 0x00, 0x00, 0x00, 0x00, 0x00, 0x00, 0x00, 0x00, 0x00, 0x00,
  0x00, 0x00, 0x00, 0x00, 0x00, 0x00, 0x00, 0x00, 0x00, 0x00, 0x00, 0x00,
  0x00, 0x00, 0x00, 0x00, 0x00, 0x00, 0x80, 0x03, 0x00, 0x00, 0x07, 0x00,
  0x70, 0x00, 0x00, 0x00, 0x00, 0x00, 0x07, 0x00, 0x00, 0x00, 0x38, 0x00,
  0x00, 0x00, 0x00, 0x06, 0x00, 0x1C, 0x00, 0x1C, 0x80, 0x1F, 0x00, 0x00,
  0x00, 0x00, 0x00, 0x00, 0x00, 0x00, 0x00, 0x00, 0x1C, 0x00, 0x00, 0x00,
  0x00, 0x00, 0x00, 0x00, 0x00, 0x00, 0x00, 0x00, 0x00, 0x00, 0x00, 0x00,
  0x00, 0x00, 0x00, 0x00, 0x00, 0x00, 0x00, 0x00, 0x00, 0xC0, 0x1F, 0x00,
  0x00, 0x00, 0x00, 0x00, 0x00, 0x00, 0x00, 0x00, 0x00, 0x00, 0x00, 0x00,
  0x00, 0x00, 0xC0, 0x3F, 0x00, 0x00, 0x00, 0x00, 0x00, 0x00, 0x00, 0x00,
  0x00, 0x00, 0x00, 0x00, 0x00, 0x00, 0x00, 0x00, 0x1C, 0x00, 0x00, 0x00,
  0x00, 0x00, 0x00, 0x00, 0x00, 0x00, 0x00, 0x00, 0x00, 0x00, 0x00, 0x00,
  0x00, 0x00, 0x00, 0x00, 0x00, 0x00, 0x00, 0x00, 0x00, 0xC0, 0x1F, 0x00,
  0x00, 0x00, 0x00, 0x00, 0x00, 0x00, 0x00, 0x00, 0x00, 0x00, 0x00, 0x00,
  0x00, 0x00, 0xC0, 0x3F, 0x00, 0x00, 0x00, 0x00, 0x00, 0x00, 0x00, 0x00,
  0xDC, 0x0F, 0xF8, 0x07, 0xFF, 0x83, 0x03, 0x07, 0x7F, 0x80, 0x31, 0x70,
  0x18, 0x38, 0x70, 0xCE, 0x39, 0x37, 0x83, 0x07, 0x80, 0x03, 0xC7, 0x01,
  0xE0, 0x1F, 0x70, 0x3E, 0xE0, 0x7F, 0xF0, 0x0F, 0xF8, 0x07, 0x07, 0x80,
  0xFF, 0x07, 0xFE, 0x80, 0x7F, 0x80, 0x07, 0xC0, 0x03, 0x00, 0x3E, 0xF8,
  0x81, 0xE3, 0x00, 0x06, 0xC0, 0xC1, 0xE3, 0xE0, 0x71, 0xE0, 0x38, 0x18,
  0xDC, 0x0F, 0xF8, 0x07, 0xFF, 0x83, 0x03, 0x07, 0x7F, 0x80, 0x31, 0x70,
  0x18, 0x38, 0x70, 0xCE, 0x39, 0x37, 0x83, 0x07, 0x80, 0x03, 0xC7, 0x01,
  0xE0, 0x1F, 0x70, 0x3E, 0xE0, 0x7F, 0xF0, 0x0F, 0xF8, 0x07, 0x07, 0x80,
  0xFF, 0x07, 0xFE, 0x80, 0x7F, 0x80, 0x07, 0xC0, 0x03, 0x00, 0x3E, 0xF8,
  0x81, 0xE3, 0x00, 0x06, 0xC0, 0xC1, 0xE3, 0xE0, 0x71, 0xE0, 0x38, 0x18,
  0x3C, 0x38, 0x0E, 0x1C, 0x70, 0x00, 0x86, 0xC1, 0xDD, 0x00, 0x1F, 0x70,
  0x18, 0x38, 0x70, 0xCE, 0x39, 0x37, 0x03, 0x07, 0x80, 0x03, 0xC7, 0x01,
  0x70, 0x60, 0x70, 0xE7, 0x38, 0x70, 0x1C, 0x38, 0x0E, 0x1C, 0xF7, 0x81,
  0x03, 0xC0, 0x81, 0xE3, 0x00, 0x00, 0x07, 0x80, 0x03, 0x00, 0x38, 0xCE,
  0x81, 0xE3, 0x00, 0xF6, 0xC1, 0x61, 0xE0, 0xD0, 0xC1, 0x30, 0x38, 0x18,
  0x1C, 0x38, 0x0E, 0x00, 0x70, 0x00, 0xCC, 0xC0, 0xDD, 0x00, 0x0E, 0x70,
  0x18, 0xE0, 0x7F, 0xCE, 0x39, 0x37, 0x03, 0xFF, 0x83, 0x3F, 0xC7, 0xFF,
  0x00, 0x7E, 0xF0, 0xE7, 0xE0, 0x7F, 0xFC, 0x3F, 0xFE, 0x1F, 0x0F, 0x83,
  0x03, 0xC0, 0x1F, 0x80, 0x7F, 0x00, 0x07, 0x80, 0x03, 0x00, 0x38, 0xCE,
  0x9F, 0xFF, 0x0F, 0x0E, 0xC7, 0x1F, 0xE0, 0xCC, 0x81, 0x19, 0x38, 0x18,
  0x1C, 0x38, 0x0E, 0x00, 0x70, 0x00, 0xCC, 0xC0, 0xDD, 0x00, 0x0E, 0x70,
  0x18, 0xE0, 0x7F, 0xCE, 0x39, 0x37, 0x03, 0xFF, 0x83, 0x3F, 0xC7, 0xFF,
  0x00, 0x7E, 0xF0, 0xE7, 0xE0, 0x7F, 0xFC, 0x3F, 0xFE, 0x1F, 0x0F, 0x83,
  0x03, 0xC0, 0x1F, 0x80, 0x7F, 0x00, 0x07, 0x80, 0x03, 0x00, 0x38, 0xCE,
  0x9F, 0xFF, 0x0F, 0x0E, 0xC7, 0x1F, 0xE0, 0xCC, 0x81, 0x19, 0x38, 0x18,
  0x3C, 0x38, 0x0E, 0x00, 0x70, 0x00, 0x78, 0xC0, 0xDD, 0x00, 0x1F, 0x70,
  0x18, 0x00, 0x70, 0xCE, 0x39, 0x37, 0x03, 0x07, 0x8E, 0x73, 0xC7, 0x81,
  0x73, 0x60, 0x70, 0xE7, 0x00, 0x77, 0x1C, 0x00, 0x0E, 0x00, 0x07, 0x83,
  0x03, 0xC0, 0x81, 0x03, 0xC0, 0x01, 0x07, 0x80, 0x03, 0x00, 0x38, 0xCE,
  0xB9, 0xE3, 0x1C, 0x06, 0xC7, 0x61, 0xE0, 0xC2, 0x01, 0x0F, 0x38, 0x18,
  0x3C, 0x38, 0x0E, 0x00, 0x70, 0x00, 0x78, 0xC0, 0xDD, 0x00, 0x1F, 0x70,
  0x18, 0x00, 0x70, 0xCE, 0x39, 0x37, 0x03, 0x07, 0x8E, 0x73, 0xC7, 0x81,
  0x73, 0x60, 0x70, 0xE7, 0x00, 0x77, 0x1C, 0x00, 0x0E, 0x00, 0x07, 0x83,
  0x03, 0xC0, 0x81, 0x03, 0xC0, 0x01, 0x07, 0x80, 0x03, 0x00, 0x38, 0xCE,
  0xB9, 0xE3, 0x1C, 0x06, 0xC7, 0x61, 0xE0, 0xC2, 0x01, 0x0F, 0x38, 0x18,
  0xDC, 0x0F, 0xF8, 0x1F, 0x70, 0x00, 0x38, 0x00, 0x7F, 0x80, 0x31, 0xF0,
  0xFF, 0x00, 0x70, 0xFE, 0x3F, 0xFF, 0x1F, 0xFF, 0x83, 0x3F, 0xC7, 0xFF,
  0xE0, 0x1F, 0x70, 0x3E, 0xE0, 0x70, 0xF0, 0x0F, 0xF8, 0x07, 0x87, 0x81,
  0x03, 0x00, 0xFE, 0x80, 0x7F, 0xC0, 0x1F, 0xE0, 0x0F, 0x1C, 0x38, 0xCF,
  0x9F, 0xE3, 0x0F, 0x06, 0xC7, 0xC1, 0xE3, 0xC1, 0x01, 0x07, 0xF8, 0x1F,
  0xDC, 0x0F, 0xF8, 0x1F, 0x70, 0x00, 0x38, 0x00, 0x7F, 0x80, 0x31, 0xF0,
  0xFF, 0x00, 0x70, 0xFE, 0x3F, 0xFF, 0x1F, 0xFF, 0x83, 0x3F, 0xC7, 0xFF,
  0xE0, 0x1F, 0x70, 0x3E, 0xE0, 0x70, 0xF0, 0x0F, 0xF8, 0x07, 0x87, 0x81,
  0x03, 0x00, 0xFE, 0x80, 0x7F, 0xC0, 0x1F, 0xE0, 0x0F, 0x1C, 0x38, 0xCF,
  0x9F, 0xE3, 0x0F, 0x06, 0xC7, 0xC1, 0xE3, 0xC1, 0x01, 0x07, 0xF8, 0x1F,
  0x1C, 0x00, 0x00, 0x00, 0x00, 0x00, 0x0E, 0x00, 0x1C, 0x00, 0x00, 0x00,
  0xE0, 0x00, 0x00, 0x00, 0x00, 0x00, 0x1C, 0x00, 0x00, 0x00, 0x00, 0x00,
  0x00, 0x00, 0x00, 0x00, 0x00, 0x00, 0x00, 0x00, 0x00, 0x00, 0x80, 0x01,
  0x00, 0x00, 0x00, 0x00, 0x00, 0x00, 0x00, 0x00, 0x00, 0xF0, 0x0F, 0x00,
  0x00, 0x00, 0x00, 0x00, 0x00, 0x00, 0x00, 0x00, 0xC0, 0x01, 0x80, 0x03,
  0x1C, 0x00, 0x00, 0x00, 0x00, 0x00, 0x0E, 0x00, 0x1C, 0x00, 0x00, 0x00,
  0xE0, 0x00, 0x00, 0x00, 0x00, 0x00, 0x1C, 0x00, 0x00, 0x00, 0x00, 0x00,
  0x00, 0x00, 0x00, 0x00, 0x00, 0x00, 0x00, 0x00, 0x00, 0x00, 0x80, 0x01,
  0x00, 0x00, 0x00, 0x00, 0x00, 0x00, 0x00, 0x00, 0x00, 0xF0, 0x0F, 0x00,
  0x00, 0x00, 0x00, 0x00, 0x00, 0x00, 0x00, 0x00, 0xC0, 0x01, 0x80, 0x03,
  0x1C, 0x00, 0x00, 0x00, 0x00, 0x00, 0x00, 0x00, 0x00, 0x00, 0x00, 0x00,
  0x00, 0x00, 0x00, 0x00, 0x00, 0x00, 0x00, 0x00, 0x00, 0x00, 0x00, 0x00,
  0x00, 0x00, 0x00, 0x00, 0x00, 0x00, 0x00, 0x00, 0x00, 0x00, 0x00, 0x00,
  0x00, 0x00, 0x00, 0x00, 0x00, 0x00, 0x00, 0x00, 0x00, 0x00, 0x00, 0x00,
  0x00, 0x00, 0x00, 0x00, 0x00, 0x00, 0x00, 0x00, 0x00, 0x00, 0x00, 0x00,
  0x1C, 0x00, 0x00, 0x00, 0x00, 0x00, 0x00, 0x00, 0x00, 0x00, 0x00, 0x00,
  0x00, 0x00, 0x00, 0x00, 0x00, 0x00, 0x00, 0x00, 0x00, 0x00, 0x00, 0x00,
  0x00, 0x00, 0x00, 0x00, 0x00, 0x00, 0x00, 0x00, 0x00, 0x00, 0x00, 0x00,
  0x00, 0x00, 0x00, 0x00, 0x00, 0x00, 0x00, 0x00, 0x00, 0x00, 0x00, 0x00,
  0x00, 0x00, 0x00, 0x00, 0x00, 0x00, 0x00, 0x00, 0x00, 0x00, 0x00, 0x00,
  0x00, 0x00, 0x00, 0x00, 0x00, 0x00, 0x00, 0x00, 0x00, 0x00, 0x00, 0x00,
  0x00, 0x00, 0x00, 0x00, 0x00, 0x00, 0x00, 0x00, 0x00, 0x00, 0xE0, 0x00,
  0x00, 0x00, 0x00, 0x00, 0x00, 0x00, 0x00, 0x00, 0x00, 0x00, 0x00, 0x00,
  0x00, 0x00, 0x00, 0x00, 0x00, 0x00, 0x00, 0x00, 0x00, 0x00, 0x00, 0x00,
  0x00, 0x00, 0x00, 0x00, 0x00, 0x00, 0x00, 0x00, 0x00, 0x00, 0x00, 0x00,
  0x00, 0x00, 0x00, 0x00, 0x00, 0x00, 0x00, 0x00, 0x00, 0x00, 0x00, 0x00,
  0x00, 0x00, 0x00, 0x00, 0x00, 0x00, 0x00, 0x00, 0x00, 0x00, 0xE0, 0x00,
  0x00, 0x00, 0x00, 0x00, 0x00, 0x00, 0x00, 0x00, 0x00, 0x00, 0x00, 0x00,
  0x00, 0x00, 0x00, 0x00, 0x00, 0x00, 0x00, 0x00, 0x00, 0x00, 0x00, 0x00,
  0x00, 0x00, 0x00, 0x00, 0x00, 0x00, 0x00, 0x00, 0x00, 0x00, 0x00, 0x00,
  0x1C, 0x0E, 0x00, 0x00, 0xFC, 0xC1, 0xFF, 0xE7, 0xFF, 0x00, 0x1F, 0x80,
  0x1F, 0xFC, 0x1F, 0x0E, 0x0E, 0xF0, 0x01, 0xFF, 0xC3, 0xFF, 0xE1, 0xFF,
  0xF0, 0x7F, 0xB8, 0x0F, 0x00, 0x1C, 0xC0, 0x07, 0xFF, 0x03, 0x8F, 0xC3,
  0xFF, 0xE1, 0xFF, 0xF0, 0x70, 0x70, 0x38, 0xFC, 0x1F, 0xFE, 0x0F, 0xE7,
  0x1C, 0xFF, 0x0F, 0x00, 0x00, 0x00, 0x00, 0x00, 0x00, 0x00, 0x00, 0x00,
  0x1C, 0x0E, 0x00, 0x00, 0xFC, 0xC1, 0xFF, 0xE7, 0xFF, 0x00, 0x1F, 0x80,
  0x1F, 0xFC, 0x1F, 0x0E, 0x0E, 0xF0, 0x01, 0xFF, 0xC3, 0xFF, 0xE1, 0xFF,
  0xF0, 0x7F, 0xB8, 0x0F, 0x00, 0x1C, 0xC0, 0x07, 0xFF, 0x03, 0x8F, 0xC3,
  0xFF, 0xE1, 0xFF, 0xF0, 0x70, 0x70, 0x38, 0xFC, 0x1F, 0xFE, 0x0F, 0xE7,
  0x1C, 0xFF, 0x0F, 0x00, 0x00, 0x00, 0x00, 0x00, 0x00, 0x00, 0x00, 0x00,
  0x30, 0x0C, 0xFF, 0x03, 0x80, 0x01, 0xC0, 0x00, 0xC0, 0x00, 0x1C, 0x00,
  0x07, 0x1C, 0x18, 0x8E, 0x0F, 0xC0, 0x01, 0x00, 0x03, 0x80, 0x01, 0xC0,
  0x70, 0x60, 0xF0, 0x18, 0x00, 0x18, 0x00, 0x06, 0x0E, 0x06, 0x0C, 0xC3,
  0x81, 0xE1, 0xC0, 0xE0, 0x60, 0xC0, 0x30, 0x00, 0x18, 0x00, 0x0C, 0xE7,
  0x1C, 0x0C, 0x0E, 0x00, 0x00, 0x00, 0x00, 0x00, 0x00, 0x00, 0x00, 0x00,
  0x30, 0x0C, 0xFF, 0x03, 0x80, 0x01, 0xC0, 0x00, 0xC0, 0x00, 0x1C, 0x00,
  0x07, 0x1C, 0x18, 0x8E, 0x0F, 0xC0, 0x01, 0x00, 0x03, 0x80, 0x01, 0xC0,
  0x70, 0x60, 0xF0, 0x18, 0x00, 0x18, 0x00, 0x06, 0x0E, 0x06, 0x0C, 0xC3,
  0x81, 0xE1, 0xC0, 0xE0, 0x60, 0xC0, 0x30, 0x00, 0x18, 0x00, 0x0C, 0xE7,
  0x1C, 0x0C, 0x0E, 0x00, 0x00, 0x00, 0x00, 0x00, 0x00, 0x00, 0x00, 0x00,
  0x70, 0x0C, 0x00, 0x03, 0x80, 0x01, 0xC0, 0x00, 0xC0, 0x00, 0x1C, 0x00,
  0x07, 0x1C, 0x18, 0x0E, 0x0C, 0xC0, 0x01, 0x00, 0x03, 0x80, 0x01, 0xC0,
  0x70, 0x60, 0x78, 0x30, 0x00, 0x18, 0x00, 0x06, 0x07, 0x06, 0x0C, 0xC3,
  0x81, 0xE1, 0xC0, 0x80, 0x61, 0x80, 0x31, 0x38, 0x18, 0x00, 0x0C, 0xE7,
  0x1C, 0x0C, 0x0E, 0x00, 0x00, 0x00, 0x00, 0x00, 0x00, 0x00, 0x00, 0x00,
  0x70, 0x0C, 0x00, 0x03, 0x80, 0x01, 0xC0, 0x00, 0xC0, 0x00, 0x1C, 0x00,
  0x07, 0x1C, 0x18, 0x0E, 0x0C, 0xC0, 0x01, 0x00, 0x03, 0x80, 0x01, 0xC0,
  0x70, 0x60, 0x78, 0x30, 0x00, 0x18, 0x00, 0x06, 0x07, 0x06, 0x0C, 0xC3,
  0x81, 0xE1, 0xC0, 0x80, 0x61, 0x80, 0x31, 0x38, 0x18, 0x00, 0x0C, 0xE7,
  0x1C, 0x0C, 0x0E, 0x00, 0x00, 0x00, 0x00, 0x00, 0x00, 0x00, 0x00, 0x00,
  0xDC, 0x0D, 0x00, 0x03, 0xF0, 0x01, 0xC0, 0xE0, 0xC0, 0x00, 0x1C, 0x00,
  0x07, 0x1C, 0x18, 0x0E, 0x0C, 0xC0, 0x01, 0x00, 0x03, 0x80, 0x01, 0xC0,
  0x70, 0x60, 0x38, 0x30, 0x00, 0x18, 0x00, 0x06, 0x07, 0x06, 0x0C, 0xC3,
  0x87, 0xE1, 0xC3, 0x80, 0x71, 0x00, 0x1F, 0x38, 0x18, 0x00, 0x0C, 0xE7,
  0x1C, 0x0C, 0x0E, 0x00, 0x00, 0x00, 0x00, 0x00, 0x00, 0x00, 0x00, 0x00,
  0x9C, 0x07, 0x00, 0x03, 0x98, 0x01, 0xC0, 0xE0, 0xC0, 0x00, 0x1C, 0x00,
  0x07, 0x1C, 0x18, 0x0E, 0x0C, 0x00, 0x00, 0x00, 0x03, 0x80, 0x01, 0xC0,
  0x70, 0x60, 0x38, 0x30, 0x00, 0x18, 0x00, 0x06, 0x07, 0x06, 0x0C, 0x03,
  0x80, 0x01, 0xC0, 0x80, 0x3F, 0x00, 0x0E, 0x38, 0x18, 0x00, 0x0C, 0xE7,
  0x1C, 0x0C, 0x0E, 0x00, 0x00, 0x00, 0x00, 0x00, 0x00, 0x00, 0x00, 0x00,
  0x9C, 0x07, 0x00, 0x03, 0x98, 0x01, 0xC0, 0xE0, 0xC0, 0x00, 0x1C, 0x00,
  0x07, 0x1C, 0x18, 0x0E, 0x0C, 0x00, 0x00, 0x00, 0x03, 0x80, 0x01, 0xC0,
  0x70, 0x60, 0x38, 0x30, 0x00, 0x18, 0x00, 0x06, 0x07, 0x06, 0x0C, 0x03,
  0x80, 0x01, 0xC0, 0x80, 0x3F, 0x00, 0x0E, 0x38, 0x18, 0x00, 0x0C, 0xE7,
  0x1C, 0x0C, 0x0E, 0x00, 0x00, 0x00, 0x00, 0x00, 0x00, 0x00, 0x00, 0x00,
  0x1C, 0x06, 0x00, 0x03, 0x8C, 0x01, 0xC0, 0xE0, 0xC0, 0x00, 0x1C, 0x00,
  0x07, 0x1C, 0x18, 0x0E, 0x0C, 0x00, 0x00, 0x00, 0x03, 0x80, 0x01, 0x60,
  0x70, 0x60, 0x38, 0x30, 0x00, 0x18, 0x00, 0x06, 0x0E, 0x03, 0x8C, 0x01,
  0x80, 0x01, 0xC0, 0x80, 0x01, 0x00, 0x18, 0x38, 0x0C, 0x00, 0x0C, 0xE7,
  0x1C, 0x0C, 0x0E, 0x00, 0x00, 0x00, 0x00, 0x00, 0x00, 0x00, 0x00, 0x00,
  0x1C, 0x06, 0x00, 0x03, 0x8C, 0x01, 0xC0, 0xE0, 0xC0, 0x00, 0x1C, 0x00,
  0x07, 0x1C, 0x18, 0x0E, 0x0C, 0x00, 0x00, 0x00, 0x03, 0x80, 0x01, 0x60,
  0x70, 0x60, 0x38, 0x30, 0x00, 0x18, 0x00, 0x06, 0x0E, 0x03, 0x8C, 0x01,
  0x80, 0x01, 0xC0, 0x80, 0x01, 0x00, 0x18, 0x38, 0x0C, 0x00, 0x0C, 0xE7,
  0x1C, 0x0C, 0x0E, 0x00, 0x00, 0x00, 0x00, 0x00, 0x00, 0x00, 0x00, 0x00,
  0x1C, 0x0C, 0xFF, 0x1F, 0x8C, 0x01, 0xC0, 0xE0, 0xC0, 0x00, 0x1C, 0x00,
  0x07, 0x1C, 0x18, 0xFE, 0x0F, 0x00, 0x00, 0x00, 0xC3, 0xFF, 0x00, 0x3C,
  0xF0, 0x7F, 0x38, 0x3F, 0x00, 0x18, 0xE0, 0x07, 0xF8, 0x81, 0xFF, 0x00,
  0x80, 0xE1, 0xFF, 0x80, 0x01, 0xF0, 0x3F, 0xB8, 0x07, 0x00, 0x0C, 0xFE,
  0x87, 0x0F, 0x0E, 0x00, 0x00, 0x00, 0x00, 0x00, 0x00, 0x00, 0x00, 0x00,
  0x1C, 0x0C, 0xFF, 0x1F, 0x8C, 0x01, 0xC0, 0xE0, 0xC0, 0x00, 0x1C, 0x00,
  0x07, 0x1C, 0x18, 0xFE, 0x0F, 0x00, 0x00, 0x00, 0xC3, 0xFF, 0x00, 0x3C,
  0xF0, 0x7F, 0x38, 0x3F, 0x00, 0x18, 0xE0, 0x07, 0xF8, 0x81, 0xFF, 0x00,
  0x80, 0xE1, 0xFF, 0x80, 0x01, 0xF0, 0x3F, 0xB8, 0x07, 0x00, 0x0C, 0xFE,
  0x87, 0x0F, 0x0E, 0x00, 0x00, 0x00, 0x00, 0x00, 0x00, 0x00, 0x00, 0x00,
  0x00, 0x00, 0x00, 0x00, 0x00, 0x00, 0x00, 0x00, 0x00, 0x00, 0x00, 0x00,
  0x00, 0x00, 0x00, 0x00, 0x00, 0x00, 0x00, 0x00, 0x03, 0x00, 0x00, 0x00,
  0x00, 0x00, 0x00, 0x00, 0x00, 0x18, 0x00, 0x00, 0x00, 0x00, 0x00, 0x00,
  0x80, 0x01, 0x00, 0x80, 0x01, 0x00, 0x00, 0x38, 0x00, 0x00, 0x00, 0x00,
  0x00, 0x00, 0x00, 0x00, 0x00, 0x00, 0x00, 0x00, 0x00, 0x00, 0x00, 0x00,
  0x00, 0x00, 0x00, 0x00, 0x00, 0x00, 0x00, 0x00, 0x00, 0x00, 0x00, 0x00,
  0x00, 0x00, 0x00, 0x00, 0x00, 0x00, 0x00, 0x00, 0x03, 0x00, 0x00, 0x00,
  0x00, 0x00, 0x00, 0x00, 0x00, 0x18, 0x00, 0x00, 0x00, 0x00, 0x00, 0x00,
  0x80, 0x01, 0x00, 0x80, 0x01, 0x00, 0x00, 0x38, 0x00, 0x00, 0x00, 0x00,
  0x00, 0x00, 0x00, 0x00, 0x00, 0x00, 0x00, 0x00, 0x00, 0x00, 0x00, 0x00,
  0x00, 0x00, 0x00, 0x00, 0x00, 0x00, 0x00, 0x00, 0x00, 0x00, 0x00, 0x00,
  0x00, 0x00, 0x00, 0x00, 0x00, 0x00, 0x00, 0x00, 0x03, 0x00, 0x00, 0x00,
  0x00, 0x00, 0x00, 0x00, 0x00, 0x18, 0x00, 0x00, 0x00, 0x00, 0x00, 0x00,
  0x80, 0x01, 0x00, 0x80, 0x01, 0x00, 0x00, 0x38, 0x00, 0x00, 0x00, 0x00,
  0x00, 0x00, 0x00, 0x00, 0x00, 0x00, 0x00, 0x00, 0x00, 0x00, 0x00, 0x00,
  0x00, 0x00, 0x00, 0x00, 0x00, 0x00, 0x00, 0x00, 0x00, 0x00, 0x00, 0x00,
  0x00, 0x00, 0x00, 0x00, 0x00, 0x00, 0x00, 0x00, 0x03, 0x00, 0x00, 0x00,
  0x00, 0x00, 0x00, 0x00, 0x00, 0x18, 0x00, 0x00, 0x00, 0x00, 0x00, 0x00,
  0x80, 0x01, 0x00, 0x80, 0x01, 0x00, 0x00, 0x38, 0x00, 0x00, 0x00, 0x00,
  0x00, 0x00, 0x00, 0x00, 0x00, 0x00, 0x00, 0x00, 0x00, 0x00, 0x00, 0x00,
  0x00, 0x00, 0x00, 0x00, 0x00, 0x00, 0x00, 0x00, 0x00, 0x00, 0x00, 0x00,
  0x00, 0x00, 0x00, 0x00, 0x00, 0x00, 0x00, 0x00, 0x00, 0x00, 0x00, 0x00,
  0x00, 0x00, 0x00, 0x00, 0x00, 0x00, 0x00, 0x00, 0x00, 0x00, 0x00, 0x00,
  0x00, 0x00, 0x00, 0x00, 0x00, 0x00, 0x00, 0x00, 0x00, 0x00, 0x00, 0x00,
  0x00, 0x00, 0x00, 0x00, 0x00, 0x00, 0x00, 0x00, 0x00, 0x00, 0x00, 0x00,
  0x00, 0x00, 0x00, 0x00, 0x00, 0x00, 0x00, 0x00, 0x00, 0x00, 0x00, 0x00,
  0x00, 0x00, 0x00, 0x00, 0x00, 0x00, 0x00, 0x00, 0x00, 0x00, 0x00, 0x00,
  0x00, 0x00, 0x00, 0x00, 0x00, 0x00, 0x00, 0x00, 0x00, 0x00, 0x00, 0x00,
  0x00, 0x00, 0x00, 0x00, 0x00, 0x00, 0x00, 0x00, 0x00, 0x00, 0x00, 0x00,
  0x00, 0x00, 0x00, 0x00, 0x00, 0x00, 0x00, 0x00, 0x00, 0x00, 0x00, 0x00,
  0x00, 0x00, 0x00, 0x00, 0x00, 0x00, 0x00, 0x00, 0x00, 0x00, 0x00, 0x00,
  0x00, 0x00, 0x00, 0x00, 0x00, 0x00, 0x00, 0x00, 0x00, 0x00, 0x00, 0x00,
  0x00, 0x00, 0x00, 0x00, 0x00, 0x00, 0x00, 0x00, 0x00, 0x00, 0x00, 0x00,
  0x00, 0x00, 0x00, 0x00, 0x00, 0x00, 0x00, 0x00, 0x00, 0x00, 0x00, 0x00,
  0x00, 0x00, 0x00, 0x00, 0x00, 0x00, 0x00, 0x00, 0x00, 0x00, 0xE0, 0x0F,
  0x00, 0x00, 0x00, 0x00, 0x00, 0x00, 0x00, 0x00, 0x00, 0x00, 0x00, 0x00,
  0x00, 0x00, 0x00, 0x00, 0x00, 0x00, 0x00, 0x00, 0x00, 0x00, 0x00, 0x00,
  0x00, 0x00, 0x00, 0x00, 0x00, 0x00, 0x00, 0x00, 0x00, 0x00, 0x00, 0x00,
  0x00, 0x00, 0x00, 0x00, 0x00, 0x00, 0x00, 0x00, 0x00, 0x00, 0x00, 0x00,
  0x00, 0x00, 0x00, 0x00, 0x00, 0x00, 0x00, 0x00, 0x00, 0x00, 0xE0, 0x0F,
  0x00, 0x00, 0x00, 0x00, 0x00, 0x00, 0x00, 0x00, 0x00, 0x00, 0x00, 0x00,
  0x00, 0x00, 0x00, 0x00, 0x00, 0x00, 0x00, 0x00, 0x00, 0x00, 0x00, 0x00,
  0x00, 0x00, 0x00, 0x00, 0x00, 0x00, 0x00, 0x00, 0x00, 0x00, 0x00, 0x00,
  0x00, 0x00, 0x00, 0x00, 0x00, 0x00, 0x00, 0x00, 0x00, 0x00, 0x00, 0x00,
  0x00, 0x00, 0x00, 0x70, 0x00, 0x00, 0x00, 0x00, 0x00, 0x00, 0x38, 0x18,
  0x00, 0x00, 0x00, 0x00, 0x00, 0x00, 0x00, 0x00, 0x00, 0x00, 0x00, 0x00,
  0x00, 0x00, 0x00, 0x00, 0x00, 0x00, 0x00, 0x00, 0x00, 0x00, 0x00, 0x00,
  0x00, 0x00, 0x00, 0x00, 0x00, 0x00, 0x00, 0x00, 0x00, 0x00, 0x00, 0x00,
  0x00, 0x00, 0x00, 0x00, 0x00, 0x00, 0x00, 0x00, 0x00, 0x00, 0x00, 0x00,
  0x00, 0x00, 0x00, 0x70, 0x00, 0x00, 0x00, 0x00, 0x00, 0x00, 0x38, 0x18,
  0x00, 0x00, 0x00, 0x00, 0x00, 0x00, 0x00, 0x00, 0x00, 0x00, 0x00, 0x00,
  0x00, 0x00, 0x00, 0x00, 0x00, 0x00, 0x00, 0x00, 0x00, 0x00, 0x00, 0x00,
  0x00, 0x00, 0x00, 0x00, 0x00, 0x00, 0x00, 0x00, 0x00, 0x00, 0x00, 0x00,
  0x00, 0x00, 0x00, 0x00, 0x00, 0x00, 0x00, 0x00, 0x00, 0x00, 0x00, 0x00,
  0x00, 0x00, 0x00, 0x38, 0x00, 0x00, 0x00, 0x00, 0x00, 0x00, 0x38, 0x00,
  0x00, 0x00, 0x00, 0x00, 0x00, 0x00, 0x00, 0x00, 0x00, 0x00, 0x00, 0x00,
  0x00, 0x00, 0x00, 0x00, 0x00, 0x00, 0x00, 0x00, 0x00, 0x00, 0x00, 0x00,
  0x00, 0x00, 0x00, 0x00, 0x00, 0x00, 0x00, 0x00, 0x00, 0x00, 0x00, 0x00,
  0x00, 0x00, 0x00, 0x00, 0x00, 0x00, 0x00, 0x00, 0x00, 0x00, 0x00, 0x00,
  0x00, 0x00, 0x00, 0x38, 0x00, 0x00, 0x00, 0x00, 0x00, 0x00, 0x38, 0x00,
  0x00, 0x00, 0x00, 0x00, 0x00, 0x00, 0x00, 0x00, 0x00, 0x00, 0x00, 0x00,
  0x00, 0x00, 0x7C, 0x00, 0x00, 0x00, 0x00, 0x00, 0x00, 0x00, 0x00, 0x00,
  0x00, 0x00, 0x00, 0x00, 0x00, 0x00, 0x00, 0x00, 0x00, 0x00, 0x00, 0x00,
  0x00, 0x00, 0x00, 0x00, 0x00, 0x00, 0x00, 0x00, 0x00, 0x00, 0x00, 0x00,
  0x00, 0x00, 0x00, 0x38, 0x00, 0x00, 0x00, 0x00, 0x00, 0x00, 0x60, 0x00,
  0x00, 0x00, 0x00, 0x00, 0x00, 0x00, 0x00, 0x00, 0x00, 0x00, 0x00, 0x00,
  0x00, 0x07, 0xE7, 0x00, 0x00, 0x00, 0x00, 0x00, 0x00, 0x00, 0x00, 0x00,
  0x00, 0x00, 0x00, 0x00, 0x00, 0x00, 0x00, 0x00, 0x00, 0x00, 0x00, 0x00,
  0x00, 0x00, 0x00, 0x00, 0x00, 0x00, 0x00, 0x00, 0x00, 0x00, 0x00, 0x00,
  0x00, 0x00, 0x00, 0x00, 0x00, 0x00, 0x00, 0x00, 0x00, 0x00, 0x80, 0x03,
  0x00, 0x00, 0x00, 0x00, 0x00, 0x00, 0x00, 0x00, 0x00, 0x00, 0x00, 0x00,
  0x00, 0x07, 0xE7, 0x00, 0x00, 0x00, 0x00, 0x00, 0x00, 0x00, 0x00, 0x00,
  0x00, 0x00, 0x00, 0x00, 0x00, 0x00, 0x00, 0x00, 0x00, 0x00, 0x00, 0x00,
  0x00, 0x00, 0x00, 0x00, 0x00, 0x00, 0x00, 0x00, 0x00, 0x00, 0x00, 0x00,
  0x00, 0x00, 0x00, 0x00, 0x00, 0x00, 0x00, 0x00, 0x00, 0x00, 0x80, 0x03,
  0x00, 0x00, 0x00, 0x00, 0x00, 0x00, 0x00, 0x00, 0x00, 0x00, 0x00, 0xC0,
  0x00, 0x07, 0x8C, 0x00, 0x00, 0x00, 0x00, 0x00, 0x00, 0x00, 0x00, 0x00,
  0x00, 0x00, 0x00, 0x00, 0x00, 0x00, 0x00, 0x00, 0x00, 0x00, 0x00, 0x00,
  0x00, 0x00, 0x00, 0x00, 0x00, 0x00, 0x00, 0x00, 0x00, 0x00, 0x00, 0x00,
  0x00, 0x00, 0x00, 0x38, 0x00, 0x00, 0x00, 0x00, 0x00, 0x00, 0x00, 0x00,
  0x00, 0x00, 0x00, 0x00, 0x00, 0x00, 0x00, 0x00, 0x00, 0x00, 0x00, 0xC0,
  0x00, 0x07, 0x8C, 0x00, 0x00, 0x00, 0x00, 0x00, 0x00, 0x00, 0x00, 0x00,
  0x00, 0x00, 0x00, 0x00, 0x00, 0x00, 0x00, 0x00, 0x00, 0x00, 0x00, 0x00,
  0x00, 0x00, 0x00, 0x00, 0x00, 0x00, 0x00, 0x00, 0x00, 0x00, 0x00, 0x00,
  0x00, 0x00, 0x00, 0x38, 0x00, 0x00, 0x00, 0x00, 0x00, 0x00, 0x00, 0x00,
  0x00, 0x00, 0x00, 0x00, 0x00, 0x00, 0x00, 0x00, 0x00, 0x00, 0x00, 0xF8,
  0xC0, 0xFD, 0x07, 0x00, 0x00, 0x00, 0x00, 0x00, 0x00, 0x00, 0x00, 0x06,
  0x00, 0x00, 0x00, 0x00, 0x00, 0x00, 0x00, 0x00, 0x00, 0x00, 0x00, 0x00,
  0x00, 0x00, 0x00, 0x00, 0x00, 0x00, 0x00, 0x00, 0x00, 0x00, 0x00, 0x00,
  0x00, 0x00, 0x00, 0x38, 0x00, 0x00, 0x00, 0x00, 0x00, 0x00, 0x80, 0x03,
  0x00, 0x00, 0x00, 0x00, 0x00, 0x00, 0x00, 0x00, 0x00, 0x00, 0x00, 0xF8,
  0xC0, 0xFD, 0x07, 0x00, 0x00, 0x00, 0x00, 0x00, 0x00, 0x00, 0x00, 0x06,
  0x00, 0x00, 0x00, 0x00, 0x00, 0x00, 0x00, 0x00, 0x00, 0x00, 0x00, 0x00,
  0x00, 0x00, 0x00, 0x00, 0x00, 0x00, 0x00, 0x00, 0x00, 0x00, 0x00, 0x00,
  0x00, 0x00, 0x00, 0x38, 0x00, 0x00, 0x00, 0x00, 0x00, 0x00, 0x80, 0x03,
  0x00, 0x00, 0x00, 0x00, 0x00, 0x00, 0x00, 0x00, 0x00, 0x00, 0x00, 0xF8,
  0xC0, 0x01, 0x00, 0x00, 0x00, 0x00, 0x00, 0x00, 0x00, 0x00, 0x00, 0x03,
  0x00, 0x00, 0x00, 0x00, 0x00, 0x00, 0x00, 0x00, 0x00, 0x00, 0x00, 0x00,
  0x00, 0x00, 0x00, 0x00, 0x00, 0x00, 0x00, 0x00, 0x00, 0x00, 0x00, 0x00,
  0x00, 0x00, 0x00, 0x00, 0x00, 0x00, 0x00, 0x00, 0x00, 0x00, 0x00, 0x00,
  0x00, 0x00, 0x00, 0x00, 0x00, 0x00, 0x00, 0x00, 0x00, 0x00, 0x00, 0xF8,
  0xC0, 0x01, 0x00, 0x00, 0x00, 0x00, 0x00, 0x00, 0x00, 0x00, 0x00, 0x03,
  0x00, 0x00, 0x00, 0x00, 0x00, 0x00, 0x00, 0x00, 0x00, 0x00, 0x00, 0x00,
  0x00, 0x00, 0x00, 0x00, 0x00, 0x00, 0x00, 0x00, 0x00, 0x00, 0x00, 0x00,
  0x00, 0x00, 0x00, 0x00, 0x00, 0x00, 0x00, 0x00, 0x00, 0x00, 0x00, 0x00,
  0x00, 0x00, 0x00, 0x00, 0x00, 0x00, 0x00, 0x00, 0x00, 0x00, 0x00, 0xC0,
  0x3F, 0x38, 0x07, 0x00, 0x00, 0x00, 0x00, 0x00, 0x00, 0x00, 0xC0, 0x01,
  0x00, 0x00, 0x00, 0x00, 0x00, 0x00, 0x00, 0x00, 0x00, 0x00, 0x00, 0x00,
  0x00, 0x00, 0x00, 0x00, 0x00, 0x00, 0x00, 0x00, 0x00, 0x00, 0x00, 0x00,
  0x00, 0x00, 0x00, 0x00, 0x00, 0x00, 0x00, 0x00, 0x00, 0x00, 0x00, 0x00,
  0x00, 0x00, 0x00, 0x00, 0x00, 0x00, 0x00, 0x00, 0x00, 0x00, 0x00, 0xC0,
  0x3F, 0x38, 0x07, 0x00, 0x00, 0x00, 0x00, 0x00, 0x00, 0x00, 0xC0, 0x01,
  0x00, 0x00, 0x00, 0x00, 0x00, 0x00, 0x00, 0x00, 0x00, 0x00, 0x00, 0x00,
  0x00, 0x00, 0x00, 0x00, 0x00, 0x00, 0x00, 0x00, 0x00, 0x00, 0x00, 0x00,
  0x00, 0x00, 0x00, 0x00, 0x00, 0x00, 0x00, 0x00, 0x00, 0x00, 0x00, 0x00,
  0x00, 0x00, 0x00, 0x00, 0x00, 0x00, 0x00, 0x00, 0x00, 0x00, 0x00, 0x00,
  0x00, 0x00, 0x00, 0x00, 0x00, 0x00, 0x00, 0x00, 0x00, 0x00, 0x00, 0x00,
  0x00, 0x00, 0x00, 0x00, 0x00, 0x00, 0x00, 0x00, 0x00, 0x00, 0x00, 0x00,
  0x00, 0x00, 0x00, 0x00, 0x00, 0x00, 0x00, 0x00, 0x00, 0x00, 0x00, 0x00,
  0x00, 0x00, 0x00, 0x00, 0x00, 0x00, 0x00, 0x00, 0x00, 0x00, 0x00, 0x00,
  0x00, 0x00, 0x00, 0x00, 0x00, 0x00, 0x00, 0x00, 0x00, 0x00, 0x00, 0x00,
  0x00, 0x00, 0x00, 0x00, 0x00, 0x00, 0x00, 0x00, 0x00, 0x00, 0x00, 0x00,
  0x00, 0x00, 0x00, 0x00, 0x00, 0x00, 0x00, 0x00, 0x00, 0x00, 0x00, 0x00,
  0x00, 0x00, 0x00, 0x00, 0x00, 0x00, 0x00, 0x00, 0x00, 0x00, 0x00, 0x00,
  0x00, 0x00, 0x00, 0x00, 0x00, 0x00, 0x00, 0x00, 0x00, 0x00, 0x00, 0x00,
  0xDC, 0x01, 0x00, 0x00, 0x00, 0x00, 0x00, 0x00, 0x00, 0x00, 0x00, 0x00,
  0x07, 0x80, 0x03, 0x00, 0x00, 0x18, 0x03, 0x00, 0x00, 0x06, 0x00, 0x00,
  0x00, 0x00, 0x80, 0x01, 0x00, 0x00, 0x80, 0x03, 0x00, 0x00, 0x00, 0x00,
  0x00, 0x00, 0x1C, 0x00, 0x00, 0x00, 0x30, 0x60, 0x00, 0x30, 0x0C, 0x00,
  0x00, 0x70, 0x00, 0x0C, 0x00, 0x00, 0x00, 0x00, 0x80, 0x01, 0x60, 0x0C,
  0xDC, 0x01, 0x00, 0x00, 0x00, 0x00, 0x00, 0x00, 0x00, 0x00, 0x00, 0x00,
  0x07, 0x80, 0x03, 0x00, 0x00, 0x18, 0x03, 0x00, 0x00, 0x06, 0x00, 0x00,
  0x00, 0x00, 0x80, 0x01, 0x00, 0x00, 0x80, 0x03, 0x00, 0x00, 0x00, 0x00,
  0x00, 0x00, 0x1C, 0x00, 0x00, 0x00, 0x30, 0x60, 0x00, 0x30, 0x0C, 0x00,
  0x00, 0x70, 0x00, 0x0C, 0x00, 0x00, 0x00, 0x00, 0x80, 0x01, 0x60, 0x0C,
  0x00, 0x0C, 0x00, 0x00, 0x00, 0x00, 0x00, 0xE0, 0x1C, 0x00, 0x00, 0x00,
  0x07, 0x80, 0x03, 0x00, 0x00, 0x00, 0x80, 0x73, 0xC0, 0x39, 0x00, 0x00,
  0x00, 0x00, 0x00, 0x00, 0x00, 0x00, 0x00, 0x00, 0x00, 0x00, 0x00, 0x03,
  0x00, 0x00, 0x63, 0x00, 0x00, 0x00, 0x00, 0x60, 0x00, 0x30, 0x00, 0x00,
  0x00, 0x00, 0x80, 0x73, 0x00, 0x00, 0x00, 0x00, 0x00, 0x00, 0x60, 0x0C,
  0x00, 0x0C, 0x00, 0x00, 0x00, 0x00, 0x00, 0xE0, 0x1C, 0x00, 0x00, 0x00,
  0x07, 0x80, 0x03, 0x00, 0x00, 0x00, 0x80, 0x73, 0xC0, 0x39, 0x00, 0x00,
  0x00, 0x00, 0x00, 0x00, 0x00, 0x00, 0x00, 0x00, 0x00, 0x00, 0x00, 0x03,
  0x00, 0x00, 0x63, 0x00, 0x00, 0x00, 0x00, 0x60, 0x00, 0x30, 0x00, 0x00,
  0x00, 0x00, 0x80, 0x73, 0x00, 0x00, 0x00, 0x00, 0x00, 0x00, 0x60, 0x0C,
  0xE0, 0x0F, 0x00, 0x00, 0x00, 0x00, 0x00, 0x00, 0x00, 0x80, 0x31, 0x00,
  0x07, 0x80, 0x03, 0x00, 0x00, 0xF8, 0x03, 0x00, 0x00, 0x00, 0xC0, 0x3F,
  0xE0, 0x1F, 0xF0, 0x0F, 0x00, 0x0C, 0x00, 0x06, 0x00, 0x00, 0x00, 0x00,
  0x00, 0x00, 0x00, 0x00, 0xF0, 0x01, 0xF8, 0x60, 0x7F, 0xB0, 0x3F, 0xF0,
  0x03, 0xF8, 0x01, 0x00, 0xC0, 0x3F, 0xE0, 0x1F, 0xF0, 0x0F, 0xFC, 0x7F,
  0xE0, 0x0F, 0x00, 0x00, 0x00, 0x00, 0x00, 0x00, 0x00, 0x80, 0x31, 0x00,
  0x07, 0x80, 0x03, 0x00, 0x00, 0xF8, 0x03, 0x00, 0x00, 0x00, 0xC0, 0x3F,
  0xE0, 0x1F, 0xF0, 0x0F, 0x00, 0x0C, 0x00, 0x06, 0x00, 0x00, 0x00, 0x00,
  0x00, 0x00, 0x00, 0x00, 0xF0, 0x01, 0xF8, 0x60, 0x7F, 0xB0, 0x3F, 0xF0,
  0x03, 0xF8, 0x01, 0x00, 0xC0, 0x3F, 0xE0, 0x1F, 0xF0, 0x0F, 0xFC, 0x7F,
  0x30, 0x0C, 0xF0, 0x00, 0x70, 0x60, 0x00, 0x0E, 0x1C, 0x18, 0x80, 0x03,
  0x07, 0x80, 0x03, 0xC0, 0x01, 0x0E, 0x06, 0x70, 0x00, 0x38, 0xE0, 0x60,
  0x70, 0x30, 0x38, 0x18, 0x00, 0x18, 0x00, 0x0C, 0x00, 0x00, 0x00, 0x00,
  0x00, 0x00, 0x00, 0x00, 0x8E, 0x03, 0xC7, 0xE1, 0xE3, 0xF0, 0x71, 0x1E,
  0x06, 0x0F, 0x03, 0x38, 0x00, 0xE0, 0x00, 0x70, 0x00, 0x38, 0x60, 0x0C,
  0x1C, 0x3E, 0x18, 0x00, 0xF8, 0x60, 0x00, 0x0E, 0x3E, 0x18, 0x80, 0x03,
  0x07, 0x80, 0x03, 0x80, 0x03, 0x07, 0x1C, 0xE0, 0x00, 0x70, 0x00, 0xC0,
  0x00, 0x60, 0x00, 0x30, 0x00, 0x70, 0x00, 0x38, 0x00, 0x1E, 0x00, 0x6F,
  0x78, 0x3E, 0x3C, 0x1F, 0x83, 0x8F, 0xC1, 0xF9, 0xE0, 0x7C, 0x70, 0x0E,
  0x00, 0x07, 0x00, 0x7C, 0x00, 0x7C, 0x00, 0x3E, 0x00, 0x1F, 0x60, 0x0C,
  0x1C, 0x3E, 0x18, 0x00, 0xF8, 0x60, 0x00, 0x0E, 0x3E, 0x18, 0x80, 0x03,
  0x07, 0x80, 0x03, 0x80, 0x03, 0x07, 0x1C, 0xE0, 0x00, 0x70, 0x00, 0xC0,
  0x00, 0x60, 0x00, 0x30, 0x00, 0x70, 0x00, 0x38, 0x00, 0x1E, 0x00, 0x6F,
  0x78, 0x3E, 0x3C, 0x1F, 0x83, 0x8F, 0xC1, 0xF9, 0xE0, 0x7C, 0x70, 0x0E,
  0x00, 0x07, 0x00, 0x7C, 0x00, 0x7C, 0x00, 0x3E, 0x00, 0x1F, 0x60, 0x0C,
  0xF0, 0x77, 0xFE, 0xC0, 0x8F, 0xDF, 0xFF, 0xF7, 0xE3, 0xF7, 0xFF, 0x01,
  0xFE, 0x81, 0x03, 0xFF, 0x01, 0xF8, 0xC3, 0x7F, 0xE0, 0x3F, 0xF0, 0xFF,
  0xFF, 0xFF, 0xFF, 0xFF, 0xC1, 0xFF, 0xE0, 0x7F, 0x00, 0x3E, 0x00, 0xDF,
  0xCF, 0xE7, 0xE7, 0xF3, 0xFF, 0xF9, 0xFF, 0xFE, 0x7F, 0xFF, 0xBF, 0xFF,
  0xDF, 0xFF, 0xEF, 0xC7, 0xFF, 0xC7, 0xFF, 0xE3, 0xFF, 0xF1, 0xFD, 0x7F,
  0xF0, 0x77, 0xFE, 0xC0, 0x8F, 0xDF, 0xFF, 0xF7, 0xE3, 0xF7, 0xFF, 0x01,
  0xFE, 0x81, 0x03, 0xFF, 0x01, 0xF8, 0xC3, 0x7F, 0xE0, 0x3F, 0xF0, 0xFF,
  0xFF, 0xFF, 0xFF, 0xFF, 0xC1, 0xFF, 0xE0, 0x7F, 0x00, 0x3E, 0x00, 0xDF,
  0xCF, 0xE7, 0xE7, 0xF3, 0xFF, 0xF9, 0xFF, 0xFE, 0x7F, 0xFF, 0xBF, 0xFF,
  0xDF, 0xFF, 0xEF, 0xC7, 0xFF, 0xC7, 0xFF, 0xE3, 0xFF, 0xF1, 0xFD, 0x7F,
  0x00, 0x00, 0x00, 0x00, 0x00, 0x00, 0x00, 0x00, 0x00, 0x00, 0x00, 0x00,
  0x00, 0x00, 0x00, 0x00, 0x00, 0x00, 0x00, 0x00, 0x00, 0x00, 0x00, 0x00,
  0x00, 0x00, 0x00, 0x00, 0x00, 0x00, 0x00, 0x00, 0x00, 0x1C, 0x00, 0x0E,
  0x00, 0x00, 0x00, 0x00, 0x00, 0x00, 0x00, 0x00, 0x00, 0x00, 0x00, 0x00,
  0x00, 0x00, 0x00, 0x00, 0x00, 0x00, 0x00, 0x00, 0x00, 0x00, 0x60, 0x0C,
  0x00, 0x00, 0x00, 0x00, 0x00, 0x00, 0x00, 0x00, 0x00, 0x00, 0x00, 0x00,
  0x00, 0x00, 0x00, 0x00, 0x00, 0x00, 0x00, 0x00, 0x00, 0x00, 0x00, 0x00,
  0x00, 0x00, 0x00, 0x00, 0x00, 0x00, 0x00, 0x00, 0x00, 0x1C, 0x00, 0x0E,
  0x00, 0x00, 0x00, 0x00, 0x00, 0x00, 0x00, 0x00, 0x00, 0x00, 0x00, 0x00,
  0x00, 0x00, 0x00, 0x00, 0x00, 0x00, 0x00, 0x00, 0x00, 0x00, 0x60, 0x0C,
  0x00, 0x00, 0x00, 0x00, 0x07, 0x00, 0x38, 0x00, 0x00, 0x00, 0x00, 0x00,
  0x00, 0x00, 0x00, 0x1C, 0x00, 0x00, 0x00, 0x00, 0x00, 0x00, 0x00, 0x06,
  0x00, 0x00, 0x00, 0x00, 0x00, 0x00, 0x00, 0x00, 0x00, 0x06, 0x00, 0x03,
  0x00, 0x00, 0x00, 0x00, 0x00, 0x00, 0x00, 0x00, 0x00, 0x00, 0x00, 0x00,
  0x00, 0x00, 0x00, 0x00, 0xC0, 0x01, 0x00, 0x00, 0x00, 0x00, 0x60, 0x0C,
  0x00, 0x00, 0x00, 0x00, 0x07, 0x00, 0x38, 0x00, 0x00, 0x00, 0x00, 0x00,
  0x00, 0x00, 0x00, 0x1C, 0x00, 0x00, 0x00, 0x00, 0x00, 0x00, 0x00, 0x06,
  0x00, 0x00, 0x00, 0x00, 0x00, 0x00, 0x00, 0x00, 0x00, 0x06, 0x00, 0x03,
  0x00, 0x00, 0x00, 0x00, 0x00, 0x00, 0x00, 0x00, 0x00, 0x00, 0x00, 0x00,
  0x00, 0x00, 0x00, 0x00, 0xC0, 0x01, 0x00, 0x00, 0x00, 0x00, 0x60, 0x0C,
  0x00, 0x00, 0x00, 0x00, 0x00, 0x00, 0x00, 0x00, 0x00, 0x00, 0x00, 0x00,
  0x00, 0x00, 0x00, 0x00, 0x00, 0x00, 0x00, 0x00, 0x00, 0x00, 0x00, 0x00,
  0x00, 0x00, 0x00, 0x00, 0x00, 0x00, 0x00, 0x00, 0xFE, 0x03, 0xFF, 0x01,
  0x00, 0x00, 0x00, 0x00, 0x00, 0x00, 0x00, 0x00, 0x00, 0x00, 0x00, 0x00,
  0x00, 0x00, 0x00, 0x00, 0x00, 0x00, 0x00, 0x00, 0x00, 0x00, 0x00, 0x00,
  0x00, 0x00, 0x00, 0x00, 0x00, 0x00, 0x00, 0x00, 0x00, 0x00, 0x00, 0x00,
  0x00, 0x00, 0x00, 0x00, 0x00, 0x00, 0x00, 0x00, 0x00, 0x00, 0x00, 0x00,
  0x00, 0x00, 0x00, 0x00, 0x00, 0x00, 0x00, 0x00, 0xFE, 0x03, 0xFF, 0x01,
  0x00, 0x00, 0x00, 0x00, 0x00, 0x00, 0x00, 0x00, 0x00, 0x00, 0x00, 0x00,
  0x00, 0x00, 0x00, 0x00, 0x00, 0x00, 0x00, 0x00, 0x00, 0x00, 0x00, 0x00,
  0x00, 0x00, 0x00, 0x00, 0x00, 0x00, 0x00, 0x00, 0x00, 0x00, 0x00, 0x00,
  0x00, 0x00, 0x00, 0x00, 0x00, 0x00, 0x00, 0x00, 0x00, 0x00, 0x00, 0x00,
  0x00, 0x00, 0x00, 0x07, 0x00, 0x00, 0x00, 0x00, 0x00, 0x00, 0x00, 0x00,
  0x00, 0x00, 0x00, 0x00, 0x00, 0x00, 0x00, 0x00, 0x00, 0x00, 0x00, 0x00,
  0x00, 0x00, 0x00, 0x00, 0x00, 0x00, 0x00, 0x00, 0x00, 0x00, 0x00, 0x00,
  0x00, 0x00, 0x00, 0x00, 0x00, 0x00, 0x00, 0x00, 0x00, 0x00, 0x00, 0x00,
  0x00, 0x00, 0x00, 0x00, 0x00, 0x00, 0x00, 0x00, 0x00, 0x00, 0x00, 0x00,
  0x00, 0x00, 0x00, 0x07, 0x00, 0x00, 0x00, 0x00, 0x00, 0x00, 0x00, 0x00,
  0x00, 0x00, 0x00, 0x00, 0x00, 0x00, 0x00, 0x00, 0x00, 0x00, 0x00, 0x00,
  0x00, 0x00, 0x00, 0x00, 0x00, 0x00, 0x00, 0x00, 0x00, 0x00, 0x00, 0x00,
  0x00, 0x00, 0xC0, 0x01, 0x18, 0x03, 0xC0, 0x0F, 0x1C, 0x00, 0x00, 0x00,
  0x00, 0x00, 0x00, 0x00, 0x00, 0x00, 0x00, 0x00, 0x00, 0x38, 0x00, 0x00,
  0x00, 0x00, 0x00, 0x00, 0x00, 0x00, 0x00, 0x00, 0x00, 0x00, 0x70, 0x00,
  0x38, 0x00, 0xC0, 0x80, 0x31, 0x00, 0xEE, 0x00, 0xE0, 0xC0, 0x01, 0x00,
  0x38, 0x00, 0x00, 0x00, 0x00, 0x00, 0x00, 0x00, 0xC0, 0xE0, 0xFC, 0x7F,
  0x00, 0x00, 0xC0, 0x01, 0x18, 0x03, 0xC0, 0x0F, 0x1C, 0x00, 0x00, 0x00,
  0x00, 0x00, 0x00, 0x00, 0x00, 0x00, 0x00, 0x00, 0x00, 0x38, 0x00, 0x00,
  0x00, 0x00, 0x00, 0x00, 0x00, 0x00, 0x00, 0x00, 0x00, 0x00, 0x70, 0x00,
  0x38, 0x00, 0xC0, 0x80, 0x31, 0x00, 0xEE, 0x00, 0xE0, 0xC0, 0x01, 0x00,
  0x38, 0x00, 0x00, 0x00, 0x00, 0x00, 0x00, 0x00, 0xC0, 0xE0, 0xFC, 0x7F,
  0x00, 0x00, 0x00, 0x00, 0x00, 0x00, 0xF8, 0x00, 0x1C, 0x00, 0x00, 0x70,
  0x00, 0xC0, 0x03, 0x00, 0x00, 0x00, 0x00, 0x00, 0x00, 0xC6, 0xE0, 0x3F,
  0xF0, 0x1F, 0xF8, 0x0F, 0x00, 0x00, 0x00, 0x00, 0x00, 0x00, 0x00, 0x00,
  0x00, 0x00, 0x00, 0x00, 0x00, 0x00, 0x00, 0xC0, 0xE3, 0xC0, 0x01, 0x00,
  0x38, 0x00, 0x00, 0x00, 0xC0, 0x01, 0x00, 0x00, 0x80, 0xE1, 0xFC, 0x7F,
  0x00, 0x00, 0x00, 0x00, 0x00, 0x00, 0xF8, 0x00, 0x1C, 0x00, 0x00, 0x70,
  0x00, 0xC0, 0x03, 0x00, 0x00, 0x00, 0x00, 0x00, 0x00, 0xC6, 0xE0, 0x3F,
  0xF0, 0x1F, 0xF8, 0x0F, 0x00, 0x00, 0x00, 0x00, 0x00, 0x00, 0x00, 0x00,
  0x00, 0x00, 0x00, 0x00, 0x00, 0x00, 0x00, 0xC0, 0xE3, 0xC0, 0x01, 0x00,
  0x38, 0x00, 0x00, 0x00, 0xC0, 0x01, 0x00, 0x00, 0x80, 0xE1, 0xFC, 0x7F,
  0x00, 0x00, 0xE0, 0x03, 0xF0, 0x01, 0x0E, 0x00, 0x1C, 0x00, 0x00, 0x00,
  0x00, 0x3C, 0x0F, 0x00, 0x00, 0x00, 0x00, 0x00, 0x00, 0x00, 0xE0, 0xF8,
  0x70, 0x7C, 0x38, 0x3E, 0x00, 0x00, 0x00, 0x00, 0xFE, 0x03, 0xFF, 0x01,
  0x7C, 0x00, 0xE0, 0x03, 0x1F, 0x00, 0xF8, 0x60, 0xE0, 0xC0, 0x01, 0x00,
  0x38, 0x00, 0x00, 0x00, 0x00, 0x00, 0x00, 0x30, 0x00, 0xE7, 0xFC, 0x7F,
  0x00, 0x00, 0xE0, 0x03, 0xF0, 0x01, 0x0E, 0x00, 0x1C, 0x00, 0x00, 0x00,
  0x00, 0x3C, 0x0F, 0x00, 0x00, 0x00, 0x00, 0x00, 0x00, 0x00, 0xE0, 0xF8,
  0x70, 0x7C, 0x38, 0x3E, 0x00, 0x00, 0x00, 0x00, 0xFE, 0x03, 0xFF, 0x01,
  0x7C, 0x00, 0xE0, 0x03, 0x1F, 0x00, 0xF8, 0x60, 0xE0, 0xC0, 0x01, 0x00,
  0x38, 0x00, 0x00, 0x00, 0x00, 0x00, 0x00, 0x30, 0x00, 0xE7, 0xFC, 0x7F,
  0x00, 0x00, 0x30, 0x06, 0x18, 0x03, 0xF8, 0x00, 0x1C, 0x00, 0x3F, 0x00,
  0x07, 0xBC, 0x1B, 0x80, 0x3F, 0x00, 0x00, 0x70, 0x60, 0x00, 0x0E, 0xFE,
  0x07, 0xFF, 0x83, 0xFF, 0x81, 0x03, 0xC0, 0x07, 0xD8, 0x01, 0xEC, 0x00,
  0xC6, 0x00, 0x38, 0x87, 0x31, 0x00, 0xCE, 0xF9, 0xE3, 0xC0, 0x01, 0x06,
  0x38, 0xFC, 0x01, 0xC0, 0x07, 0x1C, 0x00, 0x80, 0x01, 0xEE, 0xFC, 0x7F,
  0x00, 0x00, 0xE0, 0x07, 0xF0, 0x03, 0xC0, 0x07, 0x1C, 0xE0, 0x61, 0x00,
  0x0E, 0xF8, 0x70, 0xC0, 0x71, 0x00, 0x1F, 0xE0, 0x60, 0x00, 0xCE, 0x07,
  0xE4, 0x03, 0xF2, 0x01, 0xC1, 0x07, 0x62, 0x00, 0xF0, 0x00, 0x78, 0x00,
  0x7C, 0x30, 0xE0, 0x07, 0x1F, 0x08, 0xF8, 0x03, 0xE0, 0xC0, 0x01, 0x07,
  0x38, 0x8F, 0x03, 0x70, 0x0E, 0x3E, 0x60, 0x80, 0x03, 0x38, 0xFC, 0x7F,
  0x00, 0x00, 0xE0, 0x07, 0xF0, 0x03, 0xC0, 0x07, 0x1C, 0xE0, 0x61, 0x00,
  0x0E, 0xF8, 0x70, 0xC0, 0x71, 0x00, 0x1F, 0xE0, 0x60, 0x00, 0xCE, 0x07,
  0xE4, 0x03, 0xF2, 0x01, 0xC1, 0x07, 0x62, 0x00, 0xF0, 0x00, 0x78, 0x00,
  0x7C, 0x30, 0xE0, 0x07, 0x1F, 0x08, 0xF8, 0x03, 0xE0, 0xC0, 0x01, 0x07,
  0x38, 0x8F, 0x03, 0x70, 0x0E, 0x3E, 0x60, 0x80, 0x03, 0x38, 0xFC, 0x7F,
  0xFF, 0xFF, 0xFF, 0xC1, 0xFF, 0xE0, 0xFF, 0xFF, 0x07, 0x78, 0x7F, 0xFC,
  0x07, 0xBE, 0x1F, 0x80, 0x7F, 0xC1, 0xF9, 0x7F, 0xC0, 0xFF, 0xE7, 0x00,
  0x70, 0x00, 0x38, 0x00, 0x7E, 0xFC, 0xC3, 0x81, 0xDF, 0xFF, 0xEF, 0xFF,
  0xC7, 0x1F, 0x00, 0xFF, 0xF1, 0x0F, 0xC0, 0xFF, 0xFF, 0x7F, 0x7E, 0x07,
  0xF8, 0xFB, 0x1E, 0xFC, 0xF7, 0xE3, 0x77, 0x80, 0x03, 0xE7, 0xFC, 0x7F,
  0xFF, 0xFF, 0xFF, 0xC1, 0xFF, 0xE0, 0xFF, 0xFF, 0x07, 0x78, 0x7F, 0xFC,
  0x07, 0xBE, 0x1F, 0x80, 0x7F, 0xC1, 0xF9, 0x7F, 0xC0, 0xFF, 0xE7, 0x00,
  0x70, 0x00, 0x38, 0x00, 0x7E, 0xFC, 0xC3, 0x81, 0xDF, 0xFF, 0xEF, 0xFF,
  0xC7, 0x1F, 0x00, 0xFF, 0xF1, 0x0F, 0xC0, 0xFF, 0xFF, 0x7F, 0x7E, 0x07,
  0xF8, 0xFB, 0x1E, 0xFC, 0xF7, 0xE3, 0x77, 0x80, 0x03, 0xE7, 0xFC, 0x7F,
  0x00, 0x00, 0x00, 0x00, 0x00, 0x00, 0x00, 0x00, 0x00, 0x00, 0x00, 0x00,
  0x00, 0x00, 0x00, 0x00, 0xB8, 0x01, 0x03, 0x00, 0x00, 0x00, 0xE0, 0x38,
  0x70, 0x00, 0x38, 0x00, 0x00, 0x00, 0x83, 0x07, 0x00, 0x00, 0x00, 0x00,
  0x00, 0xF0, 0xFF, 0x07, 0x00, 0x38, 0xE0, 0x00, 0x00, 0x00, 0x00, 0xF8,
  0x1F, 0x00, 0x00, 0x0C, 0x00, 0x00, 0xE0, 0xC0, 0x81, 0xFF, 0xFC, 0x7F,
  0x00, 0x00, 0x00, 0x00, 0x00, 0x00, 0x00, 0x00, 0x00, 0x00, 0x00, 0x00,
  0x00, 0x00, 0x00, 0x00, 0xB8, 0x01, 0x03, 0x00, 0x00, 0x00, 0xE0, 0x38,
  0x70, 0x00, 0x38, 0x00, 0x00, 0x00, 0x83, 0x07, 0x00, 0x00, 0x00, 0x00,
  0x00, 0xF0, 0xFF, 0x07, 0x00, 0x38, 0xE0, 0x00, 0x00, 0x00, 0x00, 0xF8,
  0x1F, 0x00, 0x00, 0x0C, 0x00, 0x00, 0xE0, 0xC0, 0x81, 0xFF, 0xFC, 0x7F,
  0x00, 0x00, 0x00, 0x00, 0x00, 0x00, 0x00, 0x00, 0x00, 0x00, 0x00, 0x00,
  0x00, 0x00, 0x00, 0x00, 0x8C, 0x01, 0x86, 0x73, 0x00, 0x00, 0xE0, 0x00,
  0x77, 0x80, 0x3B, 0xC0, 0x9D, 0x03, 0xFE, 0x03, 0x00, 0x00, 0x00, 0x00,
  0x00, 0x00, 0x00, 0x00, 0x00, 0xF0, 0x3F, 0x00, 0x00, 0x00, 0x00, 0x00,
  0x00, 0x00, 0x00, 0x0C, 0x00, 0x00, 0x80, 0x7F, 0x00, 0x00, 0xFC, 0x7F,
  0x00, 0x00, 0x00, 0x00, 0x00, 0x00, 0x00, 0x00, 0x00, 0x00, 0x00, 0x00,
  0x00, 0x00, 0x00, 0x00, 0x8C, 0x01, 0x86, 0x73, 0x00, 0x00, 0xE0, 0x00,
  0x77, 0x80, 0x3B, 0xC0, 0x9D, 0x03, 0xFE, 0x03, 0x00, 0x00, 0x00, 0x00,
  0x00, 0x00, 0x00, 0x00, 0x00, 0xF0, 0x3F, 0x00, 0x00, 0x00, 0x00, 0x00,
  0x00, 0x00, 0x00, 0x0C, 0x00, 0x00, 0x80, 0x7F, 0x00, 0x00, 0xFC, 0x7F,
  0x00, 0x00, 0x00, 0x00, 0x00, 0x00, 0x00, 0x00, 0x00, 0x00, 0x00, 0x00,
  0x00, 0x00, 0x00, 0xFC, 0x07, 0xFF, 0x03, 0x00, 0x00, 0x00, 0xC0, 0xFF,
  0xE3, 0xFF, 0xF1, 0xFF, 0x00, 0x00, 0x00, 0x00, 0x00, 0x00, 0x00, 0x00,
  0x00, 0x00, 0x00, 0x00, 0x00, 0x00, 0x00, 0x00, 0x00, 0x00, 0x00, 0x00,
  0x00, 0x00, 0x00, 0x0C, 0x00, 0x00, 0x00, 0x00, 0x00, 0x00, 0x00, 0x00,
  0x00, 0x00, 0x00, 0x00, 0x00, 0x00, 0x00, 0x00, 0x00, 0x00, 0x00, 0x00,
  0x00, 0x00, 0x00, 0xFC, 0x07, 0xFF, 0x03, 0x00, 0x00, 0x00, 0xC0, 0xFF,
  0xE3, 0xFF, 0xF1, 0xFF, 0x00, 0x00, 0x00, 0x00, 0x00, 0x00, 0x00, 0x00,
  0x00, 0x00, 0x00, 0x00, 0x00, 0x00, 0x00, 0x00, 0x00, 0x00, 0x00, 0x00,
  0x00, 0x00, 0x00, 0x0C, 0x00, 0x00, 0x00, 0x00, 0x00, 0x00, 0x00, 0x00,
  0x00, 0x00, 0x00, 0x00, 0x00, 0x00, 0x78, 0x00, 0xC0, 0x03, 0x00, 0x80,
  0x07, 0x00, 0x78, 0x00, 0x00, 0x00, 0x00, 0x00, 0x00, 0x00, 0x00, 0x00,
  0x00, 0x00, 0x00, 0x00, 0x00, 0x00, 0x00, 0x00, 0x00, 0x00, 0x00, 0x00,
  0x00, 0x00, 0x00, 0x00, 0x00, 0x00, 0x00, 0x00, 0x00, 0x00, 0x00, 0x00,
  0x00, 0x00, 0x00, 0x70, 0x00, 0x00, 0x00, 0x00, 0x00, 0x00, 0x00, 0x00,
  0x00, 0x00, 0x00, 0x00, 0x00, 0x00, 0x78, 0x00, 0xC0, 0x03, 0x00, 0x80,
  0x07, 0x00, 0x78, 0x00, 0x00, 0x00, 0x00, 0x00, 0x00, 0x00, 0x00, 0x00,
  0x00, 0x00, 0x00, 0x00, 0x00, 0x00, 0x00, 0x00, 0x00, 0x00, 0x00, 0x00,
  0x00, 0x00, 0x00, 0x00, 0x00, 0x00, 0x00, 0x00, 0x00, 0x00, 0x00, 0x00,
  0x00, 0x00, 0x00, 0x70, 0x00, 0x00, 0x00, 0x00, 0x00, 0x00, 0x00, 0x00,
  0x00, 0x00, 0x00, 0x00, 0xFF, 0x01, 0x0C, 0x00, 0x60, 0x00, 0x0E, 0xC0,
  0x00, 0x00, 0x0C, 0x00, 0x00, 0x00, 0x00, 0x00, 0x00, 0x00, 0x00, 0x00,
  0x00, 0x00, 0x00, 0x07, 0x78, 0xF8, 0x00, 0x00, 0xE0, 0x00, 0xFF, 0xC1,
  0x39, 0x07, 0x3F, 0x00, 0x00, 0xF0, 0x3F, 0x1C, 0x70, 0xC0, 0x01, 0xF8,
  0x01, 0xE0, 0x00, 0x00, 0xE0, 0xC0, 0x00, 0x00, 0x00, 0x00, 0x00, 0x00,
  0x00, 0x00, 0x00, 0x00, 0xFF, 0x01, 0x0C, 0x00, 0x60, 0x00, 0x0E, 0xC0,
  0x00, 0x00, 0x0C, 0x00, 0x00, 0x00, 0x00, 0x00, 0x00, 0x00, 0x00, 0x00,
  0x00, 0x00, 0x00, 0x07, 0x78, 0xF8, 0x00, 0x00, 0xE0, 0x00, 0xFF, 0xC1,
  0x39, 0x07, 0x3F, 0x00, 0x00, 0xF0, 0x3F, 0x1C, 0x70, 0xC0, 0x01, 0xF8,
  0x01, 0xE0, 0x00, 0x00, 0xE0, 0xC0, 0x00, 0x00, 0x00, 0x00, 0x00, 0x00,
  0x00, 0x00, 0xE0, 0x03, 0x00, 0x00, 0x7E, 0x00, 0xF8, 0x03, 0x0E, 0xF0,
  0x07, 0x00, 0x7F, 0x00, 0x00, 0x00, 0x80, 0xFF, 0x00, 0x00, 0x00, 0x00,
  0x00, 0x00, 0x70, 0x30, 0x1E, 0x0F, 0x00, 0x00, 0xE0, 0x80, 0x07, 0xC0,
  0xFF, 0xC7, 0x01, 0x00, 0x00, 0x00, 0x30, 0x38, 0x18, 0xE0, 0x03, 0x0E,
  0x03, 0x00, 0x00, 0xF8, 0xC0, 0xE1, 0x00, 0x00, 0x00, 0x30, 0x00, 0x00,
  0x00, 0x00, 0xE0, 0x03, 0x00, 0x00, 0x7E, 0x00, 0xF8, 0x03, 0x0E, 0xF0,
  0x07, 0x00, 0x7F, 0x00, 0x00, 0x00, 0x80, 0xFF, 0x00, 0x00, 0x00, 0x00,
  0x00, 0x00, 0x70, 0x30, 0x1E, 0x0F, 0x00, 0x00, 0xE0, 0x80, 0x07, 0xC0,
  0xFF, 0xC7, 0x01, 0x00, 0x00, 0x00, 0x30, 0x38, 0x18, 0xE0, 0x03, 0x0E,
  0x03, 0x00, 0x00, 0xF8, 0xC0, 0xE1, 0x00, 0x00, 0x00, 0x30, 0x00, 0x00,
  0x00, 0x00, 0x30, 0x00, 0x70, 0x00, 0x00, 0x00, 0x00, 0x00, 0x0E, 0x00,
  0x00, 0x00, 0x00, 0xF0, 0x03, 0xFE, 0x80, 0xE3, 0x03, 0x00, 0x00, 0x00,
  0x00, 0x00, 0x00, 0x00, 0xC0, 0x03, 0xE0, 0x01, 0xE0, 0x80, 0x03, 0xC0,
  0x01, 0x00, 0x03, 0x80, 0x3F, 0x00, 0x30, 0x38, 0x18, 0x30, 0x06, 0xF8,
  0x03, 0xFC, 0x03, 0x0C, 0x00, 0xFB, 0x00, 0x3F, 0x80, 0x3F, 0xE0, 0x0F,
  0x00, 0x00, 0x30, 0x00, 0x70, 0x00, 0x00, 0x00, 0x00, 0x00, 0x0E, 0x00,
  0x00, 0x00, 0x00, 0xF0, 0x03, 0xFE, 0x80, 0xE3, 0x03, 0x00, 0x00, 0x00,
  0x00, 0x00, 0x00, 0x00, 0xC0, 0x03, 0xE0, 0x01, 0xE0, 0x80, 0x03, 0xC0,
  0x01, 0x00, 0x03, 0x80, 0x3F, 0x00, 0x30, 0x38, 0x18, 0x30, 0x06, 0xF8,
  0x03, 0xFC, 0x03, 0x0C, 0x00, 0xFB, 0x00, 0x3F, 0x80, 0x3F, 0xE0, 0x0F,
  0x00, 0x00, 0x30, 0x00, 0x70, 0x00, 0x38, 0x00, 0xF8, 0x03, 0x0E, 0x00,
  0x07, 0x00, 0x7C, 0x1C, 0x06, 0xC7, 0x01, 0xF8, 0x1F, 0x38, 0x00, 0x1C,
  0x18, 0x80, 0x03, 0x00, 0x00, 0x0F, 0xE0, 0x01, 0xE0, 0x80, 0x03, 0xC0,
  0x01, 0x00, 0x1E, 0xE0, 0x60, 0x00, 0x30, 0x60, 0x0C, 0x30, 0x06, 0x00,
  0x03, 0xF8, 0x01, 0x0C, 0x00, 0xDE, 0x80, 0x61, 0xC0, 0x30, 0x38, 0x18,
  0x00, 0x00, 0xE0, 0x07, 0x70, 0x00, 0x38, 0x00, 0x1C, 0x07, 0x0E, 0x00,
  0x0E, 0x06, 0xE7, 0x00, 0x0C, 0x00, 0x07, 0x1F, 0x10, 0x70, 0x00, 0x3E,
  0x18, 0x80, 0x03, 0xF0, 0x00, 0x78, 0xE0, 0x01, 0xE0, 0x00, 0x07, 0xC0,
  0x01, 0x00, 0x06, 0x70, 0xC0, 0x01, 0x30, 0x60, 0x0C, 0x1C, 0x0C, 0x00,
  0x03, 0x70, 0x0F, 0xF8, 0x01, 0xC6, 0x80, 0x31, 0x70, 0xF8, 0x1C, 0x70,
  0x00, 0x00, 0xE0, 0x07, 0x70, 0x00, 0x38, 0x00, 0x1C, 0x07, 0x0E, 0x00,
  0x0E, 0x06, 0xE7, 0x00, 0x0C, 0x00, 0x07, 0x1F, 0x10, 0x70, 0x00, 0x3E,
  0x18, 0x80, 0x03, 0xF0, 0x00, 0x78, 0xE0, 0x01, 0xE0, 0x00, 0x07, 0xC0,
  0x01, 0x00, 0x06, 0x70, 0xC0, 0x01, 0x30, 0x60, 0x0C, 0x1C, 0x0C, 0x00,
  0x03, 0x70, 0x0F, 0xF8, 0x01, 0xC6, 0x80, 0x31, 0x70, 0xF8, 0x1C, 0x70,
  0x00, 0x00, 0x30, 0x00, 0x70, 0x00, 0x38, 0x00, 0xF8, 0x07, 0x00, 0xFC,
  0x07, 0x06, 0x8C, 0xFF, 0x8F, 0xFF, 0xBF, 0x83, 0xE2, 0x3F, 0xF0, 0xE3,
  0xF7, 0xFF, 0x01, 0xF0, 0xFF, 0xFF, 0x00, 0x00, 0xE0, 0x00, 0x0C, 0xC0,
  0x01, 0x00, 0x03, 0xE0, 0x60, 0x00, 0x30, 0xC0, 0x07, 0x1C, 0x0C, 0x00,
  0x03, 0x18, 0x1C, 0x0C, 0x00, 0x83, 0xFB, 0xFF, 0xC3, 0xDF, 0xF9, 0x1F,
  0x00, 0x00, 0x30, 0x00, 0x70, 0x00, 0x38, 0x00, 0xF8, 0x07, 0x00, 0xFC,
  0x07, 0x06, 0x8C, 0xFF, 0x8F, 0xFF, 0xBF, 0x83, 0xE2, 0x3F, 0xF0, 0xE3,
  0xF7, 0xFF, 0x01, 0xF0, 0xFF, 0xFF, 0x00, 0x00, 0xE0, 0x00, 0x0C, 0xC0,
  0x01, 0x00, 0x03, 0xE0, 0x60, 0x00, 0x30, 0xC0, 0x07, 0x1C, 0x0C, 0x00,
  0x03, 0x18, 0x1C, 0x0C, 0x00, 0x83, 0xFB, 0xFF, 0xC3, 0xDF, 0xF9, 0x1F,
  0x00, 0x00, 0x18, 0x00, 0x70, 0x00, 0x38, 0x00, 0x80, 0x03, 0x1E, 0x00,
  0x00, 0xFC, 0x07, 0x00, 0x00, 0x00, 0x80, 0x03, 0x01, 0x00, 0x00, 0x00,
  0x00, 0x00, 0x00, 0xE0, 0x00, 0x00, 0x00, 0x00, 0xE0, 0x00, 0x18, 0xC0,
  0x01, 0x00, 0xFF, 0x80, 0x3F, 0x00, 0x30, 0x80, 0x03, 0x0E, 0x38, 0x00,
  0x03, 0x0C, 0x00, 0x06, 0xE0, 0x01, 0x80, 0x31, 0x00, 0x00, 0x00, 0x00,
  0x00, 0x00, 0x18, 0x00, 0x70, 0x00, 0x38, 0x00, 0x80, 0x03, 0x1E, 0x00,
  0x00, 0xFC, 0x07, 0x00, 0x00, 0x00, 0x80, 0x03, 0x01, 0x00, 0x00, 0x00,
  0x00, 0x00, 0x00, 0xE0, 0x00, 0x00, 0x00, 0x00, 0xE0, 0x00, 0x18, 0xC0,
  0x01, 0x00, 0xFF, 0x80, 0x3F, 0x00, 0x30, 0x80, 0x03, 0x0E, 0x38, 0x00,
  0x03, 0x0C, 0x00, 0x06, 0xE0, 0x01, 0x80, 0x31, 0x00, 0x00, 0x00, 0x00,
  0x00, 0x00, 0x18, 0x00, 0x00, 0x00, 0x00, 0x00, 0xC0, 0x00, 0x03, 0x00,
  0x00, 0x00, 0x00, 0x1C, 0x0C, 0x0E, 0x86, 0x03, 0xDC, 0xC1, 0xC0, 0xC1,
  0xE0, 0x60, 0x00, 0x30, 0x00, 0x00, 0x00, 0x00, 0x00, 0x00, 0x00, 0x00,
  0x00, 0x00, 0x00, 0x00, 0x00, 0x00, 0x00, 0x00, 0x00, 0x00, 0x00, 0x00,
  0x00, 0x0C, 0x00, 0x06, 0x00, 0x00, 0x80, 0x61, 0x00, 0x00, 0x00, 0x00,
  0x00, 0x00, 0x18, 0x00, 0x00, 0x00, 0x00, 0x00, 0xC0, 0x00, 0x03, 0x00,
  0x00, 0x00, 0x00, 0x1C, 0x0C, 0x0E, 0x86, 0x03, 0xDC, 0xC1, 0xC0, 0xC1,
  0xE0, 0x60, 0x00, 0x30, 0x00, 0x00, 0x00, 0x00, 0x00, 0x00, 0x00, 0x00,
  0x00, 0x00, 0x00, 0x00, 0x00, 0x00, 0x00, 0x00, 0x00, 0x00, 0x00, 0x00,
  0x00, 0x0C, 0x00, 0x06, 0x00, 0x00, 0x80, 0x61, 0x00, 0x00, 0x00, 0x00,
  0x00, 0x00, 0xF0, 0x1F, 0x00, 0x00, 0x00, 0x00, 0x7F, 0x80, 0x1F, 0x00,
  0x00, 0x00, 0x00, 0xC0, 0x01, 0xE0, 0x00, 0xFF, 0x0F, 0x0C, 0x00, 0x1C,
  0x00, 0x0E, 0xF0, 0x1F, 0x00, 0x00, 0x00, 0x00, 0x00, 0x00, 0x00, 0x00,
  0x00, 0x00, 0x00, 0x00, 0x00, 0x00, 0x00, 0x00, 0x00, 0x00, 0x00, 0x00,
  0x00, 0xF8, 0x0F, 0xFC, 0x07, 0x00, 0x00, 0x3F, 0x00, 0x00, 0x00, 0x00,
  0x00, 0x00, 0xF0, 0x1F, 0x00, 0x00, 0x00, 0x00, 0x7F, 0x80, 0x1F, 0x00,
  0x00, 0x00, 0x00, 0xC0, 0x01, 0xE0, 0x00, 0xFF, 0x0F, 0x0C, 0x00, 0x1C,
  0x00, 0x0E, 0xF0, 0x1F, 0x00, 0x00, 0x00, 0x00, 0x00, 0x00, 0x00, 0x00,
  0x00, 0x00, 0x00, 0x00, 0x00, 0x00, 0x00, 0x00, 0x00, 0x00, 0x00, 0x00,
  0x00, 0xF8, 0x0F, 0xFC, 0x07, 0x00, 0x00, 0x3F, 0x00, 0x00, 0x00, 0x00,
  0x00, 0x80, 0x3F, 0x00, 0xE0, 0xFF, 0xFF, 0x0F, 0x00, 0xF8, 0x03, 0x00,
  0xFE, 0xFF, 0xFF, 0x00, 0x80, 0x3F, 0x00, 0xE0, 0xFF, 0xFF, 0x0F, 0x00,
  0xF8, 0x03, 0x00, 0xFE, 0xFF, 0xFF, 0x00, 0x80, 0x3F, 0x00, 0xE0, 0xFF,
  0xFF, 0x0F, 0x00, 0xF8, 0x03, 0x00, 0xFE, 0xFF, 0xFF, 0x00, 0x80, 0x3F,
  0x00, 0xE0, 0xFF, 0xFF, 0x0F, 0x00, 0xF8, 0x03, 0x00, 0xFE, 0xFF, 0xFF,
  0x00, 0x80, 0x3F, 0x00, 0xE0, 0xFF, 0xFF, 0x0F, 0x00, 0xF8, 0x03, 0x00,
  0xFE, 0xFF, 0xFF, 0x00, 0x80, 0x3F, 0x00, 0xE0, 0xFF, 0xFF, 0x0F, 0x00,
  0xF8, 0x03, 0x00, 0xFE, 0xFF, 0xFF, 0x00, 0x80, 0x3F, 0x00, 0xE0, 0xFF,
  0xFF, 0x0F, 0x00, 0xF8, 0x03, 0x00, 0xFE, 0xFF, 0xFF, 0x00, 0x80, 0x3F,
  0x00, 0xE0, 0xFF, 0xFF, 0x0F, 0x00, 0xF8, 0x03, 0x00, 0xFE, 0xFF, 0xFF,
  0x00, 0x80, 0x3F, 0x00, 0xE0, 0xFF, 0xFF, 0x0F, 0x00, 0xF8, 0x03, 0x00,
  0xFE, 0xFF, 0xFF, 0x00, 0x80, 0x3F, 0x00, 0xE0, 0xFF, 0xFF, 0x0F, 0x00,
  0xF8, 0x03, 0x00, 0xFE, 0xFF, 0xFF, 0x00, 0x80, 0x3F, 0x00, 0xE0, 0xFF,
  0xFF, 0x0F, 0x00, 0xF8, 0x03, 0x00, 0xFE, 0xFF, 0xFF, 0x00, 0x80, 0x3F,
  0x00, 0xE0, 0xFF, 0xFF, 0x0F, 0x00, 0xF8, 0x03, 0x00, 0xFE, 0xFF, 0xFF,
  0x00, 0x80, 0x3F, 0x00, 0xE0, 0xFF, 0xFF, 0x0F, 0x00, 0xF8, 0x03, 0x00,
  0xFE, 0xFF, 0xFF, 0x00, 0x80, 0x3F, 0x00, 0xE0, 0xFF, 0xFF, 0x0F, 0x00,
  0xF8, 0x03, 0x00, 0xFE, 0xFF, 0xFF, 0x00, 0x80, 0x3F, 0x00, 0xE0, 0xFF,
  0xFF, 0x0F, 0x00, 0xF8, 0x03, 0x00, 0xFE, 0xFF, 0xFF, 0x00, 0x80, 0x3F,
  0x00, 0xE0, 0xFF, 0xFF, 0x0F, 0x00, 0xF8, 0x03, 0x00, 0xFE, 0xFF, 0xFF,
  0x00, 0x80, 0x3F, 0x00, 0xE0, 0xFF, 0xFF, 0x0F, 0x00, 0xF8, 0x03, 0x00,
  0xFE, 0xFF, 0xFF, 0x00, 0x80, 0x3F, 0x00, 0xE0, 0xFF, 0xFF, 0x0F, 0x00,
  0xF8, 0x03, 0x00, 0xFE, 0xFF, 0xFF, 0x00, 0x80, 0x3F, 0x00, 0xE0, 0xFF,
  0xFF, 0x0F, 0x00, 0xF8, 0x03, 0x00, 0xFE, 0xFF, 0xFF, 0x00, 0x80, 0x3F,
  0x00, 0xE0, 0xFF, 0xFF, 0x0F, 0x00, 0xF8, 0x03, 0x00, 0xFE, 0xFF, 0xFF,
  0x00, 0x80, 0x3F, 0x00, 0xE0, 0xFF, 0xFF, 0x0F, 0x00, 0xF8, 0x03, 0x00,
  0xFE, 0xFF, 0xFF, 0x00, 0x80, 0x3F, 0x00, 0xE0, 0xFF, 0xFF, 0x0F, 0x00,
  0xF8, 0x03, 0x00, 0xFE, 0xFF, 0xFF, 0x00, 0x80, 0x3F, 0x00, 0xE0, 0xFF,
  0xFF, 0x0F, 0x00, 0xF8, 0x03, 0x00, 0xFE, 0xFF, 0xFF, 0x00, 0x80, 0x3F,
  0x00, 0xE0, 0xFF, 0xFF, 0x0F, 0x00, 0xF8, 0x03, 0x00, 0xFE, 0xFF, 0xFF,
  0x00, 0x00, 0x00, 0x00, 0x00, 0x00, 0x00, 0xF0, 0x07, 0xF8, 0x03, 0xFC,
  0x01, 0xFE, 0x00, 0x80, 0x7F, 0xC0, 0x3F, 0xE0, 0x1F, 0xF0, 0xFF, 0xFF,
  0xFF, 0xFF, 0xFF, 0xFF, 0xFF, 0xFF, 0x00, 0x00, 0x00, 0x00, 0x00, 0x00,
  0x00, 0xF0, 0x07, 0xF8, 0x03, 0xFC, 0x01, 0xFE, 0x00, 0x80, 0x7F, 0xC0,
  0x3F, 0xE0, 0x1F, 0xF0, 0xFF, 0xFF, 0xFF, 0xFF, 0xFF, 0xFF, 0xFF, 0xFF,
  0x00, 0x00, 0x00, 0x00, 0x00, 0x00, 0x00, 0xF0, 0x07, 0xF8, 0x03, 0xFC,
  0x01, 0xFE, 0x00, 0x80, 0x7F, 0xC0, 0x3F, 0xE0, 0x1F, 0xF0, 0xFF, 0xFF,
  0xFF, 0xFF, 0xFF, 0xFF, 0xFF, 0xFF, 0x00, 0x00, 0x00, 0x00, 0x00, 0x00,
  0x00, 0xF0, 0x07, 0xF8, 0x03, 0xFC, 0x01, 0xFE, 0x00, 0x80, 0x7F, 0xC0,
  0x3F, 0xE0, 0x1F, 0xF0, 0xFF, 0xFF, 0xFF, 0xFF, 0xFF, 0xFF, 0xFF, 0xFF,
  0x00, 0x00, 0x00, 0x00, 0x00, 0x00, 0x00, 0xF0, 0x07, 0xF8, 0x03, 0xFC,
  0x01, 0xFE, 0x00, 0x80, 0x7F, 0xC0, 0x3F, 0xE0, 0x1F, 0xF0, 0xFF, 0xFF,
  0xFF, 0xFF, 0xFF, 0xFF, 0xFF, 0xFF, 0x00, 0x00, 0x00, 0x00, 0x00, 0x00,
  0x00, 0xF0, 0x07, 0xF8, 0x03, 0xFC, 0x01, 0xFE, 0x00, 0x80, 0x7F, 0xC0,
  0x3F, 0xE0, 0x1F, 0xF0, 0xFF, 0xFF, 0xFF, 0xFF, 0xFF, 0xFF, 0xFF, 0xFF,
  0x00, 0x00, 0x00, 0x00, 0x00, 0x00, 0x00, 0xF0, 0x07, 0xF8, 0x03, 0xFC,
  0x01, 0xFE, 0x00, 0x80, 0x7F, 0xC0, 0x3F, 0xE0, 0x1F, 0xF0, 0xFF, 0xFF,
  0xFF, 0xFF, 0xFF, 0xFF, 0xFF, 0xFF, 0x00, 0x00, 0x00, 0x00, 0x00, 0x00,
  0x00, 0xF0, 0x07, 0xF8, 0x03, 0xFC, 0x01, 0xFE, 0x00, 0x80, 0x7F, 0xC0,
  0x3F, 0xE0, 0x1F, 0xF0, 0xFF, 0xFF, 0xFF, 0xFF, 0xFF, 0xFF, 0xFF, 0xFF,
  0x00, 0x00, 0x00, 0x00, 0x00, 0x00, 0x00, 0xF0, 0x07, 0xF8, 0x03, 0xFC,
  0x01, 0xFE, 0x00, 0x80, 0x7F, 0xC0, 0x3F, 0xE0, 0x1F, 0xF0, 0xFF, 0xFF,
  0xFF, 0xFF, 0xFF, 0xFF, 0xFF, 0xFF, 0x00, 0x00, 0x00, 0x00, 0x00, 0x00,
  0x00, 0xF0, 0x07, 0xF8, 0x03, 0xFC, 0x01, 0xFE, 0x00, 0x80, 0x7F, 0xC0,
  0x3F, 0xE0, 0x1F, 0xF0, 0xFF, 0xFF, 0xFF, 0xFF, 0xFF, 0xFF, 0xFF, 0xFF,
  0x00, 0x00, 0x00, 0x00, 0x00, 0x00, 0x00, 0xF0, 0x07, 0xF8, 0x03, 0xFC,
  0x01, 0xFE, 0x00, 0x80, 0x7F, 0xC0, 0x3F, 0xE0, 0x1F, 0xF0, 0xFF, 0xFF,
  0xFF, 0xFF, 0xFF, 0xFF, 0xFF, 0xFF, 0x00, 0x00, 0x00, 0x00, 0x00, 0x00,
  0x00, 0xF0, 0x07, 0xF8, 0x03, 0xFC, 0x01, 0xFE, 0x00, 0x80, 0x7F, 0xC0,
  0x3F, 0xE0, 0x1F, 0xF0, 0xFF, 0xFF, 0xFF, 0xFF, 0xFF, 0xFF, 0xFF, 0xFF,
  0x00, 0x00, 0x00, 0x00, 0x00, 0x00, 0x00, 0xF0, 0x07, 0xF8, 0x03, 0xFC,
  0x01, 0xFE, 0x00, 0x80, 0x7F, 0xC0, 0x3F, 0xE0, 0x1F, 0xF0, 0xFF, 0xFF,
  0xFF, 0xFF, 0xFF, 0xFF, 0xFF, 0xFF, 0x00, 0x00, 0x00, 0x00, 0x00, 0x00,
  0x00, 0xF0, 0x07, 0xF8, 0x03, 0xFC, 0x01, 0xFE, 0x00, 0x80, 0x7F, 0xC0,
  0x3F, 0xE0, 0x1F, 0xF0, 0xFF, 0xFF, 0xFF, 0xFF, 0xFF, 0xFF, 0xFF, 0xFF,
  0x00, 0x00, 0x00, 0x00, 0x00, 0x00, 0x00, 0x00, 0x00, 0x00, 0x00, 0x00,
  0x00, 0x00, 0x00, 0x00, 0x00, 0x00, 0x00, 0x00, 0x00, 0x00, 0x00, 0x00,
  0x00, 0x00, 0x00, 0x00, 0x00, 0x00, 0x7F, 0x80, 0x3F, 0xC0, 0x1F, 0xE0,
  0x0F, 0xF0, 0x07, 0xF8, 0x03, 0xFC, 0x01, 0xFE, 0x00, 0x7F, 0x80, 0x3F,
  0xC0, 0x1F, 0xE0, 0x0F, 0xF0, 0x07, 0xF8, 0x03, 0xFC, 0x01, 0xFE, 0x00,
  0x00, 0x00, 0x00, 0x00, 0x00, 0x00, 0x00, 0x00, 0x00, 0x00, 0x00, 0x00,
  0x00, 0x00, 0x00, 0x00, 0x00, 0x00, 0x00, 0x00, 0x00, 0x00, 0x00, 0x00,
  0x00, 0x00, 0x00, 0x00, 0x00, 0x00, 0x7F, 0x80, 0x3F, 0xC0, 0x1F, 0xE0,
  0x0F, 0xF0, 0x07, 0xF8, 0x03, 0xFC, 0x01, 0xFE, 0x00, 0x7F, 0x80, 0x3F,
  0xC0, 0x1F, 0xE0, 0x0F, 0xF0, 0x07, 0xF8, 0x03, 0xFC, 0x01, 0xFE, 0x00,
  0x00, 0x00, 0x00, 0x00, 0x00, 0x00, 0x00, 0x00, 0x00, 0x00, 0x00, 0x00,
  0x00, 0x00, 0x00, 0x00, 0x00, 0x00, 0x00, 0x00, 0x00, 0x00, 0x00, 0x00,
  0x00, 0x00, 0x00, 0x00, 0x00, 0x00, 0x7F, 0x80, 0x3F, 0xC0, 0x1F, 0xE0,
  0x0F, 0xF0, 0x07, 0xF8, 0x03, 0xFC, 0x01, 0xFE, 0x00, 0x7F, 0x80, 0x3F,
  0xC0, 0x1F, 0xE0, 0x0F, 0xF0, 0x07, 0xF8, 0x03, 0xFC, 0x01, 0xFE, 0x00,
  0x00, 0x00, 0x00, 0x00, 0x00, 0x00, 0x00, 0x00, 0x00, 0x00, 0x00, 0x00,
  0x00, 0x00, 0x00, 0x00, 0x00, 0x00, 0x00, 0x00, 0x00, 0x00, 0x00, 0x00,
  0x00, 0x00, 0x00, 0x00, 0x00, 0x00, 0x7F, 0x80, 0x3F, 0xC0, 0x1F, 0xE0,
  0x0F, 0xF0, 0x07, 0xF8, 0x03, 0xFC, 0x01, 0xFE, 0x00, 0x7F, 0x80, 0x3F,
  0xC0, 0x1F, 0xE0, 0x0F, 0xF0, 0x07, 0xF8, 0x03, 0xFC, 0x01, 0xFE, 0x00,
  0x00, 0x00, 0x00, 0x00, 0x00, 0x00, 0x00, 0x00, 0x00, 0x00, 0x00, 0x00,
  0x00, 0x00, 0x00, 0x00, 0x00, 0x00, 0x00, 0x00, 0x00, 0x00, 0x00, 0x00,
  0x00, 0x00, 0x00, 0x00, 0x00, 0x00, 0x7F, 0x80, 0x3F, 0xC0, 0x1F, 0xE0,
  0x0F, 0xF0, 0x07, 0xF8, 0x03, 0xFC, 0x01, 0xFE, 0x00, 0x7F, 0x80, 0x3F,
  0xC0, 0x1F, 0xE0, 0x0F, 0xF0, 0x07, 0xF8, 0x03, 0xFC, 0x01, 0xFE, 0x00,
  0x00, 0x00, 0x00, 0x00, 0x00, 0x00, 0x00, 0x00, 0x00, 0x00, 0x00, 0x00,
  0x00, 0x00, 0x00, 0x00, 0x00, 0x00, 0x00, 0x00, 0x00, 0x00, 0x00, 0x00,
  0x00, 0x00, 0x00, 0x00, 0x00, 0x00, 0x7F, 0x80, 0x3F, 0xC0, 0x1F, 0xE0,
  0x0F, 0xF0, 0x07, 0xF8, 0x03, 0xFC, 0x01, 0xFE, 0x00, 0x7F, 0x80, 0x3F,
  0xC0, 0x1F, 0xE0, 0x0F, 0xF0, 0x07, 0xF8, 0x03, 0xFC, 0x01, 0xFE, 0x00,
  0x00, 0x80, 0x1F, 0x00, 0xE0, 0xEF, 0xF7, 0x07, 0x00, 0xF8, 0x01, 0x00,
  0xFE, 0x7E, 0x7F, 0x00, 0x80, 0x1F, 0x00, 0xE0, 0xEF, 0xF7, 0x07, 0x00,
  0xF8, 0x01, 0x00, 0xFE, 0x7E, 0xFF, 0x00, 0x80, 0x1F, 0x00, 0xE0, 0xEF,
  0xF7, 0x07, 0x00, 0xF8, 0x01, 0x00, 0xFE, 0x7E, 0x7F, 0x00, 0x80, 0x1F,
  0x00, 0xE0, 0xEF, 0xF7, 0x07, 0x00, 0xF8, 0x01, 0x00, 0xFE, 0x7E, 0x7F,
  0x00, 0x80, 0x1F, 0x00, 0xE0, 0xEF, 0xF7, 0x07, 0x00, 0xF8, 0x01, 0x00,
  0xFE, 0x7E, 0x7F, 0x00, 0x80, 0x1F, 0x00, 0xE0, 0xEF, 0xF7, 0x07, 0x00,
  0xF8, 0x01, 0x00, 0xFE, 0x7E, 0xFF, 0x00, 0x80, 0x1F, 0x00, 0xE0, 0xEF,
  0xF7, 0x07, 0x00, 0xF8, 0x01, 0x00, 0xFE, 0x7E, 0x7F, 0x00, 0x80, 0x1F,
  0x00, 0xE0, 0xEF, 0xF7, 0x07, 0x00, 0xF8, 0x01, 0x00, 0xFE, 0x7E, 0x7F,
  0x00, 0x80, 0x1F, 0x00, 0xE0, 0xEF, 0xF7, 0x07, 0x00, 0xF8, 0x01, 0x00,
  0xFE, 0x7E, 0x7F, 0x00, 0x80, 0x1F, 0x00, 0xE0, 0xEF, 0xF7, 0x07, 0x00,
  0xF8, 0x01, 0x00, 0xFE, 0x7E, 0xFF, 0x00, 0x80, 0x1F, 0x00, 0xE0, 0xEF,
  0xF7, 0x07, 0x00, 0xF8, 0x01, 0x00, 0xFE, 0x7E, 0x7F, 0x00, 0x80, 0x1F,
  0x00, 0xE0, 0xEF, 0xF7, 0x07, 0x00, 0xF8, 0x01, 0x00, 0xFE, 0x7E, 0x7F,
  0x00, 0x80, 0x1F, 0x00, 0xE0, 0xEF, 0xF7, 0x07, 0x00, 0xF8, 0x01, 0x00,
  0xFE, 0x7E, 0x7F, 0x00, 0x80, 0x1F, 0x00, 0xE0, 0xEF, 0xF7, 0x07, 0x00,
  0xF8, 0x01, 0x00, 0xFE, 0x7E, 0xFF, 0x00, 0x80, 0x1F, 0x00, 0xE0, 0xEF,
  0xF7, 0x07, 0x00, 0xF8, 0x01, 0x00, 0xFE, 0x7E, 0x7F, 0x00, 0x80, 0x1F,
  0x00, 0xE0, 0xEF, 0xF7, 0x07, 0x00, 0xF8, 0x01, 0x00, 0xFE, 0x7E, 0x7F,
  0x00, 0x00, 0x00, 0x00, 0x00, 0x00, 0x00, 0x00, 0x00, 0x00, 0x00, 0x00,
  0x00, 0x00, 0x00, 0x00, 0x00, 0x00, 0x00, 0x00, 0x00, 0x00, 0x00, 0x00,
  0x00, 0x00, 0x00, 0x00, 0x00, 0x00, 0x00, 0x00, 0x00, 0x00, 0x00, 0x00,
  0x00, 0x00, 0x00, 0x00, 0x00, 0x00, 0x00, 0x00, 0x00, 0x00, 0x00, 0x00,
  0x00, 0x00, 0x00, 0x00, 0x00, 0x00, 0x00, 0x00, 0x00, 0x00, 0x00, 0x00,
  0x00, 0x00, 0x00, 0x00, 0x00, 0x00, 0x00, 0x00, 0x00, 0x00, 0x00, 0x00,
  0x00, 0x00, 0x00, 0x00, 0x00, 0x00, 0x00, 0x00, 0x00, 0x00, 0x00, 0x00,
  0x00, 0x00, 0x00, 0x00, 0x00, 0x00, 0x00, 0x00, 0x00, 0x00, 0x00, 0x00,
  0x00, 0x00, 0x00, 0x00, 0x00, 0x00, 0x00, 0x00, 0x00, 0x00, 0x00, 0x00,
  0x00, 0x00, 0x00, 0x00, 0x00, 0x00, 0x00, 0x00, 0x00, 0x00, 0x00, 0x00,
  0x00, 0x00, 0x00, 0x00, 0x00, 0x00, 0x00, 0xF0, 0x03, 0xF8, 0x01, 0xFC,
  0x00, 0x7E, 0x00, 0x80, 0x3F, 0xC0, 0x1F, 0xE0, 0x0F, 0xF0, 0xF7, 0xFB,
  0xFB, 0xFD, 0xFD, 0xFE, 0x7E, 0x7F, 0x00, 0x00, 0x00, 0x00, 0x00, 0x00,
  0x00, 0xF0, 0x03, 0xF8, 0x01, 0xFC, 0x00, 0x7E, 0x00, 0x80, 0x3F, 0xC0,
  0x1F, 0xE0, 0x0F, 0xF0, 0xF7, 0xFB, 0xFB, 0xFD, 0xFD, 0xFE, 0x7E, 0x7F,
  0x00, 0x00, 0x00, 0x00, 0x00, 0x00, 0x00, 0xF0, 0x03, 0xF8, 0x01, 0xFC,
  0x00, 0x7E, 0x00, 0x80, 0x3F, 0xC0, 0x1F, 0xE0, 0x0F, 0xF0, 0xF7, 0xFB,
  0xFB, 0xFD, 0xFD, 0xFE, 0x7E, 0x7F, 0x00, 0x00, 0x00, 0x00, 0x00, 0x00,
  0x00, 0xF0, 0x03, 0xF8, 0x01, 0xFC, 0x00, 0x7E, 0x00, 0x80, 0x3F, 0xC0,
  0x1F, 0xE0, 0x0F, 0xF0, 0xF7, 0xFB, 0xFB, 0xFD, 0xFD, 0xFE, 0x7E, 0x7F,
  0x00, 0x00, 0x00, 0x00, 0x00, 0x00, 0x00, 0xF0, 0x03, 0xF8, 0x01, 0xFC,
  0x00, 0x7E, 0x00, 0x80, 0x3F, 0xC0, 0x1F, 0xE0, 0x0F, 0xF0, 0xF7, 0xFB,
  0xFB, 0xFD, 0xFD, 0xFE, 0x7E, 0x7F, 0x00, 0x00, 0x00, 0x00, 0x00, 0x00,
  0x00, 0xF0, 0x03, 0xF8, 0x01, 0xFC, 0x00, 0x7E, 0x00, 0x80, 0x3F, 0xC0,
  0x1F, 0xE0, 0x0F, 0xF0, 0xF7, 0xFB, 0xFB, 0xFD, 0xFD, 0xFE, 0x7E, 0x7F,
  0x00, 0x00, 0x00, 0x00, 0x00, 0x00, 0x00, 0xF0, 0x03, 0xF8, 0x01, 0xFC,
  0x00, 0x7E, 0x00, 0x80, 0x3F, 0xC0, 0x1F, 0xE0, 0x0F, 0xF0, 0xF7, 0xFB,
  0xFB, 0xFD, 0xFD, 0xFE, 0x7E, 0x7F, 0x00, 0x00, 0x00, 0x00, 0x00, 0x00,
  0x00, 0xF0, 0x03, 0xF8, 0x01, 0xFC, 0x00, 0x7E, 0x00, 0x80, 0x3F, 0xC0,
  0x1F, 0xE0, 0x0F, 0xF0, 0xF7, 0xFB, 0xFB, 0xFD, 0xFD, 0xFE, 0x7E, 0x7F,
  0x00, 0x00, 0x00, 0x00, 0x00, 0x00, 0x00, 0xF0, 0x03, 0xF8, 0x01, 0xFC,
  0x00, 0x7E, 0x00, 0x80, 0x3F, 0xC0, 0x1F, 0xE0, 0x0F, 0xF0, 0xF7, 0xFB,
  0xFB, 0xFD, 0xFD, 0xFE, 0x7E, 0x7F, 0x00, 0x00, 0x00, 0x00, 0x00, 0x00,
  0x00, 0xF0, 0x03, 0xF8, 0x01, 0xFC, 0x00, 0x7E, 0x00, 0x80, 0x3F, 0xC0,
  0x1F, 0xE0, 0x0F, 0xF0, 0xF7, 0xFB, 0xFB, 0xFD, 0xFD, 0xFE, 0x7E, 0x7F,
  0x00, 0x00, 0x00, 0x00, 0x00, 0x00, 0x00, 0x00, 0x00, 0x00, 0x00, 0x00,
  0x00, 0x00, 0x00, 0x00, 0x00, 0x00, 0x00, 0x00, 0x00, 0x00, 0x00, 0x00,
  0x00, 0x00, 0x00, 0x00, 0x00, 0x00, 0x00, 0x00, 0x00, 0x00, 0x00, 0x00,
  0x00, 0x00, 0x00, 0x00, 0x00, 0x00, 0x00, 0x00, 0x00, 0x00, 0x00, 0x00,
  0x00, 0x00, 0x00, 0x00, 0x00, 0x00, 0x00, 0x00, 0x00, 0x00, 0x00, 0x00,
  0x00, 0x00, 0x00, 0x00, 0x00, 0x00, 0x00, 0x00, 0x00, 0x00, 0x00, 0x00,
  0x00, 0x00, 0x00, 0x00, 0x00, 0x00, 0x00, 0x00, 0x00, 0x00, 0x00, 0x00,
  0x00, 0x00, 0x00, 0x00, 0x00, 0x00, 0x00, 0x00, 0x00, 0x00, 0x00, 0x00,
  0x00, 0x00, 0x00, 0x00, 0x00, 0x00, 0x00, 0x00, 0x00, 0x00, 0x00, 0x00,
  0x00, 0x00, 0x00, 0x00, 0x00, 0x00, 0x00, 0x00, 0x00, 0x00, 0x00, 0x00,
  0x00, 0x00, 0x00, 0x00, 0x00, 0x00, 0x00, 0x00, 0x00, 0x00, 0x00, 0x00,
  0x00, 0x00, 0x00, 0x00, 0x00, 0x00, 0x00, 0x00, 0x00, 0x00, 0x00, 0x00,
  0x00, 0x00, 0x00, 0x00, 0x00, 0x00, 0x3F, 0x80, 0x1F, 0xC0, 0x0F, 0xE0,
  0x07, 0xF0, 0x03, 0xF8, 0x01, 0xFC, 0x00, 0x7E, 0x00, 0x3F, 0x80, 0x1F,
  0xC0, 0x0F, 0xE0, 0x07, 0xF0, 0x03, 0xF8, 0x01, 0xFC, 0x00, 0x7E, 0x00,
  0x00, 0x00, 0x00, 0x00, 0x00, 0x00, 0x00, 0x00, 0x00, 0x00, 0x00, 0x00,
  0x00, 0x00, 0x00, 0x00, 0x00, 0x00, 0x00, 0x00, 0x00, 0x00, 0x00, 0x00,
  0x00, 0x00, 0x00, 0x00, 0x00, 0x00, 0x3F, 0x80, 0x1F, 0xC0, 0x0F, 0xE0,
  0x07, 0xF0, 0x03, 0xF8, 0x01, 0xFC, 0x00, 0x7E, 0x00, 0x3F, 0x80, 0x1F,
  0xC0, 0x0F, 0xE0, 0x07, 0xF0, 0x03, 0xF8, 0x01, 0xFC, 0x00, 0x7E, 0x00,
  0x00, 0x00, 0x00, 0x00, 0x00, 0x00, 0x00, 0x00, 0x00, 0x00, 0x00, 0x00,
  0x00, 0x00, 0x00, 0x00, 0x00, 0x00, 0x00, 0x00, 0x00, 0x00, 0x00, 0x00,
  0x00, 0x00, 0x00, 0x00, 0x00, 0x00, 0x3F, 0x80, 0x1F, 0xC0, 0x0F, 0xE0,
  0x07, 0xF0, 0x03, 0xF8, 0x01, 0xFC, 0x00, 0x7E, 0x00, 0x3F, 0x80, 0x1F,
  0xC0, 0x0F, 0xE0, 0x07, 0xF0, 0x03, 0xF8, 0x01, 0xFC, 0x00, 0x7E, 0x00,
  0x00, 0x00, 0x00, 0x00, 0x00, 0x00, 0x00, 0x00, 0x00, 0x00, 0x00, 0x00,
  0x00, 0x00, 0x00, 0x00, 0x00, 0x00, 0x00, 0x00, 0x00, 0x00, 0x00, 0x00,
  0x00, 0x00, 0x00, 0x00, 0x00, 0x00, 0x3F, 0x80, 0x1F, 0xC0, 0x0F, 0xE0,
  0x07, 0xF0, 0x03, 0xF8, 0x01, 0xFC, 0x00, 0x7E, 0x00, 0x3F, 0x80, 0x1F,
  0xC0, 0x0F, 0xE0, 0x07, 0xF0, 0x03, 0xF8, 0x01, 0xFC, 0x00, 0x7E, 0x00,
  0x00, 0x00, 0x00, 0x00, 0x00, 0x00, 0x00, 0x00, 0x00, 0x00, 0x00, 0x00,
  0x00, 0x00, 0x00, 0x00, 0x00, 0x00, 0x00, 0x00, 0x00, 0x00, 0x00, 0x00,
  0x00, 0x00, 0x00, 0x00, 0x00, 0x00, 0x00, 0x00, 0x00, 0x00, 0x00, 0x00,
  0x00, 0x00, 0x00, 0x00, 0x00, 0x00, 0x00, 0x00, 0x00, 0x00, 0x00, 0x00,
  0x00, 0x00, 0x00, 0x00, 0x00, 0x00, 0x00, 0x00, 0x00, 0x00, 0x00, 0x00,
  0x00, 0x00, 0x00, 0x00, 0x00, 0x00, 0x00, 0x00, 0x00, 0x00, 0x00, 0x00,
  0x00, 0x00, 0x00, 0x00, 0x00, 0x00, 0x00, 0x00, 0x00, 0x00, 0x00, 0x00,
  0x00, 0x00, 0x00, 0x00, 0x00, 0x00, 0x00, 0x00, 0x00, 0x00, 0x00, 0x00,
  0x00, 0x00, 0x00, 0x00, 0x00, 0x00, 0x00, 0x00, 0x00, 0x00, 0x00, 0x00,
  0x00, 0x00, 0x00, 0x00, 0x00, 0x00, 0x00, 0x00, 0x00, 0x00, 0x00, 0x00,
  0x00, 0x80, 0x3F, 0x00, 0xE0, 0xFF, 0xFF, 0x0F, 0x00, 0xF8, 0x03, 0x00,
  0xFE, 0xFF, 0xFF, 0x00, 0x80, 0x3F, 0x00, 0xE0, 0xFF, 0xFF, 0x0F, 0x00,
  0xF8, 0x03, 0x00, 0xFE, 0xFF, 0xFF, 0x00, 0x80, 0x3F, 0x00, 0xE0, 0xFF,
  0xFF, 0x0F, 0x00, 0xF8, 0x03, 0x00, 0xFE, 0xFF, 0xFF, 0x00, 0x80, 0x3F,
  0x00, 0xE0, 0xFF, 0xFF, 0x0F, 0x00, 0xF8, 0x03, 0x00, 0xFE, 0xFF, 0xFF,
  0x00, 0x80, 0x3F, 0x00, 0xE0, 0xFF, 0xFF, 0x0F, 0x00, 0xF8, 0x03, 0x00,
  0xFE, 0xFF, 0xFF, 0x00, 0x80, 0x3F, 0x00, 0xE0, 0xFF, 0xFF, 0x0F, 0x00,
  0xF8, 0x03, 0x00, 0xFE, 0xFF, 0xFF, 0x00, 0x80, 0x3F, 0x00, 0xE0, 0xFF,
  0xFF, 0x0F, 0x00, 0xF8, 0x03, 0x00, 0xFE, 0xFF, 0xFF, 0x00, 0x80, 0x3F,
  0x00, 0xE0, 0xFF, 0xFF, 0x0F, 0x00, 0xF8, 0x03, 0x00, 0xFE, 0xFF, 0xFF,
  0x00, 0x80, 0x3F, 0x00, 0xE0, 0xFF, 0xFF, 0x0F, 0x00, 0xF8, 0x03, 0x00,
  0xFE, 0xFF, 0xFF, 0x00, 0x80, 0x3F, 0x00, 0xE0, 0xFF, 0xFF, 0x0F, 0x00,
  0xF8, 0x03, 0x00, 0xFE, 0xFF, 0xFF, 0x00, 0x80, 0x3F, 0x00, 0xE0, 0xFF,
  0xFF, 0x0F, 0x00, 0xF8, 0x03, 0x00, 0xFE, 0xFF, 0xFF, 0x00, 0x80, 0x3F,
  0x00, 0xE0, 0xFF, 0xFF, 0x0F, 0x00, 0xF8, 0x03, 0x00, 0xFE, 0xFF, 0xFF,
  0x00, 0x80, 0x3F, 0x00, 0xE0, 0xFF, 0xFF, 0x0F, 0x00, 0xF8, 0x03, 0x00,
  0xFE, 0xFF, 0xFF, 0x00, 0x80, 0x3F, 0x00, 0xE0, 0xFF, 0xFF, 0x0F, 0x00,
  0xF8, 0x03, 0x00, 0xFE, 0xFF, 0xFF, 0x00, 0x80, 0x3F, 0x00, 0xE0, 0xFF,
  0xFF, 0x0F, 0x00, 0xF8, 0x03, 0x00, 0xFE, 0xFF, 0xFF, 0x00, 0x80, 0x3F,
  0x00, 0xE0, 0xFF, 0xFF, 0x0F, 0x00, 0xF8, 0x03, 0x00, 0xFE, 0xFF, 0xFF,
  0x00, 0x80, 0x3F, 0x00, 0xE0, 0xFF, 0xFF, 0x0F, 0x00, 0xF8, 0x03, 0x00,
  0xFE, 0xFF, 0xFF, 0x00, 0x80, 0x3F, 0x00, 0xE0, 0xFF, 0xFF, 0x0F, 0x00,
  0xF8, 0x03, 0x00, 0xFE, 0xFF, 0xFF, 0x00, 0x80, 0x3F, 0x00, 0xE0, 0xFF,
  0xFF, 0x0F, 0x00, 0xF8, 0x03, 0x00, 0xFE, 0xFF, 0xFF, 0x00, 0x80, 0x3F,
  0x00, 0xE0, 0xFF, 0xFF, 0x0F, 0x00, 0xF8, 0x03, 0x00, 0xFE, 0xFF, 0xFF,
  0x00, 0x80, 0x3F, 0x00, 0xE0, 0xFF, 0xFF, 0x0F, 0x00, 0xF8, 0x03, 0x00,
  0xFE, 0xFF, 0xFF, 0x00, 0x80, 0x3F, 0x00, 0xE0, 0xFF, 0xFF, 0x0F, 0x00,
  0xF8, 0x03, 0x00, 0xFE, 0xFF, 0xFF, 0x00, 0x80, 0x3F, 0x00, 0xE0, 0xFF,
  0xFF, 0x0F, 0x00, 0xF8, 0x03, 0x00, 0xFE, 0xFF, 0xFF, 0x00, 0x80, 0x3F,
  0x00, 0xE0, 0xFF, 0xFF, 0x0F, 0x00, 0xF8, 0x03, 0x00, 0xFE, 0xFF, 0xFF,
  0x00, 0x00, 0x00, 0x00, 0x00, 0x00, 0x00, 0xF0, 0x07, 0xF8, 0x03, 0xFC,
  0x01, 0xFE, 0x00, 0x80, 0x7F, 0xC0, 0x3F, 0xE0, 0x1F, 0xF0, 0xFF, 0xFF,
  0xFF, 0xFF, 0xFF, 0xFF, 0xFF, 0xFF, 0x00, 0x00, 0x00, 0x00, 0x00, 0x00,
  0x00, 0xF0, 0x07, 0xF8, 0x03, 0xFC, 0x01, 0xFE, 0x00, 0x80, 0x7F, 0xC0,
  0x3F, 0xE0, 0x1F, 0xF0, 0xFF, 0xFF, 0xFF, 0xFF, 0xFF, 0xFF, 0xFF, 0xFF,
  0x00, 0x00, 0x00, 0x00, 0x00, 0x00, 0x00, 0xF0, 0x07, 0xF8, 0x03, 0xFC,
  0x01, 0xFE, 0x00, 0x80, 0x7F, 0xC0, 0x3F, 0xE0, 0x1F, 0xF0, 0xFF, 0xFF,
  0xFF, 0xFF, 0xFF, 0xFF, 0xFF, 0xFF, 0x00, 0x00, 0x00, 0x00, 0x00, 0x00,
  0x00, 0xF0, 0x07, 0xF8, 0x03, 0xFC, 0x01, 0xFE, 0x00, 0x80, 0x7F, 0xC0,
  0x3F, 0xE0, 0x1F, 0xF0, 0xFF, 0xFF, 0xFF, 0xFF, 0xFF, 0xFF, 0xFF, 0xFF,
  0x00, 0x00, 0x00, 0x00, 0x00, 0x00, 0x00, 0xF0, 0x07, 0xF8, 0x03, 0xFC,
  0x01, 0xFE, 0x00, 0x80, 0x7F, 0xC0, 0x3F, 0xE0, 0x1F, 0xF0, 0xFF, 0xFF,
  0xFF, 0xFF, 0xFF, 0xFF, 0xFF, 0xFF, 0x00, 0x00, 0x00, 0x00, 0x00, 0x00,
  0x00, 0xF0, 0x07, 0xF8, 0x03, 0xFC, 0x01, 0xFE, 0x00, 0x80, 0x7F, 0xC0,
  0x3F, 0xE0, 0x1F, 0xF0, 0xFF, 0xFF, 0xFF, 0xFF, 0xFF, 0xFF, 0xFF, 0xFF,
  0x00, 0x00, 0x00, 0x00, 0x00, 0x00, 0x00, 0xF0, 0x07, 0xF8, 0x03, 0xFC,
  0x01, 0xFE, 0x00, 0x80, 0x7F, 0xC0, 0x3F, 0xE0, 0x1F, 0xF0, 0xFF, 0xFF,
  0xFF, 0xFF, 0xFF, 0xFF, 0xFF, 0xFF, 0x00, 0x00, 0x00, 0x00, 0x00, 0x00,
  0x00, 0xF0, 0x07, 0xF8, 0x03, 0xFC, 0x01, 0xFE, 0x00, 0x80, 0x7F, 0xC0,
  0x3F, 0xE0, 0x1F, 0xF0, 0xFF, 0xFF, 0xFF, 0xFF, 0xFF, 0xFF, 0xFF, 0xFF,
  0x00, 0x00, 0x00, 0x00, 0x00, 0x00, 0x00, 0xF0, 0x07, 0xF8, 0x03, 0xFC,
  0x01, 0xFE, 0x00, 0x80, 0x7F, 0xC0, 0x3F, 0xE0, 0x1F, 0xF0, 0xFF, 0xFF,
  0xFF, 0xFF, 0xFF, 0xFF, 0xFF, 0xFF, 0x00, 0x00, 0x00, 0x00, 0x00, 0x00,
  0x00, 0xF0, 0x07, 0xF8, 0x03, 0xFC, 0x01, 0xFE, 0x00, 0x80, 0x7F, 0xC0,
  0x3F, 0xE0, 0x1F, 0xF0, 0xFF, 0xFF, 0xFF, 0xFF, 0xFF, 0xFF, 0xFF, 0xFF,
  0x00, 0x00, 0x00, 0x00, 0x00, 0x00, 0x00, 0xF0, 0x07, 0xF8, 0x03, 0xFC,
  0x01, 0xFE, 0x00, 0x80, 0x7F, 0xC0, 0x3F, 0xE0, 0x1F, 0xF0, 0xFF, 0xFF,
  0xFF, 0xFF, 0xFF, 0xFF, 0xFF, 0xFF, 0x00, 0x00, 0x00, 0x00, 0x00, 0x00,
  0x00, 0xF0, 0x07, 0xF8, 0x03, 0xFC, 0x01, 0xFE, 0x00, 0x80, 0x7F, 0xC0,
  0x3F, 0xE0, 0x1F, 0xF0, 0xFF, 0xFF, 0xFF, 0xFF, 0xFF, 0xFF, 0xFF, 0xFF,
  0x00, 0x00, 0x00, 0x00, 0x00, 0x00, 0x00, 0xF0, 0x07, 0xF8, 0x03, 0xFC,
  0x01, 0xFE, 0x00, 0x80, 0x7F, 0xC0, 0x3F, 0xE0, 0x1F, 0xF0, 0xFF, 0xFF,
  0xFF, 0xFF, 0xFF, 0xFF, 0xFF, 0xFF, 0x00, 0x00, 0x00, 0x00, 0x00, 0x00,
  0x00, 0xF0, 0x07, 0xF8, 0x03, 0xFC, 0x01, 0xFE, 0x00, 0x80, 0x7F, 0xC0,
  0x3F, 0xE0, 0x1F, 0xF0, 0xFF, 0xFF, 0xFF, 0xFF, 0xFF, 0xFF, 0xFF, 0xFF,
  0x80, 0x7F, 0xC0, 0x3F, 0xE0, 0x1F, 0xF0, 0x0F, 0xF8, 0x07, 0xFC, 0x03,
  0xFE, 0x01, 0xFF, 0x80, 0x7F, 0xC0, 0x3F, 0xE0, 0x1F, 0xF0, 0x0F, 0xF8,
  0x07, 0xFC, 0x03, 0xFE, 0x01, 0xFF, 0xFF, 0xFF, 0xFF, 0xFF, 0xFF, 0xFF,
  0xFF, 0xFF, 0xFF, 0xFF, 0xFF, 0xFF, 0xFF, 0xFF, 0xFF, 0xFF, 0xFF, 0xFF,
  0xFF, 0xFF, 0xFF, 0xFF, 0xFF, 0xFF, 0xFF, 0xFF, 0xFF, 0xFF, 0xFF, 0xFF,
  0x80, 0x7F, 0xC0, 0x3F, 0xE0, 0x1F, 0xF0, 0x0F, 0xF8, 0x07, 0xFC, 0x03,
  0xFE, 0x01, 0xFF, 0x80, 0x7F, 0xC0, 0x3F, 0xE0, 0x1F, 0xF0, 0x0F, 0xF8,
  0x07, 0xFC, 0x03, 0xFE, 0x01, 0xFF, 0xFF, 0xFF, 0xFF, 0xFF, 0xFF, 0xFF,
  0xFF, 0xFF, 0xFF, 0xFF, 0xFF, 0xFF, 0xFF, 0xFF, 0xFF, 0xFF, 0xFF, 0xFF,
  0xFF, 0xFF, 0xFF, 0xFF, 0xFF, 0xFF, 0xFF, 0xFF, 0xFF, 0xFF, 0xFF, 0xFF,
  0x80, 0x7F, 0xC0, 0x3F, 0xE0, 0x1F, 0xF0, 0x0F, 0xF8, 0x07, 0xFC, 0x03,
  0xFE, 0x01, 0xFF, 0x80, 0x7F, 0xC0, 0x3F, 0xE0, 0x1F, 0xF0, 0x0F, 0xF8,
  0x07, 0xFC, 0x03, 0xFE, 0x01, 0xFF, 0xFF, 0xFF, 0xFF, 0xFF, 0xFF, 0xFF,
  0xFF, 0xFF, 0xFF, 0xFF, 0xFF, 0xFF, 0xFF, 0xFF, 0xFF, 0xFF, 0xFF, 0xFF,
  0xFF, 0xFF, 0xFF, 0xFF, 0xFF, 0xFF, 0xFF, 0xFF, 0xFF, 0xFF, 0xFF, 0xFF,
  0x80, 0x7F, 0xC0, 0x3F, 0xE0, 0x1F, 0xF0, 0x0F, 0xF8, 0x07, 0xFC, 0x03,
  0xFE, 0x01, 0xFF, 0x80, 0x7F, 0xC0, 0x3F, 0xE0, 0x1F, 0xF0, 0x0F, 0xF8,
  0x07, 0xFC, 0x03, 0xFE, 0x01, 0xFF, 0xFF, 0xFF, 0xFF, 0xFF, 0xFF, 0xFF,
  0xFF, 0xFF, 0xFF, 0xFF, 0xFF, 0xFF, 0xFF, 0xFF, 0xFF, 0xFF, 0xFF, 0xFF,
  0xFF, 0xFF, 0xFF, 0xFF, 0xFF, 0xFF, 0xFF, 0xFF, 0xFF, 0xFF, 0xFF, 0xFF,
  0x80, 0x7F, 0xC0, 0x3F, 0xE0, 0x1F, 0xF0, 0x0F, 0xF8, 0x07, 0xFC, 0x03,
  0xFE, 0x01, 0xFF, 0x80, 0x7F, 0xC0, 0x3F, 0xE0, 0x1F, 0xF0, 0x0F, 0xF8,
  0x07, 0xFC, 0x03, 0xFE, 0x01, 0xFF, 0xFF, 0xFF, 0xFF, 0xFF, 0xFF, 0xFF,
  0xFF, 0xFF, 0xFF, 0xFF, 0xFF, 0xFF, 0xFF, 0xFF, 0xFF, 0xFF, 0xFF, 0xFF,
  0xFF, 0xFF, 0xFF, 0xFF, 0xFF, 0xFF, 0xFF, 0xFF, 0xFF, 0xFF, 0xFF, 0xFF,
  0x80, 0x7F, 0xC0, 0x3F, 0xE0, 0x1F, 0xF0, 0x0F, 0xF8, 0x07, 0xFC, 0x03,
  0xFE, 0x01, 0xFF, 0x80, 0x7F, 0xC0, 0x3F, 0xE0, 0x1F, 0xF0, 0x0F, 0xF8,
  0x07, 0xFC, 0x03, 0xFE, 0x01, 0xFF, 0xFF, 0xFF, 0xFF, 0xFF, 0xFF, 0xFF,
  0xFF, 0xFF, 0xFF, 0xFF, 0xFF, 0xFF, 0xFF, 0xFF, 0xFF, 0xFF, 0xFF, 0xFF,
  0xFF, 0xFF, 0xFF, 0xFF, 0xFF, 0xFF, 0xFF, 0xFF, 0xFF, 0xFF, 0xFF, 0xFF,
  0x00, 0x80, 0x1F, 0x00, 0xE0, 0xEF, 0xF7, 0x07, 0x00, 0xF8, 0x01, 0x00,
  0xFE, 0x7E, 0x7F, 0x00, 0x80, 0x1F, 0x00, 0xE0, 0xEF, 0xF7, 0x07, 0x00,
  0xF8, 0x01, 0x00, 0xFE, 0x7E, 0x7F, 0x00, 0x80, 0x1F, 0x00, 0xE0, 0xEF,
  0xF7, 0x07, 0x00, 0xF8, 0x01, 0x00, 0xFE, 0x7E, 0x7F, 0x00, 0x80, 0x1F,
  0x00, 0xE0, 0xEF, 0xF7, 0x07, 0x00, 0xF8, 0x01, 0x00, 0xFE, 0x7E, 0x7F,
  0x00, 0x80, 0x1F, 0x00, 0xE0, 0xEF, 0xF7, 0x07, 0x00, 0xF8, 0x01, 0x00,
  0xFE, 0x7E, 0x7F, 0x00, 0x80, 0x1F, 0x00, 0xE0, 0xEF, 0xF7, 0x07, 0x00,
  0xF8, 0x01, 0x00, 0xFE, 0x7E, 0x7F, 0x00, 0x80, 0x1F, 0x00, 0xE0, 0xEF,
  0xF7, 0x07, 0x00, 0xF8, 0x01, 0x00, 0xFE, 0x7E, 0x7F, 0x00, 0x80, 0x1F,
  0x00, 0xE0, 0xEF, 0xF7, 0x07, 0x00, 0xF8, 0x01, 0x00, 0xFE, 0x7E, 0x7F,
  0x00, 0x80, 0x1F, 0x00, 0xE0, 0xEF, 0xF7, 0x07, 0x00, 0xF8, 0x01, 0x00,
  0xFE, 0x7E, 0x7F, 0x00, 0x80, 0x1F, 0x00, 0xE0, 0xEF, 0xF7, 0x07, 0x00,
  0xF8, 0x01, 0x00, 0xFE, 0x7E, 0x7F, 0x00, 0x80, 0x1F, 0x00, 0xE0, 0xEF,
  0xF7, 0x07, 0x00, 0xF8, 0x01, 0x00, 0xFE, 0x7E, 0x7F, 0x00, 0x80, 0x1F,
  0x00, 0xE0, 0xEF, 0xF7, 0x07, 0x00, 0xF8, 0x01, 0x00, 0xFE, 0x7E, 0x7F,
  0x00, 0x80, 0x1F, 0x00, 0xE0, 0xEF, 0xF7, 0x07, 0x00, 0xF8, 0x01, 0x00,
  0xFE, 0x7E, 0x7F, 0x00, 0x80, 0x1F, 0x00, 0xE0, 0xEF, 0xF7, 0x07, 0x00,
  0xF8, 0x01, 0x00, 0xFE, 0x7E, 0x7F, 0x00, 0x80, 0x1F, 0x00, 0xE0, 0xEF,
  0xF7, 0x07, 0x00, 0xF8, 0x01, 0x00, 0xFE, 0x7E, 0x7F, 0x00, 0x80, 0x1F,
  0x00, 0xE0, 0xEF, 0xF7, 0x07, 0x00, 0xF8, 0x01, 0x00, 0xFE, 0x7E, 0x7F,
  0x00, 0x00, 0x00, 0x00, 0x00, 0x00, 0x00, 0x00, 0x00, 0x00, 0x00, 0x00,
  0x00, 0x00, 0x00, 0x00, 0x00, 0x00, 0x00, 0x00, 0x00, 0x00, 0x00, 0x00,
  0x00, 0x00, 0x00, 0x00, 0x00, 0x00, 0x00, 0x00, 0x00, 0x00, 0x00, 0x00,
  0x00, 0x00, 0x00, 0x00, 0x00, 0x00, 0x00, 0x00, 0x00, 0x00, 0x00, 0x00,
  0x00, 0x00, 0x00, 0x00, 0x00, 0x00, 0x00, 0x00, 0x00, 0x00, 0x00, 0x00,
  0x00, 0x00, 0x00, 0x00, 0x00, 0x00, 0x00, 0x00, 0x00, 0x00, 0x00, 0x00,
  0x00, 0x00, 0x00, 0x00, 0x00, 0x00, 0x00, 0x00, 0x00, 0x00, 0x00, 0x00,
  0x00, 0x00, 0x00, 0x00, 0x00, 0x00, 0x00, 0x00, 0x00, 0x00, 0x00, 0x00,
  0x00, 0x00, 0x00, 0x00, 0x00, 0x00, 0x00, 0x00, 0x00, 0x00, 0x00, 0x00,
  0x00, 0x00, 0x00, 0x00, 0x00, 0x00, 0x00, 0x00, 0x00, 0x00, 0x00, 0x00,
  0x00, 0x00, 0x00, 0x00, 0x00, 0x00, 0x00, 0xF0, 0x03, 0xF8, 0x01, 0xFC,
  0x00, 0x7E, 0x00, 0x80, 0x3F, 0xC0, 0x1F, 0xE0, 0x0F, 0xF0, 0xF7, 0xFB,
  0xFB, 0xFD, 0xFD, 0xFE, 0x7E, 0x7F, 0x00, 0x00, 0x00, 0x00, 0x00, 0x00,
  0x00, 0xF0, 0x03, 0xF8, 0x01, 0xFC, 0x00, 0x7E, 0x00, 0x80, 0x3F, 0xC0,
  0x1F, 0xE0, 0x0F, 0xF0, 0xF7, 0xFB, 0xFB, 0xFD, 0xFD, 0xFE, 0x7E, 0x7F,
  0x00, 0x00, 0x00, 0x00, 0x00, 0x00, 0x00, 0xF0, 0x03, 0xF8, 0x01, 0xFC,
  0x00, 0x7E, 0x00, 0x80, 0x3F, 0xC0, 0x1F, 0xE0, 0x0F, 0xF0, 0xF7, 0xFB,
  0xFB, 0xFD, 0xFD, 0xFE, 0x7E, 0x7F, 0x00, 0x00, 0x00, 0x00, 0x00, 0x00,
  0x00, 0xF0, 0x03, 0xF8, 0x01, 0xFC, 0x00, 0x7E, 0x00, 0x80, 0x3F, 0xC0,
  0x1F, 0xE0, 0x0F, 0xF0, 0xF7, 0xFB, 0xFB, 0xFD, 0xFD, 0xFE, 0x7E, 0x7F,
  0x00, 0x00, 0x00, 0x00, 0x00, 0x00, 0x00, 0xF0, 0x03, 0xF8, 0x01, 0xFC,
  0x00, 0x7E, 0x00, 0x80, 0x3F, 0xC0, 0x1F, 0xE0, 0x0F, 0xF0, 0xF7, 0xFB,
  0xFB, 0xFD, 0xFD, 0xFE, 0x7E, 0x7F, 0x00, 0x00, 0x00, 0x00, 0x00, 0x00,
  0x00, 0xF0, 0x03, 0xF8, 0x01, 0xFC, 0x00, 0x7E, 0x00, 0x80, 0x3F, 0xC0,
  0x1F, 0xE0, 0x0F, 0xF0, 0xF7, 0xFB, 0xFB, 0xFD, 0xFD, 0xFE, 0x7E, 0x7F,
  0x00, 0x00, 0x00, 0x00, 0x00, 0x00, 0x00, 0xF0, 0x03, 0xF8, 0x01, 0xFC,
  0x00, 0x7E, 0x00, 0x80, 0x3F, 0xC0, 0x1F, 0xE0, 0x0F, 0xF0, 0xF7, 0xFB,
  0xFB, 0xFD, 0xFD, 0xFE, 0x7E, 0x7F, 0x00, 0x00, 0x00, 0x00, 0x00, 0x00,
  0x00, 0xF0, 0x03, 0xF8, 0x01, 0xFC, 0x00, 0x7E, 0x00, 0x80, 0x3F, 0xC0,
  0x1F, 0xE0, 0x0F, 0xF0, 0xF7, 0xFB, 0xFB, 0xFD, 0xFD, 0xFE, 0x7E, 0x7F,
  0x00, 0x00, 0x00, 0x00, 0x00, 0x00, 0x00, 0xF0, 0x03, 0xF8, 0x01, 0xFC,
  0x00, 0x7E, 0x00, 0x80, 0x3F, 0xC0, 0x1F, 0xE0, 0x0F, 0xF0, 0xF7, 0xFB,
  0xFB, 0xFD, 0xFD, 0xFE, 0x7E, 0x7F, 0x00, 0x00, 0x00, 0x00, 0x00, 0x00,
  0x00, 0xF0, 0x03, 0xF8, 0x01, 0xFC, 0x00, 0x7E, 0x00, 0x80, 0x3F, 0xC0,
  0x1F, 0xE0, 0x0F, 0xF0, 0xF7, 0xFB, 0xFB, 0xFD, 0xFD, 0xFE, 0x7E, 0x7F,
  0x00, 0x00, 0x00, 0x00, 0x00, 0x00, 0x00, 0x00, 0x00, 0x00, 0x00, 0x00,
  0x00, 0x00, 0x00, 0x00, 0x00, 0x00, 0x00, 0x00, 0x00, 0x00, 0x00, 0x00,
  0x00, 0x00, 0x00, 0x00, 0x00, 0x00, 0x00, 0x00, 0x00, 0x00, 0x00, 0x00,
  0x00, 0x00, 0x00, 0x00, 0x00, 0x00, 0x00, 0x00, 0x00, 0x00, 0x00, 0x00,
  0x00, 0x00, 0x00, 0x00, 0x00, 0x00, 0x00, 0x00, 0x00, 0x00, 0x00, 0x00,
  0x00, 0x00, 0x00, 0x00, 0x00, 0x00, 0x00, 0x00, 0x00, 0x00, 0x00, 0x00,
  0x00, 0x00, 0x00, 0x00, 0x00, 0x00, 0x00, 0x00, 0x00, 0x00, 0x00, 0x00,
  0x00, 0x00, 0x00, 0x00, 0x00, 0x00, 0x00, 0x00, 0x00, 0x00, 0x00, 0x00,
  0x00, 0x00, 0x00, 0x00, 0x00, 0x00, 0x00, 0x00, 0x00, 0x00, 0x00, 0x00,
  0x00, 0x00, 0x00, 0x00, 0x00, 0x00, 0x00, 0x00, 0x00, 0x00, 0x00, 0x00,
  0x80, 0x3F, 0xC0, 0x1F, 0xE0, 0x0F, 0xF0, 0x07, 0xF8, 0x03, 0xFC, 0x01,
  0xFE, 0x00, 0x7F, 0x80, 0x3F, 0xC0, 0x1F, 0xE0, 0x0F, 0xF0, 0x07, 0xF8,
  0x03, 0xFC, 0x01, 0xFE, 0x00, 0x7F, 0xBF, 0xBF, 0xDF, 0xDF, 0xEF, 0xEF,
  0xF7, 0xF7, 0xFB, 0xFB, 0xFD, 0xFD, 0xFE, 0x7E, 0x7F, 0xBF, 0xBF, 0xDF,
  0xDF, 0xEF, 0xEF, 0xF7, 0xF7, 0xFB, 0xFB, 0xFD, 0xFD, 0xFE, 0x7E, 0x7F,
  0x80, 0x3F, 0xC0, 0x1F, 0xE0, 0x0F, 0xF0, 0x07, 0xF8, 0x03, 0xFC, 0x01,
  0xFE, 0x00, 0x7F, 0x80, 0x3F, 0xC0, 0x1F, 0xE0, 0x0F, 0xF0, 0x07, 0xF8,
  0x03, 0xFC, 0x01, 0xFE, 0x00, 0x7F, 0xBF, 0xBF, 0xDF, 0xDF, 0xEF, 0xEF,
  0xF7, 0xF7, 0xFB, 0xFB, 0xFD, 0xFD, 0xFE, 0x7E, 0x7F, 0xBF, 0xBF, 0xDF,
  0xDF, 0xEF, 0xEF, 0xF7, 0xF7, 0xFB, 0xFB, 0xFD, 0xFD, 0xFE, 0x7E, 0x7F,
  0x80, 0x3F, 0xC0, 0x1F, 0xE0, 0x0F, 0xF0, 0x07, 0xF8, 0x03, 0xFC, 0x01,
  0xFE, 0x00, 0x7F, 0x80, 0x3F, 0xC0, 0x1F, 0xE0, 0x0F, 0xF0, 0x07, 0xF8,
  0x03, 0xFC, 0x01, 0xFE, 0x00, 0x7F, 0xBF, 0xBF, 0xDF, 0xDF, 0xEF, 0xEF,
  0xF7, 0xF7, 0xFB, 0xFB, 0xFD, 0xFD, 0xFE, 0x7E, 0x7F, 0xBF, 0xBF, 0xDF,
  0xDF, 0xEF, 0xEF, 0xF7, 0xF7, 0xFB, 0xFB, 0xFD, 0xFD, 0xFE, 0x7E, 0x7F,
  0x80, 0x3F, 0xC0, 0x1F, 0xE0, 0x0F, 0xF0, 0x07, 0xF8, 0x03, 0xFC, 0x01,
  0xFE, 0x00, 0x7F, 0x80, 0x3F, 0xC0, 0x1F, 0xE0, 0x0F, 0xF0, 0x07, 0xF8,
  0x03, 0xFC, 0x01, 0xFE, 0x00, 0x7F, 0xBF, 0xBF, 0xDF, 0xDF, 0xEF, 0xEF,
  0xF7, 0xF7, 0xFB, 0xFB, 0xFD, 0xFD, 0xFE, 0x7E, 0x7F, 0xBF, 0xBF, 0xDF,
  0xDF, 0xEF, 0xEF, 0xF7, 0xF7, 0xFB, 0xFB, 0xFD, 0xFD, 0xFE, 0x7E, 0x7F,
  0x00, 0x00, 0x00, 0x00, 0x00, 0x00, 0x00, 0x00, 0x00, 0x00, 0x00, 0x00,
  0x00, 0x00, 0x00, 0x00, 0x00, 0x00, 0x00, 0x00, 0x00, 0x00, 0x00, 0x00,
  0x00, 0x00, 0x00, 0x00, 0x00, 0x00, 0x00, 0x00, 0x00, 0x00, 0x00, 0x00,
  0x00, 0x00, 0x00, 0x00, 0x00, 0x00, 0x00, 0x00, 0x00, 0x00, 0x00, 0x00,
  0x00, 0x00, 0x00, 0x00, 0x00, 0x00, 0x00, 0x00, 0x00, 0x00, 0x00, 0x00,
  0x00, 0x00, 0x00, 0x00, 0x00, 0x00, 0x00, 0x00, 0x00, 0x00, 0x00, 0x00,
  0x00, 0x00, 0x00, 0x00, 0x00, 0x00, 0x00, 0x00, 0x00, 0x00, 0x00, 0x00,
  0x00, 0x00, 0x00, 0x00, 0x00, 0x00, 0x00, 0x00, 0x00, 0x00, 0x00, 0x00,
  0x00, 0x00, 0x00, 0x00, 0x00, 0x00, 0x00, 0x00, 0x00, 0x00, 0x00, 0x00,
  0x00, 0x00, 0x00, 0x00, 0x00, 0x00, 0x00, 0x00, 0x00, 0x00, 0x00, 0x00,
  0x00, 0x00, 0x00, 0x00, 0x00, 0x00, 0x00, 0x00, 0x00, 0x08, 0x00, 0x00,
  0xFF, 0x01, 0xE0, 0x80, 0x7F, 0x00, 0x20, 0xE0, 0x1F, 0x00, 0xE0, 0xFF,
  0x0F, 0x00, 0x72, 0x00, 0xC6, 0x18, 0x00, 0x00, 0x00, 0x00, 0x00, 0x00,
  0x00, 0x00, 0x00, 0x00, 0x00, 0xFE, 0x07, 0x06, 0x00, 0x7F, 0x80, 0x00,
  0xC0, 0x1F, 0x00, 0x00, 0xF0, 0xFF, 0xFB, 0xFF, 0x03, 0x30, 0xFE, 0xFF,
  0x00, 0x00, 0x00, 0x00, 0x00, 0x00, 0x00, 0x00, 0x00, 0x08, 0x00, 0x00,
  0xFF, 0x01, 0xE0, 0x80, 0x7F, 0x00, 0x20, 0xE0, 0x1F, 0x00, 0xE0, 0xFF,
  0x0F, 0x00, 0x72, 0x00, 0xC6, 0x18, 0x00, 0x00, 0x00, 0x00, 0x00, 0x00,
  0x00, 0x00, 0x00, 0x00, 0x00, 0xFE, 0x07, 0x06, 0x00, 0x7F, 0x80, 0x00,
  0xC0, 0x1F, 0x00, 0x00, 0xF0, 0xFF, 0xFB, 0xFF, 0x03, 0x30, 0xFE, 0xFF,
  0x00, 0x00, 0x00, 0x00, 0x00, 0x00, 0x00, 0x10, 0x00, 0x18, 0x00, 0xC0,
  0xFF, 0x01, 0xFF, 0xC0, 0x7F, 0x00, 0x3C, 0xF0, 0x1F, 0x00, 0xC0, 0xFF,
  0x1F, 0x80, 0x73, 0x00, 0x38, 0xE7, 0x00, 0x00, 0x00, 0x00, 0x00, 0x00,
  0x00, 0x00, 0x00, 0x04, 0x80, 0xFF, 0x1F, 0xFE, 0x00, 0xFF, 0x81, 0x07,
  0xC0, 0x7F, 0x00, 0x00, 0xF0, 0xFF, 0xF8, 0xFF, 0x03, 0x30, 0xFE, 0xFF,
  0x00, 0x00, 0x00, 0x00, 0x00, 0x00, 0x00, 0x10, 0x00, 0x18, 0x00, 0xC0,
  0xFF, 0x01, 0xFF, 0xC0, 0x7F, 0x00, 0x3C, 0xF0, 0x1F, 0x00, 0xC0, 0xFF,
  0x1F, 0x80, 0x73, 0x00, 0x38, 0xE7, 0x00, 0x00, 0x00, 0x00, 0x00, 0x00,
  0x00, 0x00, 0x00, 0x04, 0x80, 0xFF, 0x1F, 0xFE, 0x00, 0xFF, 0x81, 0x07,
  0xC0, 0x7F, 0x00, 0x00, 0xF0, 0xFF, 0xF8, 0xFF, 0x03, 0x30, 0xFE, 0xFF,
  0x00, 0x00, 0x00, 0x00, 0x00, 0x00, 0x00, 0x10, 0x00, 0x78, 0x00, 0xF8,
  0xFF, 0xE1, 0xFF, 0xE0, 0x7F, 0x00, 0x3F, 0xF0, 0x1F, 0x00, 0x00, 0xFF,
  0x7F, 0xC0, 0x73, 0x00, 0xC6, 0x18, 0x00, 0x00, 0x00, 0x00, 0x00, 0x00,
  0x00, 0x00, 0x00, 0x04, 0xC0, 0xFF, 0xFF, 0xFE, 0x0F, 0xFF, 0x83, 0x1F,
  0xC0, 0x7F, 0x00, 0x00, 0xF0, 0x7F, 0xF8, 0xFF, 0x03, 0x30, 0xFE, 0xFF,
  0x00, 0x00, 0x00, 0x00, 0x00, 0x00, 0x00, 0x10, 0x00, 0x78, 0x00, 0xF8,
  0xFF, 0xE1, 0xFF, 0xE0, 0x7F, 0x00, 0x3F, 0xF0, 0x1F, 0x00, 0x00, 0xFF,
  0x7F, 0xC0, 0x73, 0x00, 0xC6, 0x18, 0x00, 0x00, 0x00, 0x00, 0x00, 0x00,
  0x00, 0x00, 0x00, 0x04, 0xC0, 0xFF, 0xFF, 0xFE, 0x0F, 0xFF, 0x83, 0x1F,
  0xC0, 0x7F, 0x00, 0x00, 0xF0, 0x7F, 0xF8, 0xFF, 0x03, 0x30, 0xFE, 0xFF,
  0x00, 0x00, 0x00, 0x00, 0x00, 0x00, 0x00, 0x30, 0x00, 0xF8, 0x00, 0xFC,
  0xFF, 0xFF, 0xFF, 0xF0, 0x7F, 0xC0, 0x3F, 0xF8, 0x1F, 0x00, 0x08, 0xFE,
  0xFF, 0xE0, 0x73, 0x00, 0x38, 0xE7, 0x00, 0x00, 0x00, 0x00, 0x00, 0x00,
  0x00, 0x00, 0x00, 0x07, 0xE0, 0xFF, 0xFF, 0xFF, 0xFF, 0xFF, 0x87, 0xFF,
  0xC0, 0xFF, 0x20, 0x00, 0xF0, 0x3F, 0xF8, 0xFF, 0x03, 0x30, 0xFE, 0xFF,
  0x00, 0x00, 0x00, 0x00, 0x00, 0x00, 0x00, 0x30, 0x00, 0xF8, 0x00, 0xFC,
  0xFF, 0xFF, 0xFF, 0xF0, 0x7F, 0xC0, 0x3F, 0xF8, 0x1F, 0x00, 0x08, 0xFE,
  0xFF, 0xE0, 0x73, 0x00, 0x38, 0xE7, 0x00, 0x00, 0x00, 0x00, 0x00, 0x00,
  0x00, 0x00, 0x00, 0x07, 0xE0, 0xFF, 0xFF, 0xFF, 0xFF, 0xFF, 0x87, 0xFF,
  0xC0, 0xFF, 0x20, 0x00, 0xF0, 0x3F, 0xF8, 0xFF, 0x03, 0x30, 0xFE, 0xFF,
  0x00, 0x00, 0x00, 0x40, 0x00, 0x20, 0x00, 0xF0, 0x00, 0xF8, 0x01, 0xFC,
  0xFF, 0xFF, 0xFF, 0xFC, 0x7F, 0xF0, 0x3F, 0xFC, 0x1F, 0x80, 0x0F, 0xFC,
  0xFF, 0xF1, 0x73, 0x00, 0xC6, 0x18, 0x00, 0x00, 0x00, 0x00, 0x00, 0x10,
  0x00, 0x08, 0x80, 0x07, 0xF0, 0xFF, 0xFF, 0xFF, 0xFF, 0xFF, 0x8F, 0xFF,
  0xC3, 0xFF, 0xE1, 0x03, 0xF0, 0x1F, 0xF8, 0xFF, 0x03, 0x30, 0xFE, 0xFF,
  0x00, 0x00, 0x00, 0xC0, 0x00, 0xE0, 0x01, 0xF0, 0x00, 0xF8, 0x0F, 0xFC,
  0xFF, 0xFF, 0xFF, 0xFE, 0x7F, 0xFE, 0x3F, 0xFC, 0x1F, 0xFC, 0x0F, 0xFC,
  0xFF, 0xFF, 0x73, 0x00, 0x38, 0xE7, 0x00, 0x00, 0x00, 0x00, 0x00, 0x1C,
  0x00, 0x0F, 0x80, 0x07, 0xFE, 0xFF, 0xFF, 0xFF, 0xFF, 0xFF, 0xBF, 0xFF,
  0xDF, 0xFF, 0xE1, 0x7F, 0xF0, 0x1F, 0xF8, 0xF1, 0x03, 0x30, 0xFE, 0xFF,
  0x00, 0x00, 0x00, 0xC0, 0x00, 0xE0, 0x01, 0xF0, 0x00, 0xF8, 0x0F, 0xFC,
  0xFF, 0xFF, 0xFF, 0xFE, 0x7F, 0xFE, 0x3F, 0xFC, 0x1F, 0xFC, 0x0F, 0xFC,
  0xFF, 0xFF, 0x73, 0x00, 0x38, 0xE7, 0x00, 0x00, 0x00, 0x00, 0x00, 0x1C,
  0x00, 0x0F, 0x80, 0x07, 0xFE, 0xFF, 0xFF, 0xFF, 0xFF, 0xFF, 0xBF, 0xFF,
  0xDF, 0xFF, 0xE1, 0x7F, 0xF0, 0x1F, 0xF8, 0xF1, 0x03, 0x30, 0xFE, 0xFF,
  0x00, 0x00, 0x00, 0xC0, 0x03, 0xE0, 0x07, 0xF0, 0x01, 0xF8, 0x1F, 0xFC,
  0xFF, 0xFF, 0xFF, 0xFF, 0xFF, 0xFF, 0x3F, 0xFF, 0xDF, 0xFF, 0x0F, 0xFE,
  0xFF, 0xFF, 0x73, 0x00, 0xC6, 0x18, 0x00, 0x00, 0x00, 0x00, 0x00, 0x1E,
  0xC0, 0x0F, 0xC0, 0x07, 0xFF, 0xFF, 0xFF, 0xFF, 0xFF, 0xFF, 0xFF, 0xFF,
  0xFF, 0xFF, 0xE3, 0xFF, 0xF7, 0x3F, 0xF8, 0xE0, 0x03, 0x30, 0xFE, 0xFF,
  0x00, 0x00, 0x00, 0xC0, 0x03, 0xE0, 0x07, 0xF0, 0x01, 0xF8, 0x1F, 0xFC,
  0xFF, 0xFF, 0xFF, 0xFF, 0xFF, 0xFF, 0x3F, 0xFF, 0xDF, 0xFF, 0x0F, 0xFE,
  0xFF, 0xFF, 0x73, 0x00, 0xC6, 0x18, 0x00, 0x00, 0x00, 0x00, 0x00, 0x1E,
  0xC0, 0x0F, 0xC0, 0x07, 0xFF, 0xFF, 0xFF, 0xFF, 0xFF, 0xFF, 0xFF, 0xFF,
  0xFF, 0xFF, 0xE3, 0xFF, 0xF7, 0x3F, 0xF8, 0xE0, 0x03, 0x30, 0xFE, 0xFF,
  0x03, 0x80, 0x07, 0xC0, 0x07, 0xE0, 0x3F, 0xF0, 0x01, 0xF8, 0x3F, 0xFC,
  0xFF, 0xFF, 0xFF, 0xFF, 0xFF, 0xFF, 0x3F, 0xFF, 0xFF, 0xFF, 0x0F, 0xFF,
  0xFF, 0xFF, 0x73, 0x00, 0x38, 0xE7, 0x00, 0x40, 0x00, 0x3C, 0x00, 0x1F,
  0xF8, 0x0F, 0xC0, 0x87, 0xFF, 0xFF, 0xFF, 0xFF, 0xFF, 0xFF, 0xFF, 0xFF,
  0xFF, 0xFF, 0xE3, 0xFF, 0xFF, 0x7F, 0x78, 0xC0, 0x03, 0x30, 0xFE, 0xFF,
  0x03, 0x80, 0x07, 0xC0, 0x07, 0xE0, 0x3F, 0xF0, 0x01, 0xF8, 0x3F, 0xFC,
  0xFF, 0xFF, 0xFF, 0xFF, 0xFF, 0xFF, 0x3F, 0xFF, 0xFF, 0xFF, 0x0F, 0xFF,
  0xFF, 0xFF, 0x73, 0x00, 0x38, 0xE7, 0x00, 0x40, 0x00, 0x3C, 0x00, 0x1F,
  0xF8, 0x0F, 0xC0, 0x87, 0xFF, 0xFF, 0xFF, 0xFF, 0xFF, 0xFF, 0xFF, 0xFF,
  0xFF, 0xFF, 0xE3, 0xFF, 0xFF, 0x7F, 0x78, 0xC0, 0x03, 0x30, 0xFE, 0xFF,
  0x0F, 0x80, 0x3F, 0xC0, 0x0F, 0xE0, 0xFF, 0xF0, 0x03, 0xF8, 0x7F, 0xFC,
  0xFF, 0xFF, 0xFF, 0xFF, 0xFF, 0xFF, 0xBF, 0xFF, 0xFF, 0xFF, 0xCF, 0xFF,
  0xFF, 0xFF, 0x73, 0x00, 0xC6, 0x18, 0x00, 0x78, 0xC0, 0x3F, 0x80, 0x1F,
  0xFE, 0x0F, 0xE0, 0xE7, 0xFF, 0xFF, 0xFF, 0xFF, 0xFF, 0xFF, 0xFF, 0xFF,
  0xFF, 0xFF, 0xEF, 0xFF, 0xFF, 0xFF, 0x18, 0x80, 0x03, 0x30, 0xFE, 0xFF,
  0x0F, 0x80, 0x3F, 0xC0, 0x0F, 0xE0, 0xFF, 0xF0, 0x03, 0xF8, 0x7F, 0xFC,
  0xFF, 0xFF, 0xFF, 0xFF, 0xFF, 0xFF, 0xBF, 0xFF, 0xFF, 0xFF, 0xCF, 0xFF,
  0xFF, 0xFF, 0x73, 0x00, 0xC6, 0x18, 0x00, 0x78, 0xC0, 0x3F, 0x80, 0x1F,
  0xFE, 0x0F, 0xE0, 0xE7, 0xFF, 0xFF, 0xFF, 0xFF, 0xFF, 0xFF, 0xFF, 0xFF,
  0xFF, 0xFF, 0xEF, 0xFF, 0xFF, 0xFF, 0x18, 0x80, 0x03, 0x30, 0xFE, 0xFF,
  0x3F, 0x80, 0xFF, 0xC7, 0x1F, 0xE0, 0xFF, 0xF7, 0x07, 0xF8, 0xFF, 0xFD,
  0xFF, 0xFF, 0xFF, 0xFF, 0xFF, 0xFF, 0xFF, 0xFF, 0xFF, 0xFF, 0xEF, 0xFF,
  0xFF, 0xFF, 0x73, 0x00, 0x38, 0xE7, 0x00, 0x7E, 0xFE, 0x3F, 0xE0, 0xDF,
  0xFF, 0x0F, 0xF8, 0xF7, 0xFF, 0xFF, 0xFF, 0xFF, 0xFF, 0xFF, 0xFF, 0xFF,
  0xFF, 0xFF, 0xFF, 0xFF, 0xFF, 0xFF, 0x0B, 0x00, 0x02, 0x30, 0xFE, 0xFF,
  0x3F, 0x80, 0xFF, 0xC7, 0x1F, 0xE0, 0xFF, 0xF7, 0x07, 0xF8, 0xFF, 0xFD,
  0xFF, 0xFF, 0xFF, 0xFF, 0xFF, 0xFF, 0xFF, 0xFF, 0xFF, 0xFF, 0xEF, 0xFF,
  0xFF, 0xFF, 0x73, 0x00, 0x38, 0xE7, 0x00, 0x7E, 0xFE, 0x3F, 0xE0, 0xDF,
  0xFF, 0x0F, 0xF8, 0xF7, 0xFF, 0xFF, 0xFF, 0xFF, 0xFF, 0xFF, 0xFF, 0xFF,
  0xFF, 0xFF, 0xFF, 0xFF, 0xFF, 0xFF, 0x0B, 0x00, 0x02, 0x30, 0xFE, 0xFF,
  0xC0, 0x01, 0x00, 0x00, 0x70, 0x00, 0x38, 0x00, 0x1E, 0x00, 0x1E, 0x00,
  0x00, 0xC0, 0x07, 0xE0, 0x01, 0xE0, 0x01, 0x00, 0x00, 0x00, 0x00, 0x1C,
  0x00, 0x00, 0x00, 0x00, 0x00, 0x00, 0xC0, 0x01, 0x00, 0x00, 0x00, 0x00,
  0x00, 0x00, 0x1C, 0x00, 0x0E, 0x00, 0x07, 0x80, 0x03, 0x00, 0x00, 0xE0,
  0x00, 0x70, 0x00, 0x00, 0x00, 0x00, 0x00, 0x00, 0x00, 0x00, 0x00, 0x00,
  0xC0, 0x01, 0x00, 0x00, 0x70, 0x00, 0x38, 0x00, 0x1E, 0x00, 0x1E, 0x00,
  0x00, 0xC0, 0x07, 0xE0, 0x01, 0xE0, 0x01, 0x00, 0x00, 0x00, 0x00, 0x1C,
  0x00, 0x00, 0x00, 0x00, 0x00, 0x00, 0xC0, 0x01, 0x00, 0x00, 0x00, 0x00,
  0x00, 0x00, 0x1C, 0x00, 0x0E, 0x00, 0x07, 0x80, 0x03, 0x00, 0x00, 0xE0,
  0x00, 0x70, 0x00, 0x00, 0x00, 0x00, 0x00, 0x00, 0x00, 0x00, 0x00, 0x00,
  0xC0, 0x01, 0x00, 0x00, 0x70, 0x00, 0x38, 0x00, 0x03, 0x00, 0x30, 0x00,
  0x00, 0x60, 0x0C, 0x30, 0x00, 0x00, 0x03, 0x00, 0x00, 0x00, 0x00, 0x1C,
  0x00, 0x00, 0xC0, 0x1F, 0xE0, 0x0F, 0xC0, 0x01, 0x00, 0x00, 0x00, 0x00,
  0x00, 0x00, 0x1C, 0x00, 0x0E, 0x00, 0x07, 0x80, 0x03, 0x00, 0x00, 0xE0,
  0x00, 0x70, 0x00, 0x00, 0x00, 0x00, 0x00, 0x0E, 0x00, 0x07, 0x00, 0x00,
  0xC0, 0x01, 0x00, 0x00, 0x70, 0x00, 0x38, 0x00, 0x03, 0x00, 0x30, 0x00,
  0x00, 0x60, 0x0C, 0x30, 0x00, 0x00, 0x03, 0x00, 0x00, 0x00, 0x00, 0x1C,
  0x00, 0x00, 0xC0, 0x1F, 0xE0, 0x0F, 0xC0, 0x01, 0x00, 0x00, 0x00, 0x00,
  0x00, 0x00, 0x1C, 0x00, 0x0E, 0x00, 0x07, 0x80, 0x03, 0x00, 0x00, 0xE0,
  0x00, 0x70, 0x00, 0x00, 0x00, 0x00, 0x00, 0x0E, 0x00, 0x07, 0x00, 0x00,
  0xC0, 0x01, 0x00, 0x00, 0x70, 0x00, 0x38, 0xC0, 0x01, 0x00, 0x60, 0x00,
  0x00, 0x38, 0x18, 0x1C, 0x00, 0x00, 0x06, 0x00, 0x00, 0x00, 0x00, 0x1C,
  0x00, 0x00, 0xF8, 0xFF, 0x3C, 0x78, 0xC0, 0x01, 0x00, 0x00, 0x00, 0x00,
  0x00, 0x00, 0x1C, 0x00, 0x0E, 0x00, 0x07, 0x80, 0x03, 0x00, 0x00, 0xE0,
  0x00, 0x70, 0x00, 0x0C, 0x00, 0x38, 0x00, 0x1F, 0x00, 0x07, 0x00, 0x00,
  0xC0, 0x01, 0x00, 0x00, 0x70, 0x00, 0x38, 0xC0, 0x01, 0x00, 0x60, 0x00,
  0x00, 0x38, 0x18, 0x1C, 0x00, 0x00, 0x06, 0x00, 0x00, 0x00, 0x00, 0x1C,
  0x00, 0x00, 0xF8, 0xFF, 0x3C, 0x78, 0xC0, 0x01, 0x00, 0x00, 0x00, 0x00,
  0x00, 0x00, 0x1C, 0x00, 0x0E, 0x00, 0x07, 0x80, 0x03, 0x00, 0x00, 0xE0,
  0x00, 0x70, 0x00, 0x0C, 0x00, 0x38, 0x00, 0x1F, 0x00, 0x07, 0x00, 0x00,
  0xFE, 0xFF, 0xFF, 0x3F, 0xF0, 0xFF, 0x3F, 0xE0, 0x00, 0x00, 0xC0, 0x01,
  0x00, 0x1C, 0x70, 0x0E, 0x00, 0x00, 0x1C, 0x00, 0x00, 0x00, 0xF0, 0xFF,
  0x07, 0x1F, 0xFC, 0xFF, 0x07, 0xE0, 0xC0, 0x01, 0x00, 0x00, 0x00, 0x00,
  0x00, 0x00, 0x1C, 0x00, 0x0E, 0x00, 0x07, 0x80, 0x03, 0x00, 0x00, 0xE0,
  0x00, 0x70, 0x00, 0x7C, 0x00, 0x3E, 0x80, 0x3F, 0x00, 0x07, 0x00, 0x00,
  0xFE, 0xFF, 0xFF, 0x3F, 0xF0, 0xFF, 0x3F, 0xE0, 0x00, 0x00, 0xC0, 0x01,
  0x00, 0x1C, 0x70, 0x0E, 0x00, 0x00, 0x1C, 0x00, 0x00, 0x00, 0xF0, 0xFF,
  0x07, 0x1F, 0xFC, 0xFF, 0x07, 0xE0, 0xC0, 0x01, 0x00, 0x00, 0x00, 0x00,
  0x00, 0x00, 0x1C, 0x00, 0x0E, 0x00, 0x07, 0x80, 0x03, 0x00, 0x00, 0xE0,
  0x00, 0x70, 0x00, 0x7C, 0x00, 0x3E, 0x80, 0x3F, 0x00, 0x07, 0x00, 0x00,
  0xFE, 0xFF, 0xFF, 0x3F, 0xF0, 0xFF, 0x3F, 0x30, 0x00, 0x00, 0x80, 0x07,
  0x00, 0x07, 0xE0, 0x03, 0x00, 0x00, 0x78, 0x00, 0x00, 0x00, 0xF8, 0xFF,
  0x87, 0x3F, 0xFC, 0xFF, 0x07, 0xE0, 0xC0, 0x81, 0xFF, 0x3F, 0xF0, 0xFF,
  0x3F, 0x00, 0xFC, 0xFF, 0x0F, 0x00, 0xFF, 0xFF, 0x03, 0xFF, 0xFF, 0xFF,
  0xFF, 0xFF, 0xFF, 0xFF, 0xC1, 0xFF, 0xE7, 0x7F, 0x00, 0x07, 0x00, 0x00,
  0xFE, 0xFF, 0xFF, 0x3F, 0xF0, 0xFF, 0x3F, 0x30, 0x00, 0x00, 0x80, 0x0F,
  0xC0, 0x03, 0x80, 0x01, 0x00, 0x00, 0xE0, 0x00, 0x00, 0x00, 0xFE, 0xFF,
  0x87, 0x3F, 0xFC, 0xFF, 0x07, 0xE0, 0xC0, 0x81, 0xFF, 0x3F, 0xF0, 0xFF,
  0x3F, 0x00, 0xFC, 0xFF, 0x0F, 0x00, 0xFF, 0xFF, 0x03, 0xFF, 0xFF, 0xFF,
  0xFF, 0xFF, 0xFF, 0xFF, 0xC1, 0xFF, 0x07, 0x0E, 0x00, 0x07, 0x00, 0x00,
  0xFE, 0xFF, 0xFF, 0x3F, 0xF0, 0xFF, 0x3F, 0x30, 0x00, 0x00, 0x80, 0x0F,
  0xC0, 0x03, 0x80, 0x01, 0x00, 0x00, 0xE0, 0x00, 0x00, 0x00, 0xFE, 0xFF,
  0x87, 0x3F, 0xFC, 0xFF, 0x07, 0xE0, 0xC0, 0x81, 0xFF, 0x3F, 0xF0, 0xFF,
  0x3F, 0x00, 0xFC, 0xFF, 0x0F, 0x00, 0xFF, 0xFF, 0x03, 0xFF, 0xFF, 0xFF,
  0xFF, 0xFF, 0xFF, 0xFF, 0xC1, 0xFF, 0x07, 0x0E, 0x00, 0x07, 0x00, 0x00,
  0xFE, 0xFF, 0xFF, 0x3F, 0xF0, 0xFF, 0x3F, 0xE0, 0x00, 0x00, 0xC0, 0x39,
  0xE0, 0x00, 0x00, 0x00, 0x00, 0x00, 0x80, 0x03, 0x00, 0x00, 0xF7, 0xFF,
  0x07, 0x1F, 0xFC, 0xFF, 0x07, 0xE0, 0xC0, 0x01, 0x00, 0x00, 0x70, 0x00,
  0x38, 0x00, 0x00, 0x00, 0x00, 0x00, 0x07, 0x80, 0x03, 0xC0, 0x01, 0x00,
  0x00, 0x70, 0x00, 0x7C, 0x00, 0x3E, 0x00, 0x0E, 0xF0, 0x3F, 0x00, 0x00,
  0xFE, 0xFF, 0xFF, 0x3F, 0xF0, 0xFF, 0x3F, 0xE0, 0x00, 0x00, 0xC0, 0x39,
  0xE0, 0x00, 0x00, 0x00, 0x00, 0x00, 0x80, 0x03, 0x00, 0x00, 0xF7, 0xFF,
  0x07, 0x1F, 0xFC, 0xFF, 0x07, 0xE0, 0xC0, 0x01, 0x00, 0x00, 0x70, 0x00,
  0x38, 0x00, 0x00, 0x00, 0x00, 0x00, 0x07, 0x80, 0x03, 0xC0, 0x01, 0x00,
  0x00, 0x70, 0x00, 0x7C, 0x00, 0x3E, 0x00, 0x0E, 0xF0, 0x3F, 0x00, 0x00,
  0x00, 0x00, 0xE0, 0x00, 0x70, 0x00, 0x38, 0xC0, 0x01, 0x00, 0x60, 0x70,
  0x30, 0x00, 0x00, 0x00, 0x00, 0x00, 0x00, 0x07, 0x00, 0x80, 0x01, 0x1C,
  0x00, 0x00, 0xF8, 0xFF, 0x3C, 0x78, 0xC0, 0x01, 0x00, 0x00, 0x70, 0x00,
  0x38, 0x00, 0x00, 0x00, 0x00, 0x00, 0x07, 0x80, 0x03, 0xC0, 0x01, 0x00,
  0x00, 0x70, 0x00, 0x0C, 0x00, 0x38, 0x00, 0x0E, 0xC0, 0x1F, 0x00, 0x00,
  0x00, 0x00, 0xE0, 0x00, 0x70, 0x00, 0x38, 0xC0, 0x01, 0x00, 0x60, 0x70,
  0x30, 0x00, 0x00, 0x00, 0x00, 0x00, 0x00, 0x07, 0x00, 0x80, 0x01, 0x1C,
  0x00, 0x00, 0xF8, 0xFF, 0x3C, 0x78, 0xC0, 0x01, 0x00, 0x00, 0x70, 0x00,
  0x38, 0x00, 0x00, 0x00, 0x00, 0x00, 0x07, 0x80, 0x03, 0xC0, 0x01, 0x00,
  0x00, 0x70, 0x00, 0x0C, 0x00, 0x38, 0x00, 0x0E, 0xC0, 0x1F, 0x00, 0x00,
  0x00, 0x00, 0xE0, 0x00, 0x70, 0x00, 0x38, 0x00, 0x03, 0x00, 0x30, 0xC0,
  0x18, 0x00, 0x00, 0x00, 0x00, 0x00, 0x00, 0x0C, 0x00, 0xC0, 0x00, 0x1C,
  0x00, 0x00, 0xC0, 0x1F, 0xE0, 0x0F, 0xC0, 0x01, 0x00, 0x00, 0x70, 0x00,
  0x38, 0x00, 0x00, 0x00, 0x00, 0x00, 0x07, 0x80, 0x03, 0xC0, 0x01, 0x00,
  0x00, 0x70, 0x00, 0x00, 0x00, 0x00, 0x00, 0x0E, 0x80, 0x0F, 0x00, 0x00,
  0x00, 0x00, 0xE0, 0x00, 0x70, 0x00, 0x38, 0x00, 0x03, 0x00, 0x30, 0xC0,
  0x18, 0x00, 0x00, 0x00, 0x00, 0x00, 0x00, 0x0C, 0x00, 0xC0, 0x00, 0x1C,
  0x00, 0x00, 0xC0, 0x1F, 0xE0, 0x0F, 0xC0, 0x01, 0x00, 0x00, 0x70, 0x00,
  0x38, 0x00, 0x00, 0x00, 0x00, 0x00, 0x07, 0x80, 0x03, 0xC0, 0x01, 0x00,
  0x00, 0x70, 0x00, 0x00, 0x00, 0x00, 0x00, 0x0E, 0x80, 0x0F, 0x00, 0x00,
  0x00, 0x00, 0xE0, 0x00, 0x70, 0x00, 0x38, 0x00, 0x1E, 0x00, 0x1E, 0x80,
  0x0F, 0x00, 0x00, 0x00, 0x00, 0x00, 0x00, 0x78, 0x00, 0x78, 0x00, 0x1C,
  0x00, 0x00, 0x00, 0x00, 0x00, 0x00, 0xC0, 0x01, 0x00, 0x00, 0x70, 0x00,
  0x38, 0x00, 0x00, 0x00, 0x00, 0x00, 0x07, 0x80, 0x03, 0xC0, 0x01, 0x00,
  0x00, 0x70, 0x00, 0x00, 0x00, 0x00, 0x00, 0x0E, 0x00, 0x07, 0x00, 0x00,
  0x00, 0x00, 0xE0, 0x00, 0x70, 0x00, 0x38, 0x00, 0x1E, 0x00, 0x1E, 0x80,
  0x0F, 0x00, 0x00, 0x00, 0x00, 0x00, 0x00, 0x78, 0x00, 0x78, 0x00, 0x1C,
  0x00, 0x00, 0x00, 0x00, 0x00, 0x00, 0xC0, 0x01, 0x00, 0x00, 0x70, 0x00,
  0x38, 0x00, 0x00, 0x00, 0x00, 0x00, 0x07, 0x80, 0x03, 0xC0, 0x01, 0x00,
  0x00, 0x70, 0x00, 0x00, 0x00, 0x00, 0x00, 0x0E, 0x00, 0x07, 0x00, 0x00,
  0xFF, 0xFF, 0xFF, 0xFF, 0xFF, 0xFF, 0xFF, 0xFF, 0xFF, 0xF7, 0xFF, 0xFF,
  0x00, 0xFE, 0x1F, 0x7F, 0x80, 0xFF, 0xDF, 0x1F, 0xE0, 0xFF, 0x1F, 0x00,
  0xF0, 0xFF, 0x01, 0x00, 0x00, 0x00, 0xFF, 0xFF, 0xFF, 0xFF, 0xFF, 0xFF,
  0xFF, 0xFF, 0xFF, 0xFF, 0xFF, 0x01, 0xF8, 0xF9, 0xFF, 0x80, 0x7F, 0xFF,
  0x3F, 0xE0, 0xFF, 0xFF, 0x0F, 0x00, 0x04, 0x00, 0x00, 0x00, 0x00, 0x00,
  0xFF, 0xFF, 0xFF, 0xFF, 0xFF, 0xFF, 0xFF, 0xFF, 0xFF, 0xF7, 0xFF, 0xFF,
  0x00, 0xFE, 0x1F, 0x7F, 0x80, 0xFF, 0xDF, 0x1F, 0xE0, 0xFF, 0x1F, 0x00,
  0xF0, 0xFF, 0x01, 0x00, 0x00, 0x00, 0xFF, 0xFF, 0xFF, 0xFF, 0xFF, 0xFF,
  0xFF, 0xFF, 0xFF, 0xFF, 0xFF, 0x01, 0xF8, 0xF9, 0xFF, 0x80, 0x7F, 0xFF,
  0x3F, 0xE0, 0xFF, 0xFF, 0x0F, 0x00, 0x04, 0x00, 0x00, 0x00, 0x00, 0x00,
  0xFF, 0xFF, 0xFF, 0xFF, 0xFF, 0xFF, 0xFF, 0xEF, 0xFF, 0xE7, 0xFF, 0x3F,
  0x00, 0xFE, 0x00, 0x3F, 0x80, 0xFF, 0xC3, 0x0F, 0xE0, 0xFF, 0x3F, 0x00,
  0xE0, 0x7F, 0x00, 0x00, 0x00, 0x00, 0xFF, 0xFF, 0xFF, 0xFF, 0xFF, 0xFF,
  0xFF, 0xFF, 0xFF, 0xFB, 0x7F, 0x00, 0xE0, 0x01, 0xFF, 0x00, 0x7E, 0xF8,
  0x3F, 0x80, 0xFF, 0xFF, 0x0F, 0x00, 0x07, 0x00, 0x00, 0x00, 0x00, 0x00,
  0xFF, 0xFF, 0xFF, 0xFF, 0xFF, 0xFF, 0xFF, 0xEF, 0xFF, 0xE7, 0xFF, 0x3F,
  0x00, 0xFE, 0x00, 0x3F, 0x80, 0xFF, 0xC3, 0x0F, 0xE0, 0xFF, 0x3F, 0x00,
  0xE0, 0x7F, 0x00, 0x00, 0x00, 0x00, 0xFF, 0xFF, 0xFF, 0xFF, 0xFF, 0xFF,
  0xFF, 0xFF, 0xFF, 0xFB, 0x7F, 0x00, 0xE0, 0x01, 0xFF, 0x00, 0x7E, 0xF8,
  0x3F, 0x80, 0xFF, 0xFF, 0x0F, 0x00, 0x07, 0x00, 0x00, 0x00, 0x00, 0x00,
  0xFF, 0xFF, 0xFF, 0xFF, 0xFF, 0xFF, 0xFF, 0xEF, 0xFF, 0x87, 0xFF, 0x07,
  0x00, 0x1E, 0x00, 0x1F, 0x80, 0xFF, 0xC0, 0x0F, 0xE0, 0xFF, 0xFF, 0x00,
  0x80, 0x3F, 0x00, 0x00, 0x00, 0x00, 0xFF, 0xFF, 0xFF, 0xFF, 0xFF, 0xFF,
  0xFF, 0xFF, 0xFF, 0xFB, 0x3F, 0x00, 0x00, 0x01, 0xF0, 0x00, 0x7C, 0xE0,
  0x3F, 0x80, 0xFF, 0xFF, 0x0F, 0x80, 0x07, 0x00, 0x00, 0x00, 0x00, 0x00,
  0xFF, 0xFF, 0xFF, 0xFF, 0xFF, 0xFF, 0xFF, 0xEF, 0xFF, 0x87, 0xFF, 0x07,
  0x00, 0x1E, 0x00, 0x1F, 0x80, 0xFF, 0xC0, 0x0F, 0xE0, 0xFF, 0xFF, 0x00,
  0x80, 0x3F, 0x00, 0x00, 0x00, 0x00, 0xFF, 0xFF, 0xFF, 0xFF, 0xFF, 0xFF,
  0xFF, 0xFF, 0xFF, 0xFB, 0x3F, 0x00, 0x00, 0x01, 0xF0, 0x00, 0x7C, 0xE0,
  0x3F, 0x80, 0xFF, 0xFF, 0x0F, 0x80, 0x07, 0x00, 0x00, 0x00, 0x00, 0x00,
  0xFF, 0xFF, 0xFF, 0xFF, 0xFF, 0xFF, 0xFF, 0xCF, 0xFF, 0x07, 0xFF, 0x03,
  0x00, 0x00, 0x00, 0x0F, 0x80, 0x3F, 0xC0, 0x07, 0xE0, 0xFF, 0xFF, 0x01,
  0x00, 0x1F, 0x00, 0x00, 0x00, 0x00, 0xFF, 0xFF, 0xFF, 0xFF, 0xFF, 0xFF,
  0xFF, 0xFF, 0xFF, 0xF8, 0x1F, 0x00, 0x00, 0x00, 0x00, 0x00, 0x78, 0x00,
  0x3F, 0x00, 0xDF, 0xFF, 0x0F, 0xC0, 0x07, 0x00, 0x00, 0x00, 0x00, 0x00,
  0xFF, 0xFF, 0xFF, 0xFF, 0xFF, 0xFF, 0xFF, 0xCF, 0xFF, 0x07, 0xFF, 0x03,
  0x00, 0x00, 0x00, 0x0F, 0x80, 0x3F, 0xC0, 0x07, 0xE0, 0xFF, 0xFF, 0x01,
  0x00, 0x1F, 0x00, 0x00, 0x00, 0x00, 0xFF, 0xFF, 0xFF, 0xFF, 0xFF, 0xFF,
  0xFF, 0xFF, 0xFF, 0xF8, 0x1F, 0x00, 0x00, 0x00, 0x00, 0x00, 0x78, 0x00,
  0x3F, 0x00, 0xDF, 0xFF, 0x0F, 0xC0, 0x07, 0x00, 0x00, 0x00, 0x00, 0x00,
  0xFF, 0xFF, 0xFF, 0xBF, 0xFF, 0xDF, 0xFF, 0x0F, 0xFF, 0x07, 0xFE, 0x03,
  0x00, 0x00, 0x00, 0x03, 0x80, 0x0F, 0xC0, 0x03, 0xE0, 0x7F, 0xF0, 0x03,
  0x00, 0x0E, 0x00, 0x00, 0x00, 0x00, 0xFF, 0xFF, 0xFF, 0xFF, 0xFF, 0xEF,
  0xFF, 0xF7, 0x7F, 0xF8, 0x0F, 0x00, 0x00, 0x00, 0x00, 0x00, 0x70, 0x00,
  0x3C, 0x00, 0x1E, 0xFC, 0x0F, 0xE0, 0x07, 0x00, 0x00, 0x00, 0x00, 0x00,
  0xFF, 0xFF, 0xFF, 0x3F, 0xFF, 0x1F, 0xFE, 0x0F, 0xFF, 0x07, 0xF0, 0x03,
  0x00, 0x00, 0x00, 0x01, 0x80, 0x01, 0xC0, 0x03, 0xE0, 0x03, 0xF0, 0x03,
  0x00, 0x00, 0x00, 0x00, 0x00, 0x00, 0xFF, 0xFF, 0xFF, 0xFF, 0xFF, 0xE3,
  0xFF, 0xF0, 0x7F, 0xF8, 0x01, 0x00, 0x00, 0x00, 0x00, 0x00, 0x40, 0x00,
  0x20, 0x00, 0x1E, 0x80, 0x0F, 0xE0, 0x07, 0x0E, 0x00, 0x00, 0x00, 0x00,
  0xFF, 0xFF, 0xFF, 0x3F, 0xFF, 0x1F, 0xFE, 0x0F, 0xFF, 0x07, 0xF0, 0x03,
  0x00, 0x00, 0x00, 0x01, 0x80, 0x01, 0xC0, 0x03, 0xE0, 0x03, 0xF0, 0x03,
  0x00, 0x00, 0x00, 0x00, 0x00, 0x00, 0xFF, 0xFF, 0xFF, 0xFF, 0xFF, 0xE3,
  0xFF, 0xF0, 0x7F, 0xF8, 0x01, 0x00, 0x00, 0x00, 0x00, 0x00, 0x40, 0x00,
  0x20, 0x00, 0x1E, 0x80, 0x0F, 0xE0, 0x07, 0x0E, 0x00, 0x00, 0x00, 0x00,
  0xFF, 0xFF, 0xFF, 0x3F, 0xFC, 0x1F, 0xF8, 0x0F, 0xFE, 0x07, 0xE0, 0x03,
  0x00, 0x00, 0x00, 0x00, 0x00, 0x00, 0xC0, 0x00, 0x20, 0x00, 0xF0, 0x01,
  0x00, 0x00, 0x00, 0x00, 0x00, 0x00, 0xFF, 0xFF, 0xFF, 0xFF, 0xFF, 0xE1,
  0x3F, 0xF0, 0x3F, 0xF8, 0x00, 0x00, 0x00, 0x00, 0x00, 0x00, 0x00, 0x00,
  0x00, 0x00, 0x1C, 0x00, 0x08, 0xC0, 0x07, 0x1F, 0x00, 0x00, 0x00, 0x00,
  0xFF, 0xFF, 0xFF, 0x3F, 0xFC, 0x1F, 0xF8, 0x0F, 0xFE, 0x07, 0xE0, 0x03,
  0x00, 0x00, 0x00, 0x00, 0x00, 0x00, 0xC0, 0x00, 0x20, 0x00, 0xF0, 0x01,
  0x00, 0x00, 0x00, 0x00, 0x00, 0x00, 0xFF, 0xFF, 0xFF, 0xFF, 0xFF, 0xE1,
  0x3F, 0xF0, 0x3F, 0xF8, 0x00, 0x00, 0x00, 0x00, 0x00, 0x00, 0x00, 0x00,
  0x00, 0x00, 0x1C, 0x00, 0x08, 0xC0, 0x07, 0x1F, 0x00, 0x00, 0x00, 0x00,
  0xFC, 0x7F, 0xF8, 0x3F, 0xF8, 0x1F, 0xC0, 0x0F, 0xFE, 0x07, 0xC0, 0x03,
  0x00, 0x00, 0x00, 0x00, 0x00, 0x00, 0xC0, 0x00, 0x00, 0x00, 0xF0, 0x00,
  0x00, 0x00, 0x00, 0x00, 0x00, 0x00, 0xFF, 0xBF, 0xFF, 0xC3, 0xFF, 0xE0,
  0x07, 0xF0, 0x3F, 0x78, 0x00, 0x00, 0x00, 0x00, 0x00, 0x00, 0x00, 0x00,
  0x00, 0x00, 0x1C, 0x00, 0x00, 0x80, 0x87, 0x3F, 0x00, 0x00, 0x00, 0x00,
  0xFC, 0x7F, 0xF8, 0x3F, 0xF8, 0x1F, 0xC0, 0x0F, 0xFE, 0x07, 0xC0, 0x03,
  0x00, 0x00, 0x00, 0x00, 0x00, 0x00, 0xC0, 0x00, 0x00, 0x00, 0xF0, 0x00,
  0x00, 0x00, 0x00, 0x00, 0x00, 0x00, 0xFF, 0xBF, 0xFF, 0xC3, 0xFF, 0xE0,
  0x07, 0xF0, 0x3F, 0x78, 0x00, 0x00, 0x00, 0x00, 0x00, 0x00, 0x00, 0x00,
  0x00, 0x00, 0x1C, 0x00, 0x00, 0x80, 0x87, 0x3F, 0x00, 0x00, 0x00, 0x00,
  0xF0, 0x7F, 0xC0, 0x3F, 0xF0, 0x1F, 0x00, 0x0F, 0xFC, 0x07, 0x80, 0x03,
  0x00, 0x00, 0x00, 0x00, 0x00, 0x00, 0x40, 0x00, 0x00, 0x00, 0x30, 0x00,
  0x00, 0x00, 0x00, 0x00, 0x00, 0x00, 0xFF, 0x87, 0x3F, 0xC0, 0x7F, 0xE0,
  0x01, 0xF0, 0x1F, 0x18, 0x00, 0x00, 0x00, 0x00, 0x00, 0x00, 0x00, 0x00,
  0x00, 0x00, 0x10, 0x00, 0x00, 0x00, 0xE7, 0x7F, 0x00, 0x00, 0x00, 0x00,
  0xF0, 0x7F, 0xC0, 0x3F, 0xF0, 0x1F, 0x00, 0x0F, 0xFC, 0x07, 0x80, 0x03,
  0x00, 0x00, 0x00, 0x00, 0x00, 0x00, 0x40, 0x00, 0x00, 0x00, 0x30, 0x00,
  0x00, 0x00, 0x00, 0x00, 0x00, 0x00, 0xFF, 0x87, 0x3F, 0xC0, 0x7F, 0xE0,
  0x01, 0xF0, 0x1F, 0x18, 0x00, 0x00, 0x00, 0x00, 0x00, 0x00, 0x00, 0x00,
  0x00, 0x00, 0x10, 0x00, 0x00, 0x00, 0xE7, 0x7F, 0x00, 0x00, 0x00, 0x00,
  0xC0, 0x7F, 0x00, 0x38, 0xE0, 0x1F, 0x00, 0x08, 0xF8, 0x07, 0x00, 0x02,
  0x00, 0x00, 0x00, 0x00, 0x00, 0x00, 0x00, 0x00, 0x00, 0x00, 0x10, 0x00,
  0x00, 0x00, 0x00, 0x00, 0x00, 0x00, 0xFF, 0x81, 0x01, 0xC0, 0x1F, 0x20,
  0x00, 0xF0, 0x07, 0x08, 0x00, 0x00, 0x00, 0x00, 0x00, 0x00, 0x00, 0x00,
  0x00, 0x00, 0x00, 0x00, 0x00, 0x00, 0xF4, 0xFF, 0x01, 0x00, 0x00, 0x00,
  0xC0, 0x7F, 0x00, 0x38, 0xE0, 0x1F, 0x00, 0x08, 0xF8, 0x07, 0x00, 0x02,
  0x00, 0x00, 0x00, 0x00, 0x00, 0x00, 0x00, 0x00, 0x00, 0x00, 0x10, 0x00,
  0x00, 0x00, 0x00, 0x00, 0x00, 0x00, 0xFF, 0x81, 0x01, 0xC0, 0x1F, 0x20,
  0x00, 0xF0, 0x07, 0x08, 0x00, 0x00, 0x00, 0x00, 0x00, 0x00, 0x00, 0x00,
  0x00, 0x00, 0x00, 0x00, 0x00, 0x00, 0xF4, 0xFF, 0x01, 0x00, 0x00, 0x00,
  0x00, 0x00, 0x00, 0x00, 0x00, 0x00, 0x00, 0x00, 0x38, 0x00, 0x00, 0x00,
  0x00, 0x00, 0x00, 0x00, 0x00, 0x00, 0x00, 0x00, 0x00, 0x00, 0x00, 0x00,
  0x00, 0x00, 0x00, 0x00, 0x00, 0x00, 0x00, 0x00, 0x00, 0x00, 0x00, 0x00,
  0x00, 0x00, 0x00, 0x00, 0x00, 0x00, 0x00, 0x00, 0x00, 0x00, 0x00, 0x00,
  0x00, 0x00, 0x00, 0x00, 0x00, 0x00, 0x00, 0x00, 0x00, 0x00, 0x00, 0x00,
  0x00, 0x00, 0x00, 0x00, 0x00, 0x00, 0x00, 0x00, 0x38, 0x00, 0x00, 0x00,
  0x00, 0x00, 0x00, 0x00, 0x00, 0x00, 0x00, 0x00, 0x00, 0x00, 0x00, 0x00,
  0x00, 0x00, 0x00, 0x00, 0x00, 0x00, 0x00, 0x00, 0x00, 0x00, 0x00, 0x00,
  0x00, 0x00, 0x00, 0x00, 0x00, 0x00, 0x00, 0x00, 0x00, 0x00, 0x00, 0x00,
  0x00, 0x00, 0x00, 0x00, 0x00, 0x00, 0x00, 0x00, 0x00, 0x00, 0x00, 0x00,
  0x00, 0x00, 0xC0, 0x01, 0x1C, 0x0F, 0x8C, 0x01, 0xFF, 0xE3, 0xC1, 0x81,
  0x0F, 0x00, 0x0F, 0x80, 0x07, 0xE0, 0x01, 0xE0, 0x00, 0x00, 0x00, 0x00,
  0x00, 0x00, 0x00, 0x00, 0x00, 0x70, 0xE0, 0x3F, 0x00, 0x03, 0xF8, 0x0F,
  0xFE, 0x0F, 0x60, 0x80, 0xFF, 0x03, 0x0E, 0xE0, 0xFF, 0xE0, 0x3F, 0xF0,
  0x1F, 0x00, 0x00, 0x00, 0x00, 0x80, 0x07, 0x00, 0xF0, 0x00, 0xC0, 0x1F,
  0x00, 0x00, 0xC0, 0x01, 0x1C, 0x0F, 0x8C, 0x01, 0xFF, 0xE3, 0xC1, 0x81,
  0x0F, 0x00, 0x0F, 0x80, 0x07, 0xE0, 0x01, 0xE0, 0x00, 0x00, 0x00, 0x00,
  0x00, 0x00, 0x00, 0x00, 0x00, 0x70, 0xE0, 0x3F, 0x00, 0x03, 0xF8, 0x0F,
  0xFE, 0x0F, 0x60, 0x80, 0xFF, 0x03, 0x0E, 0xE0, 0xFF, 0xE0, 0x3F, 0xF0,
  0x1F, 0x00, 0x00, 0x00, 0x00, 0x80, 0x07, 0x00, 0xF0, 0x00, 0xC0, 0x1F,
  0x00, 0x00, 0xC0, 0x01, 0x18, 0x0E, 0x8C, 0xC1, 0x39, 0x77, 0x63, 0xC0,
  0x18, 0x00, 0x0C, 0xC0, 0x01, 0x00, 0x03, 0xE7, 0x1C, 0x70, 0x00, 0x00,
  0x00, 0x00, 0x00, 0x00, 0x00, 0x18, 0x30, 0x70, 0xE0, 0x03, 0x0C, 0x1C,
  0x00, 0x07, 0x38, 0x80, 0x01, 0x00, 0x07, 0x00, 0xE0, 0x30, 0x70, 0x18,
  0x38, 0x00, 0x00, 0x00, 0x00, 0xE0, 0x00, 0x00, 0x80, 0x07, 0x60, 0x70,
  0x00, 0x00, 0xC0, 0x01, 0x18, 0x0E, 0x8C, 0xC1, 0x39, 0x77, 0x63, 0xC0,
  0x18, 0x00, 0x0C, 0xC0, 0x01, 0x00, 0x03, 0xE7, 0x1C, 0x70, 0x00, 0x00,
  0x00, 0x00, 0x00, 0x00, 0x00, 0x18, 0x30, 0x70, 0xE0, 0x03, 0x0C, 0x1C,
  0x00, 0x07, 0x38, 0x80, 0x01, 0x00, 0x07, 0x00, 0xE0, 0x30, 0x70, 0x18,
  0x38, 0x00, 0x00, 0x00, 0x00, 0xE0, 0x00, 0x00, 0x80, 0x07, 0x60, 0x70,
  0x00, 0x00, 0xE0, 0x00, 0x87, 0xC1, 0xFF, 0xE7, 0x1C, 0xF0, 0x1C, 0x70,
  0x0E, 0x80, 0x03, 0x30, 0x00, 0x00, 0x03, 0x77, 0x03, 0x38, 0x00, 0x00,
  0x00, 0x00, 0x00, 0x00, 0x00, 0x07, 0x1C, 0x38, 0xC0, 0x01, 0x00, 0x0E,
  0xC0, 0x00, 0x06, 0xE0, 0x7F, 0xC0, 0x00, 0x00, 0x18, 0x1C, 0x38, 0x0E,
  0x1C, 0x18, 0x00, 0x0C, 0x00, 0x1E, 0xE0, 0x7F, 0x00, 0x0F, 0x00, 0x18,
  0x00, 0x00, 0xE0, 0x00, 0x87, 0xC1, 0xFF, 0xE7, 0x1C, 0xF0, 0x1C, 0x70,
  0x0E, 0x80, 0x03, 0x30, 0x00, 0x00, 0x03, 0x77, 0x03, 0x38, 0x00, 0x00,
  0x00, 0x00, 0x00, 0x00, 0x00, 0x07, 0x1C, 0x38, 0xC0, 0x01, 0x00, 0x0E,
  0xC0, 0x00, 0x06, 0xE0, 0x7F, 0xC0, 0x00, 0x00, 0x18, 0x1C, 0x38, 0x0E,
  0x1C, 0x18, 0x00, 0x0C, 0x00, 0x1E, 0xE0, 0x7F, 0x00, 0x0F, 0x00, 0x18,
  0x00, 0x00, 0xE0, 0x00, 0x00, 0x00, 0xC6, 0xC0, 0xFF, 0x00, 0x0E, 0xC0,
  0x07, 0x00, 0x00, 0x30, 0x00, 0x00, 0x03, 0xF8, 0x80, 0xFF, 0x01, 0x00,
  0xE0, 0x7F, 0x00, 0x00, 0x80, 0x03, 0x1C, 0x38, 0xC0, 0x01, 0x80, 0x03,
  0xF0, 0x01, 0xC3, 0x00, 0xC0, 0xF1, 0x3F, 0x00, 0x0C, 0xF0, 0x0F, 0xF8,
  0x07, 0x18, 0x00, 0x0C, 0xC0, 0x03, 0x00, 0x00, 0x00, 0x38, 0x00, 0x0C,
  0x00, 0x00, 0xE0, 0x00, 0x00, 0xC0, 0xFF, 0x07, 0x9C, 0x03, 0xE3, 0x71,
  0xCE, 0x01, 0x00, 0x30, 0x00, 0x00, 0x03, 0x77, 0x03, 0x38, 0x00, 0x00,
  0xE0, 0x7F, 0x00, 0x00, 0xC0, 0x00, 0x1C, 0x38, 0xC0, 0x01, 0xF0, 0x00,
  0x00, 0xC7, 0xC1, 0x00, 0xC0, 0x71, 0xE0, 0x00, 0x07, 0x1C, 0x38, 0x00,
  0x03, 0x00, 0x00, 0x00, 0x00, 0x1E, 0xE0, 0x7F, 0x00, 0x0F, 0x80, 0x03,
  0x00, 0x00, 0xE0, 0x00, 0x00, 0xC0, 0xFF, 0x07, 0x9C, 0x03, 0xE3, 0x71,
  0xCE, 0x01, 0x00, 0x30, 0x00, 0x00, 0x03, 0x77, 0x03, 0x38, 0x00, 0x00,
  0x00, 0x00, 0x00, 0x00, 0xC0, 0x00, 0x1C, 0x38, 0xC0, 0x01, 0xF0, 0x00,
  0x00, 0xC7, 0xC1, 0x00, 0xC0, 0x71, 0xE0, 0x00, 0x07, 0x1C, 0x38, 0x00,
  0x03, 0x00, 0x00, 0x00, 0x00, 0x1E, 0xE0, 0x7F, 0x00, 0x0F, 0x80, 0x03,
  0x00, 0x00, 0x00, 0x00, 0x00, 0x80, 0x73, 0x30, 0xC6, 0xE0, 0xDC, 0x0D,
  0x1E, 0x00, 0x00, 0x30, 0x00, 0xE0, 0xC0, 0x18, 0x03, 0x0C, 0xE0, 0x01,
  0x00, 0x00, 0x38, 0x00, 0x38, 0x00, 0x0E, 0x0C, 0xE0, 0x00, 0x0F, 0x00,
  0x80, 0xE1, 0xFF, 0x70, 0x60, 0x38, 0x30, 0xC0, 0x00, 0x0E, 0x0C, 0xE0,
  0x00, 0x0C, 0x00, 0x06, 0x00, 0x3C, 0x00, 0x00, 0xF0, 0x00, 0x00, 0x00,
  0x00, 0x00, 0x00, 0x00, 0x00, 0x80, 0x73, 0x30, 0xC6, 0xE0, 0xDC, 0x0D,
  0x1E, 0x00, 0x00, 0x30, 0x00, 0xE0, 0xC0, 0x18, 0x03, 0x0C, 0xE0, 0x01,
  0x00, 0x00, 0x38, 0x00, 0x38, 0x00, 0x0E, 0x0C, 0xE0, 0x00, 0x0F, 0x00,
  0x80, 0xE1, 0xFF, 0x70, 0x60, 0x38, 0x30, 0xC0, 0x00, 0x0E, 0x0C, 0xE0,
  0x00, 0x0C, 0x00, 0x06, 0x00, 0x3C, 0x00, 0x00, 0xF0, 0x00, 0x00, 0x00,
  0x00, 0x00, 0x30, 0x00, 0x00, 0x80, 0x73, 0xE0, 0x7F, 0x70, 0x70, 0xF8,
  0xE7, 0x00, 0x00, 0xE0, 0x01, 0x38, 0x00, 0x18, 0x00, 0x00, 0xC0, 0x01,
  0x00, 0x00, 0x38, 0x00, 0x1C, 0x00, 0xFC, 0x07, 0xE0, 0x80, 0xFF, 0xC3,
  0xFF, 0x00, 0x60, 0xE0, 0x3F, 0xF0, 0x1F, 0x60, 0x00, 0xFC, 0x07, 0x30,
  0x00, 0x0C, 0x00, 0x06, 0x00, 0xE0, 0x00, 0x00, 0x3C, 0x00, 0xC0, 0x00,
  0x00, 0x00, 0x30, 0x00, 0x00, 0x80, 0x73, 0xE0, 0x7F, 0x70, 0x70, 0xF8,
  0xE7, 0x00, 0x00, 0xE0, 0x01, 0x38, 0x00, 0x18, 0x00, 0x00, 0xC0, 0x01,
  0x00, 0x00, 0x38, 0x00, 0x1C, 0x00, 0xFC, 0x07, 0xE0, 0x80, 0xFF, 0xC3,
  0xFF, 0x00, 0x60, 0xE0, 0x3F, 0xF0, 0x1F, 0x60, 0x00, 0xFC, 0x07, 0x30,
  0x00, 0x0C, 0x00, 0x06, 0x00, 0xE0, 0x00, 0x00, 0x3C, 0x00, 0xC0, 0x00,
  0x00, 0x00, 0x00, 0x00, 0x00, 0x00, 0x00, 0x00, 0x06, 0x00, 0x00, 0x00,
  0x00, 0x00, 0x00, 0x00, 0x00, 0x00, 0x00, 0x00, 0x00, 0x00, 0xE0, 0x00,
  0x00, 0x00, 0x00, 0x00, 0x00, 0x00, 0x00, 0x00, 0x00, 0x00, 0x00, 0x00,
  0x00, 0x00, 0x00, 0x00, 0x00, 0x00, 0x00, 0x00, 0x00, 0x00, 0x00, 0x00,
  0x00, 0x00, 0x80, 0x03, 0x00, 0x00, 0x00, 0x00, 0x00, 0x00, 0x00, 0x00,
  0x00, 0x00, 0x00, 0x00, 0x00, 0x00, 0x00, 0x00, 0x06, 0x00, 0x00, 0x00,
  0x00, 0x00, 0x00, 0x00, 0x00, 0x00, 0x00, 0x00, 0x00, 0x00, 0xE0, 0x00,
  0x00, 0x00, 0x00, 0x00, 0x00, 0x00, 0x00, 0x00, 0x00, 0x00, 0x00, 0x00,
  0x00, 0x00, 0x00, 0x00, 0x00, 0x00, 0x00, 0x00, 0x00, 0x00, 0x00, 0x00,
  0x00, 0x00, 0x80, 0x03, 0x00, 0x00, 0x00, 0x00, 0x00, 0x00, 0x00, 0x00,
  0x00, 0x00, 0x00, 0x00, 0x00, 0x00, 0x00, 0x00, 0x00, 0x00, 0x00, 0x00,
  0x00, 0x00, 0x00, 0x00, 0x00, 0x00, 0x00, 0x00, 0x00, 0x00, 0x00, 0x00,
  0x00, 0x00, 0x00, 0x00, 0x00, 0x00, 0x00, 0x00, 0x00, 0x00, 0x00, 0x00,
  0x00, 0x00, 0x00, 0x00, 0x00, 0x00, 0x00, 0x00, 0x00, 0x00, 0x00, 0x00,
  0x00, 0x00, 0x00, 0x00, 0x00, 0x00, 0x00, 0x00, 0x00, 0x00, 0x00, 0x00,
  0x00, 0x00, 0x00, 0x00, 0x00, 0x00, 0x00, 0x00, 0x00, 0x00, 0x00, 0x00,
  0x00, 0x00, 0x00, 0x00, 0x00, 0x00, 0x00, 0x00, 0x00, 0x00, 0x00, 0x00,
  0x00, 0x00, 0x00, 0x00, 0x00, 0x00, 0x00, 0x00, 0x00, 0x00, 0x00, 0x00,
  0x00, 0x00, 0x00, 0x00, 0x00, 0x00, 0x00, 0x00, 0x00, 0x00, 0x00, 0x00,
  0x00, 0x00, 0x00, 0x00, 0x00, 0x00, 0x00, 0x00, 0x00, 0x00, 0x00, 0x00,
  0x00, 0x00, 0x00, 0x00, 0x00, 0x00, 0x00, 0x00, 0x00, 0x00, 0x00, 0x00,
  0x00, 0x00, 0x00, 0x00, 0x00, 0x00, 0x00, 0x00, 0x00, 0x00, 0x00, 0x00,
  0x00, 0x00, 0x00, 0x00, 0x00, 0x00, 0x00, 0x00, 0x00, 0x00, 0x00, 0x00,
  0x00, 0x00, 0x00, 0x00, 0x00, 0x00, 0x00, 0x00, 0x00, 0x00, 0x00, 0x00,
  0x00, 0x00, 0x00, 0xF0, 0x01, 0x00, 0x00, 0x1F, 0x00, 0x00, 0x00, 0x00,
  0x00, 0x00, 0x00, 0x00, 0x00, 0x00, 0x00, 0x00, 0x00, 0x00, 0x00, 0x00,
  0x00, 0x00, 0x00, 0x00, 0x00, 0x00, 0x00, 0x00, 0x00, 0x00, 0x00, 0x00,
  0x00, 0x00, 0x00, 0x00, 0x00, 0x00, 0x00, 0x00, 0x00, 0x00, 0x00, 0x00,
  0x00, 0x00, 0x00, 0x00, 0x00, 0x00, 0x00, 0x00, 0x00, 0x00, 0x00, 0x00,
  0x00, 0x00, 0x00, 0xF0, 0x01, 0x00, 0x00, 0x1F, 0x00, 0x00, 0x00, 0x00,
  0xE0, 0x3F, 0xE0, 0x03, 0xFC, 0x0F, 0xF8, 0x07, 0xFF, 0x80, 0xFF, 0xC3,
  0xFF, 0xC1, 0x7F, 0x30, 0x70, 0xF8, 0x1F, 0x00, 0x1C, 0x06, 0x0F, 0x03,
  0xE0, 0xC1, 0xF3, 0xC0, 0xC1, 0x7F, 0xF0, 0x3F, 0xF0, 0x1F, 0xFC, 0x0F,
  0xFC, 0xC7, 0xFF, 0x87, 0x81, 0x73, 0xC0, 0x39, 0xE0, 0x30, 0x38, 0x0E,
  0x38, 0xFC, 0x0F, 0x70, 0x00, 0x03, 0x00, 0x1C, 0x00, 0x0F, 0x00, 0x00,
  0xE0, 0x3F, 0xE0, 0x03, 0xFC, 0x0F, 0xF8, 0x07, 0xFF, 0x80, 0xFF, 0xC3,
  0xFF, 0xC1, 0x7F, 0x30, 0x70, 0xF8, 0x1F, 0x00, 0x1C, 0x06, 0x0F, 0x03,
  0xE0, 0xC1, 0xF3, 0xC0, 0xC1, 0x7F, 0xF0, 0x3F, 0xF0, 0x1F, 0xFC, 0x0F,
  0xFC, 0xC7, 0xFF, 0x87, 0x81, 0x73, 0xC0, 0x39, 0xE0, 0x30, 0x38, 0x0E,
  0x38, 0xFC, 0x0F, 0x70, 0x00, 0x03, 0x00, 0x1C, 0x00, 0x0F, 0x00, 0x00,
  0x30, 0x70, 0x30, 0x06, 0x0C, 0x1C, 0x0C, 0x0E, 0x83, 0x83, 0x01, 0xC0,
  0x00, 0x60, 0xE0, 0x30, 0x70, 0xC0, 0x01, 0x00, 0x1C, 0xC6, 0x01, 0x03,
  0xE0, 0xE3, 0xF3, 0xC1, 0x61, 0xE0, 0x30, 0x70, 0x18, 0x38, 0x0C, 0x1C,
  0x06, 0x0E, 0x38, 0x80, 0x81, 0x73, 0xC0, 0x39, 0xE0, 0x60, 0x0C, 0x18,
  0x1C, 0x00, 0x03, 0x70, 0x00, 0x06, 0x00, 0x1C, 0x80, 0x19, 0x00, 0x00,
  0x30, 0x70, 0x30, 0x06, 0x0C, 0x1C, 0x0C, 0x0E, 0x83, 0x83, 0x01, 0xC0,
  0x00, 0x60, 0xE0, 0x30, 0x70, 0xC0, 0x01, 0x00, 0x1C, 0xC6, 0x01, 0x03,
  0xE0, 0xE3, 0xF3, 0xC1, 0x61, 0xE0, 0x30, 0x70, 0x18, 0x38, 0x0C, 0x1C,
  0x06, 0x0E, 0x38, 0x80, 0x81, 0x73, 0xC0, 0x39, 0xE0, 0x60, 0x0C, 0x18,
  0x1C, 0x00, 0x03, 0x70, 0x00, 0x06, 0x00, 0x1C, 0x80, 0x19, 0x00, 0x00,
  0x8E, 0x3F, 0x0E, 0x06, 0x07, 0x8E, 0x03, 0xC0, 0x81, 0xE3, 0x00, 0x70,
  0x00, 0x38, 0x00, 0x1C, 0x38, 0xE0, 0x00, 0x00, 0x8E, 0x7B, 0xC0, 0x01,
  0x70, 0xDF, 0xB9, 0xE1, 0x38, 0x70, 0x1C, 0x38, 0x0E, 0x1C, 0x07, 0x8E,
  0x03, 0x00, 0x1C, 0xE0, 0xC0, 0x71, 0x30, 0x9C, 0x73, 0xE0, 0x03, 0x18,
  0x03, 0xE0, 0x00, 0x38, 0x00, 0x06, 0x00, 0x0E, 0x70, 0x18, 0x00, 0x00,
  0x8E, 0x3F, 0x0E, 0x06, 0x07, 0x8E, 0x03, 0xC0, 0x81, 0xE3, 0x00, 0x70,
  0x00, 0x38, 0x00, 0x1C, 0x38, 0xE0, 0x00, 0x00, 0x8E, 0x7B, 0xC0, 0x01,
  0x70, 0xDF, 0xB9, 0xE1, 0x38, 0x70, 0x1C, 0x38, 0x0E, 0x1C, 0x07, 0x8E,
  0x03, 0x00, 0x1C, 0xE0, 0xC0, 0x71, 0x30, 0x9C, 0x73, 0xE0, 0x03, 0x18,
  0x03, 0xE0, 0x00, 0x38, 0x00, 0x06, 0x00, 0x0E, 0x70, 0x18, 0x00, 0x00,
  0xCE, 0x39, 0x07, 0x1C, 0xFF, 0x83, 0x03, 0xC0, 0x81, 0xE3, 0x3F, 0xF0,
  0x1F, 0x38, 0x7C, 0xFC, 0x3F, 0xE0, 0x00, 0x00, 0x8E, 0x0F, 0xC0, 0x01,
  0x70, 0xCE, 0x39, 0xE7, 0x38, 0x70, 0xFC, 0x0F, 0x0E, 0x1C, 0xFF, 0x03,
  0xFE, 0x01, 0x1C, 0xE0, 0xC0, 0x71, 0x30, 0x9C, 0x73, 0xC0, 0x01, 0xF0,
  0x01, 0x70, 0x00, 0x38, 0x00, 0x1C, 0x00, 0x0E, 0x00, 0x00, 0x00, 0x00,
  0xCE, 0x39, 0xFF, 0x1F, 0x07, 0x8E, 0x03, 0xC0, 0x81, 0xE3, 0x00, 0x70,
  0x00, 0x38, 0x70, 0x1C, 0x38, 0xE0, 0x00, 0x00, 0x8E, 0x7B, 0xC0, 0x01,
  0x70, 0xC0, 0x39, 0xEE, 0x38, 0x70, 0x1C, 0x00, 0x0E, 0x1C, 0x87, 0x01,
  0x00, 0x07, 0x1C, 0xE0, 0xC0, 0xC1, 0x18, 0xDC, 0x77, 0xE0, 0x03, 0xE0,
  0x00, 0x18, 0x00, 0x38, 0x00, 0x38, 0x00, 0x0E, 0x00, 0x00, 0x00, 0x00,
  0xCE, 0x39, 0xFF, 0x1F, 0x07, 0x8E, 0x03, 0xC0, 0x81, 0xE3, 0x00, 0x70,
  0x00, 0x38, 0x70, 0x1C, 0x38, 0xE0, 0x00, 0x00, 0x8E, 0x7B, 0xC0, 0x01,
  0x70, 0xC0, 0x39, 0xEE, 0x38, 0x70, 0x1C, 0x00, 0x0E, 0x1C, 0x87, 0x01,
  0x00, 0x07, 0x1C, 0xE0, 0xC0, 0xC1, 0x18, 0xDC, 0x77, 0xE0, 0x03, 0xE0,
  0x00, 0x18, 0x00, 0x38, 0x00, 0x38, 0x00, 0x0E, 0x00, 0x00, 0x00, 0x00,
  0xC3, 0x8F, 0x01, 0x86, 0x03, 0x83, 0x83, 0xE1, 0x60, 0x70, 0x00, 0x38,
  0x00, 0x1C, 0x18, 0x0E, 0x0C, 0x30, 0x80, 0x03, 0xC3, 0x79, 0xE0, 0x00,
  0x18, 0x60, 0x0C, 0x3E, 0x1C, 0x18, 0x0E, 0x00, 0xE7, 0x86, 0x83, 0xC1,
  0x81, 0x01, 0x06, 0x70, 0x60, 0xC0, 0x07, 0x3C, 0x0F, 0x9C, 0x03, 0x30,
  0x00, 0x07, 0x00, 0x0C, 0x00, 0x38, 0x00, 0x03, 0x00, 0x00, 0x00, 0x00,
  0xC3, 0x8F, 0x01, 0x86, 0x03, 0x83, 0x83, 0xE1, 0x60, 0x70, 0x00, 0x38,
  0x00, 0x1C, 0x18, 0x0E, 0x0C, 0x30, 0x80, 0x03, 0xC3, 0x79, 0xE0, 0x00,
  0x18, 0x60, 0x0C, 0x3E, 0x1C, 0x18, 0x0E, 0x00, 0xE7, 0x86, 0x83, 0xC1,
  0x81, 0x01, 0x06, 0x70, 0x60, 0xC0, 0x07, 0x3C, 0x0F, 0x9C, 0x03, 0x30,
  0x00, 0x07, 0x00, 0x0C, 0x00, 0x38, 0x00, 0x03, 0x00, 0x00, 0x00, 0x00,
  0x0E, 0x80, 0x01, 0x86, 0xFF, 0x01, 0xFE, 0xE0, 0x3F, 0xF0, 0x7F, 0x38,
  0x00, 0xF8, 0x0F, 0x0E, 0x0C, 0xFF, 0x03, 0xFF, 0xC1, 0xC1, 0xE1, 0xFF,
  0x18, 0x60, 0x0C, 0x38, 0xF8, 0x0F, 0x0E, 0x00, 0xFE, 0x83, 0x03, 0x83,
  0xFF, 0x00, 0x06, 0xE0, 0x3F, 0x80, 0x01, 0x1C, 0x0C, 0x0E, 0x06, 0x30,
  0x80, 0xFF, 0x01, 0x0C, 0x00, 0x60, 0x00, 0x03, 0x00, 0x00, 0x00, 0x00,
  0x0E, 0x80, 0x01, 0x86, 0xFF, 0x01, 0xFE, 0xE0, 0x3F, 0xF0, 0x7F, 0x38,
  0x00, 0xF8, 0x0F, 0x0E, 0x0C, 0xFF, 0x03, 0xFF, 0xC1, 0xC1, 0xE1, 0xFF,
  0x18, 0x60, 0x0C, 0x38, 0xF8, 0x0F, 0x0E, 0x00, 0xFE, 0x83, 0x03, 0x83,
  0xFF, 0x00, 0x06, 0xE0, 0x3F, 0x80, 0x01, 0x1C, 0x0C, 0x0E, 0x06, 0x30,
  0x80, 0xFF, 0x01, 0x0C, 0x00, 0x60, 0x00, 0x03, 0x00, 0x00, 0x00, 0x00,
  0xFC, 0x07, 0x00, 0x00, 0x00, 0x00, 0x00, 0x00, 0x00, 0x00, 0x00, 0x00,
  0x00, 0x00, 0x00, 0x00, 0x00, 0x00, 0x00, 0x00, 0x00, 0x00, 0x00, 0x00,
  0x00, 0x00, 0x00, 0x00, 0x00, 0x00, 0x00, 0x00, 0xC0, 0x01, 0x00, 0x00,
  0x00, 0x00, 0x00, 0x00, 0x00, 0x00, 0x00, 0x00, 0x00, 0x00, 0x00, 0x00,
  0x00, 0x00, 0x00, 0x7C, 0x00, 0x00, 0xE0, 0x03, 0x00, 0x00, 0xFE, 0x1F,
  0xFC, 0x07, 0x00, 0x00, 0x00, 0x00, 0x00, 0x00, 0x00, 0x00, 0x00, 0x00,
  0x00, 0x00, 0x00, 0x00, 0x00, 0x00, 0x00, 0x00, 0x00, 0x00, 0x00, 0x00,
  0x00, 0x00, 0x00, 0x00, 0x00, 0x00, 0x00, 0x00, 0xC0, 0x01, 0x00, 0x00,
  0x00, 0x00, 0x00, 0x00, 0x00, 0x00, 0x00, 0x00, 0x00, 0x00, 0x00, 0x00,
  0x00, 0x00, 0x00, 0x7C, 0x00, 0x00, 0xE0, 0x03, 0x00, 0x00, 0xFE, 0x1F,
  0x00, 0x00, 0x00, 0x00, 0x00, 0x00, 0x00, 0x00, 0x00, 0x00, 0x00, 0x00,
  0x00, 0x00, 0x00, 0x00, 0x00, 0x00, 0x00, 0x00, 0x00, 0x00, 0x00, 0x00,
  0x00, 0x00, 0x00, 0x00, 0x00, 0x00, 0x00, 0x00, 0x00, 0x07, 0x00, 0x00,
  0x00, 0x00, 0x00, 0x00, 0x00, 0x00, 0x00, 0x00, 0x00, 0x00, 0x00, 0x00,
  0x00, 0x00, 0x00, 0x00, 0x00, 0x00, 0x00, 0x00, 0x00, 0x00, 0x00, 0x00,
  0x00, 0x00, 0x00, 0x00, 0x00, 0x00, 0x00, 0x00, 0x00, 0x00, 0x00, 0x00,
  0x00, 0x00, 0x00, 0x00, 0x00, 0x00, 0x00, 0x00, 0x00, 0x00, 0x00, 0x00,
  0x00, 0x00, 0x00, 0x00, 0x00, 0x00, 0x00, 0x00, 0x00, 0x07, 0x00, 0x00,
  0x00, 0x00, 0x00, 0x00, 0x00, 0x00, 0x00, 0x00, 0x00, 0x00, 0x00, 0x00,
  0x00, 0x00, 0x00, 0x00, 0x00, 0x00, 0x00, 0x00, 0x00, 0x00, 0x00, 0x00,
  0x00, 0x00, 0x00, 0x00, 0x00, 0x00, 0x00, 0x00, 0x00, 0x00, 0x00, 0x00,
  0x00, 0x00, 0x00, 0x00, 0x00, 0x00, 0x00, 0x00, 0x00, 0x00, 0x00, 0x00,
  0x00, 0x00, 0x00, 0x00, 0x00, 0x00, 0x00, 0x00, 0x00, 0x00, 0x00, 0x00,
  0x00, 0x00, 0x00, 0x00, 0x00, 0x00, 0x00, 0x00, 0x00, 0x00, 0x00, 0x00,
  0x00, 0x00, 0x00, 0xC0, 0x01, 0x00, 0x00, 0x0F, 0x00, 0x00, 0x00, 0x00,
  0x00, 0x00, 0x00, 0x00, 0x00, 0x00, 0x00, 0x00, 0x00, 0x00, 0x00, 0x00,
  0x00, 0x00, 0x00, 0x00, 0x00, 0x00, 0x00, 0x00, 0x00, 0x00, 0x00, 0x00,
  0x00, 0x00, 0x00, 0x00, 0x00, 0x00, 0x00, 0x00, 0x00, 0x00, 0x00, 0x00,
  0x00, 0x00, 0x00, 0x00, 0x00, 0x00, 0x00, 0x00, 0x00, 0x00, 0x00, 0x00,
  0x00, 0x00, 0x00, 0xC0, 0x01, 0x00, 0x00, 0x0F, 0x00, 0x00, 0x00, 0x00,
  0x80, 0x03, 0x00, 0x00, 0x0C, 0x00, 0x00, 0x00, 0x00, 0x07, 0x00, 0x00,
  0x3E, 0x00, 0x00, 0x30, 0x00, 0xC0, 0x01, 0x00, 0x1C, 0x06, 0x00, 0x3E,
  0x00, 0x00, 0x00, 0x00, 0x00, 0x00, 0x00, 0x00, 0x00, 0x00, 0x00, 0x00,
  0x00, 0x00, 0x1C, 0x00, 0x00, 0x00, 0x00, 0x00, 0x00, 0x00, 0x00, 0x00,
  0x00, 0x00, 0x00, 0x70, 0x00, 0x38, 0x00, 0x1C, 0x80, 0xCF, 0x01, 0x00,
  0x80, 0x03, 0x00, 0x00, 0x0C, 0x00, 0x00, 0x00, 0x00, 0x07, 0x00, 0x00,
  0x3E, 0x00, 0x00, 0x30, 0x00, 0xC0, 0x01, 0x00, 0x1C, 0x06, 0x00, 0x3E,
  0x00, 0x00, 0x00, 0x00, 0x00, 0x00, 0x00, 0x00, 0x00, 0x00, 0x00, 0x00,
  0x00, 0x00, 0x1C, 0x00, 0x00, 0x00, 0x00, 0x00, 0x00, 0x00, 0x00, 0x00,
  0x00, 0x00, 0x00, 0x70, 0x00, 0x38, 0x00, 0x1C, 0x80, 0xCF, 0x01, 0x00,
  0x00, 0x06, 0x00, 0x00, 0x0C, 0x00, 0x00, 0x00, 0x00, 0x07, 0x00, 0x00,
  0xE7, 0x00, 0x00, 0x30, 0x00, 0x00, 0x00, 0x00, 0x00, 0x06, 0x00, 0x38,
  0x00, 0x00, 0x00, 0x00, 0x00, 0x00, 0x00, 0x00, 0x00, 0x00, 0x00, 0x00,
  0x00, 0x00, 0x1C, 0x00, 0x00, 0x00, 0x00, 0x00, 0x00, 0x00, 0x00, 0x00,
  0x00, 0x00, 0x00, 0x70, 0x00, 0x38, 0x00, 0x1C, 0xC0, 0xF8, 0x00, 0x00,
  0x00, 0x06, 0x00, 0x00, 0x0C, 0x00, 0x00, 0x00, 0x00, 0x07, 0x00, 0x00,
  0xE7, 0x00, 0x00, 0x30, 0x00, 0x00, 0x00, 0x00, 0x00, 0x06, 0x00, 0x38,
  0x00, 0x00, 0x00, 0x00, 0x00, 0x00, 0x00, 0x00, 0x00, 0x00, 0x00, 0x00,
  0x00, 0x00, 0x1C, 0x00, 0x00, 0x00, 0x00, 0x00, 0x00, 0x00, 0x00, 0x00,
  0x00, 0x00, 0x00, 0x70, 0x00, 0x38, 0x00, 0x1C, 0xC0, 0xF8, 0x00, 0x00,
  0x00, 0x06, 0xFE, 0x03, 0xF7, 0x03, 0xFE, 0x01, 0xBF, 0x83, 0x7F, 0x80,
  0x01, 0xE0, 0x77, 0xDC, 0x0F, 0xF0, 0x00, 0x80, 0x8F, 0x83, 0x07, 0x1C,
  0xF0, 0x73, 0x70, 0x3F, 0xE0, 0x1F, 0xDC, 0x0F, 0xF8, 0x1D, 0xF7, 0x03,
  0xFE, 0xC1, 0x7F, 0xE0, 0xC0, 0x39, 0xE0, 0x1C, 0x70, 0x1E, 0x3C, 0x0E,
  0x1C, 0xFF, 0x0F, 0x38, 0x00, 0x1C, 0x00, 0x0E, 0x00, 0x00, 0x00, 0x00,
  0x00, 0x06, 0xFE, 0x03, 0xF7, 0x03, 0xFE, 0x01, 0xBF, 0x83, 0x7F, 0x80,
  0x01, 0xE0, 0x77, 0xDC, 0x0F, 0xF0, 0x00, 0x80, 0x8F, 0x83, 0x07, 0x1C,
  0xF0, 0x73, 0x70, 0x3F, 0xE0, 0x1F, 0xDC, 0x0F, 0xF8, 0x1D, 0xF7, 0x03,
  0xFE, 0xC1, 0x7F, 0xE0, 0xC0, 0x39, 0xE0, 0x1C, 0x70, 0x1E, 0x3C, 0x0E,
  0x1C, 0xFF, 0x0F, 0x38, 0x00, 0x1C, 0x00, 0x0E, 0x00, 0x00, 0x00, 0x00,
  0x00, 0x00, 0x00, 0x06, 0x0F, 0x8E, 0x03, 0xC7, 0xC1, 0xE3, 0xC0, 0xF1,
  0x0F, 0x38, 0x78, 0x3C, 0x38, 0xE0, 0x00, 0x00, 0x8E, 0xC3, 0x00, 0x1C,
  0x70, 0xCE, 0xF1, 0xE0, 0x38, 0x70, 0x3C, 0x38, 0x0E, 0x1E, 0x0F, 0x8E,
  0x03, 0x00, 0x06, 0xE0, 0xC0, 0x71, 0x30, 0x9C, 0x73, 0x30, 0x06, 0x18,
  0x06, 0x80, 0x01, 0x0C, 0x00, 0x1C, 0x00, 0x1C, 0x00, 0x00, 0x00, 0x00,
  0x00, 0x00, 0xFE, 0x07, 0x07, 0x8E, 0x03, 0xC0, 0x81, 0xE3, 0xFF, 0x81,
  0x01, 0x38, 0x70, 0x1C, 0x38, 0xE0, 0x00, 0x00, 0x8E, 0x3F, 0x00, 0x1C,
  0x70, 0xCE, 0x71, 0xE0, 0x38, 0x70, 0x1C, 0x38, 0x0E, 0x1C, 0x07, 0x00,
  0xFE, 0x01, 0x06, 0xE0, 0xC0, 0xC1, 0x18, 0x9C, 0x73, 0xE0, 0x03, 0x30,
  0x03, 0xF0, 0x00, 0x38, 0x00, 0x1C, 0x00, 0x0E, 0x00, 0x00, 0x00, 0x00,
  0x00, 0x00, 0xFE, 0x07, 0x07, 0x8E, 0x03, 0xC0, 0x81, 0xE3, 0xFF, 0x81,
  0x01, 0x38, 0x70, 0x1C, 0x38, 0xE0, 0x00, 0x00, 0x8E, 0x3F, 0x00, 0x1C,
  0x70, 0xCE, 0x71, 0xE0, 0x38, 0x70, 0x1C, 0x38, 0x0E, 0x1C, 0x07, 0x00,
  0xFE, 0x01, 0x06, 0xE0, 0xC0, 0xC1, 0x18, 0x9C, 0x73, 0xE0, 0x03, 0x30,
  0x03, 0xF0, 0x00, 0x38, 0x00, 0x1C, 0x00, 0x0E, 0x00, 0x00, 0x00, 0x00,
  0x00, 0x80, 0x01, 0x83, 0x03, 0xC3, 0x01, 0xE0, 0xC0, 0x70, 0x00, 0xC0,
  0x00, 0xF8, 0x1F, 0x0E, 0x0C, 0x30, 0x00, 0x00, 0xC3, 0x71, 0x00, 0x06,
  0x18, 0x63, 0x38, 0x30, 0x1C, 0x18, 0x1E, 0x0C, 0x07, 0x87, 0x03, 0x00,
  0x80, 0x01, 0xC3, 0x70, 0x70, 0xC0, 0x07, 0xDC, 0x0C, 0x9C, 0x03, 0xF0,
  0x00, 0x0C, 0x00, 0x0C, 0x00, 0x06, 0x00, 0x03, 0x00, 0x00, 0x00, 0x00,
  0x00, 0x80, 0x01, 0x83, 0x03, 0xC3, 0x01, 0xE0, 0xC0, 0x70, 0x00, 0xC0,
  0x00, 0xF8, 0x1F, 0x0E, 0x0C, 0x30, 0x00, 0x00, 0xC3, 0x71, 0x00, 0x06,
  0x18, 0x63, 0x38, 0x30, 0x1C, 0x18, 0x1E, 0x0C, 0x07, 0x87, 0x03, 0x00,
  0x80, 0x01, 0xC3, 0x70, 0x70, 0xC0, 0x07, 0xDC, 0x0C, 0x9C, 0x03, 0xF0,
  0x00, 0x0C, 0x00, 0x0C, 0x00, 0x06, 0x00, 0x03, 0x00, 0x00, 0x00, 0x00,
  0x00, 0x00, 0xFF, 0x87, 0xFF, 0x81, 0xFF, 0xC1, 0xFF, 0xE0, 0x3F, 0xC0,
  0x00, 0x00, 0x18, 0x0E, 0x0C, 0xFE, 0x81, 0x03, 0xC3, 0xC1, 0xC1, 0x3F,
  0x18, 0x63, 0x38, 0x30, 0xF8, 0x0F, 0xEE, 0x07, 0xFE, 0x86, 0x03, 0x80,
  0xFF, 0x00, 0x7E, 0xE0, 0x6F, 0x80, 0x01, 0x38, 0x07, 0x0F, 0x0E, 0x30,
  0x80, 0xFF, 0x03, 0x0C, 0x00, 0x06, 0x00, 0x03, 0x00, 0x00, 0x00, 0x00,
  0x00, 0x00, 0xFF, 0x87, 0xFF, 0x81, 0xFF, 0xC1, 0xFF, 0xE0, 0x3F, 0xC0,
  0x00, 0x00, 0x18, 0x0E, 0x0C, 0xFE, 0x81, 0x03, 0xC3, 0xC1, 0xC1, 0x3F,
  0x18, 0x63, 0x38, 0x30, 0xF8, 0x0F, 0xEE, 0x07, 0xFE, 0x86, 0x03, 0x80,
  0xFF, 0x00, 0x7E, 0xE0, 0x6F, 0x80, 0x01, 0x38, 0x07, 0x0F, 0x0E, 0x30,
  0x80, 0xFF, 0x03, 0x0C, 0x00, 0x06, 0x00, 0x03, 0x00, 0x00, 0x00, 0x00,
  0x00, 0x00, 0x00, 0x00, 0x00, 0x00, 0x00, 0x00, 0x00, 0x00, 0x00, 0x00,
  0x00, 0xF8, 0x0F, 0x00, 0x00, 0x00, 0x00, 0xFF, 0x01, 0x00, 0x00, 0x00,
  0x00, 0x00, 0x00, 0x00, 0x00, 0x00, 0x0E, 0x00, 0x00, 0x06, 0x00, 0x00,
  0x00, 0x00, 0x00, 0x00, 0x00, 0x00, 0x00, 0x00, 0x00, 0x00, 0x00, 0x1E,
  0x00, 0x00, 0x00, 0x78, 0x00, 0x00, 0xE0, 0x01, 0x00, 0x00, 0x00, 0x00,
  0x00, 0x00, 0x00, 0x00, 0x00, 0x00, 0x00, 0x00, 0x00, 0x00, 0x00, 0x00,
  0x00, 0xF8, 0x0F, 0x00, 0x00, 0x00, 0x00, 0xFF, 0x01, 0x00, 0x00, 0x00,
  0x00, 0x00, 0x00, 0x00, 0x00, 0x00, 0x0E, 0x00, 0x00, 0x06, 0x00, 0x00,
  0x00, 0x00, 0x00, 0x00, 0x00, 0x00, 0x00, 0x00, 0x00, 0x00, 0x00, 0x1E,
  0x00, 0x00, 0x00, 0x78, 0x00, 0x00, 0xE0, 0x01, 0x00, 0x00, 0x00, 0x00,
  0x00, 0x00, 0x00, 0x00, 0x00, 0x00, 0x00, 0x00, 0x00, 0x00, 0x00, 0x00,
  0x00, 0x00, 0x00, 0x00, 0x00, 0x00, 0x00, 0x00, 0x00, 0x00, 0x00, 0x00,
  0x00, 0x00, 0x00, 0x00, 0x00, 0x00, 0x00, 0x00, 0x00, 0x00, 0x00, 0x00,
  0x00, 0x00, 0x00, 0x00, 0x00, 0x00, 0x00, 0x00, 0x00, 0x00, 0x00, 0x00,
  0x00, 0x00, 0x00, 0x00, 0x00, 0x00, 0x00, 0x00, 0x00, 0x00, 0x00, 0x00,
  0x00, 0x00, 0x00, 0x00, 0x00, 0x00, 0x00, 0x00, 0x00, 0x00, 0x00, 0x00,
  0x00, 0x00, 0x00, 0x00, 0x00, 0x00, 0x00, 0x00, 0x00, 0x00, 0x00, 0x00,
  0x00, 0x00, 0x00, 0x00, 0x00, 0x00, 0x00, 0x00, 0x00, 0x00, 0x00, 0x00,
  0x00, 0x00, 0x00, 0x00, 0x00, 0x00, 0x00, 0x00, 0x00, 0x00, 0x00, 0x00,
  0x00, 0x00, 0x00, 0x00, 0x00, 0x00, 0x00, 0x00, 0x00, 0x00, 0x00, 0x00,
  0x00, 0x00, 0x00, 0x00, 0x00, 0x00, 0x00, 0x00, 0x00, 0x00, 0x00, 0x00,
  0x00, 0xC0, 0x1F, 0x60, 0x38, 0xF0, 0x1F, 0x00, 0x00, 0x00, 0x00, 0x00,
  0x00, 0x00, 0x80, 0xFF, 0xC0, 0x7F, 0x00, 0x00, 0x00, 0x00, 0x00, 0x00,
  0x00, 0x00, 0x00, 0x00, 0x00, 0x00, 0x00, 0x00, 0x00, 0x00, 0x00, 0x00,
  0x00, 0x00, 0x00, 0x00, 0x00, 0x00, 0x00, 0x00, 0x00, 0x00, 0x00, 0x00,
  0x00, 0x00, 0x00, 0x00, 0x00, 0x00, 0x00, 0x00, 0x00, 0x00, 0x00, 0x00,
  0x00, 0xC0, 0x1F, 0x60, 0x38, 0xF0, 0x1F, 0x00, 0x00, 0x00, 0x00, 0x00,
  0x00, 0x00, 0x80, 0xFF, 0xC0, 0x7F, 0x00, 0x00, 0x00, 0x00, 0x00, 0x00,
  0x00, 0x00, 0x00, 0x00, 0x00, 0x00, 0x00, 0x00, 0x00, 0x00, 0x00, 0x00,
  0x00, 0x00, 0x00, 0x00, 0x00, 0x00, 0x00, 0x00, 0x00, 0x00, 0x00, 0x00,
  0x00, 0x00, 0xC0, 0x01, 0xE0, 0x00, 0xF8, 0x07, 0x00, 0x80, 0xC1, 0x01,
  0x0E, 0x60, 0x70, 0x00, 0x00, 0x08, 0x20, 0xF8, 0x03, 0x00, 0x00, 0x00,
  0x00, 0x00, 0x40, 0x00, 0x01, 0x00, 0xE0, 0x03, 0xC0, 0x01, 0x1F, 0x80,
  0x0F, 0x00, 0x60, 0x00, 0x00, 0xC0, 0xFF, 0x03, 0x00, 0x00, 0x00, 0xC0,
  0x01, 0xF0, 0x0F, 0x00, 0xC0, 0x03, 0xE3, 0x81, 0xF1, 0xC1, 0x00, 0x07,
  0x00, 0x00, 0xC0, 0x01, 0xE0, 0x00, 0xF8, 0x07, 0x00, 0x80, 0xC1, 0x01,
  0x0E, 0x60, 0x70, 0x00, 0x00, 0x08, 0x20, 0xF8, 0x03, 0x00, 0x00, 0x00,
  0x00, 0x00, 0x40, 0x00, 0x01, 0x00, 0xE0, 0x03, 0xC0, 0x01, 0x1F, 0x80,
  0x0F, 0x00, 0x60, 0x00, 0x00, 0xC0, 0xFF, 0x03, 0x00, 0x00, 0x00, 0xC0,
  0x01, 0xF0, 0x0F, 0x00, 0xC0, 0x03, 0xE3, 0x81, 0xF1, 0xC1, 0x00, 0x07,
  0x00, 0x00, 0x00, 0x00, 0xE0, 0x00, 0x0C, 0x0E, 0x83, 0x03, 0x63, 0x00,
  0x0E, 0x60, 0x00, 0x00, 0x00, 0xC6, 0x43, 0x00, 0x0E, 0x8C, 0x01, 0x00,
  0x00, 0x00, 0x30, 0x3F, 0x02, 0x00, 0x30, 0x06, 0xC0, 0x01, 0x70, 0x00,
  0x38, 0x00, 0x38, 0x00, 0x00, 0x70, 0xCE, 0x03, 0x00, 0x00, 0x00, 0xE0,
  0x01, 0x18, 0x1C, 0xC6, 0x00, 0x83, 0x80, 0x41, 0x00, 0x27, 0x00, 0x00,
  0x00, 0x00, 0x00, 0x00, 0xE0, 0x00, 0x0C, 0x0E, 0x83, 0x03, 0x63, 0x00,
  0x0E, 0x60, 0x00, 0x00, 0x00, 0xC6, 0x43, 0x00, 0x0E, 0x8C, 0x01, 0x00,
  0x00, 0x00, 0x30, 0x3F, 0x02, 0x00, 0x30, 0x06, 0xC0, 0x01, 0x70, 0x00,
  0x38, 0x00, 0x38, 0x00, 0x00, 0x70, 0xCE, 0x03, 0x00, 0x00, 0x00, 0xE0,
  0x01, 0x18, 0x1C, 0xC6, 0x00, 0x83, 0x80, 0x41, 0x00, 0x27, 0x00, 0x00,
  0x00, 0x00, 0xE0, 0x00, 0xFF, 0x03, 0x0C, 0x00, 0x7F, 0x00, 0x1F, 0x00,
  0x07, 0xE0, 0x0F, 0x00, 0x00, 0x11, 0x22, 0xFC, 0x83, 0x73, 0x00, 0x00,
  0x00, 0x00, 0x88, 0x30, 0x01, 0x00, 0xF0, 0x01, 0xFE, 0x07, 0x0C, 0x80,
  0x07, 0x00, 0x00, 0x70, 0x30, 0x38, 0xE7, 0x00, 0x00, 0x00, 0x00, 0xE0,
  0x00, 0x0C, 0x0E, 0xC6, 0xC0, 0x21, 0xE0, 0x10, 0xF0, 0x08, 0x80, 0x03,
  0x00, 0x00, 0xE0, 0x00, 0xFF, 0x03, 0x0C, 0x00, 0x7F, 0x00, 0x1F, 0x00,
  0x07, 0xE0, 0x0F, 0x00, 0x00, 0x11, 0x22, 0xFC, 0x83, 0x73, 0x00, 0x00,
  0x00, 0x00, 0x88, 0x30, 0x01, 0x00, 0xF0, 0x01, 0xFE, 0x07, 0x0C, 0x80,
  0x07, 0x00, 0x00, 0x70, 0x30, 0x38, 0xE7, 0x00, 0x00, 0x00, 0x00, 0xE0,
  0x00, 0x0C, 0x0E, 0xC6, 0xC0, 0x21, 0xE0, 0x10, 0xF0, 0x08, 0x80, 0x03,
  0x00, 0x00, 0xE0, 0x80, 0x73, 0x8E, 0x7F, 0xC0, 0xC1, 0x00, 0x0E, 0x00,
  0x00, 0x38, 0x18, 0x00, 0x00, 0x11, 0x20, 0x07, 0xC3, 0x39, 0xC0, 0xFF,
  0xE0, 0x7F, 0x88, 0x1F, 0x01, 0x00, 0x00, 0x00, 0xE0, 0x00, 0x07, 0x00,
  0x0C, 0x00, 0x00, 0x70, 0x30, 0xF0, 0xE7, 0x80, 0x03, 0x00, 0x00, 0xE0,
  0x00, 0x0C, 0x0E, 0x8C, 0xC1, 0x99, 0xE7, 0xFC, 0x81, 0xF7, 0x60, 0x00,
  0x00, 0x00, 0xE0, 0x80, 0x73, 0x00, 0x0C, 0xC0, 0xC1, 0x80, 0x3F, 0x00,
  0x07, 0xE0, 0x0F, 0x00, 0x00, 0x11, 0x22, 0xFC, 0x8F, 0x73, 0x00, 0xC0,
  0x00, 0x00, 0x88, 0x10, 0x01, 0x00, 0x00, 0x00, 0xE0, 0x80, 0x7F, 0xC0,
  0x07, 0x00, 0x00, 0x70, 0x30, 0x00, 0xE7, 0x00, 0x00, 0x00, 0x00, 0xE0,
  0x00, 0xF8, 0x03, 0xC6, 0xC0, 0x45, 0xE7, 0x82, 0xFB, 0xE9, 0x38, 0x00,
  0x00, 0x00, 0xE0, 0x80, 0x73, 0x00, 0x0C, 0xC0, 0xC1, 0x80, 0x3F, 0x00,
  0x07, 0xE0, 0x0F, 0x00, 0x00, 0x11, 0x22, 0xFC, 0x8F, 0x73, 0x00, 0xC0,
  0x00, 0x00, 0x88, 0x10, 0x01, 0x00, 0x00, 0x00, 0xE0, 0x80, 0x7F, 0xC0,
  0x07, 0x00, 0x00, 0x70, 0x30, 0x00, 0xE7, 0x00, 0x00, 0x00, 0x00, 0xE0,
  0x00, 0xF8, 0x03, 0xC6, 0xC0, 0x45, 0xE7, 0x82, 0xFB, 0xE9, 0x38, 0x00,
  0x00, 0x00, 0x30, 0xC0, 0x18, 0xC0, 0x8F, 0xC1, 0x3F, 0x00, 0x03, 0x80,
  0x01, 0x00, 0x0C, 0x00, 0x80, 0xF0, 0x18, 0x00, 0x80, 0x73, 0x00, 0x00,
  0x00, 0x00, 0x44, 0xD8, 0x00, 0x00, 0x00, 0x00, 0x00, 0x00, 0x00, 0x00,
  0x00, 0x00, 0x00, 0x18, 0x1C, 0x80, 0x31, 0x00, 0x00, 0x00, 0x00, 0x00,
  0x00, 0x00, 0xC0, 0x39, 0x00, 0x99, 0x83, 0x60, 0x40, 0x31, 0x1C, 0x0C,
  0x00, 0x00, 0x30, 0xC0, 0x18, 0xC0, 0x8F, 0xC1, 0x3F, 0x00, 0x03, 0x80,
  0x01, 0x00, 0x0C, 0x00, 0x80, 0xF0, 0x18, 0x00, 0x80, 0x73, 0x00, 0x00,
  0x00, 0x00, 0x44, 0xD8, 0x00, 0x00, 0x00, 0x00, 0x00, 0x00, 0x00, 0x00,
  0x00, 0x00, 0x00, 0x18, 0x1C, 0x80, 0x31, 0x00, 0x00, 0x00, 0x00, 0x00,
  0x00, 0x00, 0xC0, 0x39, 0x00, 0x99, 0x83, 0x60, 0x40, 0x31, 0x1C, 0x0C,
  0x00, 0x00, 0x30, 0x80, 0xFF, 0xC3, 0xF9, 0xE0, 0x60, 0x00, 0x03, 0x80,
  0x01, 0x1C, 0x0C, 0x00, 0x00, 0x01, 0x84, 0xFF, 0x03, 0x00, 0x00, 0x00,
  0x00, 0x00, 0x08, 0x20, 0x00, 0x00, 0x00, 0x00, 0xFF, 0x03, 0x00, 0x00,
  0x00, 0x00, 0x00, 0xF8, 0x33, 0x80, 0x31, 0x00, 0x00, 0x00, 0x00, 0x00,
  0x00, 0xFF, 0x03, 0x00, 0xC0, 0xFC, 0x63, 0x30, 0xB0, 0x3F, 0xF8, 0x07,
  0x00, 0x00, 0x30, 0x80, 0xFF, 0xC3, 0xF9, 0xE0, 0x60, 0x00, 0x03, 0x80,
  0x01, 0x1C, 0x0C, 0x00, 0x00, 0x01, 0x84, 0xFF, 0x03, 0x00, 0x00, 0x00,
  0x00, 0x00, 0x08, 0x20, 0x00, 0x00, 0x00, 0x00, 0xFF, 0x03, 0x00, 0x00,
  0x00, 0x00, 0x00, 0xF8, 0x33, 0x80, 0x31, 0x00, 0x00, 0x00, 0x00, 0x00,
  0x00, 0xFF, 0x03, 0x00, 0xC0, 0xFC, 0x63, 0x30, 0xB0, 0x3F, 0xF8, 0x07,
  0x00, 0x00, 0x00, 0x00, 0x18, 0x00, 0x00, 0x00, 0x00, 0x00, 0x00, 0x00,
  0x00, 0xF8, 0x07, 0x00, 0x00, 0xFE, 0x03, 0x00, 0x00, 0x00, 0x00, 0x00,
  0x00, 0x00, 0xF0, 0x1F, 0x00, 0x00, 0x00, 0x00, 0x00, 0x00, 0x00, 0x00,
  0x00, 0x00, 0x00, 0x18, 0x00, 0x80, 0x31, 0x00, 0x00, 0x60, 0x00, 0x00,
  0x00, 0x00, 0x00, 0x00, 0x20, 0x80, 0x13, 0xFC, 0x09, 0x30, 0x00, 0x00,
  0x00, 0x00, 0x00, 0x00, 0x18, 0x00, 0x00, 0x00, 0x00, 0x00, 0x00, 0x00,
  0x00, 0xF8, 0x07, 0x00, 0x00, 0xFE, 0x03, 0x00, 0x00, 0x00, 0x00, 0x00,
  0x00, 0x00, 0xF0, 0x1F, 0x00, 0x00, 0x00, 0x00, 0x00, 0x00, 0x00, 0x00,
  0x00, 0x00, 0x00, 0x18, 0x00, 0x80, 0x31, 0x00, 0x00, 0x60, 0x00, 0x00,
  0x00, 0x00, 0x00, 0x00, 0x20, 0x80, 0x13, 0xFC, 0x09, 0x30, 0x00, 0x00,
  0x00, 0x00, 0x00, 0x00, 0x18, 0x00, 0x00, 0x00, 0x00, 0x00, 0x00, 0x00,
  0x00, 0x00, 0x00, 0x00, 0x00, 0x00, 0x00, 0x00, 0x00, 0x00, 0x00, 0x00,
  0x00, 0x00, 0x00, 0x00, 0x00, 0x00, 0x00, 0x00, 0x00, 0x00, 0x00, 0x00,
  0x00, 0x00, 0x00, 0x18, 0x00, 0x80, 0x31, 0x00, 0x00, 0x70, 0x00, 0x00,
  0x00, 0x00, 0x00, 0x00, 0x00, 0x00, 0x00, 0x00, 0x00, 0x00, 0x00, 0x00,
  0x00, 0x00, 0x00, 0x00, 0x18, 0x00, 0x00, 0x00, 0x00, 0x00, 0x00, 0x00,
  0x00, 0x00, 0x00, 0x00, 0x00, 0x00, 0x00, 0x00, 0x00, 0x00, 0x00, 0x00,
  0x00, 0x00, 0x00, 0x00, 0x00, 0x00, 0x00, 0x00, 0x00, 0x00, 0x00, 0x00,
  0x00, 0x00, 0x00, 0x18, 0x00, 0x80, 0x31, 0x00, 0x00, 0x70, 0x00, 0x00,
  0x00, 0x00, 0x00, 0x00, 0x00, 0x00, 0x00, 0x00, 0x00, 0x00, 0x00, 0x00,
  0xC0, 0x01, 0x00, 0x06, 0xE0, 0x01, 0x7C, 0x0E, 0x86, 0x03, 0x7E, 0x00,
  0x00, 0x00, 0x00, 0x80, 0x03, 0x00, 0x06, 0xE0, 0x01, 0x0C, 0x07, 0x1C,
  0x00, 0x30, 0x00, 0x1F, 0xC0, 0x18, 0x00, 0x00, 0xF0, 0x39, 0x70, 0x00,
  0x80, 0x01, 0x78, 0x00, 0x9F, 0x83, 0xE1, 0x00, 0x00, 0x00, 0x00, 0xC0,
  0x01, 0x80, 0x01, 0xF0, 0x00, 0x86, 0x03, 0x30, 0xC0, 0x07, 0x00, 0x00,
  0xC0, 0x01, 0x00, 0x06, 0xE0, 0x01, 0x7C, 0x0E, 0x86, 0x03, 0x7E, 0x00,
  0x00, 0x00, 0x00, 0x80, 0x03, 0x00, 0x06, 0xE0, 0x01, 0x0C, 0x07, 0x1C,
  0x00, 0x30, 0x00, 0x1F, 0xC0, 0x18, 0x00, 0x00, 0xF0, 0x39, 0x70, 0x00,
  0x80, 0x01, 0x78, 0x00, 0x9F, 0x83, 0xE1, 0x00, 0x00, 0x00, 0x00, 0xC0,
  0x01, 0x80, 0x01, 0xF0, 0x00, 0x86, 0x03, 0x30, 0xC0, 0x07, 0x00, 0x00,
  0x80, 0x03, 0x00, 0x03, 0x70, 0x03, 0xC6, 0x07, 0x00, 0x00, 0xC3, 0x81,
  0xFF, 0x81, 0x7F, 0x00, 0x06, 0x00, 0x03, 0x70, 0x03, 0x00, 0x00, 0x38,
  0x00, 0x1C, 0x80, 0x31, 0x00, 0x00, 0xF0, 0x0F, 0x18, 0x1F, 0xE0, 0x00,
  0xC0, 0x00, 0xDC, 0x80, 0xF1, 0x01, 0x00, 0x00, 0x00, 0x00, 0x70, 0x00,
  0x03, 0xE0, 0x00, 0xB8, 0x01, 0x00, 0xE0, 0x9C, 0x83, 0x01, 0x80, 0x1F,
  0x80, 0x03, 0x00, 0x03, 0x70, 0x03, 0xC6, 0x07, 0x00, 0x00, 0xC3, 0x81,
  0xFF, 0x81, 0x7F, 0x00, 0x06, 0x00, 0x03, 0x70, 0x03, 0x00, 0x00, 0x38,
  0x00, 0x1C, 0x80, 0x31, 0x00, 0x00, 0xF0, 0x0F, 0x18, 0x1F, 0xE0, 0x00,
  0xC0, 0x00, 0xDC, 0x80, 0xF1, 0x01, 0x00, 0x00, 0x00, 0x00, 0x70, 0x00,
  0x03, 0xE0, 0x00, 0xB8, 0x01, 0x00, 0xE0, 0x9C, 0x83, 0x01, 0x80, 0x1F,
  0xC0, 0x0F, 0xE0, 0x07, 0x00, 0x00, 0x00, 0x00, 0xFC, 0x00, 0x7E, 0xC0,
  0x0E, 0xC0, 0xE0, 0xF0, 0x7F, 0xF8, 0x3F, 0xFC, 0x1F, 0xFE, 0x0F, 0xFE,
  0x00, 0x7F, 0x00, 0x00, 0xC0, 0x1F, 0x30, 0x38, 0x38, 0x38, 0xF8, 0x0F,
  0xFC, 0x07, 0xFE, 0x03, 0xFF, 0x81, 0xFF, 0x00, 0x00, 0xE0, 0x3F, 0x18,
  0x38, 0x0C, 0x1C, 0x06, 0x0E, 0x03, 0x87, 0xC1, 0x81, 0xFF, 0xC0, 0x70,
  0xC0, 0x0F, 0xE0, 0x07, 0x00, 0x00, 0x00, 0x00, 0xFC, 0x00, 0x7E, 0xC0,
  0x0E, 0xC0, 0xE0, 0xF0, 0x7F, 0xF8, 0x3F, 0xFC, 0x1F, 0xFE, 0x0F, 0xFE,
  0x00, 0x7F, 0x00, 0x00, 0xC0, 0x1F, 0x30, 0x38, 0x38, 0x38, 0xF8, 0x0F,
  0xFC, 0x07, 0xFE, 0x03, 0xFF, 0x81, 0xFF, 0x00, 0x00, 0xE0, 0x3F, 0x18,
  0x38, 0x0C, 0x1C, 0x06, 0x0E, 0x03, 0x87, 0xC1, 0x81, 0xFF, 0xC0, 0x70,
  0x30, 0x0C, 0x18, 0x06, 0xFC, 0x03, 0xFE, 0x01, 0xC3, 0x80, 0x61, 0x38,
  0x07, 0x38, 0x00, 0x1C, 0x00, 0x0E, 0x00, 0x07, 0x80, 0x03, 0x00, 0x1C,
  0x00, 0x0E, 0xC0, 0x1F, 0x80, 0x03, 0x1C, 0x38, 0x3E, 0x1C, 0x07, 0x8E,
  0x03, 0xC7, 0x81, 0xE3, 0xC0, 0x71, 0xE0, 0x60, 0x0C, 0x1C, 0x3E, 0x0E,
  0x1C, 0x07, 0x8E, 0x03, 0xC7, 0x81, 0x83, 0x31, 0xC0, 0xE0, 0x38, 0x18,
  0x30, 0x0C, 0x18, 0x06, 0xFC, 0x03, 0xFE, 0x01, 0xC3, 0x80, 0x61, 0x38,
  0x07, 0x38, 0x00, 0x1C, 0x00, 0x0E, 0x00, 0x07, 0x80, 0x03, 0x00, 0x1C,
  0x00, 0x0E, 0xC0, 0x1F, 0x80, 0x03, 0x1C, 0x38, 0x3E, 0x1C, 0x07, 0x8E,
  0x03, 0xC7, 0x81, 0xE3, 0xC0, 0x71, 0xE0, 0x60, 0x0C, 0x1C, 0x3E, 0x0E,
  0x1C, 0x07, 0x8E, 0x03, 0xC7, 0x81, 0x83, 0x31, 0xC0, 0xE0, 0x38, 0x18,
  0x1C, 0x38, 0x0E, 0x1C, 0x07, 0x8E, 0x03, 0xC7, 0x81, 0xE3, 0xC0, 0xF9,
  0x3F, 0x38, 0x00, 0xFC, 0x07, 0xFE, 0x03, 0xFF, 0x81, 0xFF, 0x00, 0x1C,
  0x00, 0x0E, 0x00, 0x07, 0x80, 0x03, 0x7E, 0x38, 0xEE, 0x1C, 0x07, 0x8E,
  0x03, 0xC7, 0x81, 0xE3, 0xC0, 0x71, 0xE0, 0xC0, 0x07, 0x9C, 0x3B, 0x0E,
  0x1C, 0x07, 0x8E, 0x03, 0xC7, 0x81, 0x03, 0x1F, 0xC0, 0xE0, 0x38, 0x0C,
  0xFC, 0x3F, 0xFE, 0x1F, 0xFF, 0x8F, 0xFF, 0xC7, 0xFF, 0xE3, 0xFF, 0x39,
  0x07, 0x38, 0x00, 0x1C, 0x00, 0x0E, 0x00, 0x07, 0x80, 0x03, 0x00, 0x1C,
  0x00, 0x0E, 0x00, 0x07, 0x80, 0x03, 0x1C, 0x38, 0xCE, 0x1D, 0x07, 0x8E,
  0x03, 0xC7, 0x81, 0xE3, 0xC0, 0x71, 0xE0, 0x80, 0x03, 0xDC, 0x39, 0x0E,
  0x1C, 0x07, 0x8E, 0x03, 0xC7, 0x81, 0x03, 0x0E, 0xC0, 0x3F, 0x38, 0x70,
  0xFC, 0x3F, 0xFE, 0x1F, 0xFF, 0x8F, 0xFF, 0xC7, 0xFF, 0xE3, 0xFF, 0x39,
  0x07, 0x38, 0x00, 0x1C, 0x00, 0x0E, 0x00, 0x07, 0x80, 0x03, 0x00, 0x1C,
  0x00, 0x0E, 0x00, 0x07, 0x80, 0x03, 0x1C, 0x38, 0xCE, 0x1D, 0x07, 0x8E,
  0x03, 0xC7, 0x81, 0xE3, 0xC0, 0x71, 0xE0, 0x80, 0x03, 0xDC, 0x39, 0x0E,
  0x1C, 0x07, 0x8E, 0x03, 0xC7, 0x81, 0x03, 0x0E, 0xC0, 0x3F, 0x38, 0x70,
  0x0E, 0x0C, 0x07, 0x86, 0x03, 0xC3, 0x81, 0xE1, 0xC0, 0x70, 0x60, 0x8C,
  0x01, 0x38, 0x18, 0x0E, 0x00, 0x07, 0x80, 0x03, 0xC0, 0x01, 0x00, 0x06,
  0x00, 0x03, 0x80, 0x01, 0xC0, 0x00, 0x0E, 0x06, 0xC7, 0x87, 0x03, 0xC3,
  0x81, 0xE1, 0xC0, 0x70, 0x60, 0x38, 0x30, 0xE0, 0x03, 0x3E, 0x0C, 0x07,
  0x86, 0x03, 0xC3, 0x81, 0xE1, 0xC0, 0x00, 0x03, 0x70, 0x00, 0x1C, 0x18,
  0x0E, 0x0C, 0x07, 0x86, 0x03, 0xC3, 0x81, 0xE1, 0xC0, 0x70, 0x60, 0x8C,
  0x01, 0x38, 0x18, 0x0E, 0x00, 0x07, 0x80, 0x03, 0xC0, 0x01, 0x00, 0x06,
  0x00, 0x03, 0x80, 0x01, 0xC0, 0x00, 0x0E, 0x06, 0xC7, 0x87, 0x03, 0xC3,
  0x81, 0xE1, 0xC0, 0x70, 0x60, 0x38, 0x30, 0xE0, 0x03, 0x3E, 0x0C, 0x07,
  0x86, 0x03, 0xC3, 0x81, 0xE1, 0xC0, 0x00, 0x03, 0x70, 0x00, 0x1C, 0x18,
  0x0E, 0x0C, 0x07, 0x86, 0x03, 0xC3, 0x81, 0xE1, 0xC0, 0x70, 0x60, 0x8C,
  0x3F, 0xE0, 0x0F, 0xFE, 0x0F, 0xFF, 0x87, 0xFF, 0xC3, 0xFF, 0xC1, 0x3F,
  0xE0, 0x1F, 0xF0, 0x0F, 0xF8, 0x07, 0xFE, 0x03, 0x07, 0x07, 0xFF, 0x81,
  0xFF, 0xC0, 0x7F, 0xE0, 0x3F, 0xF0, 0x1F, 0x38, 0x07, 0xFC, 0x07, 0xFE,
  0x03, 0xFF, 0x81, 0xFF, 0xC0, 0x7F, 0x00, 0x03, 0xF8, 0x00, 0x9C, 0x0F,
  0x0E, 0x0C, 0x07, 0x86, 0x03, 0xC3, 0x81, 0xE1, 0xC0, 0x70, 0x60, 0x8C,
  0x3F, 0xE0, 0x0F, 0xFE, 0x0F, 0xFF, 0x87, 0xFF, 0xC3, 0xFF, 0xC1, 0x3F,
  0xE0, 0x1F, 0xF0, 0x0F, 0xF8, 0x07, 0xFE, 0x03, 0x07, 0x07, 0xFF, 0x81,
  0xFF, 0xC0, 0x7F, 0xE0, 0x3F, 0xF0, 0x1F, 0x38, 0x07, 0xFC, 0x07, 0xFE,
  0x03, 0xFF, 0x81, 0xFF, 0xC0, 0x7F, 0x00, 0x03, 0xF8, 0x00, 0x9C, 0x0F,
  0x00, 0x00, 0x00, 0x00, 0x00, 0x00, 0x00, 0x00, 0x00, 0x00, 0x00, 0x00,
  0x00, 0x80, 0x03, 0x00, 0x00, 0x00, 0x00, 0x00, 0x00, 0x00, 0x00, 0x00,
  0x00, 0x00, 0x00, 0x00, 0x00, 0x00, 0x00, 0x00, 0x00, 0x00, 0x00, 0x00,
  0x00, 0x00, 0x00, 0x00, 0x00, 0x00, 0x00, 0x00, 0x00, 0x0E, 0x00, 0x00,
  0x00, 0x00, 0x00, 0x00, 0x00, 0x00, 0x00, 0x00, 0x00, 0x00, 0x1C, 0x00,
  0x00, 0x00, 0x00, 0x00, 0x00, 0x00, 0x00, 0x00, 0x00, 0x00, 0x00, 0x00,
  0x00, 0x80, 0x03, 0x00, 0x00, 0x00, 0x00, 0x00, 0x00, 0x00, 0x00, 0x00,
  0x00, 0x00, 0x00, 0x00, 0x00, 0x00, 0x00, 0x00, 0x00, 0x00, 0x00, 0x00,
  0x00, 0x00, 0x00, 0x00, 0x00, 0x00, 0x00, 0x00, 0x00, 0x0E, 0x00, 0x00,
  0x00, 0x00, 0x00, 0x00, 0x00, 0x00, 0x00, 0x00, 0x00, 0x00, 0x1C, 0x00,
  0x00, 0x00, 0x00, 0x00, 0x00, 0x00, 0x00, 0x00, 0x00, 0x00, 0x00, 0x00,
  0x00, 0xC0, 0x00, 0x00, 0x00, 0x00, 0x00, 0x00, 0x00, 0x00, 0x00, 0x00,
  0x00, 0x00, 0x00, 0x00, 0x00, 0x00, 0x00, 0x00, 0x00, 0x00, 0x00, 0x00,
  0x00, 0x00, 0x00, 0x00, 0x00, 0x00, 0x00, 0x00, 0x00, 0x00, 0x00, 0x00,
  0x00, 0x00, 0x00, 0x00, 0x00, 0x00, 0x00, 0x00, 0x00, 0x00, 0x00, 0x00,
  0x00, 0x00, 0x00, 0x00, 0x00, 0x00, 0x00, 0x00, 0x00, 0x00, 0x00, 0x00,
  0x00, 0xC0, 0x00, 0x00, 0x00, 0x00, 0x00, 0x00, 0x00, 0x00, 0x00, 0x00,
  0x00, 0x00, 0x00, 0x00, 0x00, 0x00, 0x00, 0x00, 0x00, 0x00, 0x00, 0x00,
  0x00, 0x00, 0x00, 0x00, 0x00, 0x00, 0x00, 0x00, 0x00, 0x00, 0x00, 0x00,
  0x00, 0x00, 0x00, 0x00, 0x00, 0x00, 0x00, 0x00, 0x00, 0x00, 0x00, 0x00,
  0xC0, 0x01, 0x00, 0x03, 0xF0, 0x00, 0x3C, 0x07, 0xC6, 0x00, 0x3E, 0x00,
  0x00, 0x00, 0x00, 0x80, 0x03, 0x00, 0x03, 0xE0, 0x01, 0x0C, 0x07, 0x1C,
  0x00, 0x30, 0x00, 0x1E, 0xC0, 0x18, 0x00, 0x0C, 0xF0, 0x39, 0x70, 0x00,
  0x80, 0x01, 0x78, 0x00, 0x9F, 0x83, 0xE1, 0x00, 0x00, 0x00, 0x00, 0xC0,
  0x01, 0x80, 0x01, 0xF0, 0x00, 0x86, 0x03, 0x60, 0x00, 0x00, 0x60, 0x18,
  0xC0, 0x01, 0x00, 0x03, 0xF0, 0x00, 0x3C, 0x07, 0xC6, 0x00, 0x3E, 0x00,
  0x00, 0x00, 0x00, 0x80, 0x03, 0x00, 0x03, 0xE0, 0x01, 0x0C, 0x07, 0x1C,
  0x00, 0x30, 0x00, 0x1E, 0xC0, 0x18, 0x00, 0x0C, 0xF0, 0x39, 0x70, 0x00,
  0x80, 0x01, 0x78, 0x00, 0x9F, 0x83, 0xE1, 0x00, 0x00, 0x00, 0x00, 0xC0,
  0x01, 0x80, 0x01, 0xF0, 0x00, 0x86, 0x03, 0x60, 0x00, 0x00, 0x60, 0x18,
  0x80, 0x03, 0xC0, 0x01, 0x98, 0x01, 0xC6, 0x01, 0x00, 0x00, 0x63, 0x00,
  0x00, 0x00, 0x00, 0x00, 0x06, 0xC0, 0x01, 0x70, 0x03, 0x00, 0x00, 0x38,
  0x00, 0x1C, 0x00, 0x37, 0x00, 0x00, 0x80, 0xFF, 0x18, 0x1F, 0xE0, 0x00,
  0xC0, 0x00, 0xDC, 0x80, 0xF1, 0x01, 0x00, 0x00, 0x00, 0x00, 0x00, 0x00,
  0x03, 0xE0, 0x00, 0xB8, 0x01, 0x00, 0x00, 0x30, 0x80, 0x01, 0x00, 0x00,
  0x80, 0x03, 0xC0, 0x01, 0x98, 0x01, 0xC6, 0x01, 0x00, 0x00, 0x63, 0x00,
  0x00, 0x00, 0x00, 0x00, 0x06, 0xC0, 0x01, 0x70, 0x03, 0x00, 0x00, 0x38,
  0x00, 0x1C, 0x00, 0x37, 0x00, 0x00, 0x80, 0xFF, 0x18, 0x1F, 0xE0, 0x00,
  0xC0, 0x00, 0xDC, 0x80, 0xF1, 0x01, 0x00, 0x00, 0x00, 0x00, 0x00, 0x00,
  0x03, 0xE0, 0x00, 0xB8, 0x01, 0x00, 0x00, 0x30, 0x80, 0x01, 0x00, 0x00,
  0x00, 0x00, 0x00, 0x00, 0x00, 0x00, 0x00, 0x00, 0x00, 0x00, 0x3E, 0x00,
  0x00, 0x00, 0x00, 0x00, 0x00, 0x00, 0x00, 0x00, 0x00, 0x00, 0x00, 0x00,
  0x00, 0x00, 0x00, 0x00, 0x00, 0x00, 0x00, 0x38, 0x00, 0x00, 0x00, 0x00,
  0x00, 0x00, 0x00, 0x00, 0x00, 0x00, 0x00, 0x00, 0x00, 0x00, 0x0C, 0x00,
  0x00, 0x00, 0x00, 0x00, 0x00, 0x00, 0x00, 0x00, 0x80, 0x01, 0x00, 0x00,
  0x00, 0x00, 0x00, 0x00, 0x00, 0x00, 0x00, 0x00, 0x00, 0x00, 0x3E, 0x00,
  0x00, 0x00, 0x00, 0x00, 0x00, 0x00, 0x00, 0x00, 0x00, 0x00, 0x00, 0x00,
  0x00, 0x00, 0x00, 0x00, 0x00, 0x00, 0x00, 0x38, 0x00, 0x00, 0x00, 0x00,
  0x00, 0x00, 0x00, 0x00, 0x00, 0x00, 0x00, 0x00, 0x00, 0x00, 0x0C, 0x00,
  0x00, 0x00, 0x00, 0x00, 0x00, 0x00, 0x00, 0x00, 0x80, 0x01, 0x00, 0x00,
  0xFC, 0x07, 0xFE, 0x03, 0xFF, 0x81, 0xFF, 0xC0, 0x7F, 0xE0, 0x3F, 0xF0,
  0x39, 0xE0, 0x1F, 0xF0, 0x0F, 0xF8, 0x07, 0xFC, 0x03, 0xFE, 0x01, 0x1E,
  0x00, 0x0F, 0x80, 0x07, 0xC0, 0x03, 0xF0, 0x3F, 0xEE, 0x07, 0xFC, 0x03,
  0xFE, 0x01, 0xFF, 0x80, 0x7F, 0xC0, 0x3F, 0x80, 0x03, 0xFC, 0x0F, 0x0E,
  0x1C, 0x07, 0x8E, 0x03, 0xC7, 0x81, 0xE3, 0xC0, 0xC1, 0x3F, 0x1C, 0x18,
  0xFC, 0x07, 0xFE, 0x03, 0xFF, 0x81, 0xFF, 0xC0, 0x7F, 0xE0, 0x3F, 0xF0,
  0x39, 0xE0, 0x1F, 0xF0, 0x0F, 0xF8, 0x07, 0xFC, 0x03, 0xFE, 0x01, 0x1E,
  0x00, 0x0F, 0x80, 0x07, 0xC0, 0x03, 0xF0, 0x3F, 0xEE, 0x07, 0xFC, 0x03,
  0xFE, 0x01, 0xFF, 0x80, 0x7F, 0xC0, 0x3F, 0x80, 0x03, 0xFC, 0x0F, 0x0E,
  0x1C, 0x07, 0x8E, 0x03, 0xC7, 0x81, 0xE3, 0xC0, 0xC1, 0x3F, 0x1C, 0x18,
  0x00, 0x0C, 0x00, 0x06, 0x00, 0x03, 0x80, 0x01, 0xC0, 0x00, 0x60, 0x00,
  0xE7, 0x38, 0x70, 0x1C, 0x38, 0x0E, 0x1C, 0x07, 0x8E, 0x03, 0x07, 0x1C,
  0x00, 0x0E, 0x00, 0x07, 0x80, 0x03, 0x1C, 0x38, 0x1E, 0x1C, 0x07, 0x8E,
  0x03, 0xC7, 0x81, 0xE3, 0xC0, 0x71, 0xE0, 0x00, 0x00, 0x8E, 0x3B, 0x0E,
  0x1C, 0x07, 0x8E, 0x03, 0xC7, 0x81, 0x83, 0x61, 0xC0, 0xE0, 0x38, 0x0C,
  0xFC, 0x0F, 0xFE, 0x07, 0xFF, 0x83, 0xFF, 0xC1, 0xFF, 0xE0, 0x7F, 0xF0,
  0xFF, 0x38, 0x00, 0xFC, 0x3F, 0xFE, 0x1F, 0xFF, 0x8F, 0xFF, 0x07, 0x1C,
  0x00, 0x0E, 0x00, 0x07, 0x80, 0x03, 0x1C, 0x38, 0x0E, 0x1C, 0x07, 0x8E,
  0x03, 0xC7, 0x81, 0xE3, 0xC0, 0x71, 0xE0, 0xF8, 0x1F, 0xCE, 0x39, 0x0E,
  0x1C, 0x07, 0x8E, 0x03, 0xC7, 0x81, 0x03, 0x33, 0xC0, 0xE0, 0x60, 0x07,
  0xFC, 0x0F, 0xFE, 0x07, 0xFF, 0x83, 0xFF, 0xC1, 0xFF, 0xE0, 0x7F, 0xF0,
  0xFF, 0x38, 0x00, 0xFC, 0x3F, 0xFE, 0x1F, 0xFF, 0x8F, 0xFF, 0x07, 0x1C,
  0x00, 0x0E, 0x00, 0x07, 0x80, 0x03, 0x1C, 0x38, 0x0E, 0x1C, 0x07, 0x8E,
  0x03, 0xC7, 0x81, 0xE3, 0xC0, 0x71, 0xE0, 0xF8, 0x1F, 0xCE, 0x39, 0x0E,
  0x1C, 0x07, 0x8E, 0x03, 0xC7, 0x81, 0x03, 0x33, 0xC0, 0xE0, 0x60, 0x07,
  0x03, 0x86, 0x01, 0xC3, 0x80, 0x61, 0xC0, 0x30, 0x60, 0x18, 0x30, 0x8C,
  0x01, 0x1C, 0x00, 0x0E, 0x00, 0x07, 0x80, 0x03, 0xC0, 0x01, 0x00, 0x06,
  0x00, 0x03, 0x80, 0x01, 0xC0, 0x00, 0x0E, 0x0C, 0x07, 0x86, 0x03, 0xC3,
  0x81, 0xE1, 0xC0, 0x70, 0x60, 0x38, 0x30, 0x00, 0x00, 0x33, 0x0C, 0x07,
  0x87, 0x83, 0xC3, 0xC1, 0xE1, 0xE0, 0x00, 0x0F, 0x70, 0x30, 0xE0, 0x00,
  0x03, 0x86, 0x01, 0xC3, 0x80, 0x61, 0xC0, 0x30, 0x60, 0x18, 0x30, 0x8C,
  0x01, 0x1C, 0x00, 0x0E, 0x00, 0x07, 0x80, 0x03, 0xC0, 0x01, 0x00, 0x06,
  0x00, 0x03, 0x80, 0x01, 0xC0, 0x00, 0x0E, 0x0C, 0x07, 0x86, 0x03, 0xC3,
  0x81, 0xE1, 0xC0, 0x70, 0x60, 0x38, 0x30, 0x00, 0x00, 0x33, 0x0C, 0x07,
  0x87, 0x83, 0xC3, 0xC1, 0xE1, 0xE0, 0x00, 0x0F, 0x70, 0x30, 0xE0, 0x00,
  0xFE, 0x0F, 0xFF, 0x87, 0xFF, 0xC3, 0xFF, 0xE1, 0xFF, 0xF0, 0x7F, 0xF8,
  0x1F, 0xF8, 0x1F, 0xFC, 0x07, 0xFE, 0x03, 0xFF, 0x81, 0xFF, 0xC0, 0x3F,
  0xE0, 0x1F, 0xF0, 0x0F, 0xF8, 0x07, 0xFC, 0x0F, 0x07, 0x06, 0xFF, 0x81,
  0xFF, 0xC0, 0x7F, 0xE0, 0x3F, 0xF0, 0x1F, 0xC0, 0x00, 0xFE, 0x07, 0xFE,
  0x06, 0x7F, 0x83, 0xBF, 0xC1, 0xDF, 0x00, 0x03, 0xF0, 0x1F, 0x60, 0x00,
  0xFE, 0x0F, 0xFF, 0x87, 0xFF, 0xC3, 0xFF, 0xE1, 0xFF, 0xF0, 0x7F, 0xF8,
  0x1F, 0xF8, 0x1F, 0xFC, 0x07, 0xFE, 0x03, 0xFF, 0x81, 0xFF, 0xC0, 0x3F,
  0xE0, 0x1F, 0xF0, 0x0F, 0xF8, 0x07, 0xFC, 0x0F, 0x07, 0x06, 0xFF, 0x81,
  0xFF, 0xC0, 0x7F, 0xE0, 0x3F, 0xF0, 0x1F, 0xC0, 0x00, 0xFE, 0x07, 0xFE,
  0x06, 0x7F, 0x83, 0xBF, 0xC1, 0xDF, 0x00, 0x03, 0xF0, 0x1F, 0x60, 0x00,
  0x00, 0x00, 0x00, 0x00, 0x00, 0x00, 0x00, 0x00, 0x00, 0x00, 0x00, 0x00,
  0x00, 0xC0, 0x00, 0x00, 0x00, 0x00, 0x00, 0x00, 0x00, 0x00, 0x00, 0x00,
  0x00, 0x00, 0x00, 0x00, 0x00, 0x00, 0x00, 0x00, 0x00, 0x00, 0x00, 0x00,
  0x00, 0x00, 0x00, 0x00, 0x00, 0x00, 0x00, 0x00, 0x00, 0x1C, 0x00, 0x00,
  0x00, 0x00, 0x00, 0x00, 0x00, 0x00, 0xE0, 0x01, 0x70, 0x00, 0x3C, 0x00,
  0x00, 0x00, 0x00, 0x00, 0x00, 0x00, 0x00, 0x00, 0x00, 0x00, 0x00, 0x00,
  0x00, 0xC0, 0x00, 0x00, 0x00, 0x00, 0x00, 0x00, 0x00, 0x00, 0x00, 0x00,
  0x00, 0x00, 0x00, 0x00, 0x00, 0x00, 0x00, 0x00, 0x00, 0x00, 0x00, 0x00,
  0x00, 0x00, 0x00, 0x00, 0x00, 0x00, 0x00, 0x00, 0x00, 0x1C, 0x00, 0x00,
  0x00, 0x00, 0x00, 0x00, 0x00, 0x00, 0xE0, 0x01, 0x70, 0x00, 0x3C, 0x00,
  0x00, 0x00, 0x00, 0x00, 0x00, 0x00, 0x00, 0x00, 0x00, 0x00, 0x00, 0x00,
  0x00, 0x60, 0x00, 0x00, 0x00, 0x00, 0x00, 0x00, 0x00, 0x00, 0x00, 0x00,
  0x00, 0x00, 0x00, 0x00, 0x00, 0x00, 0x00, 0x00, 0x00, 0x00, 0x00, 0x00,
  0x00, 0x00, 0x00, 0x00, 0x00, 0x00, 0x00, 0x00, 0x00, 0x00, 0x00, 0x00,
  0x00, 0x00, 0x00, 0x00, 0x00, 0x00, 0x00, 0x00, 0x70, 0x00, 0x00, 0x00,
  0x00, 0x00, 0x00, 0x00, 0x00, 0x00, 0x00, 0x00, 0x00, 0x00, 0x00, 0x00,
  0x00, 0x60, 0x00, 0x00, 0x00, 0x00, 0x00, 0x00, 0x00, 0x00, 0x00, 0x00,
  0x00, 0x00, 0x00, 0x00, 0x00, 0x00, 0x00, 0x00, 0x00, 0x00, 0x00, 0x00,
  0x00, 0x00, 0x00, 0x00, 0x00, 0x00, 0x00, 0x00, 0x00, 0x00, 0x00, 0x00,
  0x00, 0x00, 0x00, 0x00, 0x00, 0x00, 0x00, 0x00, 0x70, 0x00, 0x00, 0x00,
  0xE0, 0x3F, 0xF8, 0x07, 0x18, 0x0E, 0x86, 0x01, 0x00, 0x00, 0x00, 0x00,
  0x30, 0x00, 0x0C, 0x00, 0x0E, 0xC0, 0x03, 0x80, 0x01, 0x70, 0x00, 0xDC,
  0x00, 0x6E, 0x80, 0x19, 0x80, 0x1B, 0x00, 0x00, 0x00, 0x00, 0xF8, 0x0F,
  0xFC, 0x07, 0x86, 0x03, 0xC3, 0x01, 0x0E, 0x00, 0x07, 0x00, 0x00, 0x00,
  0x00, 0x70, 0x03, 0xB8, 0x01, 0x78, 0x00, 0x3C, 0x80, 0xE1, 0xC0, 0x70,
  0xE0, 0x3F, 0xF8, 0x07, 0x18, 0x0E, 0x86, 0x01, 0x00, 0x00, 0x00, 0x00,
  0x30, 0x00, 0x0C, 0x00, 0x0E, 0xC0, 0x03, 0x80, 0x01, 0x70, 0x00, 0xDC,
  0x00, 0x6E, 0x80, 0x19, 0x80, 0x1B, 0x00, 0x00, 0x00, 0x00, 0xF8, 0x0F,
  0xFC, 0x07, 0x86, 0x03, 0xC3, 0x01, 0x0E, 0x00, 0x07, 0x00, 0x00, 0x00,
  0x00, 0x70, 0x03, 0xB8, 0x01, 0x78, 0x00, 0x3C, 0x80, 0xE1, 0xC0, 0x70,
  0x00, 0x00, 0x00, 0x00, 0xF0, 0x03, 0xFC, 0x00, 0x00, 0x00, 0x00, 0x00,
  0x18, 0x00, 0x07, 0x80, 0x3B, 0xE0, 0x06, 0x00, 0x00, 0x00, 0x00, 0x78,
  0x00, 0x3C, 0x00, 0x0F, 0x00, 0xEF, 0xF0, 0x0F, 0x00, 0x38, 0x00, 0x00,
  0x00, 0x00, 0xFC, 0x00, 0x7E, 0x00, 0x00, 0x00, 0x00, 0x00, 0x00, 0x00,
  0x00, 0xE0, 0x01, 0xF0, 0x00, 0xDC, 0x00, 0x6E, 0x00, 0x3F, 0x80, 0x1F,
  0x00, 0x00, 0x00, 0x00, 0xF0, 0x03, 0xFC, 0x00, 0x00, 0x00, 0x00, 0x00,
  0x18, 0x00, 0x07, 0x80, 0x3B, 0xE0, 0x06, 0x00, 0x00, 0x00, 0x00, 0x78,
  0x00, 0x3C, 0x00, 0x0F, 0x00, 0xEF, 0xF0, 0x0F, 0x00, 0x38, 0x00, 0x00,
  0x00, 0x00, 0xFC, 0x00, 0x7E, 0x00, 0x00, 0x00, 0x00, 0x00, 0x00, 0x00,
  0x00, 0xE0, 0x01, 0xF0, 0x00, 0xDC, 0x00, 0x6E, 0x00, 0x3F, 0x80, 0x1F,
  0xC0, 0x0F, 0x00, 0x00, 0x00, 0x00, 0x00, 0x00, 0xFC, 0x00, 0x00, 0x00,
  0xFF, 0x00, 0x00, 0xC0, 0x3F, 0x00, 0x00, 0xF0, 0x0F, 0x00, 0x00, 0xFC,
  0x03, 0x00, 0xC0, 0x3F, 0x00, 0xE0, 0x30, 0x38, 0x00, 0xFE, 0xFC, 0x1F,
  0x00, 0x00, 0xFF, 0x07, 0x00, 0xC0, 0xFF, 0x01, 0x00, 0xF0, 0x7F, 0x00,
  0x00, 0xFC, 0x1F, 0x00, 0x00, 0xFE, 0x03, 0x00, 0x80, 0xFF, 0x00, 0x00,
  0xC0, 0x0F, 0x00, 0x00, 0x00, 0x00, 0x00, 0x00, 0xFC, 0x00, 0x00, 0x00,
  0xFF, 0x00, 0x00, 0xC0, 0x3F, 0x00, 0x00, 0xF0, 0x0F, 0x00, 0x00, 0xFC,
  0x03, 0x00, 0xC0, 0x3F, 0x00, 0xE0, 0x30, 0x38, 0x00, 0xFE, 0xFC, 0x1F,
  0x00, 0x00, 0xFF, 0x07, 0x00, 0xC0, 0xFF, 0x01, 0x00, 0xF0, 0x7F, 0x00,
  0x00, 0xFC, 0x1F, 0x00, 0x00, 0xFE, 0x03, 0x00, 0x80, 0xFF, 0x00, 0x00,
  0x30, 0x0C, 0xFE, 0x03, 0xFC, 0x83, 0xFF, 0x00, 0xC3, 0xE0, 0x3F, 0xC0,
  0xE0, 0xE0, 0x1F, 0x30, 0x38, 0xF8, 0x07, 0x0C, 0x0E, 0xFE, 0x01, 0x83,
  0x83, 0x7F, 0x70, 0x30, 0xE0, 0x77, 0x1C, 0x38, 0x00, 0x1C, 0x07, 0x00,
  0xFE, 0xC1, 0x01, 0x80, 0x7F, 0x70, 0x00, 0xE0, 0x1F, 0x1C, 0x00, 0xF8,
  0x07, 0x07, 0x00, 0xFE, 0xC1, 0x81, 0x83, 0xDF, 0x71, 0xE0, 0xE0, 0x77,
  0x30, 0x0C, 0xFE, 0x03, 0xFC, 0x83, 0xFF, 0x00, 0xC3, 0xE0, 0x3F, 0xC0,
  0xE0, 0xE0, 0x1F, 0x30, 0x38, 0xF8, 0x07, 0x0C, 0x0E, 0xFE, 0x01, 0x83,
  0x83, 0x7F, 0x70, 0x30, 0xE0, 0x77, 0x1C, 0x38, 0x00, 0x1C, 0x07, 0x00,
  0xFE, 0xC1, 0x01, 0x80, 0x7F, 0x70, 0x00, 0xE0, 0x1F, 0x1C, 0x00, 0xF8,
  0x07, 0x07, 0x00, 0xFE, 0xC1, 0x81, 0x83, 0xDF, 0x71, 0xE0, 0xE0, 0x77,
  0x1C, 0x38, 0x00, 0x06, 0x07, 0x0E, 0x80, 0xC1, 0x81, 0x03, 0x60, 0x70,
  0x00, 0x38, 0x70, 0x1C, 0x00, 0x0E, 0x1C, 0x07, 0x80, 0x03, 0xC7, 0x01,
  0xE0, 0xC0, 0x71, 0xE0, 0x38, 0x78, 0x7E, 0x38, 0xF8, 0x1F, 0xFF, 0x81,
  0x03, 0xC7, 0x7F, 0xE0, 0xC0, 0xF1, 0x1F, 0x38, 0x70, 0xFC, 0x07, 0x0E,
  0x1C, 0xFF, 0x81, 0x03, 0xC7, 0x01, 0xE0, 0xE0, 0x71, 0x00, 0x38, 0x78,
  0xFC, 0x3F, 0xFE, 0x07, 0xFF, 0x8F, 0xFF, 0xC1, 0xFF, 0xE3, 0x7F, 0x70,
  0x00, 0x38, 0x00, 0x1C, 0x00, 0x0E, 0x00, 0x07, 0x80, 0x03, 0xC0, 0x01,
  0xE0, 0x00, 0x70, 0xE0, 0x38, 0x70, 0x1C, 0x38, 0x0E, 0x1C, 0x07, 0x80,
  0xFF, 0xC7, 0x01, 0xE0, 0xFF, 0x71, 0x00, 0xF8, 0x7F, 0x1C, 0x00, 0xFE,
  0x1F, 0x07, 0x80, 0xFF, 0xC7, 0xE1, 0xE3, 0xC0, 0x71, 0xF8, 0x38, 0x70,
  0xFC, 0x3F, 0xFE, 0x07, 0xFF, 0x8F, 0xFF, 0xC1, 0xFF, 0xE3, 0x7F, 0x70,
  0x00, 0x38, 0x00, 0x1C, 0x00, 0x0E, 0x00, 0x07, 0x80, 0x03, 0xC0, 0x01,
  0xE0, 0x00, 0x70, 0xE0, 0x38, 0x70, 0x1C, 0x38, 0x0E, 0x1C, 0x07, 0x80,
  0xFF, 0xC7, 0x01, 0xE0, 0xFF, 0x71, 0x00, 0xF8, 0x7F, 0x1C, 0x00, 0xFE,
  0x1F, 0x07, 0x80, 0xFF, 0xC7, 0xE1, 0xE3, 0xC0, 0x71, 0xF8, 0x38, 0x70,
  0x0E, 0x8C, 0x01, 0x83, 0x03, 0x63, 0xC0, 0xE0, 0xC0, 0x18, 0x30, 0x70,
  0x30, 0x1C, 0x00, 0x1C, 0x0C, 0x07, 0x00, 0x07, 0xC3, 0x01, 0xC0, 0xC1,
  0x70, 0x00, 0x38, 0x18, 0x1C, 0x18, 0x0E, 0x06, 0x07, 0x86, 0x03, 0xC0,
  0x01, 0xE0, 0x00, 0x70, 0x00, 0x38, 0x00, 0x1C, 0x00, 0x0E, 0x00, 0x07,
  0x80, 0x03, 0xC0, 0x01, 0xE0, 0xC0, 0xE0, 0x7F, 0x38, 0x30, 0xF8, 0x1F,
  0x0E, 0x8C, 0x01, 0x83, 0x03, 0x63, 0xC0, 0xE0, 0xC0, 0x18, 0x30, 0x70,
  0x30, 0x1C, 0x00, 0x1C, 0x0C, 0x07, 0x00, 0x07, 0xC3, 0x01, 0xC0, 0xC1,
  0x70, 0x00, 0x38, 0x18, 0x1C, 0x18, 0x0E, 0x06, 0x07, 0x86, 0x03, 0xC0,
  0x01, 0xE0, 0x00, 0x70, 0x00, 0x38, 0x00, 0x1C, 0x00, 0x0E, 0x00, 0x07,
  0x80, 0x03, 0xC0, 0x01, 0xE0, 0xC0, 0xE0, 0x7F, 0x38, 0x30, 0xF8, 0x1F,
  0x0E, 0x0C, 0xFF, 0x87, 0x03, 0xC3, 0xFF, 0xE1, 0xC0, 0xF0, 0x7F, 0xC0,
  0x1F, 0xF8, 0x1F, 0xF0, 0x07, 0xFE, 0x07, 0xFC, 0x81, 0xFF, 0x01, 0x7F,
  0xE0, 0x7F, 0xF8, 0x0F, 0xF8, 0x1F, 0xFE, 0x03, 0xFE, 0x87, 0xFF, 0x83,
  0xFF, 0xE0, 0xFF, 0xE0, 0x3F, 0xF8, 0x3F, 0xF8, 0x0F, 0xFE, 0x0F, 0xFE,
  0x83, 0xFF, 0x83, 0xFF, 0xC0, 0x7F, 0x00, 0x60, 0xF0, 0x1F, 0x00, 0x18,
  0x0E, 0x0C, 0xFF, 0x87, 0x03, 0xC3, 0xFF, 0xE1, 0xC0, 0xF0, 0x7F, 0xC0,
  0x1F, 0xF8, 0x1F, 0xF0, 0x07, 0xFE, 0x07, 0xFC, 0x81, 0xFF, 0x01, 0x7F,
  0xE0, 0x7F, 0xF8, 0x0F, 0xF8, 0x1F, 0xFE, 0x03, 0xFE, 0x87, 0xFF, 0x83,
  0xFF, 0xE0, 0xFF, 0xE0, 0x3F, 0xF8, 0x3F, 0xF8, 0x0F, 0xFE, 0x0F, 0xFE,
  0x83, 0xFF, 0x83, 0xFF, 0xC0, 0x7F, 0x00, 0x60, 0xF0, 0x1F, 0x00, 0x18,
  0x00, 0x00, 0x00, 0x00, 0x00, 0x00, 0x00, 0x00, 0x60, 0x00, 0x03, 0x00,
  0x00, 0x00, 0x00, 0x00, 0x00, 0x00, 0x00, 0x00, 0x00, 0x00, 0x00, 0x00,
  0x00, 0x00, 0x00, 0x00, 0x00, 0x00, 0x00, 0x00, 0x00, 0x00, 0x00, 0x00,
  0x00, 0x00, 0x00, 0x00, 0x00, 0x00, 0x00, 0x00, 0x00, 0xC0, 0x01, 0x30,
  0x00, 0x00, 0x00, 0x00, 0x00, 0x00, 0xE0, 0x3F, 0x00, 0x00, 0xF8, 0x0F,
  0x00, 0x00, 0x00, 0x00, 0x00, 0x00, 0x00, 0x00, 0x60, 0x00, 0x03, 0x00,
  0x00, 0x00, 0x00, 0x00, 0x00, 0x00, 0x00, 0x00, 0x00, 0x00, 0x00, 0x00,
  0x00, 0x00, 0x00, 0x00, 0x00, 0x00, 0x00, 0x00, 0x00, 0x00, 0x00, 0x00,
  0x00, 0x00, 0x00, 0x00, 0x00, 0x00, 0x00, 0x00, 0x00, 0xC0, 0x01, 0x30,
  0x00, 0x00, 0x00, 0x00, 0x00, 0x00, 0xE0, 0x3F, 0x00, 0x00, 0xF8, 0x0F,
  0x00, 0x00, 0x00, 0x00, 0x00, 0x00, 0x00, 0x00, 0xE0, 0x00, 0x0F, 0x00,
  0x00, 0x00, 0x00, 0x00, 0x00, 0x00, 0x00, 0x00, 0x00, 0x00, 0x00, 0x00,
  0x00, 0x00, 0x00, 0x00, 0x00, 0x00, 0x00, 0x00, 0x00, 0x00, 0x00, 0x00,
  0x00, 0x00, 0x1E, 0x00, 0x0F, 0x00, 0x00, 0x00, 0x00, 0xC0, 0x03, 0xF0,
  0x00, 0x00, 0x00, 0x00, 0x00, 0x00, 0x00, 0x00, 0x00, 0x00, 0x00, 0x00,
  0x00, 0x00, 0x00, 0x00, 0x00, 0x00, 0x00, 0x00, 0xE0, 0x00, 0x0F, 0x00,
  0x00, 0x00, 0x00, 0x00, 0x00, 0x00, 0x00, 0x00, 0x00, 0x00, 0x00, 0x00,
  0x00, 0x00, 0x00, 0x00, 0x00, 0x00, 0x00, 0x00, 0x00, 0x00, 0x00, 0x00,
  0x00, 0x00, 0x1E, 0x00, 0x0F, 0x00, 0x00, 0x00, 0x00, 0xC0, 0x03, 0xF0,
  0x00, 0x00, 0x00, 0x00, 0x00, 0x00, 0x00, 0x00, 0x00, 0x00, 0x00, 0x00,
  0x80, 0x03, 0xC0, 0x01, 0x00, 0x00, 0xC0, 0x00, 0x78, 0x00, 0x3C, 0x00,
  0x00, 0x00, 0x00, 0xE0, 0x39, 0xE0, 0x06, 0xF8, 0x03, 0xFC, 0x01, 0x83,
  0x83, 0xC1, 0x01, 0x00, 0x00, 0x00, 0x80, 0x03, 0x00, 0x00, 0x00, 0x00,
  0x00, 0x00, 0xDC, 0x00, 0x6E, 0x00, 0x00, 0x00, 0x00, 0x00, 0x00, 0x00,
  0x06, 0x80, 0x01, 0x00, 0x00, 0x00, 0x00, 0x00, 0x00, 0x00, 0x00, 0x00,
  0x80, 0x03, 0xC0, 0x01, 0x00, 0x00, 0xC0, 0x00, 0x78, 0x00, 0x3C, 0x00,
  0x00, 0x00, 0x00, 0xE0, 0x39, 0xE0, 0x06, 0xF8, 0x03, 0xFC, 0x01, 0x83,
  0x83, 0xC1, 0x01, 0x00, 0x00, 0x00, 0x80, 0x03, 0x00, 0x00, 0x00, 0x00,
  0x00, 0x00, 0xDC, 0x00, 0x6E, 0x00, 0x00, 0x00, 0x00, 0x00, 0x00, 0x00,
  0x06, 0x80, 0x01, 0x00, 0x00, 0x00, 0x00, 0x00, 0x00, 0x00, 0x00, 0x00,
  0x00, 0x00, 0x00, 0x00, 0x00, 0x00, 0x70, 0x00, 0xDC, 0x00, 0x6E, 0xC0,
  0xC0, 0x61, 0x00, 0x30, 0x0E, 0x30, 0x03, 0x00, 0x00, 0x00, 0x00, 0xFE,
  0x00, 0x7F, 0x00, 0x00, 0x00, 0x07, 0x00, 0x00, 0x00, 0x00, 0x1F, 0x1C,
  0x0C, 0x0E, 0x00, 0x07, 0x00, 0xC0, 0xE0, 0x61, 0x00, 0x00, 0x00, 0x00,
  0x03, 0xE0, 0x00, 0x06, 0x00, 0x3E, 0x80, 0x61, 0x80, 0xCF, 0x61, 0x00,
  0x00, 0x00, 0x00, 0x00, 0x00, 0x00, 0x70, 0x00, 0xDC, 0x00, 0x6E, 0xC0,
  0xC0, 0x61, 0x00, 0x30, 0x0E, 0x30, 0x03, 0x00, 0x00, 0x00, 0x00, 0xFE,
  0x00, 0x7F, 0x00, 0x00, 0x00, 0x07, 0x00, 0x00, 0x00, 0x00, 0x1F, 0x1C,
  0x0C, 0x0E, 0x00, 0x07, 0x00, 0xC0, 0xE0, 0x61, 0x00, 0x00, 0x00, 0x00,
  0x03, 0xE0, 0x00, 0x06, 0x00, 0x3E, 0x80, 0x61, 0x80, 0xCF, 0x61, 0x00,
  0xE0, 0x3F, 0x00, 0x00, 0xF8, 0x0F, 0x00, 0x00, 0x03, 0x87, 0x01, 0xF0,
  0xFF, 0xFB, 0x03, 0xE0, 0x0F, 0x00, 0x00, 0xF8, 0x03, 0x00, 0x00, 0x00,
  0x00, 0x00, 0x80, 0x3F, 0x00, 0x00, 0xE0, 0x0F, 0x00, 0x00, 0x0C, 0x1C,
  0x00, 0x00, 0x00, 0x07, 0xE0, 0xC3, 0x38, 0x60, 0x00, 0x00, 0x00, 0x18,
  0x00, 0xF8, 0x00, 0x06, 0x00, 0x38, 0x80, 0x31, 0x00, 0xEE, 0x60, 0x00,
  0xE0, 0x3F, 0x00, 0x00, 0xF8, 0x0F, 0x00, 0x00, 0x03, 0x87, 0x01, 0xF0,
  0xFF, 0xFB, 0x03, 0xE0, 0x0F, 0x00, 0x00, 0xF8, 0x03, 0x00, 0x00, 0x00,
  0x00, 0x00, 0x80, 0x3F, 0x00, 0x00, 0xE0, 0x0F, 0x00, 0x00, 0x0C, 0x1C,
  0x00, 0x00, 0x00, 0x07, 0xE0, 0xC3, 0x38, 0x60, 0x00, 0x00, 0x00, 0x18,
  0x00, 0xF8, 0x00, 0x06, 0x00, 0x38, 0x80, 0x31, 0x00, 0xEE, 0x60, 0x00,
  0x1C, 0x38, 0xF8, 0x1D, 0x07, 0x0E, 0x7E, 0xC7, 0x81, 0xE3, 0x00, 0x70,
  0xE0, 0x38, 0x00, 0xC0, 0x01, 0xF0, 0x00, 0x70, 0x00, 0x3C, 0x00, 0x7F,
  0x00, 0x0F, 0x00, 0x07, 0xC0, 0x03, 0xC0, 0x01, 0xF0, 0x00, 0x07, 0x8E,
  0x87, 0x07, 0x80, 0x03, 0xC0, 0x71, 0x0F, 0x38, 0x78, 0x1C, 0x3E, 0x0E,
  0x00, 0x70, 0x80, 0x03, 0x00, 0x1C, 0xE0, 0x00, 0x00, 0x07, 0x38, 0x0C,
  0x1C, 0x38, 0xF8, 0x1D, 0x07, 0x0E, 0x7E, 0xC7, 0x81, 0xE3, 0x00, 0x70,
  0xE0, 0x38, 0x00, 0xC0, 0x01, 0xF0, 0x00, 0x70, 0x00, 0x3C, 0x00, 0x7F,
  0x00, 0x0F, 0x00, 0x07, 0xC0, 0x03, 0xC0, 0x01, 0xF0, 0x00, 0x07, 0x8E,
  0x87, 0x07, 0x80, 0x03, 0xC0, 0x71, 0x0F, 0x38, 0x78, 0x1C, 0x3E, 0x0E,
  0x00, 0x70, 0x80, 0x03, 0x00, 0x1C, 0xE0, 0x00, 0x00, 0x07, 0x38, 0x0C,
  0x1C, 0x00, 0x0E, 0x1E, 0x07, 0x80, 0x83, 0xC7, 0xFF, 0xE3, 0x7E, 0xF0,
  0xFF, 0xB8, 0x1F, 0xC0, 0x01, 0xE0, 0x00, 0x70, 0x00, 0x38, 0x00, 0x1C,
  0x00, 0x0E, 0x00, 0x07, 0x80, 0x03, 0xC0, 0x01, 0xE0, 0x00, 0x07, 0x0E,
  0x06, 0x07, 0x80, 0x03, 0xC0, 0xF1, 0x01, 0x38, 0x0C, 0x9C, 0x07, 0x0E,
  0x00, 0x70, 0x80, 0x03, 0x00, 0x1C, 0xE0, 0x00, 0x00, 0x07, 0x38, 0x00,
  0x1C, 0x3E, 0x0E, 0x1C, 0x87, 0x8F, 0x03, 0xC7, 0x81, 0xE3, 0xC1, 0x71,
  0xE0, 0x78, 0x70, 0xC0, 0x01, 0xE0, 0x00, 0x70, 0x00, 0x38, 0x00, 0x1C,
  0x00, 0x0E, 0x00, 0x07, 0x80, 0x03, 0xC0, 0x01, 0xE0, 0x00, 0x07, 0x0E,
  0x06, 0x07, 0x80, 0x03, 0xC0, 0x71, 0x0F, 0xF8, 0x03, 0xFC, 0x01, 0x0E,
  0x00, 0x70, 0x80, 0x03, 0x00, 0x1C, 0xE0, 0x00, 0x00, 0x07, 0x38, 0x00,
  0x1C, 0x3E, 0x0E, 0x1C, 0x87, 0x8F, 0x03, 0xC7, 0x81, 0xE3, 0xC1, 0x71,
  0xE0, 0x78, 0x70, 0xC0, 0x01, 0xE0, 0x00, 0x70, 0x00, 0x38, 0x00, 0x1C,
  0x00, 0x0E, 0x00, 0x07, 0x80, 0x03, 0xC0, 0x01, 0xE0, 0x00, 0x07, 0x0E,
  0x06, 0x07, 0x80, 0x03, 0xC0, 0x71, 0x0F, 0xF8, 0x03, 0xFC, 0x01, 0x0E,
  0x00, 0x70, 0x80, 0x03, 0x00, 0x1C, 0xE0, 0x00, 0x00, 0x07, 0x38, 0x00,
  0x0E, 0x0C, 0xFE, 0x87, 0x03, 0x83, 0xFF, 0xE1, 0xC0, 0x70, 0x60, 0x38,
  0x30, 0x1C, 0x18, 0x60, 0x00, 0x30, 0x00, 0x18, 0x00, 0x0C, 0x00, 0x06,
  0x00, 0x03, 0x80, 0x01, 0xC0, 0x00, 0x60, 0x00, 0x30, 0x80, 0x73, 0x83,
  0x83, 0xE1, 0xC0, 0x70, 0x60, 0x38, 0x0F, 0x1C, 0x07, 0xCE, 0x03, 0x07,
  0x00, 0x18, 0xC0, 0x01, 0x00, 0x06, 0x70, 0x00, 0x80, 0x01, 0x1C, 0x00,
  0x0E, 0x0C, 0xFE, 0x87, 0x03, 0x83, 0xFF, 0xE1, 0xC0, 0x70, 0x60, 0x38,
  0x30, 0x1C, 0x18, 0x60, 0x00, 0x30, 0x00, 0x18, 0x00, 0x0C, 0x00, 0x06,
  0x00, 0x03, 0x80, 0x01, 0xC0, 0x00, 0x60, 0x00, 0x30, 0x80, 0x73, 0x83,
  0x83, 0xE1, 0xC0, 0x70, 0x60, 0x38, 0x0F, 0x1C, 0x07, 0xCE, 0x03, 0x07,
  0x00, 0x18, 0xC0, 0x01, 0x00, 0x06, 0x70, 0x00, 0x80, 0x01, 0x1C, 0x00,
  0xFC, 0x07, 0x00, 0x06, 0xFF, 0x01, 0x80, 0xE1, 0xC0, 0x70, 0x60, 0x38,
  0x30, 0x1C, 0x18, 0xFC, 0x03, 0xFE, 0x01, 0xFF, 0x80, 0x7F, 0xC0, 0x3F,
  0xE0, 0x1F, 0xF0, 0x0F, 0xF8, 0x07, 0xFC, 0x03, 0xFE, 0xC1, 0xE7, 0xE1,
  0x8F, 0xC1, 0x7F, 0xE0, 0x3F, 0x38, 0x38, 0x1C, 0x1C, 0x8E, 0x0F, 0xFF,
  0x07, 0xFF, 0xC0, 0xFF, 0xC1, 0x3F, 0xF0, 0x7F, 0xF0, 0x0F, 0xFC, 0x1F,
  0xFC, 0x07, 0x00, 0x06, 0xFF, 0x01, 0x80, 0xE1, 0xC0, 0x70, 0x60, 0x38,
  0x30, 0x1C, 0x18, 0xFC, 0x03, 0xFE, 0x01, 0xFF, 0x80, 0x7F, 0xC0, 0x3F,
  0xE0, 0x1F, 0xF0, 0x0F, 0xF8, 0x07, 0xFC, 0x03, 0xFE, 0xC1, 0xE7, 0xE1,
  0x8F, 0xC1, 0x7F, 0xE0, 0x3F, 0x38, 0x38, 0x1C, 0x1C, 0x8E, 0x0F, 0xFF,
  0x07, 0xFF, 0xC0, 0xFF, 0xC1, 0x3F, 0xF0, 0x7F, 0xF0, 0x0F, 0xFC, 0x1F,
  0x00, 0x00, 0xFE, 0x03, 0x18, 0x80, 0xFF, 0x00, 0x00, 0x00, 0x00, 0x00,
  0x00, 0x00, 0x00, 0x00, 0x00, 0x00, 0x00, 0x00, 0x00, 0x00, 0x00, 0x00,
  0x00, 0x00, 0x80, 0x01, 0xC0, 0x00, 0x00, 0x00, 0x00, 0x00, 0x00, 0x00,
  0xF0, 0x00, 0x00, 0x00, 0x00, 0x00, 0x07, 0x80, 0x03, 0x00, 0x00, 0x00,
  0x00, 0x00, 0x00, 0x0C, 0x00, 0x06, 0x00, 0x00, 0x00, 0x00, 0x00, 0x00,
  0x00, 0x00, 0xFE, 0x03, 0x18, 0x80, 0xFF, 0x00, 0x00, 0x00, 0x00, 0x00,
  0x00, 0x00, 0x00, 0x00, 0x00, 0x00, 0x00, 0x00, 0x00, 0x00, 0x00, 0x00,
  0x00, 0x00, 0x80, 0x01, 0xC0, 0x00, 0x00, 0x00, 0x00, 0x00, 0x00, 0x00,
  0xF0, 0x00, 0x00, 0x00, 0x00, 0x00, 0x07, 0x80, 0x03, 0x00, 0x00, 0x00,
  0x00, 0x00, 0x00, 0x0C, 0x00, 0x06, 0x00, 0x00, 0x00, 0x00, 0x00, 0x00,
  0x00, 0x00, 0x00, 0x00, 0x0C, 0x00, 0x00, 0x00, 0x00, 0x00, 0x00, 0x00,
  0x00, 0x00, 0x00, 0x00, 0x00, 0x00, 0x00, 0x00, 0x00, 0x00, 0x00, 0x00,
  0x00, 0x00, 0x80, 0x07, 0xC0, 0x03, 0x00, 0x00, 0x00, 0x00, 0x00, 0x00,
  0x00, 0x00, 0x00, 0x00, 0x00, 0x80, 0x01, 0xC0, 0x00, 0x00, 0x00, 0x00,
  0x00, 0x00, 0x00, 0x06, 0x00, 0x03, 0x00, 0x00, 0x00, 0x00, 0x00, 0x00,
  0x00, 0x00, 0x00, 0x00, 0x0C, 0x00, 0x00, 0x00, 0x00, 0x00, 0x00, 0x00,
  0x00, 0x00, 0x00, 0x00, 0x00, 0x00, 0x00, 0x00, 0x00, 0x00, 0x00, 0x00,
  0x00, 0x00, 0x80, 0x07, 0xC0, 0x03, 0x00, 0x00, 0x00, 0x00, 0x00, 0x00,
  0x00, 0x00, 0x00, 0x00, 0x00, 0x80, 0x01, 0xC0, 0x00, 0x00, 0x00, 0x00,
  0x00, 0x00, 0x00, 0x06, 0x00, 0x03, 0x00, 0x00, 0x00, 0x00, 0x00, 0x00,
  0xE0, 0x03, 0x00, 0x00, 0x00, 0x00, 0x80, 0x01, 0xC0, 0x00, 0x00, 0x00,
  0x00, 0x80, 0x1B, 0xC0, 0x0D, 0x0E, 0x00, 0x00, 0x00, 0x00, 0x00, 0xFE,
  0x03, 0xFF, 0x81, 0xE1, 0xC0, 0x70, 0x80, 0x73, 0xC0, 0x39, 0x00, 0x00,
  0x00, 0x00, 0x60, 0x00, 0x60, 0x00, 0x00, 0x00, 0x00, 0x60, 0x06, 0xE0,
  0x06, 0x80, 0x01, 0xC0, 0x00, 0x78, 0x00, 0x3C, 0x00, 0x00, 0x00, 0x00,
  0xE0, 0x03, 0x00, 0x00, 0x00, 0x00, 0x80, 0x01, 0xC0, 0x00, 0x00, 0x00,
  0x00, 0x80, 0x1B, 0xC0, 0x0D, 0x0E, 0x00, 0x00, 0x00, 0x00, 0x00, 0xFE,
  0x03, 0xFF, 0x81, 0xE1, 0xC0, 0x70, 0x80, 0x73, 0xC0, 0x39, 0x00, 0x00,
  0x00, 0x00, 0x60, 0x00, 0x60, 0x00, 0x00, 0x00, 0x00, 0x60, 0x06, 0xE0,
  0x06, 0x80, 0x01, 0xC0, 0x00, 0x78, 0x00, 0x3C, 0x00, 0x00, 0x00, 0x00,
  0x80, 0x03, 0x18, 0x00, 0xF8, 0x0E, 0xC0, 0x00, 0x60, 0x00, 0x00, 0x00,
  0x00, 0x00, 0x0F, 0x80, 0x07, 0x18, 0x00, 0x0C, 0x1C, 0x00, 0x00, 0x00,
  0x00, 0x00, 0x00, 0x3F, 0x80, 0x1F, 0xC0, 0x39, 0xE0, 0x1C, 0xF8, 0x1F,
  0x00, 0x00, 0x38, 0x00, 0x30, 0xC0, 0xFF, 0x00, 0x00, 0xC0, 0x03, 0xC0,
  0x03, 0xE0, 0x00, 0x70, 0x00, 0xDC, 0x00, 0x6E, 0x80, 0xFF, 0x00, 0x00,
  0x80, 0x03, 0x18, 0x00, 0xF8, 0x0E, 0xC0, 0x00, 0x60, 0x00, 0x00, 0x00,
  0x00, 0x00, 0x0F, 0x80, 0x07, 0x18, 0x00, 0x0C, 0x1C, 0x00, 0x00, 0x00,
  0x00, 0x00, 0x00, 0x3F, 0x80, 0x1F, 0xC0, 0x39, 0xE0, 0x1C, 0xF8, 0x1F,
  0x00, 0x00, 0x38, 0x00, 0x30, 0xC0, 0xFF, 0x00, 0x00, 0xC0, 0x03, 0xC0,
  0x03, 0xE0, 0x00, 0x70, 0x00, 0xDC, 0x00, 0x6E, 0x80, 0xFF, 0x00, 0x00,
  0x80, 0x3B, 0xD8, 0x01, 0xE0, 0x03, 0x0E, 0x0E, 0x00, 0x80, 0x83, 0x03,
  0x00, 0xE0, 0xE0, 0x00, 0x00, 0x00, 0x00, 0x1C, 0x1C, 0x00, 0x00, 0xFE,
  0x03, 0x00, 0x80, 0xFF, 0x00, 0x00, 0xE0, 0x3F, 0x00, 0x00, 0x8C, 0x01,
  0x00, 0x00, 0xFF, 0x03, 0x00, 0xC0, 0xC0, 0x01, 0x00, 0xF0, 0x3F, 0x00,
  0x00, 0xF8, 0x0F, 0x00, 0x00, 0xFE, 0x03, 0x00, 0xC0, 0xC0, 0x01, 0x00,
  0x80, 0x3B, 0xD8, 0x01, 0xE0, 0x03, 0x0E, 0x0E, 0x00, 0x80, 0x83, 0x03,
  0x00, 0xE0, 0xE0, 0x00, 0x00, 0x00, 0x00, 0x1C, 0x1C, 0x00, 0x00, 0xFE,
  0x03, 0x00, 0x80, 0xFF, 0x00, 0x00, 0xE0, 0x3F, 0x00, 0x00, 0x8C, 0x01,
  0x00, 0x00, 0xFF, 0x03, 0x00, 0xC0, 0xC0, 0x01, 0x00, 0xF0, 0x3F, 0x00,
  0x00, 0xF8, 0x0F, 0x00, 0x00, 0xFE, 0x03, 0x00, 0xC0, 0xC0, 0x01, 0x00,
  0xC0, 0x01, 0x3E, 0x00, 0xF0, 0x80, 0x0F, 0xC7, 0xFD, 0xE0, 0xC3, 0x71,
  0x3F, 0xF8, 0x70, 0xDC, 0x0F, 0xEE, 0x07, 0x1F, 0x8E, 0xFB, 0xC1, 0x81,
  0x83, 0x7F, 0x70, 0xE0, 0xE0, 0x1F, 0x1C, 0x38, 0xF8, 0x87, 0xE3, 0x80,
  0xFF, 0xC1, 0x81, 0xE3, 0x7E, 0x70, 0xE0, 0xB8, 0x1F, 0x1C, 0x38, 0xEE,
  0x07, 0x07, 0x00, 0xFE, 0xC1, 0x01, 0x80, 0x7F, 0x70, 0x00, 0xE0, 0x1F,
  0xC0, 0x01, 0x3E, 0x00, 0xF0, 0x80, 0x0F, 0xC7, 0xFD, 0xE0, 0xC3, 0x71,
  0x3F, 0xF8, 0x70, 0xDC, 0x0F, 0xEE, 0x07, 0x1F, 0x8E, 0xFB, 0xC1, 0x81,
  0x83, 0x7F, 0x70, 0xE0, 0xE0, 0x1F, 0x1C, 0x38, 0xF8, 0x87, 0xE3, 0x80,
  0xFF, 0xC1, 0x81, 0xE3, 0x7E, 0x70, 0xE0, 0xB8, 0x1F, 0x1C, 0x38, 0xEE,
  0x07, 0x07, 0x00, 0xFE, 0xC1, 0x01, 0x80, 0x7F, 0x70, 0x00, 0xE0, 0x1F,
  0xC0, 0x01, 0x1E, 0x00, 0x78, 0x80, 0x3B, 0xC7, 0x83, 0xE3, 0xCE, 0xF1,
  0xE0, 0xB8, 0x73, 0x3C, 0x38, 0x1E, 0x1C, 0x77, 0x8E, 0x07, 0xC7, 0x81,
  0xE3, 0xC0, 0x71, 0xE0, 0x38, 0x70, 0x1C, 0x38, 0x0E, 0x9C, 0xE3, 0xC3,
  0x39, 0xC7, 0x81, 0xE3, 0xC1, 0xF1, 0x3F, 0x78, 0x70, 0x1C, 0x38, 0x1E,
  0x1C, 0xFC, 0x83, 0x03, 0x00, 0xFF, 0xE0, 0x00, 0xC0, 0x3F, 0x38, 0x00,
  0xC0, 0x01, 0x0F, 0x00, 0x7C, 0x80, 0x73, 0xC7, 0x81, 0xE3, 0xDC, 0x71,
  0xE0, 0x38, 0x77, 0x1C, 0x38, 0x0E, 0x1C, 0xE7, 0x8E, 0x03, 0xC7, 0x81,
  0xE3, 0xC0, 0x71, 0xE0, 0x38, 0x70, 0x1C, 0x38, 0x0E, 0x9C, 0xE3, 0xC0,
  0xF9, 0xC7, 0xFF, 0xE0, 0x00, 0x70, 0x18, 0x38, 0x00, 0xFC, 0x0F, 0x0E,
  0x00, 0x00, 0x0E, 0xFE, 0x01, 0x80, 0x83, 0x7F, 0x00, 0xE0, 0xE0, 0x1F,
  0xC0, 0x01, 0x0F, 0x00, 0x7C, 0x80, 0x73, 0xC7, 0x81, 0xE3, 0xDC, 0x71,
  0xE0, 0x38, 0x77, 0x1C, 0x38, 0x0E, 0x1C, 0xE7, 0x8E, 0x03, 0xC7, 0x81,
  0xE3, 0xC0, 0x71, 0xE0, 0x38, 0x70, 0x1C, 0x38, 0x0E, 0x9C, 0xE3, 0xC0,
  0xF9, 0xC7, 0xFF, 0xE0, 0x00, 0x70, 0x18, 0x38, 0x00, 0xFC, 0x0F, 0x0E,
  0x00, 0x00, 0x0E, 0xFE, 0x01, 0x80, 0x83, 0x7F, 0x00, 0xE0, 0xE0, 0x1F,
  0x60, 0xC0, 0x07, 0x00, 0x18, 0xC0, 0xF1, 0xE1, 0xC0, 0x70, 0x7C, 0x38,
  0x30, 0x1C, 0x1F, 0x0E, 0x0C, 0x07, 0x86, 0xE3, 0xC3, 0x81, 0xE1, 0xC0,
  0x70, 0x60, 0x38, 0x30, 0x1C, 0x18, 0x0E, 0x0C, 0x07, 0x86, 0x73, 0x60,
  0x0C, 0xE0, 0x38, 0x70, 0x00, 0x38, 0x18, 0x1C, 0x00, 0x8E, 0x03, 0x07,
  0x80, 0x03, 0x03, 0x80, 0xE1, 0xC0, 0x00, 0x60, 0x38, 0x30, 0x00, 0x18,
  0x60, 0xC0, 0x07, 0x00, 0x18, 0xC0, 0xF1, 0xE1, 0xC0, 0x70, 0x7C, 0x38,
  0x30, 0x1C, 0x1F, 0x0E, 0x0C, 0x07, 0x86, 0xE3, 0xC3, 0x81, 0xE1, 0xC0,
  0x70, 0x60, 0x38, 0x30, 0x1C, 0x18, 0x0E, 0x0C, 0x07, 0x86, 0x73, 0x60,
  0x0C, 0xE0, 0x38, 0x70, 0x00, 0x38, 0x18, 0x1C, 0x00, 0x8E, 0x03, 0x07,
  0x80, 0x03, 0x03, 0x80, 0xE1, 0xC0, 0x00, 0x60, 0x38, 0x30, 0x00, 0x18,
  0xFC, 0x03, 0xFF, 0x07, 0xFF, 0xC0, 0xC1, 0xE1, 0xC0, 0x70, 0x70, 0x38,
  0x30, 0x1C, 0x1C, 0x0E, 0x0C, 0x07, 0x86, 0x83, 0xC3, 0x81, 0xC1, 0x7F,
  0xE0, 0x3F, 0xF0, 0x1F, 0xF8, 0x0F, 0xFC, 0x07, 0xFE, 0x03, 0xFF, 0xC3,
  0xFF, 0xE0, 0xE0, 0x70, 0x00, 0x38, 0x30, 0x1C, 0x00, 0x0E, 0x0E, 0x07,
  0x00, 0xFF, 0x81, 0xFF, 0xC0, 0x7F, 0xE0, 0x3F, 0xF0, 0x1F, 0xF8, 0x0F,
  0xFC, 0x03, 0xFF, 0x07, 0xFF, 0xC0, 0xC1, 0xE1, 0xC0, 0x70, 0x70, 0x38,
  0x30, 0x1C, 0x1C, 0x0E, 0x0C, 0x07, 0x86, 0x83, 0xC3, 0x81, 0xC1, 0x7F,
  0xE0, 0x3F, 0xF0, 0x1F, 0xF8, 0x0F, 0xFC, 0x07, 0xFE, 0x03, 0xFF, 0xC3,
  0xFF, 0xE0, 0xE0, 0x70, 0x00, 0x38, 0x30, 0x1C, 0x00, 0x0E, 0x0E, 0x07,
  0x00, 0xFF, 0x81, 0xFF, 0xC0, 0x7F, 0xE0, 0x3F, 0xF0, 0x1F, 0xF8, 0x0F,
  0x00, 0x00, 0x00, 0x00, 0x00, 0x00, 0x00, 0x00, 0x00, 0x00, 0x0E, 0x80,
  0x01, 0x00, 0x00, 0x00, 0x00, 0x00, 0x00, 0x00, 0x03, 0x80, 0x01, 0x00,
  0x00, 0x00, 0x00, 0x00, 0x00, 0x00, 0x00, 0x00, 0x00, 0x00, 0x00, 0x00,
  0x00, 0x00, 0x00, 0x00, 0x00, 0x00, 0x07, 0x80, 0x03, 0x00, 0x00, 0x00,
  0x00, 0x00, 0x00, 0x00, 0x00, 0x00, 0x00, 0x00, 0x00, 0x07, 0x80, 0x03,
  0x00, 0x00, 0x00, 0x00, 0x00, 0x00, 0x00, 0x00, 0x00, 0x00, 0x0E, 0x80,
  0x01, 0x00, 0x00, 0x00, 0x00, 0x00, 0x00, 0x00, 0x03, 0x80, 0x01, 0x00,
  0x00, 0x00, 0x00, 0x00, 0x00, 0x00, 0x00, 0x00, 0x00, 0x00, 0x00, 0x00,
  0x00, 0x00, 0x00, 0x00, 0x00, 0x00, 0x07, 0x80, 0x03, 0x00, 0x00, 0x00,
  0x00, 0x00, 0x00, 0x00, 0x00, 0x00, 0x00, 0x00, 0x00, 0x07, 0x80, 0x03,
  0x00, 0x00, 0x00, 0x00, 0x00, 0x00, 0x00, 0x00, 0x00, 0x00, 0x03, 0xC0,
  0x00, 0x00, 0x00, 0x00, 0x00, 0x00, 0x00, 0xF0, 0x01, 0xF8, 0x00, 0x00,
  0x00, 0x00, 0x00, 0x00, 0x00, 0x00, 0x00, 0x00, 0x00, 0x00, 0x00, 0x00,
  0x00, 0x00, 0x00, 0x00, 0x00, 0x80, 0x01, 0xC0, 0x00, 0x00, 0x00, 0x00,
  0x00, 0x00, 0x00, 0x00, 0x00, 0x00, 0x00, 0x00, 0x80, 0x07, 0xC0, 0x03,
  0x00, 0x00, 0x00, 0x00, 0x00, 0x00, 0x00, 0x00, 0x00, 0x00, 0x03, 0xC0,
  0x00, 0x00, 0x00, 0x00, 0x00, 0x00, 0x00, 0xF0, 0x01, 0xF8, 0x00, 0x00,
  0x00, 0x00, 0x00, 0x00, 0x00, 0x00, 0x00, 0x00, 0x00, 0x00, 0x00, 0x00,
  0x00, 0x00, 0x00, 0x00, 0x00, 0x80, 0x01, 0xC0, 0x00, 0x00, 0x00, 0x00,
  0x00, 0x00, 0x00, 0x00, 0x00, 0x00, 0x00, 0x00, 0x80, 0x07, 0xC0, 0x03,
  0xC0, 0x0D, 0xE0, 0x06, 0x00, 0x00, 0x00, 0x00, 0xC6, 0x00, 0x63, 0x00,
  0x00, 0x00, 0x00, 0xC0, 0x3B, 0xE0, 0x1D, 0xF8, 0x0F, 0xFC, 0x07, 0x86,
  0x03, 0xC3, 0x01, 0x1E, 0x00, 0x0F, 0x80, 0x73, 0xC0, 0x39, 0x00, 0x00,
  0x00, 0x00, 0x7C, 0x00, 0x3E, 0x00, 0x1F, 0x00, 0x0F, 0x60, 0x0C, 0x00,
  0x03, 0x80, 0x01, 0x70, 0x00, 0x38, 0x00, 0x6E, 0x00, 0x37, 0x00, 0x00,
  0xC0, 0x0D, 0xE0, 0x06, 0x00, 0x00, 0x00, 0x00, 0xC6, 0x00, 0x63, 0x00,
  0x00, 0x00, 0x00, 0xC0, 0x3B, 0xE0, 0x1D, 0xF8, 0x0F, 0xFC, 0x07, 0x86,
  0x03, 0xC3, 0x01, 0x1E, 0x00, 0x0F, 0x80, 0x73, 0xC0, 0x39, 0x00, 0x00,
  0x00, 0x00, 0x7C, 0x00, 0x3E, 0x00, 0x1F, 0x00, 0x0F, 0x60, 0x0C, 0x00,
  0x03, 0x80, 0x01, 0x70, 0x00, 0x38, 0x00, 0x6E, 0x00, 0x37, 0x00, 0x00,
  0x80, 0x07, 0xC0, 0x03, 0xFF, 0x1F, 0x38, 0x00, 0x7C, 0x00, 0x3E, 0xF0,
  0xFF, 0x81, 0x03, 0x60, 0x0E, 0x30, 0x07, 0x00, 0x00, 0x00, 0x00, 0xFC,
  0x00, 0x7E, 0x00, 0x37, 0x80, 0x1B, 0xC0, 0x39, 0xE0, 0x1C, 0x0C, 0x1C,
  0x00, 0x00, 0xC6, 0x00, 0x63, 0x80, 0x31, 0x80, 0x1B, 0x00, 0x00, 0xC0,
  0x01, 0xE0, 0x00, 0x00, 0x00, 0x00, 0x00, 0x3C, 0x00, 0x1E, 0x80, 0x0F,
  0x80, 0x07, 0xC0, 0x03, 0xFF, 0x1F, 0x38, 0x00, 0x7C, 0x00, 0x3E, 0xF0,
  0xFF, 0x81, 0x03, 0x60, 0x0E, 0x30, 0x07, 0x00, 0x00, 0x00, 0x00, 0xFC,
  0x00, 0x7E, 0x00, 0x37, 0x80, 0x1B, 0xC0, 0x39, 0xE0, 0x1C, 0x0C, 0x1C,
  0x00, 0x00, 0xC6, 0x00, 0x63, 0x80, 0x31, 0x80, 0x1B, 0x00, 0x00, 0xC0,
  0x01, 0xE0, 0x00, 0x00, 0x00, 0x00, 0x00, 0x3C, 0x00, 0x1E, 0x80, 0x0F,
  0xE0, 0x3F, 0x00, 0x00, 0xE0, 0x00, 0x38, 0xC0, 0xFF, 0x07, 0x0E, 0x00,
  0x0E, 0xE0, 0x1F, 0x30, 0x70, 0x00, 0x00, 0x0C, 0x1C, 0x00, 0x00, 0x03,
  0x07, 0x00, 0xC0, 0xDE, 0x01, 0x0F, 0x30, 0x70, 0x00, 0x00, 0x0C, 0x1C,
  0x00, 0xC0, 0x01, 0x07, 0x00, 0x00, 0x00, 0x00, 0x00, 0x30, 0x38, 0xF8,
  0x1F, 0x00, 0x00, 0xFE, 0x07, 0x00, 0x80, 0xFF, 0x01, 0x00, 0xC0, 0x18,
  0xE0, 0x3F, 0x00, 0x00, 0xE0, 0x00, 0x38, 0xC0, 0xFF, 0x07, 0x0E, 0x00,
  0x0E, 0xE0, 0x1F, 0x30, 0x70, 0x00, 0x00, 0x0C, 0x1C, 0x00, 0x00, 0x03,
  0x07, 0x00, 0xC0, 0xDE, 0x01, 0x0F, 0x30, 0x70, 0x00, 0x00, 0x0C, 0x1C,
  0x00, 0xC0, 0x01, 0x07, 0x00, 0x00, 0x00, 0x00, 0x00, 0x30, 0x38, 0xF8,
  0x1F, 0x00, 0x00, 0xFE, 0x07, 0x00, 0x80, 0xFF, 0x01, 0x00, 0xC0, 0x18,
  0x1C, 0x00, 0xF8, 0x07, 0x70, 0x80, 0xFF, 0x00, 0x1C, 0xE0, 0x3F, 0x00,
  0x07, 0xC0, 0x00, 0x1C, 0x38, 0x0E, 0x1C, 0x07, 0x8E, 0x03, 0xC7, 0x81,
  0xE3, 0xC0, 0x71, 0xE0, 0x38, 0x70, 0x1C, 0x38, 0x0E, 0x1C, 0x07, 0x8E,
  0x03, 0xE7, 0x9C, 0x73, 0xC0, 0x71, 0x30, 0x38, 0x70, 0x30, 0x06, 0xC0,
  0x01, 0xFF, 0x0F, 0x70, 0xC0, 0xFF, 0x03, 0x1C, 0xF0, 0xFF, 0x78, 0x00,
  0x1C, 0x00, 0xF8, 0x07, 0x70, 0x80, 0xFF, 0x00, 0x1C, 0xE0, 0x3F, 0x00,
  0x07, 0xC0, 0x00, 0x1C, 0x38, 0x0E, 0x1C, 0x07, 0x8E, 0x03, 0xC7, 0x81,
  0xE3, 0xC0, 0x71, 0xE0, 0x38, 0x70, 0x1C, 0x38, 0x0E, 0x1C, 0x07, 0x8E,
  0x03, 0xE7, 0x9C, 0x73, 0xC0, 0x71, 0x30, 0x38, 0x70, 0x30, 0x06, 0xC0,
  0x01, 0xFF, 0x0F, 0x70, 0xC0, 0xFF, 0x03, 0x1C, 0xF0, 0xFF, 0x78, 0x00,
  0xF0, 0x0F, 0x0E, 0x00, 0x70, 0x00, 0x0C, 0x00, 0x1C, 0x00, 0x03, 0xC0,
  0x1F, 0xF8, 0x0F, 0x1C, 0x38, 0x0E, 0x1C, 0x07, 0x8E, 0x03, 0xC7, 0x81,
  0xE3, 0xC0, 0x71, 0xE0, 0x38, 0x70, 0x1C, 0x38, 0x0E, 0x1C, 0x07, 0x8E,
  0x03, 0xE7, 0x9C, 0x73, 0xCE, 0xC1, 0x18, 0x60, 0x18, 0xE0, 0x03, 0xE0,
  0x00, 0x80, 0x01, 0x38, 0x00, 0x60, 0x00, 0x0E, 0x00, 0x18, 0x60, 0x00,
  0x00, 0x38, 0xF8, 0x07, 0x70, 0x00, 0x0C, 0x00, 0x1C, 0x00, 0x03, 0x00,
  0x07, 0xC0, 0x00, 0x1C, 0x38, 0x0E, 0x1C, 0x07, 0x8E, 0x03, 0xC7, 0x81,
  0xE3, 0xC0, 0x71, 0xE0, 0x38, 0x70, 0x1C, 0x38, 0x0E, 0x1C, 0x07, 0x8E,
  0x03, 0xE7, 0xBE, 0x73, 0xCE, 0x81, 0x0F, 0xC0, 0x0C, 0xC0, 0x01, 0x30,
  0x00, 0xF0, 0x00, 0x0C, 0x00, 0x3C, 0x00, 0x03, 0x00, 0x0F, 0x60, 0x00,
  0x00, 0x38, 0xF8, 0x07, 0x70, 0x00, 0x0C, 0x00, 0x1C, 0x00, 0x03, 0x00,
  0x07, 0xC0, 0x00, 0x1C, 0x38, 0x0E, 0x1C, 0x07, 0x8E, 0x03, 0xC7, 0x81,
  0xE3, 0xC0, 0x71, 0xE0, 0x38, 0x70, 0x1C, 0x38, 0x0E, 0x1C, 0x07, 0x8E,
  0x03, 0xE7, 0xBE, 0x73, 0xCE, 0x81, 0x0F, 0xC0, 0x0C, 0xC0, 0x01, 0x30,
  0x00, 0xF0, 0x00, 0x0C, 0x00, 0x3C, 0x00, 0x03, 0x00, 0x0F, 0x60, 0x00,
  0x0E, 0x0C, 0x00, 0x06, 0x18, 0x00, 0x86, 0x01, 0x06, 0x80, 0x61, 0x80,
  0x01, 0x60, 0x18, 0x0E, 0x0C, 0x07, 0x87, 0x03, 0xC3, 0xC1, 0xE1, 0xC0,
  0x70, 0x70, 0x38, 0x30, 0x1C, 0x1C, 0x0E, 0x0C, 0x07, 0x87, 0x03, 0xC3,
  0xC1, 0xE1, 0x79, 0x70, 0x33, 0x80, 0x01, 0xC0, 0x03, 0x60, 0x00, 0x0E,
  0x00, 0x0C, 0x80, 0x03, 0x00, 0x03, 0xE0, 0x00, 0xC0, 0x00, 0x38, 0x00,
  0x0E, 0x0C, 0x00, 0x06, 0x18, 0x00, 0x86, 0x01, 0x06, 0x80, 0x61, 0x80,
  0x01, 0x60, 0x18, 0x0E, 0x0C, 0x07, 0x87, 0x03, 0xC3, 0xC1, 0xE1, 0xC0,
  0x70, 0x70, 0x38, 0x30, 0x1C, 0x1C, 0x0E, 0x0C, 0x07, 0x87, 0x03, 0xC3,
  0xC1, 0xE1, 0x79, 0x70, 0x33, 0x80, 0x01, 0xC0, 0x03, 0x60, 0x00, 0x0E,
  0x00, 0x0C, 0x80, 0x03, 0x00, 0x03, 0xE0, 0x00, 0xC0, 0x00, 0x38, 0x00,
  0xFC, 0x07, 0xFE, 0x03, 0x18, 0x00, 0xFC, 0x00, 0x06, 0x00, 0x3F, 0x80,
  0x01, 0xC0, 0x0F, 0xFC, 0x07, 0xFE, 0x06, 0xFF, 0x81, 0xBF, 0xC1, 0x7F,
  0xE0, 0x6F, 0xF0, 0x1F, 0xF8, 0x1B, 0xFC, 0x07, 0xFE, 0x06, 0xFF, 0x81,
  0xBF, 0xE1, 0x60, 0xE0, 0x1C, 0x80, 0x01, 0xC0, 0x00, 0x60, 0x00, 0xFF,
  0x83, 0xFF, 0xC3, 0xFF, 0xE0, 0xFF, 0xF0, 0x3F, 0xF8, 0x3F, 0x7C, 0x00,
  0xFC, 0x07, 0xFE, 0x03, 0x18, 0x00, 0xFC, 0x00, 0x06, 0x00, 0x3F, 0x80,
  0x01, 0xC0, 0x0F, 0xFC, 0x07, 0xFE, 0x06, 0xFF, 0x81, 0xBF, 0xC1, 0x7F,
  0xE0, 0x6F, 0xF0, 0x1F, 0xF8, 0x1B, 0xFC, 0x07, 0xFE, 0x06, 0xFF, 0x81,
  0xBF, 0xE1, 0x60, 0xE0, 0x1C, 0x80, 0x01, 0xC0, 0x00, 0x60, 0x00, 0xFF,
  0x83, 0xFF, 0xC3, 0xFF, 0xE0, 0xFF, 0xF0, 0x3F, 0xF8, 0x3F, 0x7C, 0x00,
  0x00, 0x00, 0x00, 0x00, 0x70, 0x00, 0x70, 0x00, 0x00, 0x00, 0x00, 0x00,
  0x00, 0x00, 0x00, 0x00, 0x00, 0x00, 0x00, 0x00, 0x00, 0x00, 0x00, 0x00,
  0x00, 0x00, 0x00, 0x00, 0x00, 0x00, 0x00, 0x00, 0x00, 0x00, 0x18, 0x00,
  0x0C, 0x00, 0x00, 0x00, 0x00, 0x00, 0x00, 0x78, 0x00, 0x00, 0x00, 0x00,
  0x00, 0x00, 0x00, 0x00, 0x00, 0x00, 0x00, 0x00, 0x00, 0x00, 0x00, 0x00,
  0x00, 0x00, 0x00, 0x00, 0x70, 0x00, 0x70, 0x00, 0x00, 0x00, 0x00, 0x00,
  0x00, 0x00, 0x00, 0x00, 0x00, 0x00, 0x00, 0x00, 0x00, 0x00, 0x00, 0x00,
  0x00, 0x00, 0x00, 0x00, 0x00, 0x00, 0x00, 0x00, 0x00, 0x00, 0x18, 0x00,
  0x0C, 0x00, 0x00, 0x00, 0x00, 0x00, 0x00, 0x78, 0x00, 0x00, 0x00, 0x00,
  0x00, 0x00, 0x00, 0x00, 0x00, 0x00, 0x00, 0x00, 0x00, 0x00, 0x00, 0x00,
  0x00, 0x00, 0x00, 0x00, 0x7C, 0x00, 0x78, 0x00, 0x00, 0x00, 0x00, 0x00,
  0x00, 0x00, 0x00, 0x00, 0x00, 0x00, 0x00, 0x00, 0x00, 0x00, 0x00, 0x00,
  0x00, 0x00, 0x00, 0x00, 0x00, 0x00, 0x00, 0x00, 0x00, 0x00, 0x78, 0x00,
  0x3C, 0x00, 0x00, 0x00, 0x00, 0x00, 0x00, 0x00, 0x00, 0x00, 0x00, 0x00,
  0x00, 0x00, 0x00, 0x00, 0x00, 0x00, 0x00, 0x00, 0x00, 0x00, 0x00, 0x00,
  0x00, 0x00, 0x00, 0x00, 0x7C, 0x00, 0x78, 0x00, 0x00, 0x00, 0x00, 0x00,
  0x00, 0x00, 0x00, 0x00, 0x00, 0x00, 0x00, 0x00, 0x00, 0x00, 0x00, 0x00,
  0x00, 0x00, 0x00, 0x00, 0x00, 0x00, 0x00, 0x00, 0x00, 0x00, 0x78, 0x00,
  0x3C, 0x00, 0x00, 0x00, 0x00, 0x00, 0x00, 0x00, 0x00, 0x00, 0x00, 0x00,
  0x00, 0x00, 0x00, 0x00, 0x00, 0x00, 0x00, 0x00, 0x00, 0x00, 0x00, 0x00,
  0x00, 0x00, 0x00, 0x00, 0x70, 0x03, 0xCC, 0x00, 0x00, 0x00, 0x00, 0x00,
  0xE7, 0x00, 0x0F, 0xC0, 0x0D, 0xF0, 0x1F, 0x80, 0x01, 0x38, 0x00, 0x00,
  0x00, 0x00, 0x80, 0xE1, 0x00, 0x07, 0xC0, 0x07, 0x00, 0x00, 0xF0, 0x0E,
  0x00, 0x00, 0x60, 0x00, 0x3C, 0x00, 0xE7, 0xC0, 0x7B, 0xFC, 0x03, 0x3E,
  0x1C, 0x00, 0x80, 0x7F, 0x08, 0xFE, 0x00, 0x00, 0x00, 0x00, 0x00, 0x00,
  0x00, 0x00, 0x00, 0x00, 0x70, 0x03, 0xCC, 0x00, 0x00, 0x00, 0x00, 0x00,
  0xE7, 0x00, 0x0F, 0xC0, 0x0D, 0xF0, 0x1F, 0x80, 0x01, 0x38, 0x00, 0x00,
  0x00, 0x00, 0x80, 0xE1, 0x00, 0x07, 0xC0, 0x07, 0x00, 0x00, 0xF0, 0x0E,
  0x00, 0x00, 0x60, 0x00, 0x3C, 0x00, 0xE7, 0xC0, 0x7B, 0xFC, 0x03, 0x3E,
  0x1C, 0x00, 0x80, 0x7F, 0x08, 0xFE, 0x00, 0x00, 0x00, 0x00, 0x00, 0x00,
  0xF0, 0x3F, 0x30, 0x06, 0xE0, 0x01, 0x78, 0x00, 0x00, 0x00, 0x00, 0x80,
  0x31, 0x80, 0x1B, 0x80, 0x07, 0x00, 0x00, 0xE0, 0x00, 0x70, 0x00, 0x00,
  0x00, 0x00, 0x00, 0x3F, 0x00, 0x00, 0x60, 0x0C, 0x00, 0x00, 0x98, 0x03,
  0x00, 0x00, 0x38, 0x00, 0x30, 0x80, 0x31, 0x80, 0x73, 0x1C, 0x00, 0x26,
  0x06, 0x00, 0x00, 0xC4, 0x0E, 0x83, 0xE3, 0x81, 0xF1, 0xC1, 0xF8, 0x60,
  0xF0, 0x3F, 0x30, 0x06, 0xE0, 0x01, 0x78, 0x00, 0x00, 0x00, 0x00, 0x80,
  0x31, 0x80, 0x1B, 0x80, 0x07, 0x00, 0x00, 0xE0, 0x00, 0x70, 0x00, 0x00,
  0x00, 0x00, 0x00, 0x3F, 0x00, 0x00, 0x60, 0x0C, 0x00, 0x00, 0x98, 0x03,
  0x00, 0x00, 0x38, 0x00, 0x30, 0x80, 0x31, 0x80, 0x73, 0x1C, 0x00, 0x26,
  0x06, 0x00, 0x00, 0xC4, 0x0E, 0x83, 0xE3, 0x81, 0xF1, 0xC1, 0xF8, 0x60,
  0x00, 0x0C, 0x30, 0x06, 0xF0, 0x03, 0x00, 0x00, 0x00, 0x00, 0x00, 0x00,
  0x00, 0x00, 0x00, 0x00, 0x00, 0x00, 0x00, 0x00, 0x00, 0x00, 0x00, 0x00,
  0x00, 0x00, 0x00, 0x00, 0x00, 0x00, 0xC0, 0x07, 0x00, 0x00, 0x00, 0x00,
  0x00, 0x00, 0x78, 0x00, 0x1C, 0x80, 0xF7, 0xC0, 0x18, 0x9C, 0x7F, 0x3E,
  0x03, 0xF8, 0x0D, 0xC4, 0xCF, 0x01, 0x87, 0x41, 0x00, 0x27, 0x18, 0x10,
  0x00, 0x0C, 0x30, 0x06, 0xF0, 0x03, 0x00, 0x00, 0x00, 0x00, 0x00, 0x00,
  0x00, 0x00, 0x00, 0x00, 0x00, 0x00, 0x00, 0x00, 0x00, 0x00, 0x00, 0x00,
  0x00, 0x00, 0x00, 0x00, 0x00, 0x00, 0xC0, 0x07, 0x00, 0x00, 0x00, 0x00,
  0x00, 0x00, 0x78, 0x00, 0x1C, 0x80, 0xF7, 0xC0, 0x18, 0x9C, 0x7F, 0x3E,
  0x03, 0xF8, 0x0D, 0xC4, 0xCF, 0x01, 0x87, 0x41, 0x00, 0x27, 0x18, 0x10,
  0x80, 0x03, 0x18, 0x03, 0x0C, 0x83, 0xFF, 0x00, 0xFF, 0x80, 0xDF, 0x01,
  0x00, 0x00, 0x00, 0x00, 0x00, 0x00, 0x00, 0x00, 0x00, 0x00, 0x00, 0x00,
  0x00, 0x00, 0x00, 0x00, 0x00, 0x00, 0x00, 0x00, 0x00, 0x00, 0x00, 0x00,
  0x00, 0x00, 0x00, 0x00, 0x00, 0x00, 0x00, 0x00, 0x00, 0xCE, 0x01, 0xE0,
  0x00, 0x84, 0x02, 0xB2, 0xE6, 0x80, 0xE3, 0x10, 0xF0, 0x08, 0x7C, 0x04,
  0x80, 0x03, 0x18, 0x03, 0x0C, 0x83, 0xFF, 0x00, 0xFF, 0x80, 0xDF, 0x01,
  0x00, 0x00, 0x00, 0x00, 0x00, 0x00, 0x00, 0x00, 0x00, 0x00, 0x00, 0x00,
  0x00, 0x00, 0x00, 0x00, 0x00, 0x00, 0x00, 0x00, 0x00, 0x00, 0x00, 0x00,
  0x00, 0x00, 0x00, 0x00, 0x00, 0x00, 0x00, 0x00, 0x00, 0xCE, 0x01, 0xE0,
  0x00, 0x84, 0x02, 0xB2, 0xE6, 0x80, 0xE3, 0x10, 0xF0, 0x08, 0x7C, 0x04,
  0xF0, 0x07, 0x18, 0x03, 0x07, 0x0E, 0x80, 0xC1, 0x81, 0xE3, 0x70, 0x00,
  0x00, 0x00, 0x00, 0x00, 0x00, 0x00, 0x00, 0x00, 0x00, 0x00, 0x00, 0x00,
  0x00, 0x00, 0x00, 0x00, 0x00, 0x00, 0x00, 0x00, 0x00, 0x00, 0x00, 0x00,
  0x00, 0x00, 0x00, 0x00, 0x00, 0x00, 0x00, 0x00, 0x00, 0xFE, 0x0F, 0x30,
  0x00, 0x94, 0x02, 0x32, 0xE6, 0x80, 0xE3, 0xFC, 0x81, 0xF7, 0x61, 0x7F,
  0x60, 0x00, 0x18, 0x03, 0xFF, 0x8F, 0xFF, 0xC1, 0xFF, 0x73, 0x20, 0x00,
  0x00, 0x00, 0x00, 0x00, 0x00, 0x00, 0x00, 0x00, 0x00, 0x00, 0x00, 0x00,
  0x00, 0x00, 0x00, 0x00, 0x00, 0x00, 0x00, 0x00, 0x00, 0x00, 0x00, 0xE0,
  0xFF, 0x0F, 0x00, 0x00, 0x00, 0x00, 0x00, 0x00, 0x00, 0xC0, 0x01, 0xF8,
  0x3E, 0x94, 0x02, 0x32, 0xC6, 0xC1, 0xE0, 0x92, 0xF9, 0x11, 0xBD, 0x64,
  0x60, 0x00, 0x18, 0x03, 0xFF, 0x8F, 0xFF, 0xC1, 0xFF, 0x73, 0x20, 0x00,
  0x00, 0x00, 0x00, 0x00, 0x00, 0x00, 0x00, 0x00, 0x00, 0x00, 0x00, 0x00,
  0x00, 0x00, 0x00, 0x00, 0x00, 0x00, 0x00, 0x00, 0x00, 0x00, 0x00, 0xE0,
  0xFF, 0x0F, 0x00, 0x00, 0x00, 0x00, 0x00, 0x00, 0x00, 0xC0, 0x01, 0xF8,
  0x3E, 0x94, 0x02, 0x32, 0xC6, 0xC1, 0xE0, 0x92, 0xF9, 0x11, 0xBD, 0x64,
  0x1C, 0x00, 0xCE, 0x81, 0x03, 0x63, 0xC0, 0xE0, 0x00, 0x70, 0x3C, 0x00,
  0x00, 0x00, 0x00, 0x00, 0x00, 0x00, 0x00, 0x00, 0x00, 0x00, 0x00, 0x00,
  0x00, 0x00, 0x00, 0x00, 0x00, 0x00, 0x00, 0x00, 0x00, 0x00, 0x00, 0x00,
  0x00, 0x00, 0x00, 0x00, 0x00, 0x00, 0x00, 0x00, 0x00, 0x60, 0x00, 0x2F,
  0x19, 0x0B, 0x01, 0x00, 0xC0, 0x39, 0x80, 0x7C, 0x40, 0xF8, 0x20, 0x1F,
  0x1C, 0x00, 0xCE, 0x81, 0x03, 0x63, 0xC0, 0xE0, 0x00, 0x70, 0x3C, 0x00,
  0x00, 0x00, 0x00, 0x00, 0x00, 0x00, 0x00, 0x00, 0x00, 0x00, 0x00, 0x00,
  0x00, 0x00, 0x00, 0x00, 0x00, 0x00, 0x00, 0x00, 0x00, 0x00, 0x00, 0x00,
  0x00, 0x00, 0x00, 0x00, 0x00, 0x00, 0x00, 0x00, 0x00, 0x60, 0x00, 0x2F,
  0x19, 0x0B, 0x01, 0x00, 0xC0, 0x39, 0x80, 0x7C, 0x40, 0xF8, 0x20, 0x1F,
  0xFE, 0x07, 0xCE, 0x81, 0x03, 0xC3, 0xFF, 0xC1, 0x7F, 0xE0, 0x6F, 0x00,
  0x00, 0x00, 0x00, 0x00, 0x00, 0x00, 0x00, 0x00, 0x00, 0x00, 0x00, 0x00,
  0x00, 0x00, 0x00, 0x00, 0x00, 0x00, 0x00, 0x00, 0x00, 0x00, 0x00, 0x00,
  0x00, 0x00, 0x00, 0x00, 0x00, 0x00, 0x00, 0x00, 0x00, 0xE0, 0x8F, 0x39,
  0x1F, 0xFB, 0x01, 0x00, 0xF0, 0xF9, 0x60, 0x4C, 0x30, 0xC8, 0x18, 0x13,
  0xFE, 0x07, 0xCE, 0x81, 0x03, 0xC3, 0xFF, 0xC1, 0x7F, 0xE0, 0x6F, 0x00,
  0x00, 0x00, 0x00, 0x00, 0x00, 0x00, 0x00, 0x00, 0x00, 0x00, 0x00, 0x00,
  0x00, 0x00, 0x00, 0x00, 0x00, 0x00, 0x00, 0x00, 0x00, 0x00, 0x00, 0x00,
  0x00, 0x00, 0x00, 0x00, 0x00, 0x00, 0x00, 0x00, 0x00, 0xE0, 0x8F, 0x39,
  0x1F, 0xFB, 0x01, 0x00, 0xF0, 0xF9, 0x60, 0x4C, 0x30, 0xC8, 0x18, 0x13,
  0x00, 0x00, 0xCE, 0x01, 0x00, 0x00, 0x00, 0x00, 0x1C, 0x00, 0x00, 0x00,
  0x00, 0x00, 0x00, 0x00, 0x00, 0x00, 0x00, 0x00, 0x00, 0x00, 0x00, 0x00,
  0x00, 0x03, 0x00, 0x00, 0x00, 0x00, 0x00, 0x00, 0x30, 0x00, 0x00, 0x00,
  0x00, 0x00, 0x00, 0x00, 0x00, 0x00, 0x00, 0x00, 0x00, 0x00, 0x00, 0x00,
  0x00, 0x00, 0x00, 0x00, 0x00, 0x00, 0x10, 0x7C, 0x08, 0xF8, 0x04, 0x1F,
  0x00, 0x00, 0xCE, 0x01, 0x00, 0x00, 0x00, 0x00, 0x1C, 0x00, 0x00, 0x00,
  0x00, 0x00, 0x00, 0x00, 0x00, 0x00, 0x00, 0x00, 0x00, 0x00, 0x00, 0x00,
  0x00, 0x03, 0x00, 0x00, 0x00, 0x00, 0x00, 0x00, 0x30, 0x00, 0x00, 0x00,
  0x00, 0x00, 0x00, 0x00, 0x00, 0x00, 0x00, 0x00, 0x00, 0x00, 0x00, 0x00,
  0x00, 0x00, 0x00, 0x00, 0x00, 0x00, 0x10, 0x7C, 0x08, 0xF8, 0x04, 0x1F,
  0x00, 0x00, 0x00, 0x00, 0x00, 0x00, 0x00, 0x00, 0x06, 0x00, 0x00, 0x00,
  0x00, 0x00, 0x00, 0x00, 0x00, 0x00, 0x00, 0x00, 0x00, 0x00, 0xC0, 0x7F,
  0x80, 0x01, 0x00, 0x00, 0x00, 0x00, 0x00, 0x00, 0xF0, 0x00, 0x00, 0x00,
  0x00, 0x00, 0x00, 0x00, 0x00, 0x00, 0x00, 0x00, 0x00, 0x00, 0x00, 0x00,
  0x00, 0x00, 0x00, 0x00, 0x00, 0x00, 0x00, 0x00, 0x00, 0x00, 0x00, 0x00,
  0x00, 0x00, 0x00, 0x00, 0x00, 0x00, 0x00, 0x00, 0x06, 0x00, 0x00, 0x00,
  0x00, 0x00, 0x00, 0x00, 0x00, 0x00, 0x00, 0x00, 0x00, 0x00, 0xC0, 0x7F,
  0x80, 0x01, 0x00, 0x00, 0x00, 0x00, 0x00, 0x00, 0xF0, 0x00, 0x00, 0x00,
  0x00, 0x00, 0x00, 0x00, 0x00, 0x00, 0x00, 0x00, 0x00, 0x00, 0x00, 0x00,
  0x00, 0x00, 0x00, 0x00, 0x00, 0x00, 0x00, 0x00, 0x00, 0x00, 0x00, 0x00,
  0x00, 0x00, 0x00, 0x00, 0x00, 0x00, 0x00, 0x00, 0x38, 0x00, 0x00, 0x00,
  0x08, 0x00, 0x00, 0x00, 0x00, 0x00, 0x00, 0x00, 0x00, 0x00, 0x00, 0x00,
  0x00, 0x00, 0x00, 0x00, 0x00, 0x00, 0x00, 0x00, 0x00, 0x00, 0x00, 0x00,
  0x00, 0x00, 0x00, 0x00, 0x00, 0x00, 0x00, 0x00, 0x00, 0x00, 0x00, 0x00,
  0x00, 0x00, 0x00, 0x00, 0x00, 0x00, 0x00, 0x00, 0x00, 0x00, 0x00, 0x00,
  0x00, 0x00, 0x00, 0x00, 0x00, 0x00, 0x00, 0x00, 0x38, 0x00, 0x00, 0x00,
  0x08, 0x00, 0x00, 0x00, 0x00, 0x00, 0x00, 0x00, 0x00, 0x00, 0x00, 0x00,
  0x00, 0x00, 0x00, 0x00, 0x00, 0x00, 0x00, 0x00, 0x00, 0x00, 0x00, 0x00,
  0x00, 0x00, 0x00, 0x00, 0x00, 0x00, 0x00, 0x00, 0x00, 0x00, 0x00, 0x00,
  0x00, 0x00, 0x00, 0x00, 0x00, 0x00, 0x00, 0x00, 0x00, 0x00, 0x00, 0x00,
  0xFC, 0x31, 0x00, 0x00, 0xE0, 0x00, 0x00, 0x00, 0x38, 0xE0, 0xFF, 0x03,
  0x38, 0x00, 0x00, 0x00, 0x00, 0x00, 0x00, 0x00, 0x00, 0x00, 0x00, 0x00,
  0x00, 0x00, 0x00, 0x00, 0x00, 0x00, 0x00, 0x00, 0x00, 0x00, 0x00, 0x00,
  0x00, 0x00, 0x00, 0x00, 0x00, 0x00, 0x00, 0x00, 0x00, 0x00, 0x00, 0x00,
  0x00, 0x00, 0x00, 0x00, 0x00, 0x00, 0x00, 0x00, 0x00, 0x00, 0x00, 0x00,
  0xFC, 0x31, 0x00, 0x00, 0xE0, 0x00, 0x00, 0x00, 0x38, 0xE0, 0xFF, 0x03,
  0x38, 0x00, 0x00, 0x00, 0x00, 0x00, 0x00, 0x00, 0x00, 0x00, 0x00, 0x00,
  0x00, 0x00, 0x00, 0x00, 0x00, 0x00, 0x00, 0x00, 0x00, 0x00, 0x00, 0x00,
  0x00, 0x00, 0x00, 0x00, 0x00, 0x00, 0x00, 0x00, 0x00, 0x00, 0x00, 0x00,
  0x00, 0x00, 0x00, 0x00, 0x00, 0x00, 0x00, 0x00, 0x00, 0x00, 0x00, 0x00,
  0x60, 0x08, 0xC0, 0x01, 0xF0, 0x01, 0x70, 0x00, 0x38, 0xE0, 0xFF, 0x03,
  0xE8, 0xE0, 0x0F, 0x00, 0x00, 0x00, 0x00, 0x00, 0x00, 0x00, 0x00, 0x00,
  0x00, 0x00, 0x00, 0x00, 0x00, 0x00, 0x00, 0x00, 0x00, 0x00, 0x00, 0x00,
  0x00, 0x00, 0x00, 0x00, 0x00, 0x00, 0x00, 0x00, 0x00, 0x00, 0x00, 0x00,
  0x00, 0x00, 0x00, 0x00, 0x00, 0x00, 0x00, 0x00, 0x00, 0x00, 0x00, 0x00,
  0x60, 0x08, 0xC0, 0x01, 0xF0, 0x01, 0x70, 0x00, 0x38, 0xE0, 0xFF, 0x03,
  0xE8, 0xE0, 0x0F, 0x00, 0x00, 0x00, 0x00, 0x00, 0x00, 0x00, 0x00, 0x00,
  0x00, 0x00, 0x00, 0x00, 0x00, 0x00, 0x00, 0x00, 0x00, 0x00, 0x00, 0x00,
  0x00, 0x00, 0x00, 0x00, 0x00, 0x00, 0x00, 0x00, 0x00, 0x00, 0x00, 0x00,
  0x00, 0x00, 0x00, 0x00, 0x00, 0x00, 0x00, 0x00, 0x00, 0x00, 0x00, 0x00,
  0x1C, 0x02, 0x38, 0x00, 0xFC, 0x01, 0xF0, 0x00, 0x1C, 0xF0, 0xFF, 0x01,
  0x26, 0xC0, 0x00, 0xF0, 0x0F, 0x00, 0x00, 0x00, 0x00, 0x00, 0x00, 0x00,
  0x00, 0x00, 0x00, 0x00, 0x00, 0x00, 0x00, 0x00, 0x00, 0x00, 0x00, 0x00,
  0x00, 0x00, 0x00, 0x00, 0x00, 0x00, 0x00, 0x00, 0x00, 0x00, 0x00, 0x00,
  0x00, 0x00, 0x00, 0x00, 0x00, 0x00, 0x00, 0x00, 0x00, 0x00, 0x00, 0x00,
  0x1C, 0x02, 0x38, 0x00, 0xFC, 0x01, 0xF0, 0x00, 0x1C, 0xF0, 0xFF, 0x01,
  0x26, 0xC0, 0x00, 0xF0, 0x0F, 0x00, 0x00, 0x00, 0x00, 0x00, 0x00, 0x00,
  0x00, 0x00, 0x00, 0x00, 0x00, 0x00, 0x00, 0x00, 0x00, 0x00, 0x00, 0x00,
  0x00, 0x00, 0x00, 0x00, 0x00, 0x00, 0x00, 0x00, 0x00, 0x00, 0x00, 0x00,
  0x00, 0x00, 0x00, 0x00, 0x00, 0x00, 0x00, 0x00, 0x00, 0x00, 0x00, 0x00,
  0x8E, 0x3F, 0xFF, 0x3F, 0x77, 0xE3, 0xFF, 0x07, 0x1C, 0xF0, 0xFF, 0x01,
  0x06, 0xC0, 0x0C, 0xE0, 0x07, 0x00, 0x00, 0x00, 0x00, 0x00, 0x00, 0x00,
  0x00, 0x00, 0x00, 0x00, 0x00, 0x00, 0x00, 0x00, 0x00, 0x00, 0x00, 0x00,
  0x00, 0x00, 0x00, 0x00, 0x00, 0x00, 0x00, 0x00, 0x00, 0x00, 0x00, 0x00,
  0x00, 0x00, 0x00, 0x00, 0x00, 0x00, 0x00, 0x00, 0x00, 0x00, 0x00, 0x00,
  0x4E, 0x32, 0x38, 0x00, 0x70, 0x00, 0xF0, 0xC0, 0xDD, 0xF0, 0xFF, 0xC1,
  0x07, 0xC0, 0x0C, 0xC0, 0x3D, 0x00, 0x00, 0x00, 0x00, 0x00, 0x00, 0x00,
  0x00, 0x00, 0x00, 0x00, 0x00, 0x00, 0x00, 0x00, 0x00, 0x00, 0x00, 0x00,
  0x00, 0x00, 0x00, 0x00, 0x00, 0x00, 0x00, 0x00, 0x00, 0x00, 0x00, 0x00,
  0x00, 0x00, 0x00, 0x00, 0x00, 0x00, 0x00, 0x00, 0x00, 0x00, 0x00, 0x00,
  0x4E, 0x32, 0x38, 0x00, 0x70, 0x00, 0xF0, 0xC0, 0xDD, 0xF0, 0xFF, 0xC1,
  0x07, 0xC0, 0x0C, 0xC0, 0x3D, 0x00, 0x00, 0x00, 0x00, 0x00, 0x00, 0x00,
  0x00, 0x00, 0x00, 0x00, 0x00, 0x00, 0x00, 0x00, 0x00, 0x00, 0x00, 0x00,
  0x00, 0x00, 0x00, 0x00, 0x00, 0x00, 0x00, 0x00, 0x00, 0x00, 0x00, 0x00,
  0x00, 0x00, 0x00, 0x00, 0x00, 0x00, 0x00, 0x00, 0x00, 0x00, 0x00, 0x00,
  0x90, 0x0F, 0x30, 0x00, 0x18, 0x00, 0x0C, 0xC0, 0x3F, 0xF8, 0x7F, 0xF8,
  0x01, 0x60, 0x07, 0x30, 0x38, 0x00, 0x00, 0x00, 0x00, 0x00, 0x00, 0x00,
  0x00, 0x00, 0x00, 0x00, 0x00, 0x00, 0x00, 0x00, 0x00, 0x00, 0x00, 0x00,
  0x00, 0x00, 0x00, 0x00, 0x00, 0x00, 0x00, 0x00, 0x00, 0x00, 0x00, 0x00,
  0x00, 0x00, 0x00, 0x00, 0x00, 0x00, 0x00, 0x00, 0x00, 0x00, 0x00, 0x00,
  0x90, 0x0F, 0x30, 0x00, 0x18, 0x00, 0x0C, 0xC0, 0x3F, 0xF8, 0x7F, 0xF8,
  0x01, 0x60, 0x07, 0x30, 0x38, 0x00, 0x00, 0x00, 0x00, 0x00, 0x00, 0x00,
  0x00, 0x00, 0x00, 0x00, 0x00, 0x00, 0x00, 0x00, 0x00, 0x00, 0x00, 0x00,
  0x00, 0x00, 0x00, 0x00, 0x00, 0x00, 0x00, 0x00, 0x00, 0x00, 0x00, 0x00,
  0x00, 0x00, 0x00, 0x00, 0x00, 0x00, 0x00, 0x00, 0x00, 0x00, 0x00, 0x00,
  0x8C, 0x09, 0x00, 0x00, 0x18, 0x00, 0x00, 0x00, 0x1F, 0xF8, 0x7F, 0xF0,
  0x00, 0x60, 0x1F, 0x1C, 0x00, 0x00, 0x00, 0x00, 0x00, 0x00, 0x00, 0x00,
  0x00, 0x00, 0x00, 0x00, 0x00, 0x00, 0x00, 0x00, 0x00, 0x00, 0x00, 0x00,
  0x00, 0x00, 0x00, 0x00, 0x00, 0x00, 0x00, 0x00, 0x00, 0x00, 0x00, 0x00,
  0x00, 0x00, 0x00, 0x00, 0x00, 0x00, 0x00, 0x00, 0x00, 0x00, 0x00, 0x00,
  0x8C, 0x09, 0x00, 0x00, 0x18, 0x00, 0x00, 0x00, 0x1F, 0xF8, 0x7F, 0xF0,
  0x00, 0x60, 0x1F, 0x1C, 0x00, 0x00, 0x00, 0x00, 0x00, 0x00, 0x00, 0x00,
  0x00, 0x00, 0x00, 0x00, 0x00, 0x00, 0x00, 0x00, 0x00, 0x00, 0x00, 0x00,
  0x00, 0x00, 0x00, 0x00, 0x00, 0x00, 0x00, 0x00, 0x00, 0x00, 0x00, 0x00,
  0x00, 0x00, 0x00, 0x00, 0x00, 0x00, 0x00, 0x00, 0x00, 0x00, 0x00, 0x00,
  0x82, 0x0F, 0x00, 0x00, 0x18, 0x00, 0x00, 0x00, 0x06, 0x00, 0x00, 0x00,
  0x00, 0x00, 0x00, 0x1C, 0x00, 0x00, 0x00, 0x00, 0x00, 0x00, 0x00, 0x00,
  0x00, 0x00, 0x00, 0x00, 0x00, 0x00, 0x00, 0x00, 0x00, 0x00, 0x00, 0x00,
  0x00, 0x00, 0x00, 0x00, 0x00, 0x00, 0x00, 0x00, 0x00, 0x00, 0x00, 0x00,
  0x00, 0x00, 0x00, 0x00, 0x00, 0x00, 0x00, 0x00, 0x00, 0x00, 0x00, 0x00,
  0x82, 0x0F, 0x00, 0x00, 0x18, 0x00, 0x00, 0x00, 0x06, 0x00, 0x00, 0x00,
  0x00, 0x00, 0x00, 0x1C, 0x00, 0x00, 0x00, 0x00, 0x00, 0x00, 0x00, 0x00,
  0x00, 0x00, 0x00, 0x00, 0x00, 0x00, 0x00, 0x00, 0x00, 0x00, 0x00, 0x00,
  0x00, 0x00, 0x00, 0x00, 0x00, 0x00, 0x00, 0x00, 0x00, 0x00, 0x00, 0x00,
  0x00, 0x00, 0x00, 0x00, 0x00, 0x00, 0x00, 0x00, 0x00, 0x00, 0x00, 0x00,
  0x00, 0x00, 0x00, 0x00, 0x18, 0x00, 0x00, 0x00, 0x00, 0x00, 0x00, 0x00,
  0x00, 0x00, 0x00, 0xF0, 0x0F, 0x00, 0x00, 0x00, 0x00, 0x00, 0x00, 0x00,
  0x00, 0x00, 0x00, 0x00, 0x00, 0x00, 0x00, 0x00, 0x00, 0x00, 0x00, 0x00,
  0x00, 0x00, 0x00, 0x00, 0x00, 0x00, 0x00, 0x00, 0x00, 0x00, 0x00, 0x00,
  0x00, 0x00, 0x00, 0x00, 0x00, 0x00, 0x00, 0x00, 0x00, 0x00, 0x00, 0x00,
  0x00, 0x00, 0x00, 0x00, 0x18, 0x00, 0x00, 0x00, 0x00, 0x00, 0x00, 0x00,
  0x00, 0x00, 0x00, 0xF0, 0x0F, 0x00, 0x00, 0x00, 0x00, 0x00, 0x00, 0x00,
  0x00, 0x00, 0x00, 0x00, 0x00, 0x00, 0x00, 0x00, 0x00, 0x00, 0x00, 0x00,
  0x00, 0x00, 0x00, 0x00, 0x00, 0x00, 0x00, 0x00, 0x00, 0x00, 0x00, 0x00,
  0x00, 0x00, 0x00, 0x00, 0x00, 0x00, 0x00, 0x00, 0x00, 0x00, 0x00, 0x00,
  0x00, 0x00, 0x00, 0x00, 0x00, 0x00, 0x00, 0x00, 0x00, 0x00, 0x00, 0x00,
  0x00, 0x00, 0x00, 0x00, 0x00, 0x00, 0x00, 0x00, 0x00, 0x00, 0x00, 0x00,
  0x00, 0x00, 0x00, 0x00, 0x00, 0x00, 0x00, 0x00, 0x00, 0x00, 0x00, 0x00,
  0x00, 0x00, 0x00, 0x00, 0x00, 0x00, 0x00, 0x00, 0x00, 0x00, 0x00, 0x00,
  0x00, 0x00, 0x00, 0x00, 0x00, 0x00, 0x00, 0x00, 0x00, 0x00, 0x00, 0x00,
  0x00, 0x00, 0x00, 0x00, 0x00, 0x00, 0x00, 0x00, 0x00, 0x00, 0x00, 0x00,
  0x00, 0x00, 0x00, 0x00, 0x00, 0x00, 0x00, 0x00, 0x00, 0x00, 0x00, 0x00,
  0x00, 0x00, 0x00, 0x00, 0x00, 0x00, 0x00, 0x00, 0x00, 0x00, 0x00, 0x00,
  0x00, 0x00, 0x00, 0x00, 0x00, 0x00, 0x00, 0x00, 0x00, 0x00, 0x00, 0x00,
  0x00, 0x00, 0x00, 0x00, 0x00, 0x00, 0x00, 0x00, 0x00, 0x00, 0x00, 0x00,
  0x00, 0x00, 0x00, 0x00, 0x00, 0x00, 0x00, 0x00, 0x00, 0x0C, 0x00, 0x00,
  0x00, 0x00, 0x00, 0x00, 0x00, 0x00, 0x00, 0x00, 0x00, 0x00, 0x00, 0x00,
  0x00, 0x00, 0x00, 0x00, 0x00, 0x00, 0x00, 0x00, 0x00, 0x00, 0x00, 0x00,
  0x00, 0x00, 0x00, 0x00, 0x00, 0x38, 0x3E, 0x00, 0x00, 0xEE, 0x7F, 0x37,
  0xB8, 0xFB, 0x1F, 0x00, 0xE0, 0xFC, 0x00, 0x00, 0xB8, 0xC1, 0x9D, 0x7F,
  0x00, 0x00, 0x00, 0x00, 0x00, 0x00, 0x00, 0x00, 0x00, 0x0C, 0x00, 0x00,
  0x00, 0x00, 0x00, 0x00, 0x00, 0x00, 0x00, 0x00, 0x00, 0x00, 0x00, 0x00,
  0x00, 0x00, 0x00, 0x00, 0x00, 0x00, 0x00, 0x00, 0x00, 0x00, 0x00, 0x00,
  0x00, 0x00, 0x00, 0x00, 0x00, 0x38, 0x3E, 0x00, 0x00, 0xEE, 0x7F, 0x37,
  0xB8, 0xFB, 0x1F, 0x00, 0xE0, 0xFC, 0x00, 0x00, 0xB8, 0xC1, 0x9D, 0x7F,
  0x00, 0x00, 0x00, 0x00, 0x00, 0x00, 0x00, 0x00, 0x00, 0x0C, 0x00, 0x00,
  0x00, 0x00, 0x00, 0x00, 0x00, 0x00, 0x00, 0x00, 0x00, 0x00, 0x00, 0x00,
  0x00, 0x00, 0x00, 0x00, 0x00, 0x00, 0x00, 0x00, 0x00, 0x00, 0x00, 0x00,
  0x00, 0x00, 0x00, 0x00, 0x00, 0x38, 0xE7, 0x00, 0x00, 0x6E, 0x40, 0x37,
  0xB8, 0x83, 0x01, 0x00, 0xE0, 0x86, 0x03, 0x00, 0x38, 0xE7, 0xDC, 0xE0,
  0x00, 0x00, 0x00, 0x00, 0x00, 0x00, 0x00, 0x00, 0x00, 0x0C, 0x00, 0x00,
  0x00, 0x00, 0x00, 0x00, 0x00, 0x00, 0x00, 0x00, 0x00, 0x00, 0x00, 0x00,
  0x00, 0x00, 0x00, 0x00, 0x00, 0x00, 0x00, 0x00, 0x00, 0x00, 0x00, 0x00,
  0x00, 0x00, 0x00, 0x00, 0x00, 0x38, 0xE7, 0x00, 0x00, 0x6E, 0x40, 0x37,
  0xB8, 0x83, 0x01, 0x00, 0xE0, 0x86, 0x03, 0x00, 0x38, 0xE7, 0xDC, 0xE0,
  0x00, 0x00, 0x00, 0x00, 0x00, 0x00, 0x00, 0x00, 0x00, 0x00, 0x00, 0x00,
  0x00, 0x00, 0x00, 0x00, 0x00, 0x00, 0x00, 0x00, 0x00, 0x00, 0x00, 0x00,
  0x00, 0x00, 0x00, 0x00, 0x00, 0x00, 0x00, 0x00, 0x00, 0x00, 0x00, 0x00,
  0x00, 0x00, 0x00, 0x00, 0x00, 0xC0, 0xE0, 0x00, 0x00, 0x30, 0x00, 0x18,
  0x1C, 0xE0, 0x00, 0x00, 0xC0, 0x81, 0x03, 0x00, 0x00, 0x1F, 0x38, 0xE0,
  0x00, 0x00, 0x00, 0x00, 0x00, 0x00, 0x00, 0x00, 0x00, 0x00, 0x00, 0x00,
  0x00, 0x00, 0x00, 0x00, 0x00, 0x00, 0x00, 0x00, 0x00, 0x00, 0x00, 0x00,
  0x00, 0x00, 0x00, 0x00, 0x00, 0x00, 0x00, 0x00, 0x00, 0x00, 0x00, 0x00,
  0x00, 0x00, 0x00, 0x00, 0x00, 0xC0, 0xE0, 0x00, 0x00, 0x30, 0x00, 0x18,
  0x1C, 0xE0, 0x00, 0x00, 0xC0, 0x81, 0x03, 0x00, 0x00, 0x1F, 0x38, 0xE0,
  0x00, 0x00, 0x00, 0x00, 0x00, 0x00, 0x00, 0x00, 0x00, 0x00, 0x00, 0x00,
  0x00, 0x00, 0x00, 0x00, 0x00, 0x00, 0x00, 0x00, 0x00, 0x00, 0x00, 0x00,
  0x00, 0x00, 0x00, 0x00, 0x00, 0x00, 0x00, 0x00, 0x00, 0x00, 0x00, 0x00,
  0x00, 0x00, 0x00, 0x00, 0x00, 0x70, 0xC0, 0x01, 0x00, 0xF0, 0x07, 0xF8,
  0x1F, 0xE0, 0x00, 0x00, 0xC0, 0x81, 0x03, 0x00, 0x00, 0x0E, 0x38, 0xE0,
  0x00, 0x00, 0x00, 0x00, 0x00, 0x00, 0x00, 0x00, 0x00, 0x00, 0x00, 0x00,
  0x00, 0x00, 0x00, 0x00, 0x00, 0x00, 0x00, 0x00, 0x00, 0x00, 0x00, 0x00,
  0x00, 0x00, 0x00, 0x00, 0x00, 0x00, 0x00, 0x00, 0x00, 0x00, 0x00, 0x00,
  0x00, 0x00, 0x00, 0x00, 0x00, 0xF0, 0xFF, 0x01, 0x00, 0x30, 0x00, 0x18,
  0x1C, 0xE0, 0x00, 0x00, 0xC0, 0x81, 0x03, 0x00, 0x00, 0x0E, 0x60, 0x70,
  0x00, 0x00, 0x00, 0x00, 0x00, 0x00, 0x00, 0x00, 0x00, 0x00, 0x00, 0x00,
  0x00, 0x00, 0x00, 0x00, 0x00, 0x00, 0x00, 0x00, 0x00, 0x00, 0x00, 0x00,
  0x00, 0x00, 0x00, 0x00, 0x00, 0x00, 0x00, 0x00, 0x00, 0x00, 0x00, 0x00,
  0x00, 0x00, 0x00, 0x00, 0x00, 0xF0, 0xFF, 0x01, 0x00, 0x30, 0x00, 0x18,
  0x1C, 0xE0, 0x00, 0x00, 0xC0, 0x81, 0x03, 0x00, 0x00, 0x0E, 0x60, 0x70,
  0x00, 0x00, 0x00, 0x00, 0x00, 0x00, 0x00, 0x00, 0x00, 0x00, 0x00, 0x00,
  0x00, 0x00, 0x00, 0x00, 0x00, 0x00, 0x00, 0x00, 0x00, 0x00, 0x00, 0x00,
  0x00, 0x00, 0x00, 0x00, 0x00, 0x00, 0x00, 0x00, 0x00, 0x00, 0x00, 0x00,
  0x00, 0x00, 0x00, 0x00, 0x00, 0x38, 0xE0, 0x00, 0x00, 0x1C, 0x08, 0x0E,
  0x06, 0x70, 0x00, 0x00, 0xC0, 0x61, 0x00, 0x00, 0x00, 0x07, 0x60, 0x0C,
  0x00, 0x00, 0x00, 0x00, 0x00, 0x00, 0x00, 0x00, 0x00, 0x00, 0x00, 0x00,
  0x00, 0x00, 0x00, 0x00, 0x00, 0x00, 0x00, 0x00, 0x00, 0x00, 0x00, 0x00,
  0x00, 0x00, 0x00, 0x00, 0x00, 0x00, 0x00, 0x00, 0x00, 0x00, 0x00, 0x00,
  0x00, 0x00, 0x00, 0x00, 0x00, 0x38, 0xE0, 0x00, 0x00, 0x1C, 0x08, 0x0E,
  0x06, 0x70, 0x00, 0x00, 0xC0, 0x61, 0x00, 0x00, 0x00, 0x07, 0x60, 0x0C,
  0x00, 0x00, 0x00, 0x00, 0x00, 0x00, 0x00, 0x00, 0x00, 0x00, 0x00, 0x00,
  0x00, 0x00, 0x00, 0x00, 0x00, 0x00, 0x00, 0x00, 0x00, 0x00, 0x00, 0x00,
  0x00, 0x00, 0x00, 0x00, 0x00, 0x00, 0x00, 0x00, 0x00, 0x00, 0x00, 0x00,
  0x00, 0x00, 0x00, 0x00, 0x00, 0x38, 0xE0, 0x00, 0x00, 0xFC, 0x0F, 0x0E,
  0x06, 0xFF, 0x03, 0x00, 0x00, 0x3F, 0x00, 0x00, 0x80, 0x0F, 0x7C, 0xFC,
  0x00, 0x00, 0x00, 0x00, 0x00, 0x00, 0x00, 0x00, 0x00, 0x00, 0x00, 0x00,
  0x00, 0x00, 0x00, 0x00, 0x00, 0x00, 0x00, 0x00, 0x00, 0x00, 0x00, 0x00,
  0x00, 0x00, 0x00, 0x00, 0x00, 0x00, 0x00, 0x00, 0x00, 0x00, 0x00, 0x00,
  0x00, 0x00, 0x00, 0x00, 0x00, 0x38, 0xE0, 0x00, 0x00, 0xFC, 0x0F, 0x0E,
  0x06, 0xFF, 0x03, 0x00, 0x00, 0x3F, 0x00, 0x00, 0x80, 0x0F, 0x7C, 0xFC,
  0x00, 0x00, 0x00, 0x00, 0x00, 0x00, 0x00, 0x00, 0x00, 0x00, 0x00, 0x00,
  0x00, 0x00, 0x00, 0x00, 0x00, 0x00, 0x00, 0x00, 0x00, 0x00, 0x00, 0x00,
  0x00, 0x00, 0x00, 0x00, 0x00, 0x00, 0x00, 0x00, 0x00, 0x00, 0x00, 0x00,
  0x00, 0x00, 0x00, 0x00, 0x00, 0x00, 0x00, 0x00, 0x00, 0x00, 0x00, 0x00,
  0x00, 0x00, 0x00, 0x00, 0x00, 0x00, 0x00, 0x00, 0x00, 0x00, 0x00, 0x00,
  0x00, 0x00, 0x00, 0x00, 0x00, 0x00, 0x00, 0x00, 0x00, 0x00, 0x00, 0x00,
  0x00, 0x00, 0x00, 0x00, 0x00, 0x00, 0x00, 0x00, 0x00, 0x00, 0x00, 0x00,
  0x00, 0x00, 0x00, 0x00, 0x00, 0x00, 0x00, 0x00, 0x00, 0x00, 0x00, 0x00,
  0x00, 0x00, 0x00, 0x00, 0x00, 0x00, 0x00, 0x00, 0x00, 0x00, 0x00, 0x00,
  0x00, 0x00, 0x00, 0x00, 0x00, 0x00, 0x00, 0x00, 0x00, 0x00, 0x00, 0x00,
  0x00, 0x00, 0x00, 0x00, 0x00, 0x00, 0x00, 0x00, 0x00, 0x00, 0x00, 0x00,
  0x00, 0x00, 0x00, 0x00, 0x00, 0x00, 0x00, 0x00, 0x00, 0x00, 0x00, 0x00,
  0x00, 0x00, 0x00, 0x00, 0x00, 0x00, 0x00, 0x00, 0x00, 0x00, 0x00, 0x00,
  0x00, 0x00, 0x00, 0x00, 0x00, 0x00, 0x00, 0x00, 0x00, 0x00, 0x00, 0x00,
  0x00, 0x00, 0x00, 0x00, 0x00, 0x00, 0x00, 0x00, 0x00, 0x00, 0x00, 0x00,
  0x00, 0x00, 0x00, 0x00, 0x00, 0x00, 0x00, 0x00, 0x00, 0x00, 0x00, 0x00,
  0x00, 0x00, 0x00, 0x00, 0x00, 0x00, 0x00, 0x00, 0x00, 0x00, 0x00, 0x00,
  0x00, 0x00, 0x00, 0x00, 0x00, 0x00, 0x00, 0x00, 0x00, 0x00, 0x00, 0x00,
  0x00, 0x00, 0x00, 0x00, 0x00, 0x00, 0x00, 0x00, 0x00, 0x00, 0x00, 0x00,
  0x00, 0x00, 0x00, 0x00, 0x00, 0x00, 0x00, 0x00, 0x00, 0x00, 0x00, 0x00,
  0x80, 0x03, 0x00, 0x00, 0x00, 0x00, 0x00, 0x00, 0x00, 0x00, 0x00, 0x00,
  0x00, 0x00, 0x00, 0x00, 0x00, 0x00, 0x00, 0x00, 0x00, 0x00, 0x00, 0x00,
  0x00, 0x00, 0x00, 0x00, 0x00, 0x00, 0x00, 0x00, 0x00, 0x00, 0x00, 0x00,
  0x00, 0x00, 0x00, 0x00, 0x00, 0x00, 0x00, 0x00, 0x00, 0x00, 0x00, 0xF0,
  0x07, 0x18, 0x03, 0x8C, 0x01, 0x60, 0x00, 0x60, 0x00, 0x18, 0x00, 0x0C,
  0x80, 0x03, 0x00, 0x00, 0x00, 0x00, 0x00, 0x00, 0x00, 0x00, 0x00, 0x00,
  0x00, 0x00, 0x00, 0x00, 0x00, 0x00, 0x00, 0x00, 0x00, 0x00, 0x00, 0x00,
  0x00, 0x00, 0x00, 0x00, 0x00, 0x00, 0x00, 0x00, 0x00, 0x00, 0x00, 0x00,
  0x00, 0x00, 0x00, 0x00, 0x00, 0x00, 0x00, 0x00, 0x00, 0x00, 0x00, 0xF0,
  0x07, 0x18, 0x03, 0x8C, 0x01, 0x60, 0x00, 0x60, 0x00, 0x18, 0x00, 0x0C,
  0xB0, 0x3B, 0xE0, 0x03, 0xFF, 0x83, 0xFF, 0x0F, 0x7C, 0xE0, 0xFF, 0xF1,
  0xFF, 0x78, 0xF0, 0xF0, 0x3F, 0xF0, 0x07, 0x1F, 0x1E, 0xF8, 0xC0, 0x83,
  0xE7, 0xC1, 0xF3, 0xFF, 0xE1, 0x7F, 0xFC, 0x7F, 0xF8, 0x1F, 0x00, 0x80,
  0xFF, 0xCF, 0xFF, 0xE7, 0x80, 0xC3, 0xFF, 0x78, 0xF0, 0x9C, 0x73, 0x18,
  0x1C, 0x00, 0x00, 0x00, 0x00, 0x38, 0x00, 0x30, 0x00, 0x0E, 0x00, 0x07,
  0xB0, 0x3B, 0xE0, 0x03, 0xFF, 0x83, 0xFF, 0x0F, 0x7C, 0xE0, 0xFF, 0xF1,
  0xFF, 0x78, 0xF0, 0xF0, 0x3F, 0xF0, 0x07, 0x1F, 0x1E, 0xF8, 0xC0, 0x83,
  0xE7, 0xC1, 0xF3, 0xFF, 0xE1, 0x7F, 0xFC, 0x7F, 0xF8, 0x1F, 0x00, 0x80,
  0xFF, 0xCF, 0xFF, 0xE7, 0x80, 0xC3, 0xFF, 0x78, 0xF0, 0x9C, 0x73, 0x18,
  0x1C, 0x00, 0x00, 0x00, 0x00, 0x38, 0x00, 0x30, 0x00, 0x0E, 0x00, 0x07,
  0x00, 0x00, 0x30, 0x06, 0x0C, 0x0E, 0x06, 0x08, 0xC6, 0x80, 0x81, 0x31,
  0x38, 0x60, 0x70, 0x1C, 0x70, 0xC0, 0x01, 0x0C, 0x03, 0x8C, 0xC1, 0xC7,
  0x87, 0xC3, 0x31, 0x00, 0x39, 0xE0, 0x30, 0x38, 0x18, 0x38, 0x00, 0x00,
  0x0E, 0xC8, 0x38, 0x84, 0xC1, 0x71, 0xCE, 0x61, 0x70, 0x9C, 0x73, 0x0E,
  0x38, 0xF8, 0x03, 0x06, 0x07, 0x00, 0x00, 0x00, 0x00, 0x00, 0x00, 0x00,
  0x00, 0x00, 0x30, 0x06, 0x0C, 0x0E, 0x06, 0x08, 0xC6, 0x80, 0x81, 0x31,
  0x38, 0x60, 0x70, 0x1C, 0x70, 0xC0, 0x01, 0x0C, 0x03, 0x8C, 0xC1, 0xC7,
  0x87, 0xC3, 0x31, 0x00, 0x39, 0xE0, 0x30, 0x38, 0x18, 0x38, 0x00, 0x00,
  0x0E, 0xC8, 0x38, 0x84, 0xC1, 0x71, 0xCE, 0x61, 0x70, 0x9C, 0x73, 0x0E,
  0x38, 0xF8, 0x03, 0x06, 0x07, 0x00, 0x00, 0x00, 0x00, 0x00, 0x00, 0x00,
  0xE0, 0x01, 0x0E, 0x06, 0x07, 0x83, 0x03, 0xC0, 0xC1, 0xE0, 0x00, 0x00,
  0x0F, 0x38, 0x18, 0x0E, 0x38, 0xE0, 0x00, 0xE7, 0x80, 0x83, 0xE1, 0xBE,
  0xE3, 0x63, 0x00, 0x00, 0x1C, 0x70, 0x1C, 0x0C, 0x0E, 0x1C, 0x00, 0x00,
  0x0C, 0x00, 0x1C, 0x80, 0x31, 0x38, 0xE7, 0x60, 0x0C, 0xCE, 0x39, 0x07,
  0x1C, 0x70, 0x00, 0xC6, 0x00, 0x9F, 0x83, 0x7F, 0xB8, 0x1F, 0xC0, 0x03,
  0xE0, 0x01, 0x0E, 0x06, 0x07, 0x83, 0x03, 0xC0, 0xC1, 0xE0, 0x00, 0x00,
  0x0F, 0x38, 0x18, 0x0E, 0x38, 0xE0, 0x00, 0xE7, 0x80, 0x83, 0xE1, 0xBE,
  0xE3, 0x63, 0x00, 0x00, 0x1C, 0x70, 0x1C, 0x0C, 0x0E, 0x1C, 0x00, 0x00,
  0x0C, 0x00, 0x1C, 0x80, 0x31, 0x38, 0xE7, 0x60, 0x0C, 0xCE, 0x39, 0x07,
  0x1C, 0x70, 0x00, 0xC6, 0x00, 0x9F, 0x83, 0x7F, 0xB8, 0x1F, 0xC0, 0x03,
  0xC0, 0x01, 0x07, 0x1C, 0xFF, 0x81, 0x03, 0xE0, 0x80, 0xE3, 0x0F, 0x80,
  0x07, 0xF8, 0x1F, 0xFE, 0x3F, 0xE0, 0x00, 0x7F, 0xC0, 0x01, 0xE7, 0x9C,
  0xE3, 0x6E, 0xC0, 0x1F, 0x1C, 0x70, 0x1C, 0x0C, 0xFE, 0x07, 0x00, 0x00,
  0x38, 0x00, 0x1C, 0x00, 0x1F, 0x38, 0xE7, 0xC0, 0x07, 0xCE, 0x39, 0x07,
  0x1C, 0x70, 0x00, 0x7C, 0xC0, 0xE1, 0xE0, 0x00, 0xF0, 0x30, 0x80, 0x03,
  0xC0, 0x01, 0xFF, 0x1F, 0x07, 0x83, 0x03, 0xE0, 0x80, 0xE3, 0x00, 0xC0,
  0x01, 0x38, 0x18, 0x0E, 0x38, 0xE0, 0x00, 0xE7, 0xC0, 0x01, 0xE7, 0x80,
  0xE3, 0x7C, 0x00, 0x00, 0x1C, 0x70, 0x1C, 0x0C, 0x0E, 0x00, 0x00, 0x00,
  0x0C, 0x00, 0x1C, 0x00, 0x0E, 0xF0, 0x3F, 0x60, 0x0C, 0xFC, 0x0F, 0x0E,
  0x06, 0x70, 0x00, 0x38, 0xC0, 0x61, 0x80, 0x1F, 0x70, 0x30, 0x80, 0x03,
  0xC0, 0x01, 0xFF, 0x1F, 0x07, 0x83, 0x03, 0xE0, 0x80, 0xE3, 0x00, 0xC0,
  0x01, 0x38, 0x18, 0x0E, 0x38, 0xE0, 0x00, 0xE7, 0xC0, 0x01, 0xE7, 0x80,
  0xE3, 0x7C, 0x00, 0x00, 0x1C, 0x70, 0x1C, 0x0C, 0x0E, 0x00, 0x00, 0x00,
  0x0C, 0x00, 0x1C, 0x00, 0x0E, 0xF0, 0x3F, 0x60, 0x0C, 0xFC, 0x0F, 0x0E,
  0x06, 0x70, 0x00, 0x38, 0xC0, 0x61, 0x80, 0x1F, 0x70, 0x30, 0x80, 0x03,
  0x60, 0x80, 0x01, 0x86, 0x83, 0xC1, 0x01, 0x30, 0xC0, 0x70, 0x20, 0x78,
  0x10, 0x1C, 0x0C, 0x03, 0x0C, 0x30, 0x80, 0xE3, 0x60, 0x80, 0x31, 0xC0,
  0x70, 0x3C, 0x04, 0x20, 0x06, 0x18, 0x0E, 0x06, 0x07, 0x00, 0x00, 0xC0,
  0x03, 0x01, 0x06, 0x00, 0x03, 0x80, 0x01, 0x1C, 0x0C, 0x60, 0x00, 0xCE,
  0x01, 0x18, 0x00, 0x0C, 0xE0, 0x78, 0x70, 0x00, 0x38, 0x18, 0xC0, 0x00,
  0x60, 0x80, 0x01, 0x86, 0x83, 0xC1, 0x01, 0x30, 0xC0, 0x70, 0x20, 0x78,
  0x10, 0x1C, 0x0C, 0x03, 0x0C, 0x30, 0x80, 0xE3, 0x60, 0x80, 0x31, 0xC0,
  0x70, 0x3C, 0x04, 0x20, 0x06, 0x18, 0x0E, 0x06, 0x07, 0x00, 0x00, 0xC0,
  0x03, 0x01, 0x06, 0x00, 0x03, 0x80, 0x01, 0x1C, 0x0C, 0x60, 0x00, 0xCE,
  0x01, 0x18, 0x00, 0x0C, 0xE0, 0x78, 0x70, 0x00, 0x38, 0x18, 0xC0, 0x00,
  0xFC, 0x83, 0x01, 0xC6, 0xFF, 0xE0, 0x01, 0xF0, 0xFF, 0xF8, 0x3F, 0xFC,
  0x1F, 0x1E, 0x1C, 0xFE, 0x07, 0xFE, 0xC1, 0x87, 0x63, 0x80, 0x31, 0xC0,
  0x78, 0x70, 0xFC, 0x3F, 0xFC, 0x0F, 0x0F, 0x8E, 0x0F, 0x00, 0x00, 0xE0,
  0xFF, 0x01, 0x1F, 0x80, 0x0F, 0xC0, 0x07, 0x1E, 0x1C, 0xF0, 0x81, 0xCF,
  0x07, 0xFF, 0x00, 0x3E, 0xC0, 0xC7, 0xE0, 0x3F, 0x3C, 0x18, 0xF8, 0x07,
  0xFC, 0x83, 0x01, 0xC6, 0xFF, 0xE0, 0x01, 0xF0, 0xFF, 0xF8, 0x3F, 0xFC,
  0x1F, 0x1E, 0x1C, 0xFE, 0x07, 0xFE, 0xC1, 0x87, 0x63, 0x80, 0x31, 0xC0,
  0x78, 0x70, 0xFC, 0x3F, 0xFC, 0x0F, 0x0F, 0x8E, 0x0F, 0x00, 0x00, 0xE0,
  0xFF, 0x01, 0x1F, 0x80, 0x0F, 0xC0, 0x07, 0x1E, 0x1C, 0xF0, 0x81, 0xCF,
  0x07, 0xFF, 0x00, 0x3E, 0xC0, 0xC7, 0xE0, 0x3F, 0x3C, 0x18, 0xF8, 0x07,
  0x00, 0x00, 0x00, 0x00, 0x00, 0x00, 0x00, 0x00, 0x00, 0x00, 0x00, 0x00,
  0x00, 0x00, 0x00, 0x00, 0x00, 0x00, 0x00, 0x00, 0x00, 0x00, 0x00, 0x00,
  0x00, 0x00, 0x00, 0x00, 0x00, 0x00, 0x00, 0x00, 0x00, 0x00, 0x00, 0x00,
  0x00, 0x00, 0x00, 0x00, 0x00, 0x00, 0x00, 0x00, 0x00, 0x00, 0x00, 0x00,
  0x00, 0x00, 0x00, 0x00, 0x00, 0x00, 0x00, 0x00, 0x00, 0x18, 0x00, 0x00,
  0x00, 0x00, 0x00, 0x00, 0x00, 0x00, 0x00, 0x00, 0x00, 0x00, 0x00, 0x00,
  0x00, 0x00, 0x00, 0x00, 0x00, 0x00, 0x00, 0x00, 0x00, 0x00, 0x00, 0x00,
  0x00, 0x00, 0x00, 0x00, 0x00, 0x00, 0x00, 0x00, 0x00, 0x00, 0x00, 0x00,
  0x00, 0x00, 0x00, 0x00, 0x00, 0x00, 0x00, 0x00, 0x00, 0x00, 0x00, 0x00,
  0x00, 0x00, 0x00, 0x00, 0x00, 0x00, 0x00, 0x00, 0x00, 0x18, 0x00, 0x00,
  0x00, 0x00, 0x00, 0x00, 0x00, 0x00, 0x00, 0x00, 0x00, 0x00, 0x00, 0x00,
  0x00, 0x00, 0x00, 0x00, 0x00, 0x00, 0x00, 0x00, 0x00, 0x00, 0x00, 0x00,
  0x00, 0x00, 0x00, 0x00, 0x00, 0x00, 0x00, 0x00, 0x00, 0x00, 0x00, 0x00,
  0x00, 0x00, 0x00, 0x00, 0x00, 0x00, 0x00, 0x00, 0x00, 0x00, 0x00, 0x00,
  0x00, 0x00, 0x00, 0x00, 0x00, 0x00, 0x00, 0x00, 0x00, 0x00, 0x00, 0x00,
  0x00, 0x00, 0x00, 0x00, 0x00, 0x00, 0x00, 0x00, 0x00, 0x00, 0x00, 0x00,
  0x00, 0x00, 0x00, 0x00, 0x00, 0x00, 0x00, 0x00, 0x00, 0x00, 0x00, 0x00,
  0x00, 0x00, 0x00, 0x00, 0x00, 0x00, 0x00, 0x00, 0x00, 0x00, 0x00, 0x00,
  0x00, 0x00, 0x00, 0x00, 0x00, 0x00, 0x00, 0x00, 0x00, 0x00, 0x00, 0x00,
  0x00, 0x00, 0x00, 0x00, 0x00, 0x00, 0x00, 0x00, 0x00, 0x00, 0x00, 0x00,
  0x80, 0x03, 0x00, 0x00, 0x00, 0x00, 0x00, 0x00, 0x00, 0x00, 0x00, 0x00,
  0x00, 0x00, 0x00, 0x00, 0x00, 0x00, 0x00, 0x00, 0x00, 0x00, 0x00, 0x00,
  0x00, 0x00, 0x00, 0x00, 0x00, 0x00, 0x00, 0x00, 0x00, 0x00, 0x00, 0x00,
  0x00, 0x00, 0x00, 0x00, 0x00, 0x00, 0x00, 0x00, 0x00, 0x00, 0x00, 0x00,
  0x00, 0x00, 0x00, 0x00, 0x00, 0xC0, 0x00, 0x60, 0x00, 0x18, 0x00, 0x00,
  0x80, 0x03, 0x00, 0x00, 0x00, 0x00, 0x00, 0x00, 0x00, 0x00, 0x00, 0x00,
  0x00, 0x00, 0x00, 0x00, 0x00, 0x00, 0x00, 0x00, 0x00, 0x00, 0x00, 0x00,
  0x00, 0x00, 0x00, 0x00, 0x00, 0x00, 0x00, 0x00, 0x00, 0x00, 0x00, 0x00,
  0x00, 0x00, 0x00, 0x00, 0x00, 0x00, 0x00, 0x00, 0x00, 0x00, 0x00, 0x00,
  0x00, 0x00, 0x00, 0x00, 0x00, 0xC0, 0x00, 0x60, 0x00, 0x18, 0x00, 0x00,
  0xB0, 0x73, 0x00, 0x00, 0xF8, 0x01, 0x00, 0xC0, 0xFF, 0x03, 0x00, 0x00,
  0x00, 0x00, 0x00, 0xE0, 0x0F, 0x00, 0x00, 0x00, 0x80, 0x0F, 0x00, 0x00,
  0x00, 0x00, 0x80, 0x01, 0x00, 0x00, 0x00, 0x00, 0x00, 0x00, 0x00, 0x00,
  0x00, 0x00, 0x00, 0x00, 0x00, 0x00, 0x00, 0x00, 0x00, 0x00, 0x00, 0x00,
  0x00, 0x18, 0x03, 0x0C, 0x07, 0x60, 0x00, 0x30, 0x00, 0x0E, 0x00, 0x00,
  0xB0, 0x73, 0x00, 0x00, 0xF8, 0x01, 0x00, 0xC0, 0xFF, 0x03, 0x00, 0x00,
  0x00, 0x00, 0x00, 0xE0, 0x0F, 0x00, 0x00, 0x00, 0x80, 0x0F, 0x00, 0x00,
  0x00, 0x00, 0x80, 0x01, 0x00, 0x00, 0x00, 0x00, 0x00, 0x00, 0x00, 0x00,
  0x00, 0x00, 0x00, 0x00, 0x00, 0x00, 0x00, 0x00, 0x00, 0x00, 0x00, 0x00,
  0x00, 0x18, 0x03, 0x0C, 0x07, 0x60, 0x00, 0x30, 0x00, 0x0E, 0x00, 0x00,
  0x00, 0x00, 0x00, 0x00, 0x0C, 0x03, 0x00, 0x00, 0x03, 0x00, 0x00, 0x80,
  0x07, 0x00, 0x00, 0x30, 0x38, 0x00, 0x00, 0x00, 0x00, 0x38, 0x00, 0x00,
  0x00, 0x00, 0x00, 0x1F, 0x00, 0x00, 0x00, 0x00, 0x00, 0x00, 0x00, 0x00,
  0x00, 0x00, 0x00, 0x00, 0x00, 0x00, 0x0E, 0x00, 0x00, 0x00, 0x00, 0x00,
  0x00, 0x00, 0x00, 0x00, 0x00, 0x00, 0x00, 0x00, 0x00, 0x00, 0x00, 0x00,
  0x00, 0x00, 0x00, 0x00, 0x0C, 0x03, 0x00, 0x00, 0x03, 0x00, 0x00, 0x80,
  0x07, 0x00, 0x00, 0x30, 0x38, 0x00, 0x00, 0x00, 0x00, 0x38, 0x00, 0x00,
  0x00, 0x00, 0x00, 0x1F, 0x00, 0x00, 0x00, 0x00, 0x00, 0x00, 0x00, 0x00,
  0x00, 0x00, 0x00, 0x00, 0x00, 0x00, 0x0E, 0x00, 0x00, 0x00, 0x00, 0x00,
  0x00, 0x00, 0x00, 0x00, 0x00, 0x00, 0x00, 0x00, 0x00, 0x00, 0x00, 0x00,
  0x1E, 0x38, 0xFE, 0x06, 0x87, 0xC1, 0x03, 0x07, 0x03, 0x80, 0x7F, 0x00,
  0x3F, 0xDC, 0x0F, 0x1C, 0x0C, 0xF0, 0x80, 0x07, 0x03, 0x38, 0xE0, 0xC1,
  0xF0, 0xE0, 0xC1, 0x00, 0xE0, 0x1F, 0xFE, 0x3F, 0xF0, 0x07, 0xFC, 0x01,
  0xFE, 0xC7, 0xFF, 0xF0, 0xC0, 0xC1, 0x1F, 0x3C, 0x78, 0x0E, 0x38, 0x0E,
  0x06, 0x78, 0xC0, 0x03, 0x07, 0xFF, 0xF0, 0xC0, 0x71, 0x30, 0x00, 0x00,
  0x1E, 0x38, 0xFE, 0x06, 0x87, 0xC1, 0x03, 0x07, 0x03, 0x80, 0x7F, 0x00,
  0x3F, 0xDC, 0x0F, 0x1C, 0x0C, 0xF0, 0x80, 0x07, 0x03, 0x38, 0xE0, 0xC1,
  0xF0, 0xE0, 0xC1, 0x00, 0xE0, 0x1F, 0xFE, 0x3F, 0xF0, 0x07, 0xFC, 0x01,
  0xFE, 0xC7, 0xFF, 0xF0, 0xC0, 0xC1, 0x1F, 0x3C, 0x78, 0x0E, 0x38, 0x0E,
  0x06, 0x78, 0xC0, 0x03, 0x07, 0xFF, 0xF0, 0xC0, 0x71, 0x30, 0x00, 0x00,
  0x1C, 0x38, 0xC7, 0x03, 0xF7, 0x40, 0x86, 0xC1, 0x7F, 0xE0, 0x00, 0x80,
  0x01, 0x78, 0x18, 0xF0, 0x0F, 0xE0, 0x00, 0xE7, 0x01, 0x7C, 0xC0, 0xC1,
  0xE0, 0x60, 0x80, 0x0F, 0x38, 0x70, 0x1C, 0x0C, 0x18, 0x1C, 0x07, 0x80,
  0xC3, 0x00, 0x1C, 0xE0, 0xC0, 0x71, 0x37, 0x78, 0x1C, 0xCE, 0x39, 0x07,
  0x1C, 0x70, 0x80, 0x03, 0xC7, 0x81, 0xE3, 0xC0, 0x39, 0xE0, 0x00, 0x00,
  0x1C, 0x38, 0x07, 0x03, 0x87, 0x03, 0xCC, 0xE0, 0xC0, 0xE0, 0x1F, 0xC0,
  0x00, 0x38, 0x18, 0x1C, 0x0C, 0xE0, 0x00, 0x7F, 0x00, 0xC6, 0xC0, 0xC3,
  0x80, 0x31, 0xC0, 0x00, 0x38, 0x70, 0x1C, 0x0C, 0x18, 0x1C, 0xFC, 0x81,
  0x83, 0x01, 0x1C, 0xE0, 0xC0, 0x71, 0x37, 0xC0, 0x07, 0xCE, 0x39, 0xE7,
  0x1C, 0x70, 0x80, 0x03, 0xC7, 0x81, 0xE3, 0xC0, 0x39, 0xE7, 0x00, 0x00,
  0x1C, 0x38, 0x07, 0x03, 0x87, 0x03, 0xCC, 0xE0, 0xC0, 0xE0, 0x1F, 0xC0,
  0x00, 0x38, 0x18, 0x1C, 0x0C, 0xE0, 0x00, 0x7F, 0x00, 0xC6, 0xC0, 0xC3,
  0x80, 0x31, 0xC0, 0x00, 0x38, 0x70, 0x1C, 0x0C, 0x18, 0x1C, 0xFC, 0x81,
  0x83, 0x01, 0x1C, 0xE0, 0xC0, 0x71, 0x37, 0xC0, 0x07, 0xCE, 0x39, 0xE7,
  0x1C, 0x70, 0x80, 0x03, 0xC7, 0x81, 0xE3, 0xC0, 0x39, 0xE7, 0x00, 0x00,
  0x0E, 0x8C, 0xE1, 0x83, 0x83, 0x01, 0x3C, 0x30, 0x60, 0x70, 0x00, 0xC0,
  0x00, 0x1C, 0x0C, 0x0E, 0x06, 0x30, 0x80, 0xF3, 0xC0, 0xC1, 0xE0, 0xBE,
  0x80, 0x0F, 0x38, 0x00, 0x1C, 0x18, 0x0E, 0x06, 0xFE, 0x03, 0x80, 0xC1,
  0xC1, 0x00, 0x06, 0x70, 0x60, 0xF0, 0x0F, 0x3C, 0x0F, 0xFE, 0x87, 0xF9,
  0x06, 0x18, 0xC0, 0x81, 0xE1, 0xC0, 0x70, 0x60, 0xCC, 0x37, 0x00, 0x00,
  0x0E, 0x8C, 0xE1, 0x83, 0x83, 0x01, 0x3C, 0x30, 0x60, 0x70, 0x00, 0xC0,
  0x00, 0x1C, 0x0C, 0x0E, 0x06, 0x30, 0x80, 0xF3, 0xC0, 0xC1, 0xE0, 0xBE,
  0x80, 0x0F, 0x38, 0x00, 0x1C, 0x18, 0x0E, 0x06, 0xFE, 0x03, 0x80, 0xC1,
  0xC1, 0x00, 0x06, 0x70, 0x60, 0xF0, 0x0F, 0x3C, 0x0F, 0xFE, 0x87, 0xF9,
  0x06, 0x18, 0xC0, 0x81, 0xE1, 0xC0, 0x70, 0x60, 0xCC, 0x37, 0x00, 0x00,
  0xFC, 0x07, 0x3F, 0x86, 0xFB, 0x00, 0x0E, 0xE0, 0x3F, 0xE0, 0x3F, 0x80,
  0x1F, 0x1E, 0x0C, 0xFC, 0x03, 0xFE, 0xC1, 0x83, 0xE3, 0xC1, 0xE1, 0x00,
  0x00, 0x03, 0xF0, 0x07, 0xF8, 0x0F, 0x0E, 0x06, 0x0E, 0x00, 0xFF, 0x80,
  0x7F, 0x00, 0x1E, 0xE0, 0x3F, 0x80, 0x01, 0x1E, 0x1C, 0x60, 0x00, 0xCF,
  0x03, 0xFF, 0x80, 0xFF, 0xC0, 0x7F, 0xE0, 0x3F, 0x78, 0x1E, 0x00, 0x00,
  0xFC, 0x07, 0x3F, 0x86, 0xFB, 0x00, 0x0E, 0xE0, 0x3F, 0xE0, 0x3F, 0x80,
  0x1F, 0x1E, 0x0C, 0xFC, 0x03, 0xFE, 0xC1, 0x83, 0xE3, 0xC1, 0xE1, 0x00,
  0x00, 0x03, 0xF0, 0x07, 0xF8, 0x0F, 0x0E, 0x06, 0x0E, 0x00, 0xFF, 0x80,
  0x7F, 0x00, 0x1E, 0xE0, 0x3F, 0x80, 0x01, 0x1E, 0x1C, 0x60, 0x00, 0xCF,
  0x03, 0xFF, 0x80, 0xFF, 0xC0, 0x7F, 0xE0, 0x3F, 0x78, 0x1E, 0x00, 0x00,
  0x00, 0x00, 0x00, 0x80, 0x03, 0x80, 0x07, 0x00, 0x00, 0x00, 0x00, 0x00,
  0x30, 0x00, 0x0C, 0x00, 0x00, 0x00, 0x00, 0x00, 0x00, 0x00, 0xE0, 0x00,
  0x00, 0x00, 0x00, 0x0E, 0x00, 0x00, 0x00, 0x00, 0x0E, 0x00, 0x00, 0x00,
  0x00, 0x00, 0x00, 0x00, 0x00, 0x80, 0x01, 0x00, 0x00, 0x60, 0x00, 0x00,
  0x00, 0x00, 0x00, 0x00, 0x00, 0x00, 0x00, 0x00, 0x00, 0x00, 0x00, 0x00,
  0x00, 0x00, 0x00, 0x80, 0x03, 0x80, 0x07, 0x00, 0x00, 0x00, 0x00, 0x00,
  0x30, 0x00, 0x0C, 0x00, 0x00, 0x00, 0x00, 0x00, 0x00, 0x00, 0xE0, 0x00,
  0x00, 0x00, 0x00, 0x0E, 0x00, 0x00, 0x00, 0x00, 0x0E, 0x00, 0x00, 0x00,
  0x00, 0x00, 0x00, 0x00, 0x00, 0x80, 0x01, 0x00, 0x00, 0x60, 0x00, 0x00,
  0x00, 0x00, 0x00, 0x00, 0x00, 0x00, 0x00, 0x00, 0x00, 0x00, 0x00, 0x00,
  0x00, 0x00, 0x00, 0x00, 0x00, 0x00, 0x00, 0x00, 0x00, 0x00, 0x00, 0x00,
  0x1F, 0x00, 0x00, 0x00, 0x00, 0x00, 0x00, 0x00, 0x00, 0x00, 0x00, 0x00,
  0x00, 0x00, 0x00, 0x00, 0x00, 0x00, 0x00, 0x00, 0x00, 0x00, 0x00, 0x00,
  0x00, 0x00, 0x00, 0x00, 0x00, 0x00, 0x00, 0x00, 0x00, 0x00, 0x00, 0x00,
  0x00, 0x00, 0x00, 0x00, 0x00, 0x00, 0x00, 0x00, 0x00, 0x00, 0x00, 0x00,
  0x00, 0x00, 0x00, 0x00, 0x00, 0x00, 0x00, 0x00, 0x00, 0x00, 0x00, 0x00,
  0x1F, 0x00, 0x00, 0x00, 0x00, 0x00, 0x00, 0x00, 0x00, 0x00, 0x00, 0x00,
  0x00, 0x00, 0x00, 0x00, 0x00, 0x00, 0x00, 0x00, 0x00, 0x00, 0x00, 0x00,
  0x00, 0x00, 0x00, 0x00, 0x00, 0x00, 0x00, 0x00, 0x00, 0x00, 0x00, 0x00,
  0x00, 0x00, 0x00, 0x00, 0x00, 0x00, 0x00, 0x00, 0x00, 0x00, 0x00, 0x00,
  0xC0, 0x01, 0x30, 0x1C, 0x00, 0x00, 0x80, 0x01, 0x00, 0x00, 0x00, 0x00,
  0x00, 0xC0, 0x18, 0x00, 0x00, 0x00, 0x00, 0x00, 0x00, 0x00, 0x00, 0xE0,
  0x00, 0x0E, 0xC0, 0xE0, 0x00, 0x00, 0x00, 0x00, 0x00, 0x00, 0x00, 0x00,
  0x00, 0x00, 0x00, 0x00, 0x00, 0x00, 0x00, 0x00, 0x00, 0x00, 0x00, 0x30,
  0x1C, 0x00, 0x00, 0x00, 0x00, 0x00, 0x00, 0x00, 0x00, 0x00, 0x00, 0x00,
  0xC0, 0x01, 0x30, 0x1C, 0x00, 0x00, 0x80, 0x01, 0x00, 0x00, 0x00, 0x00,
  0x00, 0xC0, 0x18, 0x00, 0x00, 0x00, 0x00, 0x00, 0x00, 0x00, 0x00, 0xE0,
  0x00, 0x0E, 0xC0, 0xE0, 0x00, 0x00, 0x00, 0x00, 0x00, 0x00, 0x00, 0x00,
  0x00, 0x00, 0x00, 0x00, 0x00, 0x00, 0x00, 0x00, 0x00, 0x00, 0x00, 0x30,
  0x1C, 0x00, 0x00, 0x00, 0x00, 0x00, 0x00, 0x00, 0x00, 0x00, 0x00, 0x00,
  0x80, 0x03, 0x00, 0x80, 0x7F, 0x00, 0xC0, 0x00, 0xFE, 0x03, 0xFF, 0xC1,
  0xFF, 0x00, 0x00, 0x00, 0x70, 0xF0, 0x03, 0x87, 0xC1, 0x3F, 0x00, 0x3B,
  0x00, 0x1C, 0x80, 0x3F, 0x60, 0x70, 0xC0, 0x07, 0xF8, 0x1F, 0xFC, 0x0F,
  0xFE, 0x07, 0xFC, 0x80, 0xFF, 0x73, 0xCE, 0xC1, 0x7F, 0x1C, 0x78, 0xE0,
  0x07, 0x0C, 0x1E, 0xF8, 0xC1, 0x83, 0xE7, 0x80, 0x83, 0xFF, 0xE0, 0x7F,
  0x80, 0x03, 0x00, 0x80, 0x7F, 0x00, 0xC0, 0x00, 0xFE, 0x03, 0xFF, 0xC1,
  0xFF, 0x00, 0x00, 0x00, 0x70, 0xF0, 0x03, 0x87, 0xC1, 0x3F, 0x00, 0x3B,
  0x00, 0x1C, 0x80, 0x3F, 0x60, 0x70, 0xC0, 0x07, 0xF8, 0x1F, 0xFC, 0x0F,
  0xFE, 0x07, 0xFC, 0x80, 0xFF, 0x73, 0xCE, 0xC1, 0x7F, 0x1C, 0x78, 0xE0,
  0x07, 0x0C, 0x1E, 0xF8, 0xC1, 0x83, 0xE7, 0x80, 0x83, 0xFF, 0xE0, 0x7F,
  0xF0, 0x7F, 0xF8, 0x3F, 0x0C, 0x00, 0xFE, 0x0F, 0x03, 0x87, 0x81, 0x03,
  0x0E, 0xC0, 0x1F, 0x00, 0x70, 0x18, 0x03, 0x87, 0x01, 0x06, 0x00, 0x83,
  0xE7, 0xE0, 0x03, 0x00, 0x60, 0x70, 0x60, 0x0C, 0x18, 0x00, 0x0C, 0x1C,
  0x06, 0x00, 0xC6, 0x80, 0x01, 0x70, 0xCE, 0x61, 0xE0, 0x1C, 0x7C, 0x0E,
  0x3E, 0x0C, 0x03, 0x8C, 0xC1, 0xC7, 0xE7, 0x80, 0xC3, 0xC0, 0x61, 0x70,
  0xF0, 0x7F, 0xF8, 0x3F, 0x0C, 0x00, 0xFE, 0x0F, 0x03, 0x87, 0x81, 0x03,
  0x0E, 0xC0, 0x1F, 0x00, 0x70, 0x18, 0x03, 0x87, 0x01, 0x06, 0x00, 0x83,
  0xE7, 0xE0, 0x03, 0x00, 0x60, 0x70, 0x60, 0x0C, 0x18, 0x00, 0x0C, 0x1C,
  0x06, 0x00, 0xC6, 0x80, 0x01, 0x70, 0xCE, 0x61, 0xE0, 0x1C, 0x7C, 0x0E,
  0x3E, 0x0C, 0x03, 0x8C, 0xC1, 0xC7, 0xE7, 0x80, 0xC3, 0xC0, 0x61, 0x70,
  0x1C, 0x00, 0x0E, 0x00, 0xF7, 0x83, 0x03, 0xE0, 0x00, 0xE0, 0x00, 0x00,
  0x07, 0x80, 0x03, 0x00, 0x38, 0xCE, 0x81, 0xE3, 0x80, 0xFB, 0xC1, 0x61,
  0x70, 0xDC, 0x71, 0x30, 0x38, 0x18, 0x1C, 0x0C, 0x0E, 0x00, 0x07, 0x8E,
  0x03, 0x00, 0x63, 0xE0, 0x00, 0x38, 0xE7, 0x00, 0x70, 0x8E, 0x3B, 0xC7,
  0x1D, 0xF7, 0x00, 0xC6, 0xE0, 0xBE, 0x73, 0xC0, 0x71, 0xE0, 0x38, 0x18,
  0x1C, 0x00, 0x0E, 0x00, 0xF7, 0x83, 0x03, 0xE0, 0x00, 0xE0, 0x00, 0x00,
  0x07, 0x80, 0x03, 0x00, 0x38, 0xCE, 0x81, 0xE3, 0x80, 0xFB, 0xC1, 0x61,
  0x70, 0xDC, 0x71, 0x30, 0x38, 0x18, 0x1C, 0x0C, 0x0E, 0x00, 0x07, 0x8E,
  0x03, 0x00, 0x63, 0xE0, 0x00, 0x38, 0xE7, 0x00, 0x70, 0x8E, 0x3B, 0xC7,
  0x1D, 0xF7, 0x00, 0xC6, 0xE0, 0xBE, 0x73, 0xC0, 0x71, 0xE0, 0x38, 0x18,
  0xFC, 0x07, 0xFE, 0x03, 0x0F, 0x8E, 0x03, 0xC0, 0x3F, 0x80, 0x7F, 0x00,
  0x07, 0x80, 0x03, 0x00, 0x38, 0xCE, 0x9F, 0xFF, 0x8F, 0x07, 0xC7, 0x3D,
  0x70, 0xCE, 0xC1, 0x18, 0x38, 0x18, 0x0E, 0x38, 0xFE, 0x07, 0xFF, 0x83,
  0x03, 0x00, 0x63, 0xE0, 0x1F, 0xC0, 0x1F, 0x80, 0x1F, 0xCE, 0x39, 0xE7,
  0x1C, 0x1F, 0x00, 0xC6, 0xE0, 0x9C, 0xF3, 0xFF, 0x71, 0xE0, 0x38, 0x18,
  0x1C, 0x00, 0x0E, 0x00, 0x07, 0x8E, 0x03, 0xE0, 0x00, 0x00, 0xC0, 0x01,
  0x07, 0x80, 0x03, 0x00, 0x38, 0xCE, 0xB9, 0xE3, 0x9C, 0x03, 0xC7, 0x07,
  0x70, 0xC3, 0x81, 0x0F, 0x38, 0x18, 0xFE, 0x3F, 0x0E, 0x1C, 0x07, 0x8E,
  0x03, 0x00, 0x63, 0xE0, 0x00, 0x38, 0xE7, 0x00, 0x70, 0x6E, 0x38, 0x37,
  0x1C, 0xF7, 0x00, 0xC6, 0xE0, 0x80, 0x73, 0xC0, 0x71, 0xE0, 0x38, 0x18,
  0x1C, 0x00, 0x0E, 0x00, 0x07, 0x8E, 0x03, 0xE0, 0x00, 0x00, 0xC0, 0x01,
  0x07, 0x80, 0x03, 0x00, 0x38, 0xCE, 0xB9, 0xE3, 0x9C, 0x03, 0xC7, 0x07,
  0x70, 0xC3, 0x81, 0x0F, 0x38, 0x18, 0xFE, 0x3F, 0x0E, 0x1C, 0x07, 0x8E,
  0x03, 0x00, 0x63, 0xE0, 0x00, 0x38, 0xE7, 0x00, 0x70, 0x6E, 0x38, 0x37,
  0x1C, 0xF7, 0x00, 0xC6, 0xE0, 0x80, 0x73, 0xC0, 0x71, 0xE0, 0x38, 0x18,
  0x0E, 0x00, 0x07, 0x80, 0x03, 0xC3, 0x01, 0xE0, 0xC0, 0x70, 0x60, 0x80,
  0x01, 0xC0, 0x00, 0x0E, 0x0C, 0xE7, 0xDC, 0x70, 0xCE, 0x81, 0xE1, 0x3C,
  0xF8, 0x60, 0x80, 0x01, 0x1C, 0x0C, 0x03, 0x0C, 0x07, 0x86, 0x03, 0xC3,
  0x01, 0xC0, 0x39, 0x70, 0x00, 0x8C, 0x31, 0x1C, 0x18, 0x1F, 0x8C, 0x0F,
  0x86, 0xE3, 0x80, 0x73, 0x30, 0xC0, 0x18, 0x60, 0x38, 0x30, 0x1C, 0x0C,
  0x0E, 0x00, 0x07, 0x80, 0x03, 0xC3, 0x01, 0xE0, 0xC0, 0x70, 0x60, 0x80,
  0x01, 0xC0, 0x00, 0x0E, 0x0C, 0xE7, 0xDC, 0x70, 0xCE, 0x81, 0xE1, 0x3C,
  0xF8, 0x60, 0x80, 0x01, 0x1C, 0x0C, 0x03, 0x0C, 0x07, 0x86, 0x03, 0xC3,
  0x01, 0xC0, 0x39, 0x70, 0x00, 0x8C, 0x31, 0x1C, 0x18, 0x1F, 0x8C, 0x0F,
  0x86, 0xE3, 0x80, 0x73, 0x30, 0xC0, 0x18, 0x60, 0x38, 0x30, 0x1C, 0x0C,
  0xFE, 0x0F, 0xFF, 0x87, 0x83, 0xC1, 0x01, 0xC0, 0x7F, 0xE0, 0x3F, 0xF8,
  0x1F, 0xF8, 0x07, 0xFC, 0x87, 0xE7, 0xC7, 0xF0, 0xC3, 0x81, 0xE1, 0xE0,
  0x78, 0x60, 0x80, 0x01, 0xFC, 0x0F, 0x03, 0x0C, 0xFF, 0x83, 0xFF, 0xC1,
  0x01, 0xF0, 0xFF, 0xF0, 0x7F, 0x8C, 0x31, 0xF8, 0x0F, 0x0F, 0x8C, 0x07,
  0x86, 0x83, 0xE3, 0x73, 0x30, 0xC0, 0x18, 0x60, 0xF0, 0x1F, 0x1C, 0x0C,
  0xFE, 0x0F, 0xFF, 0x87, 0x83, 0xC1, 0x01, 0xC0, 0x7F, 0xE0, 0x3F, 0xF8,
  0x1F, 0xF8, 0x07, 0xFC, 0x87, 0xE7, 0xC7, 0xF0, 0xC3, 0x81, 0xE1, 0xE0,
  0x78, 0x60, 0x80, 0x01, 0xFC, 0x0F, 0x03, 0x0C, 0xFF, 0x83, 0xFF, 0xC1,
  0x01, 0xF0, 0xFF, 0xF0, 0x7F, 0x8C, 0x31, 0xF8, 0x0F, 0x0F, 0x8C, 0x07,
  0x86, 0x83, 0xE3, 0x73, 0x30, 0xC0, 0x18, 0x60, 0xF0, 0x1F, 0x1C, 0x0C,
  0x00, 0x00, 0x00, 0x00, 0xE0, 0x00, 0x00, 0x00, 0x00, 0x00, 0x00, 0x00,
  0x00, 0x00, 0x00, 0x00, 0x00, 0x00, 0x00, 0x00, 0x00, 0x00, 0x00, 0x00,
  0x00, 0x00, 0x00, 0x00, 0xC0, 0x00, 0x00, 0x00, 0x00, 0x00, 0x00, 0x00,
  0x00, 0x30, 0xC0, 0x00, 0x00, 0x00, 0x00, 0x00, 0x00, 0x00, 0x00, 0x00,
  0x00, 0x00, 0x00, 0x00, 0x00, 0x00, 0x00, 0x00, 0x00, 0x00, 0x00, 0x00,
  0x00, 0x00, 0x00, 0x00, 0xE0, 0x00, 0x00, 0x00, 0x00, 0x00, 0x00, 0x00,
  0x00, 0x00, 0x00, 0x00, 0x00, 0x00, 0x00, 0x00, 0x00, 0x00, 0x00, 0x00,
  0x00, 0x00, 0x00, 0x00, 0xC0, 0x00, 0x00, 0x00, 0x00, 0x00, 0x00, 0x00,
  0x00, 0x30, 0xC0, 0x00, 0x00, 0x00, 0x00, 0x00, 0x00, 0x00, 0x00, 0x00,
  0x00, 0x00, 0x00, 0x00, 0x00, 0x00, 0x00, 0x00, 0x00, 0x00, 0x00, 0x00,
  0x00, 0x00, 0x00, 0x00, 0x00, 0x00, 0x00, 0x00, 0x00, 0x00, 0x00, 0x00,
  0x00, 0x00, 0x00, 0x00, 0x00, 0x00, 0x00, 0x00, 0x00, 0x00, 0x00, 0x00,
  0x00, 0x00, 0x00, 0x00, 0xC0, 0x00, 0x00, 0x00, 0x00, 0x00, 0x00, 0x00,
  0x00, 0x00, 0x00, 0x00, 0x00, 0x00, 0x00, 0x00, 0x00, 0x00, 0x00, 0x00,
  0x00, 0x00, 0x00, 0x00, 0x00, 0x00, 0x00, 0x00, 0x00, 0x00, 0x00, 0x00,
  0x00, 0x00, 0x00, 0x00, 0x00, 0x00, 0x00, 0x00, 0x00, 0x00, 0x00, 0x00,
  0x00, 0x00, 0x00, 0x00, 0x00, 0x00, 0x00, 0x00, 0x00, 0x00, 0x00, 0x00,
  0x00, 0x00, 0x00, 0x00, 0xC0, 0x00, 0x00, 0x00, 0x00, 0x00, 0x00, 0x00,
  0x00, 0x00, 0x00, 0x00, 0x00, 0x00, 0x00, 0x00, 0x00, 0x00, 0x00, 0x00,
  0x00, 0x00, 0x00, 0x00, 0x00, 0x00, 0x00, 0x00, 0x00, 0x00, 0x00, 0x00,
  0x00, 0x00, 0x00, 0x00, 0x00, 0x00, 0x00, 0x00, 0x00, 0x00, 0x00, 0x00,
  0x00, 0x00, 0x00, 0x00, 0x00, 0x00, 0x00, 0x00, 0x00, 0x00, 0x00, 0x00,
  0x00, 0x00, 0x00, 0x00, 0x00, 0x00, 0x00, 0x00, 0x00, 0x00, 0x00, 0x00,
  0x00, 0x00, 0x00, 0x00, 0x00, 0x00, 0x00, 0x00, 0x00, 0x00, 0x00, 0x00,
  0x00, 0x00, 0x00, 0x00, 0x00, 0x00, 0x00, 0x00, 0x00, 0x00, 0x00, 0x00,
  0x00, 0x00, 0x00, 0x00, 0x00, 0x00, 0x00, 0x00, 0x00, 0x00, 0x00, 0x00,
  0x00, 0x00, 0x00, 0x00, 0x00, 0x00, 0x00, 0x00, 0x00, 0x00, 0x00, 0x00,
  0x00, 0x00, 0x00, 0x00, 0x00, 0x00, 0x00, 0x00, 0x00, 0x00, 0x00, 0x00,
  0x00, 0x00, 0x00, 0x00, 0x00, 0x00, 0x00, 0x00, 0x00, 0x00, 0x00, 0x00,
  0x00, 0x00, 0x00, 0x00, 0x00, 0x00, 0x00, 0x00, 0x00, 0x00, 0x00, 0x00,
  0xF0, 0x3F, 0xE0, 0x1F, 0xFC, 0x0F, 0x06, 0x0E, 0x38, 0x80, 0xC1, 0xC1,
  0x30, 0x60, 0xE0, 0x9C, 0x73, 0xEE, 0x06, 0x0F, 0x80, 0x03, 0x0E, 0x03,
  0x80, 0x7F, 0xC0, 0xF8, 0xC0, 0xFF, 0x00, 0x00, 0xF0, 0x3F, 0x00, 0x00,
  0x00, 0x00, 0x00, 0x00, 0x00, 0x00, 0x00, 0x00, 0x00, 0x00, 0x00, 0x30,
  0x1C, 0x00, 0x00, 0x00, 0x00, 0x00, 0x00, 0x00, 0x00, 0x00, 0x00, 0x00,
  0xF0, 0x3F, 0xE0, 0x1F, 0xFC, 0x0F, 0x06, 0x0E, 0x38, 0x80, 0xC1, 0xC1,
  0x30, 0x60, 0xE0, 0x9C, 0x73, 0xEE, 0x06, 0x0F, 0x80, 0x03, 0x0E, 0x03,
  0x80, 0x7F, 0xC0, 0xF8, 0xC0, 0xFF, 0x00, 0x00, 0xF0, 0x3F, 0x00, 0x00,
  0x00, 0x00, 0x00, 0x00, 0x00, 0x00, 0x00, 0x00, 0x00, 0x00, 0x00, 0x30,
  0x1C, 0x00, 0x00, 0x00, 0x00, 0x00, 0x00, 0x00, 0x00, 0x00, 0x00, 0x00,
  0x30, 0x70, 0x30, 0x38, 0xE0, 0x00, 0x06, 0x0E, 0xFF, 0x03, 0x63, 0xC0,
  0x30, 0x60, 0xE0, 0x9C, 0x73, 0xEE, 0x06, 0x0C, 0x80, 0x03, 0x0E, 0x03,
  0xE0, 0xC0, 0xC1, 0xCE, 0x61, 0xE0, 0x00, 0x00, 0xE0, 0x00, 0x00, 0x00,
  0x00, 0x00, 0x00, 0x00, 0x00, 0x00, 0x00, 0x00, 0x00, 0x00, 0x00, 0xE0,
  0x07, 0x00, 0x00, 0x00, 0x00, 0x00, 0x00, 0x00, 0x00, 0x00, 0x00, 0x00,
  0x30, 0x70, 0x30, 0x38, 0xE0, 0x00, 0x06, 0x0E, 0xFF, 0x03, 0x63, 0xC0,
  0x30, 0x60, 0xE0, 0x9C, 0x73, 0xEE, 0x06, 0x0C, 0x80, 0x03, 0x0E, 0x03,
  0xE0, 0xC0, 0xC1, 0xCE, 0x61, 0xE0, 0x00, 0x00, 0xE0, 0x00, 0x00, 0x00,
  0x00, 0x00, 0x00, 0x00, 0x00, 0x00, 0x00, 0x00, 0x00, 0x00, 0x00, 0xE0,
  0x07, 0x00, 0x00, 0x00, 0x00, 0x00, 0x00, 0x00, 0x00, 0x00, 0x00, 0x00,
  0x1C, 0x38, 0x0E, 0x00, 0x70, 0x80, 0x03, 0xE7, 0x9C, 0x03, 0x1F, 0x70,
  0x18, 0x38, 0x70, 0xCE, 0x39, 0x37, 0x03, 0x07, 0xC0, 0x01, 0xC7, 0x01,
  0x00, 0xC0, 0x71, 0xE7, 0x38, 0x70, 0xFC, 0x07, 0xC0, 0x03, 0xFF, 0x83,
  0xFF, 0x00, 0x7E, 0x80, 0x7F, 0x70, 0x37, 0xE0, 0x1F, 0x1C, 0x3C, 0x0E,
  0x1E, 0x07, 0x0F, 0xFC, 0xE1, 0xC1, 0xE3, 0xC0, 0xC1, 0x3F, 0xF8, 0x1F,
  0x1C, 0x38, 0x0E, 0x00, 0x70, 0x80, 0x03, 0xE7, 0x9C, 0x03, 0x1F, 0x70,
  0x18, 0x38, 0x70, 0xCE, 0x39, 0x37, 0x03, 0x07, 0xC0, 0x01, 0xC7, 0x01,
  0x00, 0xC0, 0x71, 0xE7, 0x38, 0x70, 0xFC, 0x07, 0xC0, 0x03, 0xFF, 0x83,
  0xFF, 0x00, 0x7E, 0x80, 0x7F, 0x70, 0x37, 0xE0, 0x1F, 0x1C, 0x3C, 0x0E,
  0x1E, 0x07, 0x0F, 0xFC, 0xE1, 0xC1, 0xE3, 0xC0, 0xC1, 0x3F, 0xF8, 0x1F,
  0xFC, 0x0F, 0x0E, 0x00, 0x70, 0x00, 0xFE, 0xE7, 0x9C, 0x03, 0x0E, 0x70,
  0x18, 0xE0, 0x7F, 0xCE, 0x39, 0x37, 0x03, 0xFF, 0xC3, 0x3F, 0xC7, 0xFF,
  0x00, 0x7F, 0xF0, 0xE7, 0xE0, 0x7F, 0x00, 0x0C, 0xF8, 0x07, 0x07, 0x8E,
  0x03, 0x00, 0x63, 0xE0, 0xC0, 0x71, 0x37, 0x38, 0x70, 0x1C, 0x3A, 0x0E,
  0x1D, 0x87, 0x01, 0x86, 0xE1, 0xE3, 0xE3, 0xC0, 0x71, 0xE0, 0x38, 0x18,
  0x1C, 0x00, 0x0E, 0x00, 0x70, 0x00, 0x00, 0xE7, 0x9C, 0x03, 0x1F, 0x70,
  0x18, 0x00, 0x70, 0xCE, 0x39, 0x37, 0x03, 0x07, 0xCE, 0x71, 0xC7, 0x81,
  0x03, 0xC0, 0x71, 0xE7, 0x00, 0x77, 0xFC, 0x0F, 0x0E, 0x1C, 0xFF, 0x83,
  0x03, 0x00, 0x63, 0xE0, 0xFF, 0x81, 0x0F, 0x00, 0x1F, 0x9C, 0x39, 0xCE,
  0x1C, 0x7F, 0x00, 0x86, 0xE1, 0xBE, 0xE3, 0xFF, 0x71, 0xE0, 0x38, 0x18,
  0x1C, 0x00, 0x0E, 0x00, 0x70, 0x00, 0x00, 0xE7, 0x9C, 0x03, 0x1F, 0x70,
  0x18, 0x00, 0x70, 0xCE, 0x39, 0x37, 0x03, 0x07, 0xCE, 0x71, 0xC7, 0x81,
  0x03, 0xC0, 0x71, 0xE7, 0x00, 0x77, 0xFC, 0x0F, 0x0E, 0x1C, 0xFF, 0x83,
  0x03, 0x00, 0x63, 0xE0, 0xFF, 0x81, 0x0F, 0x00, 0x1F, 0x9C, 0x39, 0xCE,
  0x1C, 0x7F, 0x00, 0x86, 0xE1, 0xBE, 0xE3, 0xFF, 0x71, 0xE0, 0x38, 0x18,
  0x0E, 0x00, 0x0E, 0x06, 0x18, 0x00, 0x80, 0x31, 0xC6, 0xE0, 0x1C, 0x38,
  0x0E, 0x00, 0x18, 0x63, 0x8C, 0xD9, 0x81, 0x03, 0x63, 0xB8, 0xE1, 0xC0,
  0x18, 0x30, 0xB8, 0x31, 0xC0, 0x18, 0x03, 0x06, 0x07, 0x86, 0x03, 0xC3,
  0x01, 0xC0, 0x39, 0x70, 0x00, 0xB8, 0x19, 0x1C, 0x18, 0x2E, 0x0C, 0x17,
  0x86, 0xE3, 0x80, 0xC3, 0x30, 0xC6, 0x70, 0x60, 0x38, 0x30, 0x1C, 0x0C,
  0x0E, 0x00, 0x0E, 0x06, 0x18, 0x00, 0x80, 0x31, 0xC6, 0xE0, 0x1C, 0x38,
  0x0E, 0x00, 0x18, 0x63, 0x8C, 0xD9, 0x81, 0x03, 0x63, 0xB8, 0xE1, 0xC0,
  0x18, 0x30, 0xB8, 0x31, 0xC0, 0x18, 0x03, 0x06, 0x07, 0x86, 0x03, 0xC3,
  0x01, 0xC0, 0x39, 0x70, 0x00, 0xB8, 0x19, 0x1C, 0x18, 0x2E, 0x0C, 0x17,
  0x86, 0xE3, 0x80, 0xC3, 0x30, 0xC6, 0x70, 0x60, 0x38, 0x30, 0x1C, 0x0C,
  0x0E, 0x00, 0xF8, 0x03, 0x18, 0xC0, 0xFF, 0xE1, 0x7F, 0x70, 0x30, 0xF8,
  0x3F, 0x00, 0x18, 0xFF, 0x8F, 0xFF, 0x87, 0xFF, 0xE3, 0x8F, 0xE1, 0xFF,
  0xF0, 0x1F, 0x38, 0x1F, 0x7C, 0x18, 0xFE, 0x0F, 0xFE, 0x83, 0xFF, 0xC1,
  0x01, 0xF0, 0xFF, 0xE0, 0x3F, 0xB8, 0x19, 0xF8, 0x0F, 0x1E, 0x0C, 0x0F,
  0x86, 0x83, 0xE3, 0xC3, 0x30, 0xC0, 0x70, 0x60, 0xF0, 0x1F, 0x1C, 0x0C,
  0x0E, 0x00, 0xF8, 0x03, 0x18, 0xC0, 0xFF, 0xE1, 0x7F, 0x70, 0x30, 0xF8,
  0x3F, 0x00, 0x18, 0xFF, 0x8F, 0xFF, 0x87, 0xFF, 0xE3, 0x8F, 0xE1, 0xFF,
  0xF0, 0x1F, 0x38, 0x1F, 0x7C, 0x18, 0xFE, 0x0F, 0xFE, 0x83, 0xFF, 0xC1,
  0x01, 0xF0, 0xFF, 0xE0, 0x3F, 0xB8, 0x19, 0xF8, 0x0F, 0x1E, 0x0C, 0x0F,
  0x86, 0x83, 0xE3, 0xC3, 0x30, 0xC0, 0x70, 0x60, 0xF0, 0x1F, 0x1C, 0x0C,
  0x00, 0x00, 0x00, 0x00, 0x00, 0x00, 0x00, 0x00, 0x06, 0x00, 0x00, 0x00,
  0x30, 0x00, 0x00, 0x00, 0x00, 0x00, 0x06, 0x00, 0x00, 0x00, 0x00, 0x00,
  0x00, 0x00, 0x00, 0x00, 0x00, 0x00, 0x00, 0x00, 0x00, 0x00, 0x00, 0x00,
  0x00, 0x30, 0xC0, 0x00, 0x00, 0x00, 0x00, 0x00, 0x00, 0x00, 0x00, 0x00,
  0x00, 0x00, 0x00, 0x00, 0x00, 0x00, 0x00, 0x00, 0x00, 0x00, 0x00, 0x00,
  0x00, 0x00, 0x00, 0x00, 0x00, 0x00, 0x00, 0x00, 0x06, 0x00, 0x00, 0x00,
  0x30, 0x00, 0x00, 0x00, 0x00, 0x00, 0x06, 0x00, 0x00, 0x00, 0x00, 0x00,
  0x00, 0x00, 0x00, 0x00, 0x00, 0x00, 0x00, 0x00, 0x00, 0x00, 0x00, 0x00,
  0x00, 0x30, 0xC0, 0x00, 0x00, 0x00, 0x00, 0x00, 0x00, 0x00, 0x00, 0x00,
  0x00, 0x00, 0x00, 0x00, 0x00, 0x00, 0x00, 0x00, 0x00, 0x00, 0x00, 0x00,
  0x00, 0x00, 0x00, 0x00, 0x00, 0x00, 0x00, 0x00, 0x00, 0x00, 0x00, 0x00,
  0x00, 0x00, 0x00, 0x00, 0x00, 0x00, 0x00, 0x00, 0x00, 0x00, 0x00, 0x00,
  0x00, 0x00, 0x00, 0x00, 0x00, 0x00, 0x00, 0x00, 0x00, 0x00, 0x00, 0x00,
  0x00, 0x00, 0x00, 0x00, 0x00, 0x00, 0x00, 0x00, 0x00, 0x00, 0x00, 0x00,
  0x00, 0x00, 0x00, 0x00, 0x00, 0x00, 0x00, 0x00, 0x00, 0x00, 0x00, 0x00,
  0x00, 0x00, 0x00, 0x00, 0x00, 0x00, 0x00, 0x00, 0x00, 0x00, 0x00, 0x00,
  0x00, 0x00, 0x00, 0x00, 0x00, 0x00, 0x00, 0x00, 0x00, 0x00, 0x00, 0x00,
  0x00, 0x00, 0x00, 0x00, 0x00, 0x00, 0x00, 0x00, 0x00, 0x00, 0x00, 0x00,
  0x00, 0x00, 0x00, 0x00, 0x00, 0x00, 0x00, 0x00, 0x00, 0x00, 0x00, 0x00,
  0x00, 0x00, 0x00, 0x00, 0x00, 0x00, 0x00, 0x00, 0x00, 0x00, 0x00, 0x00,
  0x00, 0x00, 0x00, 0x00, 0x00, 0x00, 0x00, 0x00, 0x00, 0x00, 0x00, 0x00,
  0x00, 0x00, 0x00, 0x00, 0x00, 0x00, 0x00, 0x00, 0x00, 0x00, 0x00, 0x00,
  0x00, 0x00, 0x00, 0x00, 0x00, 0x00, 0x80, 0x03, 0x30, 0x1C, 0x00, 0x00,
  0x80, 0x01, 0x00, 0x00, 0x00, 0x00, 0x00, 0xC0, 0x18, 0x00, 0x00, 0x00,
  0x00, 0x00, 0x00, 0x00, 0x00, 0x60, 0x00, 0x1C, 0x80, 0xE1, 0x00, 0x00,
  0x00, 0x00, 0x00, 0x00, 0x00, 0x00, 0x00, 0x00, 0x00, 0x00, 0x00, 0x00,
  0x00, 0x00, 0x00, 0x00, 0x00, 0x00, 0x00, 0x00, 0x00, 0x00, 0x00, 0x00,
  0x00, 0x00, 0x00, 0x00, 0x00, 0x00, 0x80, 0x03, 0x30, 0x1C, 0x00, 0x00,
  0x80, 0x01, 0x00, 0x00, 0x00, 0x00, 0x00, 0xC0, 0x18, 0x00, 0x00, 0x00,
  0x00, 0x00, 0x00, 0x00, 0x00, 0x60, 0x00, 0x1C, 0x80, 0xE1, 0x00, 0x00,
  0x00, 0x00, 0x00, 0x00, 0x00, 0x00, 0x00, 0x00, 0x00, 0x00, 0x00, 0x00,
  0x00, 0x00, 0x00, 0x00, 0x00, 0x00, 0x00, 0x00, 0x00, 0x00, 0x00, 0x00,
  0x00, 0x00, 0x00, 0x00, 0x00, 0x00, 0x00, 0x06, 0x00, 0x00, 0x0C, 0x00,
  0xC0, 0x00, 0x00, 0x00, 0x00, 0x00, 0x0E, 0x00, 0x00, 0x00, 0x70, 0x00,
  0x00, 0x00, 0x00, 0x0C, 0x00, 0x38, 0x00, 0x30, 0x00, 0x3F, 0x00, 0x00,
  0x00, 0x00, 0x00, 0x00, 0x00, 0x00, 0x00, 0x00, 0x00, 0x00, 0x00, 0x00,
  0x00, 0x00, 0x00, 0x00, 0x00, 0x00, 0x00, 0x00, 0x00, 0x00, 0x00, 0x00,
  0x00, 0x00, 0x00, 0x00, 0x00, 0x00, 0x00, 0x06, 0x00, 0x00, 0x0C, 0x00,
  0xC0, 0x00, 0x00, 0x00, 0x00, 0x00, 0x0E, 0x00, 0x00, 0x00, 0x70, 0x00,
  0x00, 0x00, 0x00, 0x0C, 0x00, 0x38, 0x00, 0x30, 0x00, 0x3F, 0x00, 0x00,
  0x00, 0x00, 0x00, 0x00, 0x00, 0x00, 0x00, 0x00, 0x38, 0x00, 0x00, 0x00,
  0x00, 0x00, 0x00, 0x00, 0x00, 0x00, 0x00, 0x00, 0x00, 0x00, 0x00, 0x00,
  0x00, 0x00, 0x00, 0x00, 0x00, 0x00, 0x00, 0x00, 0x00, 0x80, 0x7F, 0x00,
  0x00, 0x00, 0x00, 0x00, 0x00, 0x00, 0x00, 0x00, 0x00, 0x00, 0x00, 0x00,
  0x00, 0x00, 0x80, 0x7F, 0x00, 0x00, 0x00, 0x00, 0x00, 0x00, 0x00, 0x00,
  0x00, 0x00, 0x00, 0x00, 0x00, 0x00, 0x00, 0x00, 0x38, 0x00, 0x00, 0x00,
  0x00, 0x00, 0x00, 0x00, 0x00, 0x00, 0x00, 0x00, 0x00, 0x00, 0x00, 0x00,
  0x00, 0x00, 0x00, 0x00, 0x00, 0x00, 0x00, 0x00, 0x00, 0x80, 0x7F, 0x00,
  0x00, 0x00, 0x00, 0x00, 0x00, 0x00, 0x00, 0x00, 0x00, 0x00, 0x00, 0x00,
  0x00, 0x00, 0x80, 0x7F, 0x00, 0x00, 0x00, 0x00, 0x00, 0x00, 0x00, 0x00,
  0xDC, 0x0F, 0xF8, 0x07, 0xFF, 0x83, 0x03, 0x07, 0x7F, 0x80, 0x31, 0x70,
  0x18, 0x38, 0x70, 0xCE, 0x39, 0x37, 0x83, 0x07, 0x80, 0x03, 0xC7, 0x01,
  0xE0, 0x1F, 0x70, 0x3E, 0xE0, 0x7F, 0xF0, 0x0F, 0xF8, 0x07, 0x07, 0x80,
  0xFF, 0x07, 0xFE, 0x80, 0x7F, 0x80, 0x07, 0xC0, 0x03, 0x00, 0x3E, 0xF0,
  0x03, 0x87, 0x01, 0x06, 0xC0, 0xC1, 0xE3, 0xE0, 0x71, 0xE0, 0x38, 0x18,
  0xDC, 0x0F, 0xF8, 0x07, 0xFF, 0x83, 0x03, 0x07, 0x7F, 0x80, 0x31, 0x70,
  0x18, 0x38, 0x70, 0xCE, 0x39, 0x37, 0x83, 0x07, 0x80, 0x03, 0xC7, 0x01,
  0xE0, 0x1F, 0x70, 0x3E, 0xE0, 0x7F, 0xF0, 0x0F, 0xF8, 0x07, 0x07, 0x80,
  0xFF, 0x07, 0xFE, 0x80, 0x7F, 0x80, 0x07, 0xC0, 0x03, 0x00, 0x3E, 0xF0,
  0x03, 0x87, 0x01, 0x06, 0xC0, 0xC1, 0xE3, 0xE0, 0x71, 0xE0, 0x38, 0x18,
  0x3C, 0x38, 0x0E, 0x1C, 0x70, 0x00, 0x86, 0xC1, 0xDD, 0x00, 0x1F, 0x70,
  0x18, 0x38, 0x70, 0xCE, 0x39, 0x37, 0x03, 0x07, 0x80, 0x03, 0xC7, 0x01,
  0x70, 0x60, 0x70, 0xE7, 0x38, 0x70, 0x1C, 0x38, 0x0E, 0x1C, 0xF7, 0x81,
  0x03, 0xC0, 0x81, 0xE3, 0x00, 0x00, 0x07, 0x80, 0x03, 0x00, 0x38, 0x18,
  0x03, 0x87, 0x01, 0xF6, 0xC1, 0x61, 0xE0, 0xD0, 0xC1, 0x30, 0x38, 0x18,
  0x1C, 0x38, 0x0E, 0x00, 0x70, 0x00, 0xCC, 0xC0, 0xDD, 0x00, 0x0E, 0x70,
  0x18, 0xE0, 0x7F, 0xCE, 0x39, 0x37, 0x03, 0xFF, 0x83, 0x3F, 0xC7, 0xFF,
  0x00, 0x7E, 0xF0, 0xE7, 0xE0, 0x7F, 0xFC, 0x3F, 0xFE, 0x1F, 0x0F, 0x83,
  0x03, 0xC0, 0x1F, 0x80, 0x7F, 0x00, 0x07, 0x80, 0x03, 0x00, 0x38, 0x18,
  0x3F, 0xFF, 0x1F, 0x0E, 0xC7, 0x1F, 0xE0, 0xCC, 0x81, 0x19, 0x38, 0x18,
  0x1C, 0x38, 0x0E, 0x00, 0x70, 0x00, 0xCC, 0xC0, 0xDD, 0x00, 0x0E, 0x70,
  0x18, 0xE0, 0x7F, 0xCE, 0x39, 0x37, 0x03, 0xFF, 0x83, 0x3F, 0xC7, 0xFF,
  0x00, 0x7E, 0xF0, 0xE7, 0xE0, 0x7F, 0xFC, 0x3F, 0xFE, 0x1F, 0x0F, 0x83,
  0x03, 0xC0, 0x1F, 0x80, 0x7F, 0x00, 0x07, 0x80, 0x03, 0x00, 0x38, 0x18,
  0x3F, 0xFF, 0x1F, 0x0E, 0xC7, 0x1F, 0xE0, 0xCC, 0x81, 0x19, 0x38, 0x18,
  0x1E, 0x0C, 0x07, 0x00, 0x18, 0x00, 0x3C, 0xE0, 0x66, 0x80, 0x0F, 0x38,
  0x0E, 0x00, 0x18, 0x63, 0x8C, 0xD9, 0x81, 0x03, 0xC3, 0xB9, 0xE1, 0xC0,
  0x18, 0x30, 0xB8, 0x31, 0x80, 0x1B, 0x0E, 0x00, 0x07, 0x80, 0x83, 0xC1,
  0x01, 0xE0, 0xC0, 0x00, 0x60, 0x80, 0x01, 0xC0, 0x00, 0x00, 0x0C, 0xCE,
  0xB9, 0xE3, 0x9C, 0x83, 0xE1, 0x38, 0x70, 0x61, 0x80, 0x07, 0x1C, 0x0C,
  0x1E, 0x0C, 0x07, 0x00, 0x18, 0x00, 0x3C, 0xE0, 0x66, 0x80, 0x0F, 0x38,
  0x0E, 0x00, 0x18, 0x63, 0x8C, 0xD9, 0x81, 0x03, 0xC3, 0xB9, 0xE1, 0xC0,
  0x18, 0x30, 0xB8, 0x31, 0x80, 0x1B, 0x0E, 0x00, 0x07, 0x80, 0x83, 0xC1,
  0x01, 0xE0, 0xC0, 0x00, 0x60, 0x80, 0x01, 0xC0, 0x00, 0x00, 0x0C, 0xCE,
  0xB9, 0xE3, 0x9C, 0x83, 0xE1, 0x38, 0x70, 0x61, 0x80, 0x07, 0x1C, 0x0C,
  0xEE, 0x07, 0xFE, 0x07, 0x18, 0x00, 0x0C, 0xC0, 0x3F, 0xE0, 0x1C, 0xF8,
  0x3F, 0x00, 0x18, 0xFF, 0x8F, 0xFF, 0x87, 0xFF, 0xC1, 0x8F, 0xE1, 0x7F,
  0xF0, 0x0F, 0x38, 0x1F, 0x78, 0x18, 0xFC, 0x07, 0xFE, 0x83, 0xE3, 0xC0,
  0x01, 0x00, 0x7F, 0xE0, 0x3F, 0xF0, 0x0F, 0xF8, 0x07, 0x0E, 0x0C, 0xCF,
  0x9F, 0xE3, 0x8F, 0x83, 0xE1, 0xE0, 0xF0, 0x60, 0x80, 0x01, 0xFC, 0x0F,
  0xEE, 0x07, 0xFE, 0x07, 0x18, 0x00, 0x0C, 0xC0, 0x3F, 0xE0, 0x1C, 0xF8,
  0x3F, 0x00, 0x18, 0xFF, 0x8F, 0xFF, 0x87, 0xFF, 0xC1, 0x8F, 0xE1, 0x7F,
  0xF0, 0x0F, 0x38, 0x1F, 0x78, 0x18, 0xFC, 0x07, 0xFE, 0x83, 0xE3, 0xC0,
  0x01, 0x00, 0x7F, 0xE0, 0x3F, 0xF0, 0x0F, 0xF8, 0x07, 0x0E, 0x0C, 0xCF,
  0x9F, 0xE3, 0x8F, 0x83, 0xE1, 0xE0, 0xF0, 0x60, 0x80, 0x01, 0xFC, 0x0F,
  0x0E, 0x00, 0x00, 0x00, 0x00, 0x80, 0x07, 0x00, 0x06, 0x00, 0x00, 0x00,
  0x30, 0x00, 0x00, 0x00, 0x00, 0x00, 0x06, 0x00, 0x00, 0x00, 0x00, 0x00,
  0x00, 0x00, 0x00, 0x00, 0x00, 0x00, 0x00, 0x00, 0x00, 0x00, 0xE0, 0x00,
  0x00, 0x00, 0x00, 0x00, 0x00, 0x00, 0x00, 0x00, 0x00, 0xFC, 0x07, 0x00,
  0x00, 0x00, 0x00, 0x00, 0x00, 0x00, 0x00, 0x00, 0xF0, 0x00, 0xC0, 0x00,
  0x0E, 0x00, 0x00, 0x00, 0x00, 0x80, 0x07, 0x00, 0x06, 0x00, 0x00, 0x00,
  0x30, 0x00, 0x00, 0x00, 0x00, 0x00, 0x06, 0x00, 0x00, 0x00, 0x00, 0x00,
  0x00, 0x00, 0x00, 0x00, 0x00, 0x00, 0x00, 0x00, 0x00, 0x00, 0xE0, 0x00,
  0x00, 0x00, 0x00, 0x00, 0x00, 0x00, 0x00, 0x00, 0x00, 0xFC, 0x07, 0x00,
  0x00, 0x00, 0x00, 0x00, 0x00, 0x00, 0x00, 0x00, 0xF0, 0x00, 0xC0, 0x00,
  0x0E, 0x00, 0x00, 0x00, 0x00, 0x00, 0x00, 0x00, 0x00, 0x00, 0x00, 0x00,
  0x00, 0x00, 0x00, 0x00, 0x00, 0x00, 0x00, 0x00, 0x00, 0x00, 0x00, 0x00,
  0x00, 0x00, 0x00, 0x00, 0x00, 0x00, 0x00, 0x00, 0x00, 0x00, 0x00, 0x00,
  0x00, 0x00, 0x00, 0x00, 0x00, 0x00, 0x00, 0x00, 0x00, 0x00, 0x00, 0x00,
  0x00, 0x00, 0x00, 0x00, 0x00, 0x00, 0x00, 0x00, 0x00, 0x00, 0x00, 0x00,
  0x0E, 0x00, 0x00, 0x00, 0x00, 0x00, 0x00, 0x00, 0x00, 0x00, 0x00, 0x00,
  0x00, 0x00, 0x00, 0x00, 0x00, 0x00, 0x00, 0x00, 0x00, 0x00, 0x00, 0x00,
  0x00, 0x00, 0x00, 0x00, 0x00, 0x00, 0x00, 0x00, 0x00, 0x00, 0x00, 0x00,
  0x00, 0x00, 0x00, 0x00, 0x00, 0x00, 0x00, 0x00, 0x00, 0x00, 0x00, 0x00,
  0x00, 0x00, 0x00, 0x00, 0x00, 0x00, 0x00, 0x00, 0x00, 0x00, 0x00, 0x00,
  };
  
  
  /*!
      WIDTH   480
      HEIGHT  816
    */
  const u8 wstfont2_bits_ntsc_vsb_test[] = {
    0x00, 0x00, 0x00, 0x00, 0x00, 0x00, 0x00, 0x00, 0x1C, 0x00, 0x00, 0x00,
    0x00, 0x00, 0x00, 0x00, 0x00, 0x00, 0x00, 0x00, 0x00, 0x00, 0x00, 0x00,
    0x00, 0x00, 0x00, 0x00, 0x00, 0x00, 0x00, 0x00, 0x00, 0x00, 0x00, 0x00,
    0x00, 0x00, 0x00, 0x00, 0x00, 0x00, 0x00, 0x00, 0x00, 0x00, 0x00, 0x00,
    0x00, 0x00, 0x00, 0x00, 0x00, 0x00, 0x00, 0x00, 0x00, 0x00, 0x00, 0x00,
    0x00, 0x00, 0x00, 0x00, 0x00, 0x00, 0x00, 0x00, 0x1C, 0x00, 0x00, 0x00,
    0x00, 0x00, 0x00, 0x00, 0x00, 0x00, 0x00, 0x00, 0x00, 0x00, 0x00, 0x00,
    0x00, 0x00, 0x00, 0x00, 0x00, 0x00, 0x00, 0x00, 0x00, 0x00, 0x00, 0x00,
    0x00, 0x00, 0x00, 0x00, 0x00, 0x00, 0x00, 0x00, 0x00, 0x00, 0x00, 0x00,
    0x00, 0x00, 0x00, 0x00, 0x00, 0x00, 0x00, 0x00, 0x00, 0x00, 0x00, 0x00,
    0x00, 0x00, 0xE0, 0x00, 0x8F, 0x03, 0xC6, 0xC0, 0xFF, 0xF0, 0x60, 0xC0,
    0x07, 0x80, 0x07, 0xC0, 0x03, 0xF0, 0x00, 0x70, 0x00, 0x00, 0x00, 0x00,
    0x00, 0x00, 0x00, 0x00, 0x00, 0x18, 0xF0, 0x0F, 0xC0, 0x01, 0xFC, 0x83,
    0xFF, 0x07, 0x38, 0xE0, 0xFF, 0x01, 0x07, 0xF8, 0x7F, 0xF0, 0x0F, 0xF8,
    0x07, 0x00, 0x00, 0x00, 0x00, 0xC0, 0x03, 0x00, 0x78, 0x00, 0xE0, 0x0F,
    0x00, 0x00, 0xE0, 0x00, 0x0C, 0x03, 0xC6, 0xE0, 0x9C, 0x9B, 0x31, 0x70,
    0x0E, 0x00, 0x07, 0x60, 0x00, 0xC0, 0x81, 0x73, 0x0E, 0x38, 0x00, 0x00,
    0x00, 0x00, 0x00, 0x00, 0x00, 0x0C, 0x1C, 0x38, 0xF0, 0x01, 0x07, 0x0E,
    0x80, 0x01, 0x1C, 0xE0, 0x00, 0x80, 0x01, 0x00, 0x70, 0x1C, 0x38, 0x0E,
    0x1C, 0x00, 0x00, 0x00, 0x00, 0x78, 0x00, 0x00, 0xC0, 0x01, 0x38, 0x18,
    0x00, 0x00, 0xE0, 0x00, 0x0C, 0x03, 0xC6, 0xE0, 0x9C, 0x9B, 0x31, 0x70,
    0x0E, 0x00, 0x07, 0x60, 0x00, 0xC0, 0x81, 0x73, 0x0E, 0x38, 0x00, 0x00,
    0x00, 0x00, 0x00, 0x00, 0x00, 0x0C, 0x1C, 0x38, 0xF0, 0x01, 0x07, 0x0E,
    0x80, 0x01, 0x1C, 0xE0, 0x00, 0x80, 0x01, 0x00, 0x70, 0x1C, 0x38, 0x0E,
    0x1C, 0x00, 0x00, 0x00, 0x00, 0x78, 0x00, 0x00, 0xC0, 0x01, 0x38, 0x18,
    0x00, 0x00, 0xE0, 0x00, 0x87, 0xC1, 0xFF, 0xE7, 0x1C, 0xF0, 0x1C, 0x70,
    0x0E, 0x80, 0x03, 0x30, 0x00, 0x00, 0x03, 0x77, 0x03, 0x38, 0x00, 0x00,
    0x00, 0x00, 0x00, 0x00, 0x00, 0x07, 0x1C, 0x38, 0xC0, 0x01, 0x00, 0x0E,
    0xC0, 0x00, 0x06, 0xE0, 0x7F, 0xC0, 0x00, 0x00, 0x18, 0x1C, 0x38, 0x0E,
    0x1C, 0x18, 0x00, 0x0C, 0x00, 0x1E, 0xE0, 0x7F, 0x00, 0x0F, 0x00, 0x18,
    0x00, 0x00, 0xE0, 0x00, 0x87, 0xC1, 0xFF, 0xE7, 0x1C, 0xF0, 0x1C, 0x70,
    0x0E, 0x80, 0x03, 0x30, 0x00, 0x00, 0x03, 0x77, 0x03, 0x38, 0x00, 0x00,
    0x00, 0x00, 0x00, 0x00, 0x00, 0x07, 0x1C, 0x38, 0xC0, 0x01, 0x00, 0x0E,
    0xC0, 0x00, 0x06, 0xE0, 0x7F, 0xC0, 0x00, 0x00, 0x18, 0x1C, 0x38, 0x0E,
    0x1C, 0x18, 0x00, 0x0C, 0x00, 0x1E, 0xE0, 0x7F, 0x00, 0x0F, 0x00, 0x18,
    0x00, 0x00, 0xE0, 0x00, 0x00, 0x00, 0xC6, 0xC0, 0xFF, 0x00, 0x0E, 0xC0,
    0x07, 0x00, 0x00, 0x30, 0x00, 0x00, 0x03, 0xF8, 0x80, 0xFF, 0x01, 0x00,
    0xE0, 0x7F, 0x00, 0x00, 0x80, 0x03, 0x1C, 0x38, 0xC0, 0x01, 0x80, 0x03,
    0xF0, 0x01, 0xC3, 0x00, 0xC0, 0xF1, 0x3F, 0x00, 0x0C, 0xF0, 0x0F, 0xF8,
    0x07, 0x18, 0x00, 0x0C, 0xC0, 0x03, 0x00, 0x00, 0x00, 0x38, 0x00, 0x0C,
    0x00, 0x00, 0xE0, 0x00, 0x00, 0xC0, 0xFF, 0x07, 0x9C, 0x03, 0xE3, 0x71,
    0xCE, 0x01, 0x00, 0x30, 0x00, 0x00, 0x03, 0x77, 0x03, 0x38, 0x00, 0x00,
    0xE0, 0x7F, 0x00, 0x00, 0xC0, 0x00, 0x1C, 0x38, 0xC0, 0x01, 0xF0, 0x00,
    0x00, 0xC7, 0xC1, 0x00, 0xC0, 0x71, 0xE0, 0x00, 0x07, 0x1C, 0x38, 0x00,
    0x03, 0x00, 0x00, 0x00, 0x00, 0x1E, 0xE0, 0x7F, 0x00, 0x0F, 0x80, 0x03,
    0x00, 0x00, 0xE0, 0x00, 0x00, 0xC0, 0xFF, 0x07, 0x9C, 0x03, 0xE3, 0x71,
    0xCE, 0x01, 0x00, 0x30, 0x00, 0x00, 0x03, 0x77, 0x03, 0x38, 0x00, 0x00,
    0x00, 0x00, 0x00, 0x00, 0xC0, 0x00, 0x1C, 0x38, 0xC0, 0x01, 0xF0, 0x00,
    0x00, 0xC7, 0xC1, 0x00, 0xC0, 0x71, 0xE0, 0x00, 0x07, 0x1C, 0x38, 0x00,
    0x03, 0x00, 0x00, 0x00, 0x00, 0x1E, 0xE0, 0x7F, 0x00, 0x0F, 0x80, 0x03,
    0x00, 0x00, 0x00, 0x00, 0x00, 0x00, 0xC6, 0xE0, 0x9C, 0x83, 0xB1, 0x3B,
    0x38, 0x00, 0x00, 0x60, 0x00, 0xC0, 0x81, 0x73, 0x0E, 0x38, 0xC0, 0x03,
    0x00, 0x00, 0x70, 0x00, 0x60, 0x00, 0x1C, 0x38, 0xC0, 0x01, 0x1C, 0x00,
    0x00, 0xC7, 0xFF, 0xE3, 0xC0, 0x71, 0xE0, 0x80, 0x03, 0x1C, 0x38, 0xC0,
    0x01, 0x18, 0x00, 0x0C, 0x00, 0x78, 0x00, 0x00, 0xC0, 0x01, 0x00, 0x00,
    0x00, 0x00, 0x00, 0x00, 0x00, 0x00, 0xC6, 0xE0, 0x9C, 0x83, 0xB1, 0x3B,
    0x38, 0x00, 0x00, 0x60, 0x00, 0xC0, 0x81, 0x73, 0x0E, 0x38, 0xC0, 0x03,
    0x00, 0x00, 0x70, 0x00, 0x60, 0x00, 0x1C, 0x38, 0xC0, 0x01, 0x1C, 0x00,
    0x00, 0xC7, 0xFF, 0xE3, 0xC0, 0x71, 0xE0, 0x80, 0x03, 0x1C, 0x38, 0xC0,
    0x01, 0x18, 0x00, 0x0C, 0x00, 0x78, 0x00, 0x00, 0xC0, 0x01, 0x00, 0x00,
    0x00, 0x00, 0xE0, 0x00, 0x00, 0x00, 0xC6, 0xC0, 0xFF, 0xE0, 0xE0, 0xF1,
    0xCF, 0x01, 0x00, 0xC0, 0x03, 0xF0, 0x00, 0x70, 0x00, 0x00, 0x00, 0x03,
    0x00, 0x00, 0x70, 0x00, 0x38, 0x00, 0xF0, 0x0F, 0xC0, 0x01, 0xFF, 0x8F,
    0xFF, 0x01, 0xC0, 0x80, 0x7F, 0xC0, 0x3F, 0xC0, 0x00, 0xF0, 0x0F, 0xE0,
    0x00, 0x18, 0x00, 0x0C, 0x00, 0xC0, 0x03, 0x00, 0x78, 0x00, 0x80, 0x03,
    0x00, 0x00, 0xE0, 0x00, 0x00, 0x00, 0xC6, 0xC0, 0xFF, 0xE0, 0xE0, 0xF1,
    0xCF, 0x01, 0x00, 0xC0, 0x03, 0xF0, 0x00, 0x70, 0x00, 0x00, 0x00, 0x03,
    0x00, 0x00, 0x70, 0x00, 0x38, 0x00, 0xF0, 0x0F, 0xC0, 0x01, 0xFF, 0x8F,
    0xFF, 0x01, 0xC0, 0x80, 0x7F, 0xC0, 0x3F, 0xC0, 0x00, 0xF0, 0x0F, 0xE0,
    0x00, 0x18, 0x00, 0x0C, 0x00, 0xC0, 0x03, 0x00, 0x78, 0x00, 0x80, 0x03,
    0x00, 0x00, 0x00, 0x00, 0x00, 0x00, 0x00, 0x00, 0x1C, 0x00, 0x00, 0x00,
    0x00, 0x00, 0x00, 0x00, 0x00, 0x00, 0x00, 0x00, 0x00, 0x00, 0xC0, 0x01,
    0x00, 0x00, 0x00, 0x00, 0x00, 0x00, 0x00, 0x00, 0x00, 0x00, 0x00, 0x00,
    0x00, 0x00, 0x00, 0x00, 0x00, 0x00, 0x00, 0x00, 0x00, 0x00, 0x00, 0x00,
    0x00, 0x00, 0x00, 0x06, 0x00, 0x00, 0x00, 0x00, 0x00, 0x00, 0x00, 0x00,
    0x00, 0x00, 0x00, 0x00, 0x00, 0x00, 0x00, 0x00, 0x00, 0x00, 0x00, 0x00,
    0x00, 0x00, 0x00, 0x00, 0x00, 0x00, 0x00, 0x00, 0x00, 0x00, 0x00, 0x00,
    0x00, 0x00, 0x00, 0x00, 0x00, 0x00, 0x00, 0x00, 0x00, 0x00, 0x00, 0x00,
    0x00, 0x00, 0x00, 0x00, 0x00, 0x00, 0x00, 0x00, 0x00, 0x00, 0x00, 0x00,
    0x00, 0x00, 0x00, 0x00, 0x00, 0x00, 0x00, 0x00, 0x00, 0x00, 0x00, 0x00,
    0x00, 0x00, 0x00, 0x00, 0x00, 0x00, 0x00, 0x00, 0x00, 0x00, 0x00, 0x00,
    0x00, 0x00, 0x00, 0x00, 0x00, 0x00, 0x00, 0x00, 0x00, 0x00, 0x00, 0x00,
    0x00, 0x00, 0x00, 0x00, 0x00, 0x00, 0x00, 0x00, 0x00, 0x00, 0x00, 0x00,
    0x00, 0x00, 0x00, 0x00, 0x00, 0x00, 0x00, 0x00, 0x00, 0x00, 0x00, 0x00,
    0x00, 0x00, 0x00, 0x00, 0x00, 0x00, 0x00, 0x00, 0x00, 0x00, 0x00, 0x00,
    0x00, 0x00, 0x00, 0x00, 0x00, 0x00, 0x00, 0x00, 0x00, 0x00, 0x00, 0x00,
    0x00, 0x00, 0x00, 0x00, 0x00, 0x00, 0x00, 0x00, 0x00, 0x00, 0x00, 0x00,
    0x00, 0x00, 0x00, 0x00, 0x00, 0x00, 0x00, 0x00, 0x00, 0x00, 0x00, 0x00,
    0x00, 0x00, 0x00, 0x00, 0x00, 0x00, 0x00, 0x00, 0x00, 0x00, 0x00, 0x00,
    0x00, 0x00, 0x00, 0xF8, 0x00, 0x00, 0x80, 0x0F, 0x00, 0x00, 0x00, 0x00,
    0x00, 0x00, 0x00, 0x00, 0x00, 0x00, 0x00, 0x00, 0x00, 0x00, 0x00, 0x00,
    0x00, 0x00, 0x00, 0x00, 0x00, 0x00, 0x00, 0x00, 0x00, 0x00, 0x00, 0x00,
    0x00, 0x00, 0x00, 0x00, 0x00, 0x00, 0x00, 0x00, 0x00, 0x00, 0x00, 0x00,
    0x00, 0x00, 0x00, 0x00, 0x00, 0x00, 0x00, 0x00, 0x00, 0x00, 0x00, 0x00,
    0x00, 0x00, 0x00, 0xF8, 0x00, 0x00, 0x80, 0x0F, 0x00, 0x00, 0x00, 0x00,
    0xF0, 0x0F, 0xF0, 0x01, 0xFF, 0x03, 0xFC, 0xC1, 0x7F, 0xE0, 0xFF, 0xF1,
    0xFF, 0xE0, 0x1F, 0x1C, 0x38, 0xFE, 0x07, 0x00, 0x8E, 0x83, 0xC7, 0x01,
    0xF0, 0xE0, 0x79, 0xE0, 0xE0, 0x1F, 0xFC, 0x0F, 0xF8, 0x07, 0xFF, 0x03,
    0xFE, 0xE1, 0xFF, 0xE3, 0xC0, 0x39, 0xE0, 0x1C, 0x70, 0x1C, 0x0C, 0x07,
    0x1C, 0xFF, 0x03, 0x38, 0xC0, 0x01, 0x00, 0x0E, 0x80, 0x07, 0x00, 0x00,
    0x1C, 0x38, 0x18, 0x03, 0x07, 0x0E, 0x06, 0xC7, 0xC1, 0xE0, 0x00, 0x70,
    0x00, 0x38, 0x70, 0x1C, 0x38, 0xE0, 0x00, 0x00, 0x8E, 0xF3, 0xC0, 0x01,
    0xF0, 0xF1, 0xF9, 0xE0, 0x38, 0x70, 0x1C, 0x38, 0x0E, 0x1C, 0x07, 0x8E,
    0x03, 0x07, 0x1C, 0xE0, 0xC0, 0x39, 0xE0, 0x1C, 0x70, 0x30, 0x06, 0x0E,
    0x06, 0x80, 0x01, 0x38, 0x00, 0x03, 0x00, 0x0E, 0xC0, 0x0E, 0x00, 0x00,
    0x1C, 0x38, 0x18, 0x03, 0x07, 0x0E, 0x06, 0xC7, 0xC1, 0xE0, 0x00, 0x70,
    0x00, 0x38, 0x70, 0x1C, 0x38, 0xE0, 0x00, 0x00, 0x8E, 0xF3, 0xC0, 0x01,
    0xF0, 0xF1, 0xF9, 0xE0, 0x38, 0x70, 0x1C, 0x38, 0x0E, 0x1C, 0x07, 0x8E,
    0x03, 0x07, 0x1C, 0xE0, 0xC0, 0x39, 0xE0, 0x1C, 0x70, 0x30, 0x06, 0x0E,
    0x06, 0x80, 0x01, 0x38, 0x00, 0x03, 0x00, 0x0E, 0xC0, 0x0E, 0x00, 0x00,
    0x8E, 0x3F, 0x0E, 0x06, 0x07, 0x8E, 0x03, 0xC0, 0x81, 0xE3, 0x00, 0x70,
    0x00, 0x38, 0x00, 0x1C, 0x38, 0xE0, 0x00, 0x00, 0x8E, 0x7B, 0xC0, 0x01,
    0x70, 0xDF, 0xB9, 0xE1, 0x38, 0x70, 0x1C, 0x38, 0x0E, 0x1C, 0x07, 0x8E,
    0x03, 0x00, 0x1C, 0xE0, 0xC0, 0x71, 0x30, 0x9C, 0x73, 0xE0, 0x03, 0x18,
    0x03, 0xE0, 0x00, 0x38, 0x00, 0x06, 0x00, 0x0E, 0x70, 0x18, 0x00, 0x00,
    0x8E, 0x3F, 0x0E, 0x06, 0x07, 0x8E, 0x03, 0xC0, 0x81, 0xE3, 0x00, 0x70,
    0x00, 0x38, 0x00, 0x1C, 0x38, 0xE0, 0x00, 0x00, 0x8E, 0x7B, 0xC0, 0x01,
    0x70, 0xDF, 0xB9, 0xE1, 0x38, 0x70, 0x1C, 0x38, 0x0E, 0x1C, 0x07, 0x8E,
    0x03, 0x00, 0x1C, 0xE0, 0xC0, 0x71, 0x30, 0x9C, 0x73, 0xE0, 0x03, 0x18,
    0x03, 0xE0, 0x00, 0x38, 0x00, 0x06, 0x00, 0x0E, 0x70, 0x18, 0x00, 0x00,
    0xCE, 0x39, 0x07, 0x1C, 0xFF, 0x83, 0x03, 0xC0, 0x81, 0xE3, 0x3F, 0xF0,
    0x1F, 0x38, 0x7C, 0xFC, 0x3F, 0xE0, 0x00, 0x00, 0x8E, 0x0F, 0xC0, 0x01,
    0x70, 0xCE, 0x39, 0xE7, 0x38, 0x70, 0xFC, 0x0F, 0x0E, 0x1C, 0xFF, 0x03,
    0xFE, 0x01, 0x1C, 0xE0, 0xC0, 0x71, 0x30, 0x9C, 0x73, 0xC0, 0x01, 0xF0,
    0x01, 0x70, 0x00, 0x38, 0x00, 0x1C, 0x00, 0x0E, 0x00, 0x00, 0x00, 0x00,
    0xCE, 0x39, 0xFF, 0x1F, 0x07, 0x8E, 0x03, 0xC0, 0x81, 0xE3, 0x00, 0x70,
    0x00, 0x38, 0x70, 0x1C, 0x38, 0xE0, 0x00, 0x00, 0x8E, 0x7B, 0xC0, 0x01,
    0x70, 0xC0, 0x39, 0xEE, 0x38, 0x70, 0x1C, 0x00, 0x0E, 0x1C, 0x87, 0x01,
    0x00, 0x07, 0x1C, 0xE0, 0xC0, 0xC1, 0x18, 0xDC, 0x77, 0xE0, 0x03, 0xE0,
    0x00, 0x18, 0x00, 0x38, 0x00, 0x38, 0x00, 0x0E, 0x00, 0x00, 0x00, 0x00,
    0xCE, 0x39, 0xFF, 0x1F, 0x07, 0x8E, 0x03, 0xC0, 0x81, 0xE3, 0x00, 0x70,
    0x00, 0x38, 0x70, 0x1C, 0x38, 0xE0, 0x00, 0x00, 0x8E, 0x7B, 0xC0, 0x01,
    0x70, 0xC0, 0x39, 0xEE, 0x38, 0x70, 0x1C, 0x00, 0x0E, 0x1C, 0x87, 0x01,
    0x00, 0x07, 0x1C, 0xE0, 0xC0, 0xC1, 0x18, 0xDC, 0x77, 0xE0, 0x03, 0xE0,
    0x00, 0x18, 0x00, 0x38, 0x00, 0x38, 0x00, 0x0E, 0x00, 0x00, 0x00, 0x00,
    0x8E, 0x3F, 0x07, 0x1C, 0x07, 0x0E, 0x06, 0xC7, 0xC1, 0xE0, 0x00, 0x70,
    0x00, 0x38, 0x70, 0x1C, 0x38, 0xE0, 0x00, 0x07, 0x8E, 0xF3, 0xC0, 0x01,
    0x70, 0xC0, 0x39, 0xF8, 0x38, 0x70, 0x1C, 0x00, 0xCE, 0x1D, 0x07, 0x83,
    0x03, 0x07, 0x1C, 0xE0, 0xC0, 0x81, 0x0F, 0x78, 0x1C, 0x30, 0x06, 0xE0,
    0x00, 0x0C, 0x00, 0x38, 0x00, 0x60, 0x00, 0x0E, 0x00, 0x00, 0x00, 0x00,
    0x8E, 0x3F, 0x07, 0x1C, 0x07, 0x0E, 0x06, 0xC7, 0xC1, 0xE0, 0x00, 0x70,
    0x00, 0x38, 0x70, 0x1C, 0x38, 0xE0, 0x00, 0x07, 0x8E, 0xF3, 0xC0, 0x01,
    0x70, 0xC0, 0x39, 0xF8, 0x38, 0x70, 0x1C, 0x00, 0xCE, 0x1D, 0x07, 0x83,
    0x03, 0x07, 0x1C, 0xE0, 0xC0, 0x81, 0x0F, 0x78, 0x1C, 0x30, 0x06, 0xE0,
    0x00, 0x0C, 0x00, 0x38, 0x00, 0x60, 0x00, 0x0E, 0x00, 0x00, 0x00, 0x00,
    0x1C, 0x00, 0x07, 0x1C, 0xFF, 0x03, 0xFC, 0xC1, 0x7F, 0xE0, 0xFF, 0x71,
    0x00, 0xE0, 0x1F, 0x1C, 0x38, 0xFE, 0x07, 0xFC, 0x83, 0x83, 0xC7, 0xFF,
    0x73, 0xC0, 0x39, 0xF0, 0xE0, 0x1F, 0x1C, 0x00, 0xF8, 0x07, 0x07, 0x0E,
    0xFE, 0x01, 0x1C, 0x80, 0x7F, 0x00, 0x07, 0x38, 0x18, 0x1C, 0x0C, 0xE0,
    0x00, 0xFF, 0x03, 0x38, 0x00, 0xC0, 0x00, 0x0E, 0x00, 0x00, 0x00, 0x00,
    0x1C, 0x00, 0x07, 0x1C, 0xFF, 0x03, 0xFC, 0xC1, 0x7F, 0xE0, 0xFF, 0x71,
    0x00, 0xE0, 0x1F, 0x1C, 0x38, 0xFE, 0x07, 0xFC, 0x83, 0x83, 0xC7, 0xFF,
    0x73, 0xC0, 0x39, 0xF0, 0xE0, 0x1F, 0x1C, 0x00, 0xF8, 0x07, 0x07, 0x0E,
    0xFE, 0x01, 0x1C, 0x80, 0x7F, 0x00, 0x07, 0x38, 0x18, 0x1C, 0x0C, 0xE0,
    0x00, 0xFF, 0x03, 0x38, 0x00, 0xC0, 0x00, 0x0E, 0x00, 0x00, 0x00, 0x00,
    0xF0, 0x0F, 0x00, 0x00, 0x00, 0x00, 0x00, 0x00, 0x00, 0x00, 0x00, 0x00,
    0x00, 0x00, 0x00, 0x00, 0x00, 0x00, 0x00, 0x00, 0x00, 0x00, 0x00, 0x00,
    0x00, 0x00, 0x00, 0x00, 0x00, 0x00, 0x00, 0x00, 0x00, 0x03, 0x00, 0x00,
    0x00, 0x00, 0x00, 0x00, 0x00, 0x00, 0x00, 0x00, 0x00, 0x00, 0x00, 0x00,
    0x00, 0x00, 0x00, 0xF8, 0x00, 0x00, 0x80, 0x0F, 0x00, 0x00, 0xFC, 0x7F,
    0x00, 0x00, 0x00, 0x00, 0x00, 0x00, 0x00, 0x00, 0x00, 0x00, 0x00, 0x00,
    0x00, 0x00, 0x00, 0x00, 0x00, 0x00, 0x00, 0x00, 0x00, 0x00, 0x00, 0x00,
    0x00, 0x00, 0x00, 0x00, 0x00, 0x00, 0x00, 0x00, 0x00, 0x1E, 0x00, 0x00,
    0x00, 0x00, 0x00, 0x00, 0x00, 0x00, 0x00, 0x00, 0x00, 0x00, 0x00, 0x00,
    0x00, 0x00, 0x00, 0x00, 0x00, 0x00, 0x00, 0x00, 0x00, 0x00, 0x00, 0x00,
    0x00, 0x00, 0x00, 0x00, 0x00, 0x00, 0x00, 0x00, 0x00, 0x00, 0x00, 0x00,
    0x00, 0x00, 0x00, 0x00, 0x00, 0x00, 0x00, 0x00, 0x00, 0x00, 0x00, 0x00,
    0x00, 0x00, 0x00, 0x00, 0x00, 0x00, 0x00, 0x00, 0x00, 0x1E, 0x00, 0x00,
    0x00, 0x00, 0x00, 0x00, 0x00, 0x00, 0x00, 0x00, 0x00, 0x00, 0x00, 0x00,
    0x00, 0x00, 0x00, 0x00, 0x00, 0x00, 0x00, 0x00, 0x00, 0x00, 0x00, 0x00,
    0x00, 0x00, 0x00, 0x00, 0x00, 0x00, 0x00, 0x00, 0x00, 0x00, 0x00, 0x00,
    0x00, 0x00, 0x00, 0x00, 0x00, 0x00, 0x00, 0x00, 0x00, 0x00, 0x00, 0x00,
    0x00, 0x00, 0x00, 0x00, 0x00, 0x00, 0x00, 0x00, 0x00, 0x00, 0x00, 0x00,
    0x00, 0x00, 0x00, 0x00, 0x00, 0x00, 0x00, 0x00, 0x00, 0x00, 0x00, 0x00,
    0x00, 0x00, 0x00, 0xF0, 0x00, 0x00, 0x80, 0x03, 0x00, 0x00, 0x00, 0x00,
    0x00, 0x00, 0x00, 0x00, 0x00, 0x00, 0x00, 0x00, 0x00, 0x00, 0x00, 0x00,
    0x00, 0x00, 0x00, 0x00, 0x00, 0x00, 0x00, 0x00, 0x00, 0x00, 0x00, 0x00,
    0x00, 0x00, 0x00, 0x00, 0x00, 0x00, 0x00, 0x00, 0x00, 0x00, 0x00, 0x00,
    0x00, 0x00, 0x00, 0x00, 0x00, 0x00, 0x00, 0x00, 0x00, 0x00, 0x00, 0x00,
    0x00, 0x00, 0x00, 0xF0, 0x00, 0x00, 0x80, 0x03, 0x00, 0x00, 0x00, 0x00,
    0xC0, 0x01, 0x00, 0x00, 0x07, 0x00, 0x00, 0x00, 0x80, 0x03, 0x00, 0x00,
    0x1F, 0x00, 0x00, 0x1C, 0x00, 0xE0, 0x00, 0x00, 0x8E, 0x03, 0x00, 0x1F,
    0x00, 0x00, 0x00, 0x00, 0x00, 0x00, 0x00, 0x00, 0x00, 0x00, 0x00, 0x00,
    0x00, 0x00, 0x06, 0x00, 0x00, 0x00, 0x00, 0x00, 0x00, 0x00, 0x00, 0x00,
    0x00, 0x00, 0x00, 0x38, 0x00, 0x1C, 0x00, 0x0E, 0xC0, 0xE7, 0x00, 0x00,
    0x80, 0x03, 0x00, 0x00, 0x07, 0x00, 0x00, 0x00, 0x80, 0x03, 0x00, 0x80,
    0x31, 0x00, 0x00, 0x1C, 0x00, 0x00, 0x00, 0x00, 0x80, 0x03, 0x00, 0x1C,
    0x00, 0x00, 0x00, 0x00, 0x00, 0x00, 0x00, 0x00, 0x00, 0x00, 0x00, 0x00,
    0x00, 0x00, 0x06, 0x00, 0x00, 0x00, 0x00, 0x00, 0x00, 0x00, 0x00, 0x00,
    0x00, 0x00, 0x00, 0x38, 0x00, 0x1C, 0x00, 0x0E, 0x70, 0x3E, 0x00, 0x00,
    0x80, 0x03, 0x00, 0x00, 0x07, 0x00, 0x00, 0x00, 0x80, 0x03, 0x00, 0x80,
    0x31, 0x00, 0x00, 0x1C, 0x00, 0x00, 0x00, 0x00, 0x80, 0x03, 0x00, 0x1C,
    0x00, 0x00, 0x00, 0x00, 0x00, 0x00, 0x00, 0x00, 0x00, 0x00, 0x00, 0x00,
    0x00, 0x00, 0x06, 0x00, 0x00, 0x00, 0x00, 0x00, 0x00, 0x00, 0x00, 0x00,
    0x00, 0x00, 0x00, 0x38, 0x00, 0x1C, 0x00, 0x0E, 0x70, 0x3E, 0x00, 0x00,
    0x00, 0x06, 0xFE, 0x03, 0xF7, 0x03, 0xFE, 0x01, 0xBF, 0x83, 0x7F, 0x80,
    0x01, 0xE0, 0x77, 0xDC, 0x0F, 0xF0, 0x00, 0x80, 0x8F, 0x83, 0x07, 0x1C,
    0xF0, 0x73, 0x70, 0x3F, 0xE0, 0x1F, 0xDC, 0x0F, 0xF8, 0x1D, 0xF7, 0x03,
    0xFE, 0xC1, 0x7F, 0xE0, 0xC0, 0x39, 0xE0, 0x1C, 0x70, 0x1E, 0x3C, 0x0E,
    0x1C, 0xFF, 0x0F, 0x38, 0x00, 0x1C, 0x00, 0x0E, 0x00, 0x00, 0x00, 0x00,
    0x00, 0x06, 0xFE, 0x03, 0xF7, 0x03, 0xFE, 0x01, 0xBF, 0x83, 0x7F, 0x80,
    0x01, 0xE0, 0x77, 0xDC, 0x0F, 0xF0, 0x00, 0x80, 0x8F, 0x83, 0x07, 0x1C,
    0xF0, 0x73, 0x70, 0x3F, 0xE0, 0x1F, 0xDC, 0x0F, 0xF8, 0x1D, 0xF7, 0x03,
    0xFE, 0xC1, 0x7F, 0xE0, 0xC0, 0x39, 0xE0, 0x1C, 0x70, 0x1E, 0x3C, 0x0E,
    0x1C, 0xFF, 0x0F, 0x38, 0x00, 0x1C, 0x00, 0x0E, 0x00, 0x00, 0x00, 0x00,
    0x00, 0x00, 0x00, 0x06, 0x0F, 0x8E, 0x03, 0xC7, 0xC1, 0xE3, 0xC0, 0xF1,
    0x0F, 0x38, 0x78, 0x3C, 0x38, 0xE0, 0x00, 0x00, 0x8E, 0xC3, 0x00, 0x1C,
    0x70, 0xCE, 0xF1, 0xE0, 0x38, 0x70, 0x3C, 0x38, 0x0E, 0x1E, 0x0F, 0x8E,
    0x03, 0x00, 0x06, 0xE0, 0xC0, 0x71, 0x30, 0x9C, 0x73, 0x30, 0x06, 0x18,
    0x06, 0x80, 0x01, 0x0C, 0x00, 0x1C, 0x00, 0x1C, 0x00, 0x00, 0x00, 0x00,
    0x00, 0x00, 0xFE, 0x07, 0x07, 0x8E, 0x03, 0xC0, 0x81, 0xE3, 0xFF, 0x81,
    0x01, 0x38, 0x70, 0x1C, 0x38, 0xE0, 0x00, 0x00, 0x8E, 0x3F, 0x00, 0x1C,
    0x70, 0xCE, 0x71, 0xE0, 0x38, 0x70, 0x1C, 0x38, 0x0E, 0x1C, 0x07, 0x00,
    0xFE, 0x01, 0x06, 0xE0, 0xC0, 0xC1, 0x18, 0x9C, 0x73, 0xE0, 0x03, 0x30,
    0x03, 0xF0, 0x00, 0x38, 0x00, 0x1C, 0x00, 0x0E, 0x00, 0x00, 0x00, 0x00,
    0x00, 0x00, 0xFE, 0x07, 0x07, 0x8E, 0x03, 0xC0, 0x81, 0xE3, 0xFF, 0x81,
    0x01, 0x38, 0x70, 0x1C, 0x38, 0xE0, 0x00, 0x00, 0x8E, 0x3F, 0x00, 0x1C,
    0x70, 0xCE, 0x71, 0xE0, 0x38, 0x70, 0x1C, 0x38, 0x0E, 0x1C, 0x07, 0x00,
    0xFE, 0x01, 0x06, 0xE0, 0xC0, 0xC1, 0x18, 0x9C, 0x73, 0xE0, 0x03, 0x30,
    0x03, 0xF0, 0x00, 0x38, 0x00, 0x1C, 0x00, 0x0E, 0x00, 0x00, 0x00, 0x00,
    0x00, 0x00, 0x07, 0x06, 0x07, 0x8E, 0x03, 0xC0, 0x81, 0xE3, 0x00, 0x80,
    0x01, 0xE0, 0x7F, 0x1C, 0x38, 0xE0, 0x00, 0x00, 0x8E, 0xC3, 0x00, 0x1C,
    0x70, 0xCE, 0x71, 0xE0, 0x38, 0x70, 0x3C, 0x38, 0x0E, 0x1E, 0x07, 0x00,
    0x00, 0x07, 0x86, 0xE3, 0xE0, 0x81, 0x0F, 0xB8, 0x1B, 0x30, 0x06, 0xE0,
    0x01, 0x18, 0x00, 0x38, 0x00, 0x1C, 0x00, 0x0E, 0x00, 0x00, 0x00, 0x00,
    0x00, 0x00, 0x07, 0x06, 0x07, 0x8E, 0x03, 0xC0, 0x81, 0xE3, 0x00, 0x80,
    0x01, 0xE0, 0x7F, 0x1C, 0x38, 0xE0, 0x00, 0x00, 0x8E, 0xC3, 0x00, 0x1C,
    0x70, 0xCE, 0x71, 0xE0, 0x38, 0x70, 0x3C, 0x38, 0x0E, 0x1E, 0x07, 0x00,
    0x00, 0x07, 0x86, 0xE3, 0xE0, 0x81, 0x0F, 0xB8, 0x1B, 0x30, 0x06, 0xE0,
    0x01, 0x18, 0x00, 0x38, 0x00, 0x1C, 0x00, 0x0E, 0x00, 0x00, 0x00, 0x00,
    0x00, 0x00, 0xFE, 0x1F, 0xFF, 0x03, 0xFE, 0x07, 0xFF, 0x83, 0x7F, 0x80,
    0x01, 0x00, 0x70, 0x1C, 0x38, 0xF8, 0x03, 0x07, 0x8E, 0x83, 0x07, 0x7F,
    0x70, 0xCE, 0x71, 0xE0, 0xE0, 0x1F, 0xDC, 0x0F, 0xF8, 0x1D, 0x07, 0x00,
    0xFE, 0x01, 0xFC, 0x80, 0xDF, 0x01, 0x07, 0x60, 0x0C, 0x1E, 0x3C, 0xE0,
    0x00, 0xFF, 0x0F, 0x38, 0x00, 0x1C, 0x00, 0x0E, 0x00, 0x00, 0x00, 0x00,
    0x00, 0x00, 0xFE, 0x1F, 0xFF, 0x03, 0xFE, 0x07, 0xFF, 0x83, 0x7F, 0x80,
    0x01, 0x00, 0x70, 0x1C, 0x38, 0xF8, 0x03, 0x07, 0x8E, 0x83, 0x07, 0x7F,
    0x70, 0xCE, 0x71, 0xE0, 0xE0, 0x1F, 0xDC, 0x0F, 0xF8, 0x1D, 0x07, 0x00,
    0xFE, 0x01, 0xFC, 0x80, 0xDF, 0x01, 0x07, 0x60, 0x0C, 0x1E, 0x3C, 0xE0,
    0x00, 0xFF, 0x0F, 0x38, 0x00, 0x1C, 0x00, 0x0E, 0x00, 0x00, 0x00, 0x00,
    0x00, 0x00, 0x00, 0x00, 0x00, 0x00, 0x00, 0x00, 0x00, 0x00, 0x00, 0x00,
    0x00, 0xE0, 0x1F, 0x00, 0x00, 0x00, 0x00, 0xFC, 0x03, 0x00, 0x00, 0x00,
    0x00, 0x00, 0x00, 0x00, 0x00, 0x00, 0x1C, 0x00, 0x00, 0x1C, 0x00, 0x00,
    0x00, 0x00, 0x00, 0x00, 0x00, 0x00, 0x00, 0x00, 0x00, 0x00, 0x00, 0x38,
    0x00, 0x00, 0x00, 0xF0, 0x00, 0x00, 0x80, 0x03, 0x00, 0x00, 0x00, 0x00,
    0x00, 0x00, 0x00, 0x00, 0x00, 0x00, 0x00, 0x00, 0x00, 0x00, 0x00, 0x00,
    0x00, 0x00, 0x00, 0x00, 0x00, 0x00, 0x00, 0x00, 0x00, 0x00, 0x00, 0x00,
    0x00, 0x00, 0x00, 0x00, 0x00, 0x00, 0x00, 0x00, 0x00, 0x00, 0x00, 0x00,
    0x00, 0x00, 0x00, 0x00, 0x00, 0x00, 0x00, 0x00, 0x00, 0x00, 0x00, 0x00,
    0x00, 0x00, 0x00, 0x00, 0x00, 0x00, 0x00, 0x00, 0x00, 0x00, 0x00, 0x00,
    0x00, 0x00, 0x00, 0x00, 0x00, 0x00, 0x00, 0x00, 0x00, 0x00, 0x00, 0x00,
    0x00, 0x00, 0x00, 0x00, 0x00, 0x00, 0x00, 0x00, 0x00, 0x00, 0x00, 0x00,
    0x00, 0x00, 0x00, 0x00, 0x00, 0x00, 0x00, 0x00, 0x00, 0x00, 0x00, 0x00,
    0x00, 0x00, 0x00, 0x00, 0x00, 0x00, 0x00, 0x00, 0x00, 0x00, 0x00, 0x00,
    0x00, 0x00, 0x00, 0x00, 0x00, 0x00, 0x00, 0x00, 0x00, 0x00, 0x00, 0x00,
    0x00, 0x00, 0x00, 0x00, 0x00, 0x00, 0x00, 0x00, 0x00, 0x00, 0x00, 0x00,
    0x00, 0xE0, 0x0F, 0x30, 0x0C, 0xF8, 0x07, 0x00, 0x00, 0x00, 0x00, 0x00,
    0x00, 0x00, 0xC0, 0x3F, 0xE0, 0x1F, 0x00, 0x00, 0x00, 0x00, 0x00, 0x00,
    0x00, 0x00, 0x00, 0x00, 0x00, 0x00, 0x00, 0x00, 0x00, 0x00, 0x00, 0x00,
    0x00, 0x00, 0x00, 0x00, 0x00, 0x00, 0x00, 0x00, 0x00, 0x00, 0x00, 0x00,
    0x00, 0x00, 0x00, 0x00, 0x00, 0x00, 0x00, 0x00, 0x00, 0x00, 0x00, 0x00,
    0x00, 0xE0, 0x0F, 0x30, 0x0C, 0xF8, 0x07, 0x00, 0x00, 0x00, 0x00, 0x00,
    0x00, 0x00, 0xC0, 0x3F, 0xE0, 0x1F, 0x00, 0x00, 0x00, 0x00, 0x00, 0x00,
    0x00, 0x00, 0x00, 0x00, 0x00, 0x00, 0x00, 0x00, 0x00, 0x00, 0x00, 0x00,
    0x00, 0x00, 0x00, 0x00, 0x00, 0x00, 0x00, 0x00, 0x00, 0x00, 0x00, 0x00,
    0x00, 0x00, 0xE0, 0x00, 0x70, 0x00, 0xFC, 0x01, 0x00, 0xE0, 0x60, 0x00,
    0x07, 0x38, 0x18, 0x00, 0x00, 0x06, 0x18, 0xFC, 0x01, 0x00, 0x00, 0x00,
    0x00, 0x00, 0x30, 0xC0, 0x00, 0x00, 0xF0, 0x01, 0xE0, 0x80, 0x0F, 0xC0,
    0x07, 0x00, 0x38, 0x00, 0x00, 0xF0, 0xFF, 0x01, 0x00, 0x00, 0x00, 0xE0,
    0x00, 0xF8, 0x03, 0x00, 0xE0, 0x81, 0xF0, 0x40, 0xF8, 0x20, 0x80, 0x03,
    0x00, 0x00, 0x00, 0x00, 0x70, 0x00, 0x06, 0xC7, 0xC1, 0x80, 0x31, 0x00,
    0x07, 0x38, 0x00, 0x00, 0x00, 0xE1, 0x21, 0x00, 0x03, 0xC6, 0x00, 0x00,
    0x00, 0x00, 0x88, 0x1F, 0x01, 0x00, 0x9C, 0x03, 0xE0, 0x00, 0x18, 0x00,
    0x0C, 0x00, 0x1C, 0x00, 0x00, 0x38, 0xE7, 0x01, 0x00, 0x00, 0x00, 0xF0,
    0x00, 0x0C, 0x8E, 0x73, 0xC0, 0x41, 0xE0, 0x20, 0x80, 0x11, 0x00, 0x00,
    0x00, 0x00, 0x00, 0x00, 0x70, 0x00, 0x06, 0xC7, 0xC1, 0x80, 0x31, 0x00,
    0x07, 0x38, 0x00, 0x00, 0x00, 0xE1, 0x21, 0x00, 0x03, 0xC6, 0x00, 0x00,
    0x00, 0x00, 0x88, 0x1F, 0x01, 0x00, 0x9C, 0x03, 0xE0, 0x00, 0x18, 0x00,
    0x0C, 0x00, 0x1C, 0x00, 0x00, 0x38, 0xE7, 0x01, 0x00, 0x00, 0x00, 0xF0,
    0x00, 0x0C, 0x8E, 0x73, 0xC0, 0x41, 0xE0, 0x20, 0x80, 0x11, 0x00, 0x00,
    0x00, 0x00, 0xE0, 0x00, 0xFF, 0x03, 0x0C, 0x00, 0x7F, 0x00, 0x1F, 0x00,
    0x07, 0xE0, 0x0F, 0x00, 0x00, 0x11, 0x22, 0xFC, 0x83, 0x73, 0x00, 0x00,
    0x00, 0x00, 0x88, 0x30, 0x01, 0x00, 0xF0, 0x01, 0xFE, 0x07, 0x0C, 0x80,
    0x07, 0x00, 0x00, 0x70, 0x30, 0x38, 0xE7, 0x00, 0x00, 0x00, 0x00, 0xE0,
    0x00, 0x0C, 0x0E, 0xC6, 0xC0, 0x21, 0xE0, 0x10, 0xF0, 0x08, 0x80, 0x03,
    0x00, 0x00, 0xE0, 0x00, 0xFF, 0x03, 0x0C, 0x00, 0x7F, 0x00, 0x1F, 0x00,
    0x07, 0xE0, 0x0F, 0x00, 0x00, 0x11, 0x22, 0xFC, 0x83, 0x73, 0x00, 0x00,
    0x00, 0x00, 0x88, 0x30, 0x01, 0x00, 0xF0, 0x01, 0xFE, 0x07, 0x0C, 0x80,
    0x07, 0x00, 0x00, 0x70, 0x30, 0x38, 0xE7, 0x00, 0x00, 0x00, 0x00, 0xE0,
    0x00, 0x0C, 0x0E, 0xC6, 0xC0, 0x21, 0xE0, 0x10, 0xF0, 0x08, 0x80, 0x03,
    0x00, 0x00, 0xE0, 0x80, 0x73, 0x8E, 0x7F, 0xC0, 0xC1, 0x00, 0x0E, 0x00,
    0x00, 0x38, 0x18, 0x00, 0x00, 0x11, 0x20, 0x07, 0xC3, 0x39, 0xC0, 0xFF,
    0xE0, 0x7F, 0x88, 0x1F, 0x01, 0x00, 0x00, 0x00, 0xE0, 0x00, 0x07, 0x00,
    0x0C, 0x00, 0x00, 0x70, 0x30, 0xF0, 0xE7, 0x80, 0x03, 0x00, 0x00, 0xE0,
    0x00, 0x0C, 0x0E, 0x8C, 0xC1, 0x99, 0xE7, 0xFC, 0x81, 0xF7, 0x60, 0x00,
    0x00, 0x00, 0xE0, 0x80, 0x73, 0x00, 0x0C, 0xC0, 0xC1, 0x80, 0x3F, 0x00,
    0x07, 0xE0, 0x0F, 0x00, 0x00, 0x11, 0x22, 0xFC, 0x8F, 0x73, 0x00, 0xC0,
    0x00, 0x00, 0x88, 0x10, 0x01, 0x00, 0x00, 0x00, 0xE0, 0x80, 0x7F, 0xC0,
    0x07, 0x00, 0x00, 0x70, 0x30, 0x00, 0xE7, 0x00, 0x00, 0x00, 0x00, 0xE0,
    0x00, 0xF8, 0x03, 0xC6, 0xC0, 0x45, 0xE7, 0x82, 0xFB, 0xE9, 0x38, 0x00,
    0x00, 0x00, 0xE0, 0x80, 0x73, 0x00, 0x0C, 0xC0, 0xC1, 0x80, 0x3F, 0x00,
    0x07, 0xE0, 0x0F, 0x00, 0x00, 0x11, 0x22, 0xFC, 0x8F, 0x73, 0x00, 0xC0,
    0x00, 0x00, 0x88, 0x10, 0x01, 0x00, 0x00, 0x00, 0xE0, 0x80, 0x7F, 0xC0,
    0x07, 0x00, 0x00, 0x70, 0x30, 0x00, 0xE7, 0x00, 0x00, 0x00, 0x00, 0xE0,
    0x00, 0xF8, 0x03, 0xC6, 0xC0, 0x45, 0xE7, 0x82, 0xFB, 0xE9, 0x38, 0x00,
    0x00, 0x00, 0xE0, 0x80, 0x73, 0x80, 0x3F, 0x07, 0x7F, 0x00, 0x0E, 0x00,
    0x07, 0x00, 0x18, 0x00, 0x00, 0xE1, 0x21, 0x00, 0x00, 0xC6, 0x00, 0x00,
    0x00, 0x00, 0x88, 0x30, 0x01, 0x00, 0x00, 0x00, 0x00, 0x00, 0x00, 0x00,
    0x00, 0x00, 0x00, 0x70, 0x30, 0x00, 0xE7, 0x00, 0x00, 0x00, 0x00, 0x00,
    0x00, 0x00, 0x80, 0x73, 0x00, 0x22, 0x07, 0xC1, 0x81, 0xE6, 0x38, 0x18,
    0x00, 0x00, 0xE0, 0x80, 0x73, 0x80, 0x3F, 0x07, 0x7F, 0x00, 0x0E, 0x00,
    0x07, 0x00, 0x18, 0x00, 0x00, 0xE1, 0x21, 0x00, 0x00, 0xC6, 0x00, 0x00,
    0x00, 0x00, 0x88, 0x30, 0x01, 0x00, 0x00, 0x00, 0x00, 0x00, 0x00, 0x00,
    0x00, 0x00, 0x00, 0x70, 0x30, 0x00, 0xE7, 0x00, 0x00, 0x00, 0x00, 0x00,
    0x00, 0x00, 0x80, 0x73, 0x00, 0x22, 0x07, 0xC1, 0x81, 0xE6, 0x38, 0x18,
    0x00, 0x00, 0xE0, 0x00, 0xFF, 0x8F, 0xF3, 0xC1, 0xC1, 0x00, 0x0E, 0x00,
    0x07, 0x38, 0x18, 0x00, 0x00, 0x06, 0x18, 0xFF, 0x0F, 0x00, 0x00, 0x00,
    0x00, 0x00, 0x30, 0xC0, 0x00, 0x00, 0x00, 0x00, 0xFE, 0x07, 0x00, 0x00,
    0x00, 0x00, 0x00, 0xF0, 0x6F, 0x00, 0xE7, 0x00, 0x00, 0x00, 0x00, 0x00,
    0x00, 0xFC, 0x0F, 0x00, 0x00, 0xF9, 0x87, 0x60, 0x40, 0xFF, 0xE0, 0x0F,
    0x00, 0x00, 0xE0, 0x00, 0xFF, 0x8F, 0xF3, 0xC1, 0xC1, 0x00, 0x0E, 0x00,
    0x07, 0x38, 0x18, 0x00, 0x00, 0x06, 0x18, 0xFF, 0x0F, 0x00, 0x00, 0x00,
    0x00, 0x00, 0x30, 0xC0, 0x00, 0x00, 0x00, 0x00, 0xFE, 0x07, 0x00, 0x00,
    0x00, 0x00, 0x00, 0xF0, 0x6F, 0x00, 0xE7, 0x00, 0x00, 0x00, 0x00, 0x00,
    0x00, 0xFC, 0x0F, 0x00, 0x00, 0xF9, 0x87, 0x60, 0x40, 0xFF, 0xE0, 0x0F,
    0x00, 0x00, 0x00, 0x00, 0x70, 0x00, 0x00, 0x00, 0x00, 0x00, 0x00, 0x00,
    0x00, 0xE0, 0x0F, 0x00, 0x00, 0xF8, 0x07, 0x00, 0x00, 0x00, 0x00, 0x00,
    0x00, 0x00, 0xC0, 0x3F, 0x00, 0x00, 0x00, 0x00, 0x00, 0x00, 0x00, 0x00,
    0x00, 0x00, 0x00, 0x70, 0x00, 0x00, 0xE7, 0x00, 0x00, 0xC0, 0x01, 0x00,
    0x00, 0x00, 0x00, 0x00, 0xC0, 0x00, 0x67, 0xF0, 0x33, 0xE0, 0x00, 0x00,
    0x00, 0x00, 0x00, 0x00, 0x70, 0x00, 0x00, 0x00, 0x00, 0x00, 0x00, 0x00,
    0x00, 0x00, 0x00, 0x00, 0x00, 0x00, 0x00, 0x00, 0x00, 0x00, 0x00, 0x00,
    0x00, 0x00, 0x00, 0x00, 0x00, 0x00, 0x00, 0x00, 0x00, 0x00, 0x00, 0x00,
    0x00, 0x00, 0x00, 0x70, 0x00, 0x00, 0xE7, 0x00, 0x00, 0xE0, 0x01, 0x00,
    0x00, 0x00, 0x00, 0x00, 0x00, 0x00, 0x00, 0x00, 0x00, 0x00, 0x00, 0x00,
    0x00, 0x00, 0x00, 0x00, 0x70, 0x00, 0x00, 0x00, 0x00, 0x00, 0x00, 0x00,
    0x00, 0x00, 0x00, 0x00, 0x00, 0x00, 0x00, 0x00, 0x00, 0x00, 0x00, 0x00,
    0x00, 0x00, 0x00, 0x00, 0x00, 0x00, 0x00, 0x00, 0x00, 0x00, 0x00, 0x00,
    0x00, 0x00, 0x00, 0x70, 0x00, 0x00, 0xE7, 0x00, 0x00, 0xE0, 0x01, 0x00,
    0x00, 0x00, 0x00, 0x00, 0x00, 0x00, 0x00, 0x00, 0x00, 0x00, 0x00, 0x00,
    0x60, 0x00, 0x00, 0x03, 0xF0, 0x00, 0x3E, 0x07, 0xC3, 0x00, 0x3F, 0x00,
    0x00, 0x00, 0x00, 0xC0, 0x01, 0x00, 0x03, 0xF0, 0x00, 0x86, 0x01, 0x06,
    0x00, 0x1C, 0x80, 0x0F, 0x60, 0x0C, 0x00, 0x00, 0xF8, 0x1C, 0x18, 0x00,
    0xC0, 0x00, 0x3C, 0x80, 0xCF, 0xC1, 0x30, 0x00, 0x00, 0x00, 0x00, 0xE0,
    0x00, 0xE0, 0x00, 0x78, 0x00, 0xC3, 0x00, 0x1C, 0xF0, 0x01, 0x00, 0x00,
    0x60, 0x00, 0x00, 0x03, 0xF0, 0x00, 0x3E, 0x07, 0xC3, 0x00, 0x3F, 0x00,
    0x00, 0x00, 0x00, 0xC0, 0x01, 0x00, 0x03, 0xF0, 0x00, 0x86, 0x01, 0x06,
    0x00, 0x1C, 0x80, 0x0F, 0x60, 0x0C, 0x00, 0x00, 0xF8, 0x1C, 0x18, 0x00,
    0xC0, 0x00, 0x3C, 0x80, 0xCF, 0xC1, 0x30, 0x00, 0x00, 0x00, 0x00, 0xE0,
    0x00, 0xE0, 0x00, 0x78, 0x00, 0xC3, 0x00, 0x1C, 0xF0, 0x01, 0x00, 0x00,
    0xC0, 0x01, 0xC0, 0x01, 0x98, 0x81, 0xF3, 0x01, 0x00, 0x80, 0x61, 0xC0,
    0xFF, 0xC0, 0x1F, 0x80, 0x03, 0xC0, 0x01, 0x98, 0x01, 0x00, 0x00, 0x1C,
    0x00, 0x0E, 0xC0, 0x18, 0x00, 0x00, 0xFC, 0x07, 0xCE, 0x07, 0x70, 0x00,
    0x70, 0x00, 0x66, 0xE0, 0x7C, 0x00, 0x00, 0x00, 0x00, 0x00, 0x38, 0xC0,
    0x01, 0x70, 0x00, 0xCC, 0x00, 0x00, 0x70, 0xCE, 0xC1, 0x00, 0xC0, 0x0F,
    0xE0, 0x07, 0xF0, 0x03, 0x00, 0x00, 0x00, 0x00, 0x7E, 0x00, 0x3F, 0x70,
    0x07, 0x60, 0x70, 0xFC, 0x3F, 0xFE, 0x1F, 0xFF, 0x8F, 0xFF, 0x07, 0x7F,
    0x80, 0x3F, 0x00, 0x00, 0xE0, 0x0F, 0x1C, 0x0C, 0x1E, 0x1C, 0xFC, 0x03,
    0xFE, 0x01, 0xFF, 0x80, 0x7F, 0xC0, 0x3F, 0x00, 0x00, 0xF0, 0x0F, 0x0E,
    0x1C, 0x07, 0x8E, 0x03, 0xC7, 0x81, 0xE3, 0x60, 0xC0, 0x3F, 0x60, 0x18,
    0xE0, 0x07, 0xF0, 0x03, 0x00, 0x00, 0x00, 0x00, 0x7E, 0x00, 0x3F, 0x70,
    0x07, 0x60, 0x70, 0xFC, 0x3F, 0xFE, 0x1F, 0xFF, 0x8F, 0xFF, 0x07, 0x7F,
    0x80, 0x3F, 0x00, 0x00, 0xE0, 0x0F, 0x1C, 0x0C, 0x1E, 0x1C, 0xFC, 0x03,
    0xFE, 0x01, 0xFF, 0x80, 0x7F, 0xC0, 0x3F, 0x00, 0x00, 0xF0, 0x0F, 0x0E,
    0x1C, 0x07, 0x8E, 0x03, 0xC7, 0x81, 0xE3, 0x60, 0xC0, 0x3F, 0x60, 0x18,
    0x30, 0x0C, 0x18, 0x06, 0xFC, 0x03, 0xFE, 0x01, 0xC3, 0x80, 0x61, 0x38,
    0x07, 0x38, 0x00, 0x1C, 0x00, 0x0E, 0x00, 0x07, 0x80, 0x03, 0x00, 0x1C,
    0x00, 0x0E, 0xC0, 0x1F, 0x80, 0x03, 0x1C, 0x38, 0x3E, 0x1C, 0x07, 0x8E,
    0x03, 0xC7, 0x81, 0xE3, 0xC0, 0x71, 0xE0, 0x60, 0x0C, 0x1C, 0x3E, 0x0E,
    0x1C, 0x07, 0x8E, 0x03, 0xC7, 0x81, 0x83, 0x31, 0xC0, 0xE0, 0x38, 0x18,
    0x30, 0x0C, 0x18, 0x06, 0xFC, 0x03, 0xFE, 0x01, 0xC3, 0x80, 0x61, 0x38,
    0x07, 0x38, 0x00, 0x1C, 0x00, 0x0E, 0x00, 0x07, 0x80, 0x03, 0x00, 0x1C,
    0x00, 0x0E, 0xC0, 0x1F, 0x80, 0x03, 0x1C, 0x38, 0x3E, 0x1C, 0x07, 0x8E,
    0x03, 0xC7, 0x81, 0xE3, 0xC0, 0x71, 0xE0, 0x60, 0x0C, 0x1C, 0x3E, 0x0E,
    0x1C, 0x07, 0x8E, 0x03, 0xC7, 0x81, 0x83, 0x31, 0xC0, 0xE0, 0x38, 0x18,
    0x1C, 0x38, 0x0E, 0x1C, 0x07, 0x8E, 0x03, 0xC7, 0x81, 0xE3, 0xC0, 0xF9,
    0x3F, 0x38, 0x00, 0xFC, 0x07, 0xFE, 0x03, 0xFF, 0x81, 0xFF, 0x00, 0x1C,
    0x00, 0x0E, 0x00, 0x07, 0x80, 0x03, 0x7E, 0x38, 0xEE, 0x1C, 0x07, 0x8E,
    0x03, 0xC7, 0x81, 0xE3, 0xC0, 0x71, 0xE0, 0xC0, 0x07, 0x9C, 0x3B, 0x0E,
    0x1C, 0x07, 0x8E, 0x03, 0xC7, 0x81, 0x03, 0x1F, 0xC0, 0xE0, 0x38, 0x0C,
    0xFC, 0x3F, 0xFE, 0x1F, 0xFF, 0x8F, 0xFF, 0xC7, 0xFF, 0xE3, 0xFF, 0x39,
    0x07, 0x38, 0x00, 0x1C, 0x00, 0x0E, 0x00, 0x07, 0x80, 0x03, 0x00, 0x1C,
    0x00, 0x0E, 0x00, 0x07, 0x80, 0x03, 0x1C, 0x38, 0xCE, 0x1D, 0x07, 0x8E,
    0x03, 0xC7, 0x81, 0xE3, 0xC0, 0x71, 0xE0, 0x80, 0x03, 0xDC, 0x39, 0x0E,
    0x1C, 0x07, 0x8E, 0x03, 0xC7, 0x81, 0x03, 0x0E, 0xC0, 0x3F, 0x38, 0x70,
    0xFC, 0x3F, 0xFE, 0x1F, 0xFF, 0x8F, 0xFF, 0xC7, 0xFF, 0xE3, 0xFF, 0x39,
    0x07, 0x38, 0x00, 0x1C, 0x00, 0x0E, 0x00, 0x07, 0x80, 0x03, 0x00, 0x1C,
    0x00, 0x0E, 0x00, 0x07, 0x80, 0x03, 0x1C, 0x38, 0xCE, 0x1D, 0x07, 0x8E,
    0x03, 0xC7, 0x81, 0xE3, 0xC0, 0x71, 0xE0, 0x80, 0x03, 0xDC, 0x39, 0x0E,
    0x1C, 0x07, 0x8E, 0x03, 0xC7, 0x81, 0x03, 0x0E, 0xC0, 0x3F, 0x38, 0x70,
    0x1C, 0x38, 0x0E, 0x1C, 0x07, 0x8E, 0x03, 0xC7, 0x81, 0xE3, 0xC0, 0x39,
    0x07, 0x60, 0x70, 0x1C, 0x00, 0x0E, 0x00, 0x07, 0x80, 0x03, 0x00, 0x1C,
    0x00, 0x0E, 0x00, 0x07, 0x80, 0x03, 0x1C, 0x0C, 0x0E, 0x1F, 0x07, 0x8E,
    0x03, 0xC7, 0x81, 0xE3, 0xC0, 0x71, 0xE0, 0xC0, 0x07, 0x7C, 0x38, 0x0E,
    0x1C, 0x07, 0x8E, 0x03, 0xC7, 0x81, 0x03, 0x0E, 0xC0, 0x00, 0x38, 0x70,
    0x1C, 0x38, 0x0E, 0x1C, 0x07, 0x8E, 0x03, 0xC7, 0x81, 0xE3, 0xC0, 0x39,
    0x07, 0x60, 0x70, 0x1C, 0x00, 0x0E, 0x00, 0x07, 0x80, 0x03, 0x00, 0x1C,
    0x00, 0x0E, 0x00, 0x07, 0x80, 0x03, 0x1C, 0x0C, 0x0E, 0x1F, 0x07, 0x8E,
    0x03, 0xC7, 0x81, 0xE3, 0xC0, 0x71, 0xE0, 0xC0, 0x07, 0x7C, 0x38, 0x0E,
    0x1C, 0x07, 0x8E, 0x03, 0xC7, 0x81, 0x03, 0x0E, 0xC0, 0x00, 0x38, 0x70,
    0x1C, 0x38, 0x0E, 0x1C, 0x07, 0x8E, 0x03, 0xC7, 0x81, 0xE3, 0xC0, 0x39,
    0xFF, 0xC0, 0x1F, 0xFC, 0x3F, 0xFE, 0x1F, 0xFF, 0x8F, 0xFF, 0x07, 0x7F,
    0x80, 0x3F, 0xC0, 0x1F, 0xE0, 0x0F, 0xFC, 0x07, 0x0E, 0x1E, 0xFC, 0x03,
    0xFE, 0x01, 0xFF, 0x80, 0x7F, 0xC0, 0x3F, 0x60, 0x0C, 0xF0, 0x0F, 0xF8,
    0x07, 0xFC, 0x03, 0xFE, 0x01, 0xFF, 0x00, 0x0E, 0xF0, 0x01, 0x38, 0x1F,
    0x1C, 0x38, 0x0E, 0x1C, 0x07, 0x8E, 0x03, 0xC7, 0x81, 0xE3, 0xC0, 0x39,
    0xFF, 0xC0, 0x1F, 0xFC, 0x3F, 0xFE, 0x1F, 0xFF, 0x8F, 0xFF, 0x07, 0x7F,
    0x80, 0x3F, 0xC0, 0x1F, 0xE0, 0x0F, 0xFC, 0x07, 0x0E, 0x1E, 0xFC, 0x03,
    0xFE, 0x01, 0xFF, 0x80, 0x7F, 0xC0, 0x3F, 0x60, 0x0C, 0xF0, 0x0F, 0xF8,
    0x07, 0xFC, 0x03, 0xFE, 0x01, 0xFF, 0x00, 0x0E, 0xF0, 0x01, 0x38, 0x1F,
    0x00, 0x00, 0x00, 0x00, 0x00, 0x00, 0x00, 0x00, 0x00, 0x00, 0x00, 0x00,
    0x00, 0x00, 0x07, 0x00, 0x00, 0x00, 0x00, 0x00, 0x00, 0x00, 0x00, 0x00,
    0x00, 0x00, 0x00, 0x00, 0x00, 0x00, 0x00, 0x00, 0x00, 0x00, 0x00, 0x00,
    0x00, 0x00, 0x00, 0x00, 0x00, 0x00, 0x00, 0x00, 0x00, 0x1C, 0x00, 0x00,
    0x00, 0x00, 0x00, 0x00, 0x00, 0x00, 0x00, 0x00, 0x00, 0x00, 0x38, 0x00,
    0x00, 0x00, 0x00, 0x00, 0x00, 0x00, 0x00, 0x00, 0x00, 0x00, 0x00, 0x00,
    0x00, 0x80, 0x03, 0x00, 0x00, 0x00, 0x00, 0x00, 0x00, 0x00, 0x00, 0x00,
    0x00, 0x00, 0x00, 0x00, 0x00, 0x00, 0x00, 0x00, 0x00, 0x00, 0x00, 0x00,
    0x00, 0x00, 0x00, 0x00, 0x00, 0x00, 0x00, 0x00, 0x00, 0x00, 0x00, 0x00,
    0x00, 0x00, 0x00, 0x00, 0x00, 0x00, 0x00, 0x00, 0x00, 0x00, 0x00, 0x00,
    0x00, 0x00, 0x00, 0x00, 0x00, 0x00, 0x00, 0x00, 0x00, 0x00, 0x00, 0x00,
    0x00, 0x80, 0x03, 0x00, 0x00, 0x00, 0x00, 0x00, 0x00, 0x00, 0x00, 0x00,
    0x00, 0x00, 0x00, 0x00, 0x00, 0x00, 0x00, 0x00, 0x00, 0x00, 0x00, 0x00,
    0x00, 0x00, 0x00, 0x00, 0x00, 0x00, 0x00, 0x00, 0x00, 0x00, 0x00, 0x00,
    0x00, 0x00, 0x00, 0x00, 0x00, 0x00, 0x00, 0x00, 0x00, 0x00, 0x00, 0x00,
    0x60, 0x00, 0xC0, 0x01, 0x78, 0x00, 0x8E, 0x01, 0x63, 0x00, 0x1F, 0x00,
    0x00, 0x00, 0x00, 0xC0, 0x01, 0xC0, 0x01, 0xF0, 0x00, 0x86, 0x01, 0x06,
    0x00, 0x1C, 0x00, 0x0F, 0x60, 0x0C, 0x00, 0x06, 0xF8, 0x1C, 0x18, 0x00,
    0xC0, 0x00, 0x3C, 0x80, 0xCF, 0xC1, 0x30, 0x00, 0x00, 0x00, 0x00, 0xE0,
    0x00, 0xE0, 0x00, 0x78, 0x00, 0xC3, 0x00, 0x30, 0x00, 0x00, 0x38, 0x0C,
    0x60, 0x00, 0xC0, 0x01, 0x78, 0x00, 0x8E, 0x01, 0x63, 0x00, 0x1F, 0x00,
    0x00, 0x00, 0x00, 0xC0, 0x01, 0xC0, 0x01, 0xF0, 0x00, 0x86, 0x01, 0x06,
    0x00, 0x1C, 0x00, 0x0F, 0x60, 0x0C, 0x00, 0x06, 0xF8, 0x1C, 0x18, 0x00,
    0xC0, 0x00, 0x3C, 0x80, 0xCF, 0xC1, 0x30, 0x00, 0x00, 0x00, 0x00, 0xE0,
    0x00, 0xE0, 0x00, 0x78, 0x00, 0xC3, 0x00, 0x30, 0x00, 0x00, 0x38, 0x0C,
    0xC0, 0x01, 0xE0, 0x00, 0xEC, 0x80, 0xF3, 0x00, 0x00, 0x80, 0x31, 0x00,
    0x00, 0x00, 0x00, 0x80, 0x03, 0xE0, 0x00, 0x98, 0x01, 0x00, 0x00, 0x1C,
    0x00, 0x0E, 0x80, 0x19, 0x00, 0x00, 0xC0, 0x7F, 0xCE, 0x07, 0x70, 0x00,
    0x70, 0x00, 0x66, 0xE0, 0x7C, 0x00, 0x00, 0x00, 0x00, 0x00, 0x00, 0xC0,
    0x01, 0x70, 0x00, 0xCC, 0x00, 0x00, 0x00, 0x1C, 0xC0, 0x00, 0x00, 0x00,
    0x00, 0x00, 0x00, 0x00, 0x00, 0x00, 0x00, 0x00, 0x00, 0x00, 0x1F, 0x00,
    0x00, 0x00, 0x00, 0x00, 0x00, 0x00, 0x00, 0x00, 0x00, 0x00, 0x00, 0x00,
    0x00, 0x00, 0x00, 0x00, 0x00, 0x00, 0x00, 0x0C, 0x00, 0x00, 0x00, 0x00,
    0x00, 0x00, 0x00, 0x00, 0x00, 0x00, 0x00, 0x00, 0x00, 0x00, 0x06, 0x00,
    0x00, 0x00, 0x00, 0x00, 0x00, 0x00, 0x00, 0x00, 0xC0, 0x00, 0x00, 0x00,
    0x00, 0x00, 0x00, 0x00, 0x00, 0x00, 0x00, 0x00, 0x00, 0x00, 0x1F, 0x00,
    0x00, 0x00, 0x00, 0x00, 0x00, 0x00, 0x00, 0x00, 0x00, 0x00, 0x00, 0x00,
    0x00, 0x00, 0x00, 0x00, 0x00, 0x00, 0x00, 0x0C, 0x00, 0x00, 0x00, 0x00,
    0x00, 0x00, 0x00, 0x00, 0x00, 0x00, 0x00, 0x00, 0x00, 0x00, 0x06, 0x00,
    0x00, 0x00, 0x00, 0x00, 0x00, 0x00, 0x00, 0x00, 0xC0, 0x00, 0x00, 0x00,
    0xFC, 0x07, 0xFE, 0x03, 0xFF, 0x81, 0xFF, 0xC0, 0x7F, 0xE0, 0x3F, 0xF0,
    0x39, 0xE0, 0x1F, 0xF0, 0x0F, 0xF8, 0x07, 0xFC, 0x03, 0xFE, 0x01, 0x1E,
    0x00, 0x0F, 0x80, 0x07, 0xC0, 0x03, 0xF0, 0x3F, 0xEE, 0x07, 0xFC, 0x03,
    0xFE, 0x01, 0xFF, 0x80, 0x7F, 0xC0, 0x3F, 0x80, 0x03, 0xFC, 0x0F, 0x0E,
    0x1C, 0x07, 0x8E, 0x03, 0xC7, 0x81, 0xE3, 0xC0, 0xC1, 0x3F, 0x1C, 0x18,
    0xFC, 0x07, 0xFE, 0x03, 0xFF, 0x81, 0xFF, 0xC0, 0x7F, 0xE0, 0x3F, 0xF0,
    0x39, 0xE0, 0x1F, 0xF0, 0x0F, 0xF8, 0x07, 0xFC, 0x03, 0xFE, 0x01, 0x1E,
    0x00, 0x0F, 0x80, 0x07, 0xC0, 0x03, 0xF0, 0x3F, 0xEE, 0x07, 0xFC, 0x03,
    0xFE, 0x01, 0xFF, 0x80, 0x7F, 0xC0, 0x3F, 0x80, 0x03, 0xFC, 0x0F, 0x0E,
    0x1C, 0x07, 0x8E, 0x03, 0xC7, 0x81, 0xE3, 0xC0, 0xC1, 0x3F, 0x1C, 0x18,
    0x00, 0x0C, 0x00, 0x06, 0x00, 0x03, 0x80, 0x01, 0xC0, 0x00, 0x60, 0x00,
    0xE7, 0x38, 0x70, 0x1C, 0x38, 0x0E, 0x1C, 0x07, 0x8E, 0x03, 0x07, 0x1C,
    0x00, 0x0E, 0x00, 0x07, 0x80, 0x03, 0x1C, 0x38, 0x1E, 0x1C, 0x07, 0x8E,
    0x03, 0xC7, 0x81, 0xE3, 0xC0, 0x71, 0xE0, 0x00, 0x00, 0x8E, 0x3B, 0x0E,
    0x1C, 0x07, 0x8E, 0x03, 0xC7, 0x81, 0x83, 0x61, 0xC0, 0xE0, 0x38, 0x0C,
    0xFC, 0x0F, 0xFE, 0x07, 0xFF, 0x83, 0xFF, 0xC1, 0xFF, 0xE0, 0x7F, 0xF0,
    0xFF, 0x38, 0x00, 0xFC, 0x3F, 0xFE, 0x1F, 0xFF, 0x8F, 0xFF, 0x07, 0x1C,
    0x00, 0x0E, 0x00, 0x07, 0x80, 0x03, 0x1C, 0x38, 0x0E, 0x1C, 0x07, 0x8E,
    0x03, 0xC7, 0x81, 0xE3, 0xC0, 0x71, 0xE0, 0xF8, 0x1F, 0xCE, 0x39, 0x0E,
    0x1C, 0x07, 0x8E, 0x03, 0xC7, 0x81, 0x03, 0x33, 0xC0, 0xE0, 0x60, 0x07,
    0xFC, 0x0F, 0xFE, 0x07, 0xFF, 0x83, 0xFF, 0xC1, 0xFF, 0xE0, 0x7F, 0xF0,
    0xFF, 0x38, 0x00, 0xFC, 0x3F, 0xFE, 0x1F, 0xFF, 0x8F, 0xFF, 0x07, 0x1C,
    0x00, 0x0E, 0x00, 0x07, 0x80, 0x03, 0x1C, 0x38, 0x0E, 0x1C, 0x07, 0x8E,
    0x03, 0xC7, 0x81, 0xE3, 0xC0, 0x71, 0xE0, 0xF8, 0x1F, 0xCE, 0x39, 0x0E,
    0x1C, 0x07, 0x8E, 0x03, 0xC7, 0x81, 0x03, 0x33, 0xC0, 0xE0, 0x60, 0x07,
    0x0E, 0x0C, 0x07, 0x86, 0x03, 0xC3, 0x81, 0xE1, 0xC0, 0x70, 0x60, 0x38,
    0x07, 0x38, 0x00, 0x1C, 0x00, 0x0E, 0x00, 0x07, 0x80, 0x03, 0x00, 0x1C,
    0x00, 0x0E, 0x00, 0x07, 0x80, 0x03, 0x1C, 0x38, 0x0E, 0x1C, 0x07, 0x8E,
    0x03, 0xC7, 0x81, 0xE3, 0xC0, 0x71, 0xE0, 0x00, 0x00, 0x6E, 0x38, 0x0E,
    0x1E, 0x07, 0x8F, 0x83, 0xC7, 0xC1, 0x03, 0x1E, 0xC0, 0xE0, 0xC0, 0x03,
    0x0E, 0x0C, 0x07, 0x86, 0x03, 0xC3, 0x81, 0xE1, 0xC0, 0x70, 0x60, 0x38,
    0x07, 0x38, 0x00, 0x1C, 0x00, 0x0E, 0x00, 0x07, 0x80, 0x03, 0x00, 0x1C,
    0x00, 0x0E, 0x00, 0x07, 0x80, 0x03, 0x1C, 0x38, 0x0E, 0x1C, 0x07, 0x8E,
    0x03, 0xC7, 0x81, 0xE3, 0xC0, 0x71, 0xE0, 0x00, 0x00, 0x6E, 0x38, 0x0E,
    0x1E, 0x07, 0x8F, 0x83, 0xC7, 0xC1, 0x03, 0x1E, 0xC0, 0xE0, 0xC0, 0x03,
    0xFC, 0x3F, 0xFE, 0x1F, 0xFF, 0x8F, 0xFF, 0xC7, 0xFF, 0xE3, 0xFF, 0xF1,
    0x3F, 0xE0, 0x7F, 0xF0, 0x0F, 0xF8, 0x07, 0xFC, 0x03, 0xFE, 0x01, 0x7F,
    0x80, 0x3F, 0xC0, 0x1F, 0xE0, 0x0F, 0xF0, 0x3F, 0x0E, 0x1C, 0xFC, 0x03,
    0xFE, 0x01, 0xFF, 0x80, 0x7F, 0xC0, 0x3F, 0x80, 0x03, 0xFC, 0x0F, 0xF8,
    0x1D, 0xFC, 0x0E, 0x7E, 0x07, 0xBF, 0x03, 0x0E, 0xC0, 0x3F, 0xC0, 0x00,
    0xFC, 0x3F, 0xFE, 0x1F, 0xFF, 0x8F, 0xFF, 0xC7, 0xFF, 0xE3, 0xFF, 0xF1,
    0x3F, 0xE0, 0x7F, 0xF0, 0x0F, 0xF8, 0x07, 0xFC, 0x03, 0xFE, 0x01, 0x7F,
    0x80, 0x3F, 0xC0, 0x1F, 0xE0, 0x0F, 0xF0, 0x3F, 0x0E, 0x1C, 0xFC, 0x03,
    0xFE, 0x01, 0xFF, 0x80, 0x7F, 0xC0, 0x3F, 0x80, 0x03, 0xFC, 0x0F, 0xF8,
    0x1D, 0xFC, 0x0E, 0x7E, 0x07, 0xBF, 0x03, 0x0E, 0xC0, 0x3F, 0xC0, 0x00,
    0x00, 0x00, 0x00, 0x00, 0x00, 0x00, 0x00, 0x00, 0x00, 0x00, 0x00, 0x00,
    0x00, 0x80, 0x03, 0x00, 0x00, 0x00, 0x00, 0x00, 0x00, 0x00, 0x00, 0x00,
    0x00, 0x00, 0x00, 0x00, 0x00, 0x00, 0x00, 0x00, 0x00, 0x00, 0x00, 0x00,
    0x00, 0x00, 0x00, 0x00, 0x00, 0x00, 0x00, 0x00, 0x00, 0x30, 0x00, 0x00,
    0x00, 0x00, 0x00, 0x00, 0x00, 0x00, 0x80, 0x03, 0xC0, 0x00, 0x78, 0x00,
    0x00, 0x00, 0x00, 0x00, 0x00, 0x00, 0x00, 0x00, 0x00, 0x00, 0x00, 0x00,
    0x00, 0xC0, 0x00, 0x00, 0x00, 0x00, 0x00, 0x00, 0x00, 0x00, 0x00, 0x00,
    0x00, 0x00, 0x00, 0x00, 0x00, 0x00, 0x00, 0x00, 0x00, 0x00, 0x00, 0x00,
    0x00, 0x00, 0x00, 0x00, 0x00, 0x00, 0x00, 0x00, 0x00, 0x00, 0x00, 0x00,
    0x00, 0x00, 0x00, 0x00, 0x00, 0x00, 0x00, 0x00, 0xC0, 0x00, 0x00, 0x00,
    0x00, 0x00, 0x00, 0x00, 0x00, 0x00, 0x00, 0x00, 0x00, 0x00, 0x00, 0x00,
    0x00, 0xC0, 0x00, 0x00, 0x00, 0x00, 0x00, 0x00, 0x00, 0x00, 0x00, 0x00,
    0x00, 0x00, 0x00, 0x00, 0x00, 0x00, 0x00, 0x00, 0x00, 0x00, 0x00, 0x00,
    0x00, 0x00, 0x00, 0x00, 0x00, 0x00, 0x00, 0x00, 0x00, 0x00, 0x00, 0x00,
    0x00, 0x00, 0x00, 0x00, 0x00, 0x00, 0x00, 0x00, 0xC0, 0x00, 0x00, 0x00,
    0xF0, 0x0F, 0xFE, 0x03, 0x0C, 0x83, 0xC3, 0x00, 0x00, 0x00, 0x00, 0x00,
    0x18, 0x00, 0x07, 0x80, 0x07, 0xE0, 0x01, 0xE0, 0x00, 0x38, 0x00, 0x66,
    0x00, 0x33, 0xC0, 0x0E, 0xC0, 0x0C, 0x00, 0x00, 0x00, 0x00, 0xFC, 0x03,
    0xFE, 0x01, 0xC3, 0x80, 0x61, 0x00, 0x07, 0x80, 0x03, 0x00, 0x00, 0x00,
    0x00, 0x98, 0x01, 0xCC, 0x00, 0x3C, 0x00, 0x1E, 0xC0, 0x30, 0x60, 0x18,
    0xF0, 0x0F, 0xFE, 0x03, 0x0C, 0x83, 0xC3, 0x00, 0x00, 0x00, 0x00, 0x00,
    0x18, 0x00, 0x07, 0x80, 0x07, 0xE0, 0x01, 0xE0, 0x00, 0x38, 0x00, 0x66,
    0x00, 0x33, 0xC0, 0x0E, 0xC0, 0x0C, 0x00, 0x00, 0x00, 0x00, 0xFC, 0x03,
    0xFE, 0x01, 0xC3, 0x80, 0x61, 0x00, 0x07, 0x80, 0x03, 0x00, 0x00, 0x00,
    0x00, 0x98, 0x01, 0xCC, 0x00, 0x3C, 0x00, 0x1E, 0xC0, 0x30, 0x60, 0x18,
    0x00, 0x00, 0x00, 0x00, 0xF8, 0x01, 0x7E, 0x00, 0x00, 0x00, 0x00, 0x00,
    0x0E, 0x80, 0x03, 0xC0, 0x0D, 0x30, 0x03, 0x00, 0x00, 0x00, 0x00, 0x3C,
    0x00, 0x1E, 0x80, 0x07, 0x80, 0x77, 0xFC, 0x07, 0x00, 0x1C, 0x00, 0x00,
    0x00, 0x00, 0x7E, 0x00, 0x3F, 0x00, 0x00, 0x00, 0x00, 0x00, 0x00, 0x00,
    0x00, 0xF0, 0x00, 0x78, 0x00, 0x66, 0x00, 0x33, 0x80, 0x1F, 0xC0, 0x0F,
    0xE0, 0x07, 0x00, 0x00, 0x00, 0x00, 0x00, 0x00, 0x7E, 0x00, 0x00, 0x80,
    0x3F, 0x00, 0x00, 0xE0, 0x0F, 0x00, 0x00, 0xF8, 0x03, 0x00, 0x00, 0xFE,
    0x00, 0x00, 0xF0, 0x1F, 0x00, 0x70, 0x1C, 0x0C, 0x00, 0x7F, 0xFF, 0x0F,
    0x00, 0xC0, 0xFF, 0x03, 0x00, 0xF0, 0xFF, 0x00, 0x00, 0xFC, 0x3F, 0x00,
    0x00, 0xFF, 0x0F, 0x00, 0x00, 0xFF, 0x00, 0x00, 0xC0, 0x3F, 0x00, 0x00,
    0xE0, 0x07, 0x00, 0x00, 0x00, 0x00, 0x00, 0x00, 0x7E, 0x00, 0x00, 0x80,
    0x3F, 0x00, 0x00, 0xE0, 0x0F, 0x00, 0x00, 0xF8, 0x03, 0x00, 0x00, 0xFE,
    0x00, 0x00, 0xF0, 0x1F, 0x00, 0x70, 0x1C, 0x0C, 0x00, 0x7F, 0xFF, 0x0F,
    0x00, 0xC0, 0xFF, 0x03, 0x00, 0xF0, 0xFF, 0x00, 0x00, 0xFC, 0x3F, 0x00,
    0x00, 0xFF, 0x0F, 0x00, 0x00, 0xFF, 0x00, 0x00, 0xC0, 0x3F, 0x00, 0x00,
    0x30, 0x0C, 0xFE, 0x03, 0xFC, 0x83, 0xFF, 0x00, 0xC3, 0xE0, 0x3F, 0xC0,
    0xE0, 0xE0, 0x1F, 0x30, 0x38, 0xF8, 0x07, 0x0C, 0x0E, 0xFE, 0x01, 0x83,
    0x83, 0x7F, 0x70, 0x30, 0xE0, 0x77, 0x1C, 0x38, 0x00, 0x1C, 0x07, 0x00,
    0xFE, 0xC1, 0x01, 0x80, 0x7F, 0x70, 0x00, 0xE0, 0x1F, 0x1C, 0x00, 0xF8,
    0x07, 0x07, 0x00, 0xFE, 0xC1, 0x81, 0x83, 0xDF, 0x71, 0xE0, 0xE0, 0x77,
    0x30, 0x0C, 0xFE, 0x03, 0xFC, 0x83, 0xFF, 0x00, 0xC3, 0xE0, 0x3F, 0xC0,
    0xE0, 0xE0, 0x1F, 0x30, 0x38, 0xF8, 0x07, 0x0C, 0x0E, 0xFE, 0x01, 0x83,
    0x83, 0x7F, 0x70, 0x30, 0xE0, 0x77, 0x1C, 0x38, 0x00, 0x1C, 0x07, 0x00,
    0xFE, 0xC1, 0x01, 0x80, 0x7F, 0x70, 0x00, 0xE0, 0x1F, 0x1C, 0x00, 0xF8,
    0x07, 0x07, 0x00, 0xFE, 0xC1, 0x81, 0x83, 0xDF, 0x71, 0xE0, 0xE0, 0x77,
    0x1C, 0x38, 0x00, 0x06, 0x07, 0x0E, 0x80, 0xC1, 0x81, 0x03, 0x60, 0x70,
    0x00, 0x38, 0x70, 0x1C, 0x00, 0x0E, 0x1C, 0x07, 0x80, 0x03, 0xC7, 0x01,
    0xE0, 0xC0, 0x71, 0xE0, 0x38, 0x78, 0x7E, 0x38, 0xF8, 0x1F, 0xFF, 0x81,
    0x03, 0xC7, 0x7F, 0xE0, 0xC0, 0xF1, 0x1F, 0x38, 0x70, 0xFC, 0x07, 0x0E,
    0x1C, 0xFF, 0x81, 0x03, 0xC7, 0x01, 0xE0, 0xE0, 0x71, 0x00, 0x38, 0x78,
    0xFC, 0x3F, 0xFE, 0x07, 0xFF, 0x8F, 0xFF, 0xC1, 0xFF, 0xE3, 0x7F, 0x70,
    0x00, 0x38, 0x00, 0x1C, 0x00, 0x0E, 0x00, 0x07, 0x80, 0x03, 0xC0, 0x01,
    0xE0, 0x00, 0x70, 0xE0, 0x38, 0x70, 0x1C, 0x38, 0x0E, 0x1C, 0x07, 0x80,
    0xFF, 0xC7, 0x01, 0xE0, 0xFF, 0x71, 0x00, 0xF8, 0x7F, 0x1C, 0x00, 0xFE,
    0x1F, 0x07, 0x80, 0xFF, 0xC7, 0xE1, 0xE3, 0xC0, 0x71, 0xF8, 0x38, 0x70,
    0xFC, 0x3F, 0xFE, 0x07, 0xFF, 0x8F, 0xFF, 0xC1, 0xFF, 0xE3, 0x7F, 0x70,
    0x00, 0x38, 0x00, 0x1C, 0x00, 0x0E, 0x00, 0x07, 0x80, 0x03, 0xC0, 0x01,
    0xE0, 0x00, 0x70, 0xE0, 0x38, 0x70, 0x1C, 0x38, 0x0E, 0x1C, 0x07, 0x80,
    0xFF, 0xC7, 0x01, 0xE0, 0xFF, 0x71, 0x00, 0xF8, 0x7F, 0x1C, 0x00, 0xFE,
    0x1F, 0x07, 0x80, 0xFF, 0xC7, 0xE1, 0xE3, 0xC0, 0x71, 0xF8, 0x38, 0x70,
    0x1C, 0x38, 0x07, 0x06, 0x07, 0xCE, 0x81, 0xC1, 0x81, 0x73, 0x60, 0xC0,
    0xE0, 0x38, 0x00, 0x30, 0x38, 0x0E, 0x00, 0x0C, 0x8E, 0x03, 0x00, 0x83,
    0xE3, 0x00, 0x70, 0x30, 0x38, 0x70, 0x1C, 0x0C, 0x0E, 0x1C, 0x07, 0x80,
    0x03, 0xC0, 0x01, 0xE0, 0x00, 0x70, 0x00, 0x38, 0x00, 0x1C, 0x00, 0x0E,
    0x00, 0x07, 0x80, 0x03, 0xC0, 0x81, 0x83, 0xFF, 0x71, 0xE0, 0xE0, 0x7F,
    0x1C, 0x38, 0x07, 0x06, 0x07, 0xCE, 0x81, 0xC1, 0x81, 0x73, 0x60, 0xC0,
    0xE0, 0x38, 0x00, 0x30, 0x38, 0x0E, 0x00, 0x0C, 0x8E, 0x03, 0x00, 0x83,
    0xE3, 0x00, 0x70, 0x30, 0x38, 0x70, 0x1C, 0x0C, 0x0E, 0x1C, 0x07, 0x80,
    0x03, 0xC0, 0x01, 0xE0, 0x00, 0x70, 0x00, 0x38, 0x00, 0x1C, 0x00, 0x0E,
    0x00, 0x07, 0x80, 0x03, 0xC0, 0x81, 0x83, 0xFF, 0x71, 0xE0, 0xE0, 0x7F,
    0x1C, 0x38, 0xFE, 0x1F, 0x07, 0x8E, 0xFF, 0xC7, 0x81, 0xE3, 0xFF, 0x81,
    0x3F, 0xE0, 0x7F, 0xE0, 0x0F, 0xF8, 0x1F, 0xF8, 0x03, 0xFE, 0x07, 0xFE,
    0x80, 0xFF, 0xF1, 0x1F, 0xE0, 0x7F, 0xFC, 0x07, 0xF8, 0x1F, 0xFF, 0x0F,
    0xFE, 0xC1, 0xFF, 0x83, 0x7F, 0xF0, 0xFF, 0xE0, 0x1F, 0xFC, 0x3F, 0xF8,
    0x07, 0xFF, 0x0F, 0xFE, 0x01, 0xFF, 0x00, 0xC0, 0xC1, 0x3F, 0x00, 0x70,
    0x1C, 0x38, 0xFE, 0x1F, 0x07, 0x8E, 0xFF, 0xC7, 0x81, 0xE3, 0xFF, 0x81,
    0x3F, 0xE0, 0x7F, 0xE0, 0x0F, 0xF8, 0x1F, 0xF8, 0x03, 0xFE, 0x07, 0xFE,
    0x80, 0xFF, 0xF1, 0x1F, 0xE0, 0x7F, 0xFC, 0x07, 0xF8, 0x1F, 0xFF, 0x0F,
    0xFE, 0xC1, 0xFF, 0x83, 0x7F, 0xF0, 0xFF, 0xE0, 0x1F, 0xFC, 0x3F, 0xF8,
    0x07, 0xFF, 0x0F, 0xFE, 0x01, 0xFF, 0x00, 0xC0, 0xC1, 0x3F, 0x00, 0x70,
    0x00, 0x00, 0x00, 0x00, 0x00, 0x00, 0x00, 0x00, 0xC0, 0x00, 0x0E, 0x00,
    0x00, 0x00, 0x00, 0x00, 0x00, 0x00, 0x00, 0x00, 0x00, 0x00, 0x00, 0x00,
    0x00, 0x00, 0x00, 0x00, 0x00, 0x00, 0x00, 0x00, 0x00, 0x00, 0x00, 0x00,
    0x00, 0x00, 0x00, 0x00, 0x00, 0x00, 0x00, 0x00, 0x00, 0x80, 0x03, 0xE0,
    0x00, 0x00, 0x00, 0x00, 0x00, 0x00, 0x80, 0x7F, 0x00, 0x00, 0xE0, 0x1F,
    0x00, 0x00, 0x00, 0x00, 0x00, 0x00, 0x00, 0x00, 0xC0, 0x03, 0x1E, 0x00,
    0x00, 0x00, 0x00, 0x00, 0x00, 0x00, 0x00, 0x00, 0x00, 0x00, 0x00, 0x00,
    0x00, 0x00, 0x00, 0x00, 0x00, 0x00, 0x00, 0x00, 0x00, 0x00, 0x00, 0x00,
    0x00, 0x00, 0x00, 0x00, 0x00, 0x00, 0x00, 0x00, 0x00, 0x80, 0x07, 0xE0,
    0x01, 0x00, 0x00, 0x00, 0x00, 0x00, 0x00, 0x00, 0x00, 0x00, 0x00, 0x00,
    0x00, 0x00, 0x00, 0x00, 0x00, 0x00, 0x00, 0x00, 0xC0, 0x03, 0x1E, 0x00,
    0x00, 0x00, 0x00, 0x00, 0x00, 0x00, 0x00, 0x00, 0x00, 0x00, 0x00, 0x00,
    0x00, 0x00, 0x00, 0x00, 0x00, 0x00, 0x00, 0x00, 0x00, 0x00, 0x00, 0x00,
    0x00, 0x00, 0x00, 0x00, 0x00, 0x00, 0x00, 0x00, 0x00, 0x80, 0x07, 0xE0,
    0x01, 0x00, 0x00, 0x00, 0x00, 0x00, 0x00, 0x00, 0x00, 0x00, 0x00, 0x00,
    0xC0, 0x01, 0xE0, 0x00, 0x00, 0x00, 0x70, 0x00, 0x3C, 0x00, 0x1E, 0x00,
    0x00, 0x00, 0x00, 0x70, 0x0C, 0x30, 0x03, 0xFC, 0x01, 0xFE, 0xC0, 0xC1,
    0xE0, 0x60, 0x00, 0x00, 0x00, 0x00, 0xC0, 0x01, 0x00, 0x00, 0x00, 0x00,
    0x00, 0x00, 0x3C, 0x00, 0x1E, 0x00, 0x00, 0x00, 0x00, 0x00, 0x00, 0x00,
    0x03, 0xE0, 0x00, 0x00, 0x00, 0x00, 0x00, 0x00, 0x00, 0x00, 0x00, 0x00,
    0xC0, 0x01, 0xE0, 0x00, 0x00, 0x00, 0x70, 0x00, 0x3C, 0x00, 0x1E, 0x00,
    0x00, 0x00, 0x00, 0x70, 0x0C, 0x30, 0x03, 0xFC, 0x01, 0xFE, 0xC0, 0xC1,
    0xE0, 0x60, 0x00, 0x00, 0x00, 0x00, 0xC0, 0x01, 0x00, 0x00, 0x00, 0x00,
    0x00, 0x00, 0x3C, 0x00, 0x1E, 0x00, 0x00, 0x00, 0x00, 0x00, 0x00, 0x00,
    0x03, 0xE0, 0x00, 0x00, 0x00, 0x00, 0x00, 0x00, 0x00, 0x00, 0x00, 0x00,
    0x00, 0x00, 0x00, 0x00, 0x00, 0x00, 0x38, 0x00, 0x66, 0x00, 0x33, 0x70,
    0xE0, 0x38, 0x00, 0x9C, 0x07, 0xD8, 0x01, 0x00, 0x00, 0x00, 0x00, 0x7F,
    0x80, 0x3F, 0x00, 0x00, 0x80, 0x03, 0x00, 0x00, 0x00, 0x80, 0x0F, 0x0E,
    0x06, 0x07, 0x66, 0x00, 0x33, 0x70, 0xF0, 0x38, 0x00, 0x00, 0x00, 0xC0,
    0x01, 0x70, 0x80, 0x03, 0x00, 0x1F, 0xE0, 0x30, 0xC0, 0xE7, 0x38, 0x00,
    0xF0, 0x0F, 0x00, 0x00, 0xFC, 0x03, 0x00, 0xC0, 0x81, 0xE3, 0x00, 0xF8,
    0xFF, 0xFD, 0x00, 0xF0, 0x07, 0x00, 0x00, 0xFC, 0x01, 0x00, 0x00, 0x00,
    0x00, 0x00, 0xC0, 0x1F, 0x00, 0x00, 0xF0, 0x07, 0x00, 0x00, 0x07, 0x0E,
    0x00, 0x00, 0x80, 0x03, 0x00, 0x70, 0x1E, 0x38, 0x00, 0x00, 0x00, 0x0E,
    0x00, 0x7C, 0x80, 0x03, 0x00, 0x1C, 0xE0, 0x1C, 0x00, 0x37, 0x38, 0x00,
    0xF0, 0x0F, 0x00, 0x00, 0xFC, 0x03, 0x00, 0xC0, 0x81, 0xE3, 0x00, 0xF8,
    0xFF, 0xFD, 0x00, 0xF0, 0x07, 0x00, 0x00, 0xFC, 0x01, 0x00, 0x00, 0x00,
    0x00, 0x00, 0xC0, 0x1F, 0x00, 0x00, 0xF0, 0x07, 0x00, 0x00, 0x07, 0x0E,
    0x00, 0x00, 0x80, 0x03, 0x00, 0x70, 0x1E, 0x38, 0x00, 0x00, 0x00, 0x0E,
    0x00, 0x7C, 0x80, 0x03, 0x00, 0x1C, 0xE0, 0x1C, 0x00, 0x37, 0x38, 0x00,
    0x1C, 0x38, 0xF8, 0x1D, 0x07, 0x0E, 0x7E, 0xC7, 0x81, 0xE3, 0x00, 0x70,
    0xE0, 0x38, 0x00, 0xC0, 0x01, 0xF0, 0x00, 0x70, 0x00, 0x3C, 0x00, 0x7F,
    0x00, 0x0F, 0x00, 0x07, 0xC0, 0x03, 0xC0, 0x01, 0xF0, 0x00, 0x07, 0x8E,
    0x87, 0x07, 0x80, 0x03, 0xF0, 0x71, 0x0F, 0x38, 0x78, 0x1C, 0x3E, 0x0E,
    0x00, 0x70, 0x80, 0x03, 0x00, 0x1C, 0xE0, 0x00, 0x00, 0x07, 0x38, 0x0C,
    0x1C, 0x38, 0xF8, 0x1D, 0x07, 0x0E, 0x7E, 0xC7, 0x81, 0xE3, 0x00, 0x70,
    0xE0, 0x38, 0x00, 0xC0, 0x01, 0xF0, 0x00, 0x70, 0x00, 0x3C, 0x00, 0x7F,
    0x00, 0x0F, 0x00, 0x07, 0xC0, 0x03, 0xC0, 0x01, 0xF0, 0x00, 0x07, 0x8E,
    0x87, 0x07, 0x80, 0x03, 0xF0, 0x71, 0x0F, 0x38, 0x78, 0x1C, 0x3E, 0x0E,
    0x00, 0x70, 0x80, 0x03, 0x00, 0x1C, 0xE0, 0x00, 0x00, 0x07, 0x38, 0x0C,
    0x1C, 0x00, 0x0E, 0x1E, 0x07, 0x80, 0x83, 0xC7, 0xFF, 0xE3, 0x7E, 0xF0,
    0xFF, 0xB8, 0x1F, 0xC0, 0x01, 0xE0, 0x00, 0x70, 0x00, 0x38, 0x00, 0x1C,
    0x00, 0x0E, 0x00, 0x07, 0x80, 0x03, 0xC0, 0x01, 0xE0, 0x00, 0x07, 0x0E,
    0x06, 0x07, 0x80, 0x03, 0xC0, 0xF1, 0x01, 0x38, 0x0C, 0x9C, 0x07, 0x0E,
    0x00, 0x70, 0x80, 0x03, 0x00, 0x1C, 0xE0, 0x00, 0x00, 0x07, 0x38, 0x00,
    0x1C, 0x3E, 0x0E, 0x1C, 0x87, 0x8F, 0x03, 0xC7, 0x81, 0xE3, 0xC1, 0x71,
    0xE0, 0x78, 0x70, 0xC0, 0x01, 0xE0, 0x00, 0x70, 0x00, 0x38, 0x00, 0x1C,
    0x00, 0x0E, 0x00, 0x07, 0x80, 0x03, 0xC0, 0x01, 0xE0, 0x00, 0x07, 0x0E,
    0x06, 0x07, 0x80, 0x03, 0xC0, 0x71, 0x0F, 0xF8, 0x03, 0xFC, 0x01, 0x0E,
    0x00, 0x70, 0x80, 0x03, 0x00, 0x1C, 0xE0, 0x00, 0x00, 0x07, 0x38, 0x00,
    0x1C, 0x3E, 0x0E, 0x1C, 0x87, 0x8F, 0x03, 0xC7, 0x81, 0xE3, 0xC1, 0x71,
    0xE0, 0x78, 0x70, 0xC0, 0x01, 0xE0, 0x00, 0x70, 0x00, 0x38, 0x00, 0x1C,
    0x00, 0x0E, 0x00, 0x07, 0x80, 0x03, 0xC0, 0x01, 0xE0, 0x00, 0x07, 0x0E,
    0x06, 0x07, 0x80, 0x03, 0xC0, 0x71, 0x0F, 0xF8, 0x03, 0xFC, 0x01, 0x0E,
    0x00, 0x70, 0x80, 0x03, 0x00, 0x1C, 0xE0, 0x00, 0x00, 0x07, 0x38, 0x00,
    0x1C, 0x38, 0xF8, 0x1F, 0x07, 0x0E, 0xFE, 0xC7, 0x81, 0xE3, 0xC0, 0x71,
    0xE0, 0x38, 0x70, 0xC0, 0x01, 0xE0, 0x00, 0x70, 0x00, 0x38, 0x00, 0x1C,
    0x00, 0x0E, 0x00, 0x07, 0x80, 0x03, 0xC0, 0x01, 0xE0, 0x00, 0xE7, 0x0E,
    0x06, 0xC7, 0x81, 0xE3, 0xC0, 0x71, 0x1E, 0x38, 0x0C, 0x9C, 0x07, 0x0E,
    0x00, 0x70, 0x80, 0x03, 0x00, 0x1C, 0xE0, 0x00, 0x00, 0x07, 0x38, 0x00,
    0x1C, 0x38, 0xF8, 0x1F, 0x07, 0x0E, 0xFE, 0xC7, 0x81, 0xE3, 0xC0, 0x71,
    0xE0, 0x38, 0x70, 0xC0, 0x01, 0xE0, 0x00, 0x70, 0x00, 0x38, 0x00, 0x1C,
    0x00, 0x0E, 0x00, 0x07, 0x80, 0x03, 0xC0, 0x01, 0xE0, 0x00, 0xE7, 0x0E,
    0x06, 0xC7, 0x81, 0xE3, 0xC0, 0x71, 0x1E, 0x38, 0x0C, 0x9C, 0x07, 0x0E,
    0x00, 0x70, 0x80, 0x03, 0x00, 0x1C, 0xE0, 0x00, 0x00, 0x07, 0x38, 0x00,
    0xF0, 0x0F, 0x00, 0x1C, 0xFC, 0x03, 0x00, 0xC7, 0x81, 0xE3, 0xC0, 0x71,
    0xE0, 0x38, 0x70, 0xF0, 0x07, 0xF8, 0x03, 0xFC, 0x01, 0xFE, 0x00, 0x7F,
    0x80, 0x3F, 0xC0, 0x1F, 0xE0, 0x0F, 0xF0, 0x07, 0xF8, 0x83, 0x8F, 0xC3,
    0x3F, 0x07, 0xFF, 0x80, 0x7F, 0x70, 0xF0, 0x38, 0x78, 0x1C, 0x3E, 0xFE,
    0x1F, 0xFC, 0x81, 0xFF, 0x07, 0x7F, 0xE0, 0xFF, 0xC1, 0x1F, 0xF8, 0x7F,
    0xF0, 0x0F, 0x00, 0x1C, 0xFC, 0x03, 0x00, 0xC7, 0x81, 0xE3, 0xC0, 0x71,
    0xE0, 0x38, 0x70, 0xF0, 0x07, 0xF8, 0x03, 0xFC, 0x01, 0xFE, 0x00, 0x7F,
    0x80, 0x3F, 0xC0, 0x1F, 0xE0, 0x0F, 0xF0, 0x07, 0xF8, 0x83, 0x8F, 0xC3,
    0x3F, 0x07, 0xFF, 0x80, 0x7F, 0x70, 0xF0, 0x38, 0x78, 0x1C, 0x3E, 0xFE,
    0x1F, 0xFC, 0x81, 0xFF, 0x07, 0x7F, 0xE0, 0xFF, 0xC1, 0x1F, 0xF8, 0x7F,
    0x00, 0x00, 0xF8, 0x07, 0x70, 0x00, 0xFE, 0x01, 0x00, 0x00, 0x00, 0x00,
    0x00, 0x00, 0x00, 0x00, 0x00, 0x00, 0x00, 0x00, 0x00, 0x00, 0x00, 0x00,
    0x00, 0x00, 0x00, 0x07, 0x80, 0x03, 0x00, 0x00, 0x00, 0x00, 0x00, 0x00,
    0xC0, 0x01, 0x00, 0x00, 0x00, 0x00, 0x0E, 0x00, 0x07, 0x00, 0x00, 0x00,
    0x00, 0x00, 0x00, 0x38, 0x00, 0x1C, 0x00, 0x00, 0x00, 0x00, 0x00, 0x00,
    0x00, 0x00, 0x00, 0x00, 0x18, 0x00, 0x00, 0x00, 0x00, 0x00, 0x00, 0x00,
    0x00, 0x00, 0x00, 0x00, 0x00, 0x00, 0x00, 0x00, 0x00, 0x00, 0x00, 0x00,
    0x00, 0x00, 0x00, 0x0F, 0x80, 0x07, 0x00, 0x00, 0x00, 0x00, 0x00, 0x00,
    0x00, 0x00, 0x00, 0x00, 0x00, 0x00, 0x07, 0x80, 0x03, 0x00, 0x00, 0x00,
    0x00, 0x00, 0x00, 0x0C, 0x00, 0x06, 0x00, 0x00, 0x00, 0x00, 0x00, 0x00,
    0x00, 0x00, 0x00, 0x00, 0x18, 0x00, 0x00, 0x00, 0x00, 0x00, 0x00, 0x00,
    0x00, 0x00, 0x00, 0x00, 0x00, 0x00, 0x00, 0x00, 0x00, 0x00, 0x00, 0x00,
    0x00, 0x00, 0x00, 0x0F, 0x80, 0x07, 0x00, 0x00, 0x00, 0x00, 0x00, 0x00,
    0x00, 0x00, 0x00, 0x00, 0x00, 0x00, 0x07, 0x80, 0x03, 0x00, 0x00, 0x00,
    0x00, 0x00, 0x00, 0x0C, 0x00, 0x06, 0x00, 0x00, 0x00, 0x00, 0x00, 0x00,
    0xF0, 0x01, 0x00, 0x00, 0x00, 0x00, 0xC0, 0x00, 0x60, 0x00, 0x00, 0x00,
    0x00, 0xC0, 0x0C, 0x60, 0x06, 0x07, 0x00, 0x00, 0x00, 0x00, 0x00, 0xFF,
    0x80, 0x7F, 0xC0, 0x30, 0x60, 0x18, 0xC0, 0x39, 0xE0, 0x1C, 0x00, 0x00,
    0x00, 0x00, 0x38, 0x00, 0x30, 0x00, 0x00, 0x00, 0x00, 0xB0, 0x03, 0x30,
    0x03, 0xE0, 0x00, 0x70, 0x00, 0x3C, 0x00, 0x1E, 0x00, 0x00, 0x00, 0x00,
    0xF0, 0x01, 0x00, 0x00, 0x00, 0x00, 0xC0, 0x00, 0x60, 0x00, 0x00, 0x00,
    0x00, 0xC0, 0x0C, 0x60, 0x06, 0x07, 0x00, 0x00, 0x00, 0x00, 0x00, 0xFF,
    0x80, 0x7F, 0xC0, 0x30, 0x60, 0x18, 0xC0, 0x39, 0xE0, 0x1C, 0x00, 0x00,
    0x00, 0x00, 0x38, 0x00, 0x30, 0x00, 0x00, 0x00, 0x00, 0xB0, 0x03, 0x30,
    0x03, 0xE0, 0x00, 0x70, 0x00, 0x3C, 0x00, 0x1E, 0x00, 0x00, 0x00, 0x00,
    0xC0, 0x01, 0x0E, 0x00, 0x7C, 0x03, 0x70, 0x00, 0x38, 0x00, 0x00, 0x00,
    0x00, 0x80, 0x07, 0xC0, 0x03, 0x0E, 0x00, 0x07, 0x0E, 0x00, 0x00, 0x00,
    0x00, 0x00, 0x80, 0x1F, 0xC0, 0x0F, 0x60, 0x0C, 0x30, 0x06, 0xFC, 0x0F,
    0x00, 0x00, 0x1C, 0x00, 0x1C, 0xF0, 0x3F, 0x00, 0x00, 0xE0, 0x01, 0xE0,
    0x01, 0x70, 0x00, 0x38, 0x00, 0x66, 0x00, 0x33, 0xC0, 0x3F, 0x00, 0x00,
    0xC0, 0x0D, 0xEE, 0x00, 0xF0, 0x81, 0x07, 0x07, 0x00, 0xE0, 0xC1, 0x01,
    0x00, 0x78, 0x70, 0x00, 0x00, 0x00, 0x00, 0x0F, 0x0E, 0x00, 0x00, 0xFF,
    0x00, 0x00, 0xC0, 0x3F, 0x00, 0x00, 0xF0, 0x0F, 0x00, 0x00, 0xE7, 0x00,
    0x00, 0xC0, 0xFF, 0x00, 0x00, 0x70, 0xE0, 0x00, 0x00, 0xFC, 0x0F, 0x00,
    0x00, 0xFC, 0x03, 0x00, 0x00, 0xFF, 0x00, 0x00, 0x70, 0xE0, 0x00, 0x00,
    0xC0, 0x0D, 0xEE, 0x00, 0xF0, 0x81, 0x07, 0x07, 0x00, 0xE0, 0xC1, 0x01,
    0x00, 0x78, 0x70, 0x00, 0x00, 0x00, 0x00, 0x0F, 0x0E, 0x00, 0x00, 0xFF,
    0x00, 0x00, 0xC0, 0x3F, 0x00, 0x00, 0xF0, 0x0F, 0x00, 0x00, 0xE7, 0x00,
    0x00, 0xC0, 0xFF, 0x00, 0x00, 0x70, 0xE0, 0x00, 0x00, 0xFC, 0x0F, 0x00,
    0x00, 0xFC, 0x03, 0x00, 0x00, 0xFF, 0x00, 0x00, 0x70, 0xE0, 0x00, 0x00,
    0xC0, 0x01, 0x3E, 0x00, 0xF0, 0x80, 0x0F, 0xC7, 0xFD, 0xE0, 0xC3, 0x71,
    0x3F, 0xF8, 0x70, 0xDC, 0x0F, 0xEE, 0x07, 0x1F, 0x8E, 0xFB, 0xC1, 0x81,
    0x83, 0x7F, 0x70, 0xE0, 0xE0, 0x1F, 0x1C, 0x38, 0xF8, 0x87, 0xE3, 0x80,
    0xFF, 0xC1, 0x81, 0xE3, 0x7E, 0x70, 0xE0, 0xB8, 0x1F, 0x1C, 0x38, 0xEE,
    0x07, 0x07, 0x00, 0xFE, 0xC1, 0x01, 0x80, 0x7F, 0x70, 0x00, 0xE0, 0x1F,
    0xC0, 0x01, 0x3E, 0x00, 0xF0, 0x80, 0x0F, 0xC7, 0xFD, 0xE0, 0xC3, 0x71,
    0x3F, 0xF8, 0x70, 0xDC, 0x0F, 0xEE, 0x07, 0x1F, 0x8E, 0xFB, 0xC1, 0x81,
    0x83, 0x7F, 0x70, 0xE0, 0xE0, 0x1F, 0x1C, 0x38, 0xF8, 0x87, 0xE3, 0x80,
    0xFF, 0xC1, 0x81, 0xE3, 0x7E, 0x70, 0xE0, 0xB8, 0x1F, 0x1C, 0x38, 0xEE,
    0x07, 0x07, 0x00, 0xFE, 0xC1, 0x01, 0x80, 0x7F, 0x70, 0x00, 0xE0, 0x1F,
    0xC0, 0x01, 0x1E, 0x00, 0x78, 0x80, 0x3B, 0xC7, 0x83, 0xE3, 0xCE, 0xF1,
    0xE0, 0xB8, 0x73, 0x3C, 0x38, 0x1E, 0x1C, 0x77, 0x8E, 0x07, 0xC7, 0x81,
    0xE3, 0xC0, 0x71, 0xE0, 0x38, 0x70, 0x1C, 0x38, 0x0E, 0x9C, 0xE3, 0xC3,
    0x39, 0xC7, 0x81, 0xE3, 0xC1, 0xF1, 0x3F, 0x78, 0x70, 0x1C, 0x38, 0x1E,
    0x1C, 0xFC, 0x83, 0x03, 0x00, 0xFF, 0xE0, 0x00, 0xC0, 0x3F, 0x38, 0x00,
    0xC0, 0x01, 0x0F, 0x00, 0x7C, 0x80, 0x73, 0xC7, 0x81, 0xE3, 0xDC, 0x71,
    0xE0, 0x38, 0x77, 0x1C, 0x38, 0x0E, 0x1C, 0xE7, 0x8E, 0x03, 0xC7, 0x81,
    0xE3, 0xC0, 0x71, 0xE0, 0x38, 0x70, 0x1C, 0x38, 0x0E, 0x9C, 0xE3, 0xC0,
    0xF9, 0xC7, 0xFF, 0xE0, 0x00, 0x70, 0x18, 0x38, 0x00, 0xFC, 0x0F, 0x0E,
    0x00, 0x00, 0x0E, 0xFE, 0x01, 0x80, 0x83, 0x7F, 0x00, 0xE0, 0xE0, 0x1F,
    0xC0, 0x01, 0x0F, 0x00, 0x7C, 0x80, 0x73, 0xC7, 0x81, 0xE3, 0xDC, 0x71,
    0xE0, 0x38, 0x77, 0x1C, 0x38, 0x0E, 0x1C, 0xE7, 0x8E, 0x03, 0xC7, 0x81,
    0xE3, 0xC0, 0x71, 0xE0, 0x38, 0x70, 0x1C, 0x38, 0x0E, 0x9C, 0xE3, 0xC0,
    0xF9, 0xC7, 0xFF, 0xE0, 0x00, 0x70, 0x18, 0x38, 0x00, 0xFC, 0x0F, 0x0E,
    0x00, 0x00, 0x0E, 0xFE, 0x01, 0x80, 0x83, 0x7F, 0x00, 0xE0, 0xE0, 0x1F,
    0xC0, 0x81, 0x0F, 0x00, 0x70, 0x80, 0xC3, 0xC7, 0x81, 0xE3, 0xF0, 0x71,
    0xE0, 0x38, 0x7C, 0x1C, 0x38, 0x0E, 0x1C, 0x87, 0x8F, 0x03, 0xC7, 0x81,
    0xE3, 0xC0, 0x71, 0xE0, 0x38, 0x70, 0x1C, 0x38, 0x0E, 0x1C, 0xE7, 0xC0,
    0x39, 0xC0, 0x61, 0xE0, 0x00, 0x70, 0x30, 0x38, 0x00, 0x1C, 0x06, 0x0E,
    0x00, 0x07, 0x0E, 0x00, 0xC7, 0x81, 0x03, 0xC0, 0x71, 0xE0, 0x00, 0x70,
    0xC0, 0x81, 0x0F, 0x00, 0x70, 0x80, 0xC3, 0xC7, 0x81, 0xE3, 0xF0, 0x71,
    0xE0, 0x38, 0x7C, 0x1C, 0x38, 0x0E, 0x1C, 0x87, 0x8F, 0x03, 0xC7, 0x81,
    0xE3, 0xC0, 0x71, 0xE0, 0x38, 0x70, 0x1C, 0x38, 0x0E, 0x1C, 0xE7, 0xC0,
    0x39, 0xC0, 0x61, 0xE0, 0x00, 0x70, 0x30, 0x38, 0x00, 0x1C, 0x06, 0x0E,
    0x00, 0x07, 0x0E, 0x00, 0xC7, 0x81, 0x03, 0xC0, 0x71, 0xE0, 0x00, 0x70,
    0xF0, 0x07, 0xFE, 0x1F, 0xFC, 0x81, 0x83, 0xC7, 0x81, 0xE3, 0xE0, 0x71,
    0xE0, 0x38, 0x78, 0x1C, 0x38, 0x0E, 0x1C, 0x07, 0x8F, 0x03, 0x07, 0xFF,
    0x80, 0x7F, 0xC0, 0x3F, 0xE0, 0x1F, 0xF0, 0x0F, 0xF8, 0x07, 0xFC, 0x8F,
    0xFF, 0xC1, 0xC1, 0xE3, 0x00, 0x70, 0xE0, 0x38, 0x00, 0x1C, 0x3C, 0x0E,
    0x00, 0xFC, 0x03, 0xFE, 0x01, 0xFF, 0x80, 0x7F, 0xC0, 0x3F, 0xE0, 0x1F,
    0xF0, 0x07, 0xFE, 0x1F, 0xFC, 0x81, 0x83, 0xC7, 0x81, 0xE3, 0xE0, 0x71,
    0xE0, 0x38, 0x78, 0x1C, 0x38, 0x0E, 0x1C, 0x07, 0x8F, 0x03, 0x07, 0xFF,
    0x80, 0x7F, 0xC0, 0x3F, 0xE0, 0x1F, 0xF0, 0x0F, 0xF8, 0x07, 0xFC, 0x8F,
    0xFF, 0xC1, 0xC1, 0xE3, 0x00, 0x70, 0xE0, 0x38, 0x00, 0x1C, 0x3C, 0x0E,
    0x00, 0xFC, 0x03, 0xFE, 0x01, 0xFF, 0x80, 0x7F, 0xC0, 0x3F, 0xE0, 0x1F,
    0x00, 0x00, 0x00, 0x00, 0x00, 0x00, 0x00, 0x00, 0x00, 0x00, 0x1C, 0x00,
    0x07, 0x00, 0x00, 0x00, 0x00, 0x00, 0x00, 0x00, 0x0E, 0x00, 0x07, 0x00,
    0x00, 0x00, 0x00, 0x00, 0x00, 0x00, 0x00, 0x00, 0x00, 0x00, 0x00, 0x00,
    0x00, 0x00, 0x00, 0x00, 0x00, 0x00, 0x0E, 0x00, 0x07, 0x00, 0x00, 0x00,
    0x00, 0x00, 0x00, 0x00, 0x00, 0x00, 0x00, 0x00, 0x00, 0x0E, 0x00, 0x07,
    0x00, 0x00, 0x00, 0x00, 0x00, 0x00, 0x00, 0x00, 0x00, 0x00, 0x0E, 0x80,
    0x01, 0x00, 0x00, 0x00, 0x00, 0x00, 0x00, 0xE0, 0x03, 0xF0, 0x01, 0x00,
    0x00, 0x00, 0x00, 0x00, 0x00, 0x00, 0x00, 0x00, 0x00, 0x00, 0x00, 0x00,
    0x00, 0x00, 0x00, 0x00, 0x00, 0x00, 0x07, 0x80, 0x03, 0x00, 0x00, 0x00,
    0x00, 0x00, 0x00, 0x00, 0x00, 0x00, 0x00, 0x00, 0x00, 0x0F, 0x80, 0x07,
    0x00, 0x00, 0x00, 0x00, 0x00, 0x00, 0x00, 0x00, 0x00, 0x00, 0x0E, 0x80,
    0x01, 0x00, 0x00, 0x00, 0x00, 0x00, 0x00, 0xE0, 0x03, 0xF0, 0x01, 0x00,
    0x00, 0x00, 0x00, 0x00, 0x00, 0x00, 0x00, 0x00, 0x00, 0x00, 0x00, 0x00,
    0x00, 0x00, 0x00, 0x00, 0x00, 0x00, 0x07, 0x80, 0x03, 0x00, 0x00, 0x00,
    0x00, 0x00, 0x00, 0x00, 0x00, 0x00, 0x00, 0x00, 0x00, 0x0F, 0x80, 0x07,
    0x60, 0x06, 0x30, 0x03, 0x00, 0x00, 0x00, 0x00, 0x63, 0x80, 0x31, 0x00,
    0x00, 0x00, 0x00, 0xE0, 0x0D, 0xF0, 0x06, 0xFC, 0x03, 0xFE, 0x01, 0xC3,
    0x80, 0x61, 0x00, 0x0F, 0x80, 0x07, 0xC0, 0x39, 0xE0, 0x1C, 0x00, 0x00,
    0x00, 0x00, 0x3E, 0x00, 0x1F, 0x80, 0x0F, 0x80, 0x07, 0x30, 0x06, 0xC0,
    0x01, 0xE0, 0x00, 0x38, 0x00, 0x1C, 0x00, 0x33, 0x80, 0x19, 0x00, 0x00,
    0x60, 0x06, 0x30, 0x03, 0x00, 0x00, 0x00, 0x00, 0x63, 0x80, 0x31, 0x00,
    0x00, 0x00, 0x00, 0xE0, 0x0D, 0xF0, 0x06, 0xFC, 0x03, 0xFE, 0x01, 0xC3,
    0x80, 0x61, 0x00, 0x0F, 0x80, 0x07, 0xC0, 0x39, 0xE0, 0x1C, 0x00, 0x00,
    0x00, 0x00, 0x3E, 0x00, 0x1F, 0x80, 0x0F, 0x80, 0x07, 0x30, 0x06, 0xC0,
    0x01, 0xE0, 0x00, 0x38, 0x00, 0x1C, 0x00, 0x33, 0x80, 0x19, 0x00, 0x00,
    0xC0, 0x03, 0xE0, 0x81, 0xFF, 0x0F, 0x0C, 0x00, 0x3E, 0x00, 0x1F, 0xF8,
    0xFF, 0xC0, 0x00, 0xB0, 0x07, 0xD8, 0x03, 0x00, 0x00, 0x00, 0x00, 0x7E,
    0x00, 0x3F, 0x80, 0x19, 0xC0, 0x0C, 0x60, 0x0C, 0x30, 0x06, 0x07, 0x0E,
    0x00, 0x00, 0x63, 0x80, 0x31, 0xC0, 0x18, 0xC0, 0x0C, 0x00, 0x00, 0xE0,
    0x00, 0x70, 0x00, 0x00, 0x00, 0x00, 0x00, 0x1E, 0x00, 0x0F, 0xC0, 0x07,
    0xF0, 0x0F, 0x00, 0x00, 0x70, 0x00, 0x0C, 0xE0, 0xFF, 0x03, 0x03, 0x00,
    0x07, 0xF8, 0x0F, 0x1C, 0x38, 0x00, 0x00, 0x07, 0x0E, 0x00, 0xC0, 0x81,
    0x03, 0x00, 0x70, 0xEF, 0x80, 0x07, 0x1C, 0x38, 0x00, 0x00, 0x07, 0x0E,
    0x00, 0xE0, 0x80, 0x03, 0x00, 0x00, 0x00, 0x00, 0x00, 0x1C, 0x0C, 0xFE,
    0x07, 0x00, 0x80, 0xFF, 0x01, 0x00, 0xE0, 0x7F, 0x00, 0x00, 0x60, 0x0C,
    0xF0, 0x0F, 0x00, 0x00, 0x70, 0x00, 0x0C, 0xE0, 0xFF, 0x03, 0x03, 0x00,
    0x07, 0xF8, 0x0F, 0x1C, 0x38, 0x00, 0x00, 0x07, 0x0E, 0x00, 0xC0, 0x81,
    0x03, 0x00, 0x70, 0xEF, 0x80, 0x07, 0x1C, 0x38, 0x00, 0x00, 0x07, 0x0E,
    0x00, 0xE0, 0x80, 0x03, 0x00, 0x00, 0x00, 0x00, 0x00, 0x1C, 0x0C, 0xFE,
    0x07, 0x00, 0x80, 0xFF, 0x01, 0x00, 0xE0, 0x7F, 0x00, 0x00, 0x60, 0x0C,
    0x1C, 0x00, 0xF8, 0x07, 0x70, 0x80, 0xFF, 0x00, 0x1C, 0xE0, 0x3F, 0x00,
    0x07, 0xC0, 0x00, 0x1C, 0x38, 0x0E, 0x1C, 0x07, 0x8E, 0x03, 0xC7, 0x81,
    0xE3, 0xC0, 0x71, 0xE0, 0x38, 0x70, 0x1C, 0x38, 0x0E, 0x1C, 0x07, 0x8E,
    0x03, 0xE7, 0x9C, 0x73, 0xC0, 0x71, 0x30, 0x38, 0x70, 0x30, 0x06, 0xC0,
    0x01, 0xFF, 0x0F, 0x70, 0xC0, 0xFF, 0x03, 0x1C, 0xF0, 0xFF, 0x78, 0x00,
    0x1C, 0x00, 0xF8, 0x07, 0x70, 0x80, 0xFF, 0x00, 0x1C, 0xE0, 0x3F, 0x00,
    0x07, 0xC0, 0x00, 0x1C, 0x38, 0x0E, 0x1C, 0x07, 0x8E, 0x03, 0xC7, 0x81,
    0xE3, 0xC0, 0x71, 0xE0, 0x38, 0x70, 0x1C, 0x38, 0x0E, 0x1C, 0x07, 0x8E,
    0x03, 0xE7, 0x9C, 0x73, 0xC0, 0x71, 0x30, 0x38, 0x70, 0x30, 0x06, 0xC0,
    0x01, 0xFF, 0x0F, 0x70, 0xC0, 0xFF, 0x03, 0x1C, 0xF0, 0xFF, 0x78, 0x00,
    0xF0, 0x0F, 0x0E, 0x00, 0x70, 0x00, 0x0C, 0x00, 0x1C, 0x00, 0x03, 0xC0,
    0x1F, 0xF8, 0x0F, 0x1C, 0x38, 0x0E, 0x1C, 0x07, 0x8E, 0x03, 0xC7, 0x81,
    0xE3, 0xC0, 0x71, 0xE0, 0x38, 0x70, 0x1C, 0x38, 0x0E, 0x1C, 0x07, 0x8E,
    0x03, 0xE7, 0x9C, 0x73, 0xCE, 0xC1, 0x18, 0x60, 0x18, 0xE0, 0x03, 0xE0,
    0x00, 0x80, 0x01, 0x38, 0x00, 0x60, 0x00, 0x0E, 0x00, 0x18, 0x60, 0x00,
    0x00, 0x38, 0xF8, 0x07, 0x70, 0x00, 0x0C, 0x00, 0x1C, 0x00, 0x03, 0x00,
    0x07, 0xC0, 0x00, 0x1C, 0x38, 0x0E, 0x1C, 0x07, 0x8E, 0x03, 0xC7, 0x81,
    0xE3, 0xC0, 0x71, 0xE0, 0x38, 0x70, 0x1C, 0x38, 0x0E, 0x1C, 0x07, 0x8E,
    0x03, 0xE7, 0xBE, 0x73, 0xCE, 0x81, 0x0F, 0xC0, 0x0C, 0xC0, 0x01, 0x30,
    0x00, 0xF0, 0x00, 0x0C, 0x00, 0x3C, 0x00, 0x03, 0x00, 0x0F, 0x60, 0x00,
    0x00, 0x38, 0xF8, 0x07, 0x70, 0x00, 0x0C, 0x00, 0x1C, 0x00, 0x03, 0x00,
    0x07, 0xC0, 0x00, 0x1C, 0x38, 0x0E, 0x1C, 0x07, 0x8E, 0x03, 0xC7, 0x81,
    0xE3, 0xC0, 0x71, 0xE0, 0x38, 0x70, 0x1C, 0x38, 0x0E, 0x1C, 0x07, 0x8E,
    0x03, 0xE7, 0xBE, 0x73, 0xCE, 0x81, 0x0F, 0xC0, 0x0C, 0xC0, 0x01, 0x30,
    0x00, 0xF0, 0x00, 0x0C, 0x00, 0x3C, 0x00, 0x03, 0x00, 0x0F, 0x60, 0x00,
    0x1C, 0x38, 0x00, 0x1C, 0x70, 0x00, 0x0C, 0x07, 0x1C, 0x00, 0xC3, 0x01,
    0x07, 0xC0, 0x70, 0x1C, 0x38, 0x0E, 0x1E, 0x07, 0x8E, 0x83, 0xC7, 0x81,
    0xE3, 0xE0, 0x71, 0xE0, 0x38, 0x78, 0x1C, 0x38, 0x0E, 0x1E, 0x07, 0x8E,
    0x83, 0xC7, 0xE3, 0xE0, 0x6E, 0x00, 0x07, 0x80, 0x07, 0xC0, 0x01, 0x18,
    0x00, 0x18, 0x00, 0x06, 0x00, 0x06, 0x80, 0x01, 0x80, 0x01, 0x60, 0x00,
    0x1C, 0x38, 0x00, 0x1C, 0x70, 0x00, 0x0C, 0x07, 0x1C, 0x00, 0xC3, 0x01,
    0x07, 0xC0, 0x70, 0x1C, 0x38, 0x0E, 0x1E, 0x07, 0x8E, 0x83, 0xC7, 0x81,
    0xE3, 0xE0, 0x71, 0xE0, 0x38, 0x78, 0x1C, 0x38, 0x0E, 0x1E, 0x07, 0x8E,
    0x83, 0xC7, 0xE3, 0xE0, 0x6E, 0x00, 0x07, 0x80, 0x07, 0xC0, 0x01, 0x18,
    0x00, 0x18, 0x00, 0x06, 0x00, 0x06, 0x80, 0x01, 0x80, 0x01, 0x60, 0x00,
    0xF0, 0x0F, 0xF8, 0x07, 0x70, 0x00, 0xF8, 0x01, 0x1C, 0x00, 0x7E, 0x00,
    0x07, 0x80, 0x1F, 0xF0, 0x0F, 0xF8, 0x1D, 0xFC, 0x03, 0x7E, 0x07, 0xFF,
    0x80, 0xDF, 0xC1, 0x3F, 0xE0, 0x77, 0xF0, 0x0F, 0xF8, 0x1D, 0xFC, 0x03,
    0x7E, 0xC7, 0xC1, 0x80, 0x31, 0x00, 0x07, 0x80, 0x03, 0xC0, 0x01, 0xFE,
    0x07, 0xFF, 0x8F, 0xFF, 0xC1, 0xFF, 0xE3, 0x7F, 0xF0, 0xFF, 0xF8, 0x00,
    0xF0, 0x0F, 0xF8, 0x07, 0x70, 0x00, 0xF8, 0x01, 0x1C, 0x00, 0x7E, 0x00,
    0x07, 0x80, 0x1F, 0xF0, 0x0F, 0xF8, 0x1D, 0xFC, 0x03, 0x7E, 0x07, 0xFF,
    0x80, 0xDF, 0xC1, 0x3F, 0xE0, 0x77, 0xF0, 0x0F, 0xF8, 0x1D, 0xFC, 0x03,
    0x7E, 0xC7, 0xC1, 0x80, 0x31, 0x00, 0x07, 0x80, 0x03, 0xC0, 0x01, 0xFE,
    0x07, 0xFF, 0x8F, 0xFF, 0xC1, 0xFF, 0xE3, 0x7F, 0xF0, 0xFF, 0xF8, 0x00,
    0x00, 0x00, 0x00, 0x00, 0xE0, 0x00, 0xC0, 0x00, 0x00, 0x00, 0x00, 0x00,
    0x00, 0x00, 0x00, 0x00, 0x00, 0x00, 0x00, 0x00, 0x00, 0x00, 0x00, 0x00,
    0x00, 0x00, 0x00, 0x00, 0x00, 0x00, 0x00, 0x00, 0x00, 0x00, 0x70, 0x00,
    0x38, 0x00, 0x00, 0x00, 0x00, 0x00, 0x00, 0xE0, 0x00, 0x00, 0x00, 0x00,
    0x00, 0x00, 0x00, 0x00, 0x00, 0x00, 0x00, 0x00, 0x00, 0x00, 0x00, 0x00,
    0x00, 0x00, 0x00, 0x00, 0xF8, 0x00, 0xF0, 0x00, 0x00, 0x00, 0x00, 0x00,
    0x00, 0x00, 0x00, 0x00, 0x00, 0x00, 0x00, 0x00, 0x00, 0x00, 0x00, 0x00,
    0x00, 0x00, 0x00, 0x00, 0x00, 0x00, 0x00, 0x00, 0x00, 0x00, 0xF0, 0x00,
    0x78, 0x00, 0x00, 0x00, 0x00, 0x00, 0x00, 0x00, 0x00, 0x00, 0x00, 0x00,
    0x00, 0x00, 0x00, 0x00, 0x00, 0x00, 0x00, 0x00, 0x00, 0x00, 0x00, 0x00,
    0x00, 0x00, 0x00, 0x00, 0xF8, 0x00, 0xF0, 0x00, 0x00, 0x00, 0x00, 0x00,
    0x00, 0x00, 0x00, 0x00, 0x00, 0x00, 0x00, 0x00, 0x00, 0x00, 0x00, 0x00,
    0x00, 0x00, 0x00, 0x00, 0x00, 0x00, 0x00, 0x00, 0x00, 0x00, 0xF0, 0x00,
    0x78, 0x00, 0x00, 0x00, 0x00, 0x00, 0x00, 0x00, 0x00, 0x00, 0x00, 0x00,
    0x00, 0x00, 0x00, 0x00, 0x00, 0x00, 0x00, 0x00, 0x00, 0x00, 0x00, 0x00,
    0x00, 0x00, 0x00, 0x00, 0x98, 0x01, 0x76, 0x00, 0x00, 0x00, 0x00, 0x80,
    0x31, 0x80, 0x07, 0x60, 0x06, 0xF8, 0x07, 0xE0, 0x00, 0x0C, 0x00, 0x00,
    0x00, 0x00, 0xC0, 0x30, 0x80, 0x03, 0xE0, 0x03, 0x00, 0x00, 0x78, 0x03,
    0x00, 0x00, 0x38, 0x00, 0x1E, 0x80, 0x31, 0xE0, 0x1C, 0xFE, 0x01, 0x1F,
    0x06, 0x00, 0xC0, 0x3F, 0x06, 0x7F, 0x00, 0x00, 0x00, 0x00, 0x00, 0x00,
    0x00, 0x00, 0x00, 0x00, 0x98, 0x01, 0x76, 0x00, 0x00, 0x00, 0x00, 0x80,
    0x31, 0x80, 0x07, 0x60, 0x06, 0xF8, 0x07, 0xE0, 0x00, 0x0C, 0x00, 0x00,
    0x00, 0x00, 0xC0, 0x30, 0x80, 0x03, 0xE0, 0x03, 0x00, 0x00, 0x78, 0x03,
    0x00, 0x00, 0x38, 0x00, 0x1E, 0x80, 0x31, 0xE0, 0x1C, 0xFE, 0x01, 0x1F,
    0x06, 0x00, 0xC0, 0x3F, 0x06, 0x7F, 0x00, 0x00, 0x00, 0x00, 0x00, 0x00,
    0xFC, 0x0F, 0x18, 0x03, 0xF0, 0x00, 0x3C, 0x00, 0x00, 0x00, 0x00, 0xC0,
    0x18, 0xC0, 0x0C, 0xC0, 0x03, 0x00, 0x00, 0x70, 0x00, 0x38, 0x00, 0x00,
    0x00, 0x00, 0x80, 0x1F, 0x00, 0x00, 0x30, 0x06, 0x00, 0x00, 0xEC, 0x01,
    0x00, 0x00, 0x1C, 0x00, 0x1C, 0xC0, 0x18, 0xC0, 0x18, 0x0E, 0x00, 0x11,
    0x03, 0x00, 0x00, 0x72, 0xC7, 0xC1, 0xF0, 0x40, 0xF8, 0x20, 0x7C, 0x10,
    0x00, 0x06, 0x18, 0x03, 0xF8, 0x01, 0x00, 0x00, 0x00, 0x00, 0x00, 0x00,
    0x00, 0x00, 0x00, 0x00, 0x00, 0x00, 0x00, 0x00, 0x00, 0x00, 0x00, 0x00,
    0x00, 0x00, 0x00, 0x00, 0x00, 0x00, 0xE0, 0x03, 0x00, 0x00, 0x00, 0x00,
    0x00, 0x00, 0x3C, 0x00, 0x0E, 0xC0, 0x39, 0x60, 0x0C, 0xCE, 0x3F, 0xDF,
    0x01, 0xFC, 0x02, 0xF2, 0xE7, 0x80, 0xE3, 0x20, 0x80, 0x11, 0x04, 0x08,
    0x00, 0x06, 0x18, 0x03, 0xF8, 0x01, 0x00, 0x00, 0x00, 0x00, 0x00, 0x00,
    0x00, 0x00, 0x00, 0x00, 0x00, 0x00, 0x00, 0x00, 0x00, 0x00, 0x00, 0x00,
    0x00, 0x00, 0x00, 0x00, 0x00, 0x00, 0xE0, 0x03, 0x00, 0x00, 0x00, 0x00,
    0x00, 0x00, 0x3C, 0x00, 0x0E, 0xC0, 0x39, 0x60, 0x0C, 0xCE, 0x3F, 0xDF,
    0x01, 0xFC, 0x02, 0xF2, 0xE7, 0x80, 0xE3, 0x20, 0x80, 0x11, 0x04, 0x08,
    0x80, 0x03, 0x18, 0x03, 0x0C, 0x83, 0xFF, 0x00, 0xFF, 0x80, 0xDF, 0x01,
    0x00, 0x00, 0x00, 0x00, 0x00, 0x00, 0x00, 0x00, 0x00, 0x00, 0x00, 0x00,
    0x00, 0x00, 0x00, 0x00, 0x00, 0x00, 0x00, 0x00, 0x00, 0x00, 0x00, 0x00,
    0x00, 0x00, 0x00, 0x00, 0x00, 0x00, 0x00, 0x00, 0x00, 0xCE, 0x01, 0xE0,
    0x00, 0x84, 0x02, 0xB2, 0xE6, 0x80, 0xE3, 0x10, 0xF0, 0x08, 0x7C, 0x04,
    0x80, 0x03, 0x18, 0x03, 0x0C, 0x83, 0xFF, 0x00, 0xFF, 0x80, 0xDF, 0x01,
    0x00, 0x00, 0x00, 0x00, 0x00, 0x00, 0x00, 0x00, 0x00, 0x00, 0x00, 0x00,
    0x00, 0x00, 0x00, 0x00, 0x00, 0x00, 0x00, 0x00, 0x00, 0x00, 0x00, 0x00,
    0x00, 0x00, 0x00, 0x00, 0x00, 0x00, 0x00, 0x00, 0x00, 0xCE, 0x01, 0xE0,
    0x00, 0x84, 0x02, 0xB2, 0xE6, 0x80, 0xE3, 0x10, 0xF0, 0x08, 0x7C, 0x04,
    0xF0, 0x07, 0x18, 0x03, 0x07, 0x0E, 0x80, 0xC1, 0x81, 0xE3, 0x70, 0x00,
    0x00, 0x00, 0x00, 0x00, 0x00, 0x00, 0x00, 0x00, 0x00, 0x00, 0x00, 0x00,
    0x00, 0x00, 0x00, 0x00, 0x00, 0x00, 0x00, 0x00, 0x00, 0x00, 0x00, 0x00,
    0x00, 0x00, 0x00, 0x00, 0x00, 0x00, 0x00, 0x00, 0x00, 0xFE, 0x0F, 0x30,
    0x00, 0x94, 0x02, 0x32, 0xE6, 0x80, 0xE3, 0xFC, 0x81, 0xF7, 0x61, 0x7F,
    0x60, 0x00, 0x18, 0x03, 0xFF, 0x8F, 0xFF, 0xC1, 0xFF, 0x73, 0x20, 0x00,
    0x00, 0x00, 0x00, 0x00, 0x00, 0x00, 0x00, 0x00, 0x00, 0x00, 0x00, 0x00,
    0x00, 0x00, 0x00, 0x00, 0x00, 0x00, 0x00, 0x00, 0x00, 0x00, 0x00, 0xE0,
    0xFF, 0x0F, 0x00, 0x00, 0x00, 0x00, 0x00, 0x00, 0x00, 0xC0, 0x01, 0xF8,
    0x3E, 0x94, 0x02, 0x32, 0xC6, 0xC1, 0xE0, 0x92, 0xF9, 0x11, 0xBD, 0x64,
    0x60, 0x00, 0x18, 0x03, 0xFF, 0x8F, 0xFF, 0xC1, 0xFF, 0x73, 0x20, 0x00,
    0x00, 0x00, 0x00, 0x00, 0x00, 0x00, 0x00, 0x00, 0x00, 0x00, 0x00, 0x00,
    0x00, 0x00, 0x00, 0x00, 0x00, 0x00, 0x00, 0x00, 0x00, 0x00, 0x00, 0xE0,
    0xFF, 0x0F, 0x00, 0x00, 0x00, 0x00, 0x00, 0x00, 0x00, 0xC0, 0x01, 0xF8,
    0x3E, 0x94, 0x02, 0x32, 0xC6, 0xC1, 0xE0, 0x92, 0xF9, 0x11, 0xBD, 0x64,
    0x30, 0x00, 0x18, 0x03, 0x07, 0xCE, 0x81, 0xC1, 0x01, 0xE0, 0x70, 0x00,
    0x00, 0x00, 0x00, 0x00, 0x00, 0x00, 0x00, 0x00, 0x00, 0x00, 0x00, 0x00,
    0x00, 0x00, 0x00, 0x00, 0x00, 0x00, 0x00, 0x00, 0x00, 0x00, 0x00, 0x00,
    0x00, 0x00, 0x00, 0x00, 0x00, 0x00, 0x00, 0x00, 0x00, 0xC0, 0x01, 0xDE,
    0x22, 0x14, 0x02, 0x00, 0x00, 0x63, 0x00, 0xF1, 0x81, 0xF0, 0x41, 0x7C,
    0x30, 0x00, 0x18, 0x03, 0x07, 0xCE, 0x81, 0xC1, 0x01, 0xE0, 0x70, 0x00,
    0x00, 0x00, 0x00, 0x00, 0x00, 0x00, 0x00, 0x00, 0x00, 0x00, 0x00, 0x00,
    0x00, 0x00, 0x00, 0x00, 0x00, 0x00, 0x00, 0x00, 0x00, 0x00, 0x00, 0x00,
    0x00, 0x00, 0x00, 0x00, 0x00, 0x00, 0x00, 0x00, 0x00, 0xC0, 0x01, 0xDE,
    0x22, 0x14, 0x02, 0x00, 0x00, 0x63, 0x00, 0xF1, 0x81, 0xF0, 0x41, 0x7C,
    0xFC, 0x0F, 0x18, 0x03, 0x07, 0x8E, 0xFF, 0x07, 0xFF, 0x80, 0xDF, 0x01,
    0x00, 0x00, 0x00, 0x00, 0x00, 0x00, 0x00, 0x00, 0x00, 0x00, 0x00, 0x00,
    0x00, 0x00, 0x00, 0x00, 0x00, 0x00, 0x00, 0x00, 0x00, 0x00, 0x00, 0x00,
    0x00, 0x00, 0x00, 0x00, 0x00, 0x00, 0x00, 0x00, 0x00, 0xC0, 0x3F, 0xF7,
    0x3E, 0xF4, 0x03, 0x00, 0xE0, 0xE3, 0x83, 0x90, 0x41, 0x10, 0x21, 0x64,
    0xFC, 0x0F, 0x18, 0x03, 0x07, 0x8E, 0xFF, 0x07, 0xFF, 0x80, 0xDF, 0x01,
    0x00, 0x00, 0x00, 0x00, 0x00, 0x00, 0x00, 0x00, 0x00, 0x00, 0x00, 0x00,
    0x00, 0x00, 0x00, 0x00, 0x00, 0x00, 0x00, 0x00, 0x00, 0x00, 0x00, 0x00,
    0x00, 0x00, 0x00, 0x00, 0x00, 0x00, 0x00, 0x00, 0x00, 0xC0, 0x3F, 0xF7,
    0x3E, 0xF4, 0x03, 0x00, 0xE0, 0xE3, 0x83, 0x90, 0x41, 0x10, 0x21, 0x64,
    0x00, 0x00, 0x18, 0x03, 0x00, 0x00, 0x00, 0x00, 0x38, 0x00, 0x00, 0x00,
    0x00, 0x00, 0x00, 0x00, 0x00, 0x00, 0x00, 0x00, 0x00, 0x00, 0x00, 0x00,
    0x00, 0x0E, 0x00, 0x00, 0x00, 0x00, 0x00, 0x00, 0xE0, 0x00, 0x00, 0x00,
    0x00, 0x00, 0x00, 0x00, 0x00, 0x00, 0x00, 0x00, 0x00, 0x00, 0x00, 0x00,
    0x00, 0x00, 0x00, 0x00, 0x00, 0x00, 0x60, 0xF0, 0x31, 0xF0, 0x19, 0x7C,
    0x00, 0x00, 0x00, 0x00, 0x00, 0x00, 0x00, 0x00, 0x1C, 0x00, 0x00, 0x00,
    0x00, 0x00, 0x00, 0x00, 0x00, 0x00, 0x00, 0x00, 0x00, 0x00, 0x00, 0xFF,
    0x00, 0x03, 0x00, 0x00, 0x00, 0x00, 0x00, 0x00, 0xE0, 0x01, 0x00, 0x00,
    0x00, 0x00, 0x00, 0x00, 0x00, 0x00, 0x00, 0x00, 0x00, 0x00, 0x00, 0x00,
    0x00, 0x00, 0x00, 0x00, 0x00, 0x00, 0x00, 0x00, 0x00, 0x00, 0x00, 0x00,
    0x00, 0x00, 0x00, 0x00, 0x00, 0x00, 0x00, 0x00, 0x1C, 0x00, 0x00, 0x00,
    0x00, 0x00, 0x00, 0x00, 0x00, 0x00, 0x00, 0x00, 0x00, 0x00, 0x00, 0xFF,
    0x00, 0x03, 0x00, 0x00, 0x00, 0x00, 0x00, 0x00, 0xE0, 0x01, 0x00, 0x00,
    0x00, 0x00, 0x00, 0x00, 0x00, 0x00, 0x00, 0x00, 0x00, 0x00, 0x00, 0x00,
    0x00, 0x00, 0x00, 0x00, 0x00, 0x00, 0x00, 0x00, 0x00, 0x00, 0x00, 0x00,
    0x00, 0x00, 0x00, 0x00, 0x00, 0x00, 0x00, 0x00, 0x1C, 0x00, 0x00, 0x00,
    0x06, 0x00, 0x00, 0x00, 0x00, 0x00, 0x00, 0x00, 0x00, 0x00, 0x00, 0x00,
    0x00, 0x00, 0x00, 0x00, 0x00, 0x00, 0x00, 0x00, 0x00, 0x00, 0x00, 0x00,
    0x00, 0x00, 0x00, 0x00, 0x00, 0x00, 0x00, 0x00, 0x00, 0x00, 0x00, 0x00,
    0x00, 0x00, 0x00, 0x00, 0x00, 0x00, 0x00, 0x00, 0x00, 0x00, 0x00, 0x00,
    0x00, 0x00, 0x00, 0x00, 0x00, 0x00, 0x00, 0x00, 0x1C, 0x00, 0x00, 0x00,
    0x06, 0x00, 0x00, 0x00, 0x00, 0x00, 0x00, 0x00, 0x00, 0x00, 0x00, 0x00,
    0x00, 0x00, 0x00, 0x00, 0x00, 0x00, 0x00, 0x00, 0x00, 0x00, 0x00, 0x00,
    0x00, 0x00, 0x00, 0x00, 0x00, 0x00, 0x00, 0x00, 0x00, 0x00, 0x00, 0x00,
    0x00, 0x00, 0x00, 0x00, 0x00, 0x00, 0x00, 0x00, 0x00, 0x00, 0x00, 0x00,
    0x7E, 0x08, 0x00, 0x00, 0x70, 0x00, 0x00, 0x00, 0x1C, 0xF0, 0xFF, 0x01,
    0x1E, 0x00, 0x00, 0x00, 0x00, 0x00, 0x00, 0x00, 0x00, 0x00, 0x00, 0x00,
    0x00, 0x00, 0x00, 0x00, 0x00, 0x00, 0x00, 0x00, 0x00, 0x00, 0x00, 0x00,
    0x00, 0x00, 0x00, 0x00, 0x00, 0x00, 0x00, 0x00, 0x00, 0x00, 0x00, 0x00,
    0x00, 0x00, 0x00, 0x00, 0x00, 0x00, 0x00, 0x00, 0x00, 0x00, 0x00, 0x00,
    0x30, 0x04, 0xE0, 0x00, 0xF8, 0x00, 0x38, 0x00, 0x1C, 0xF0, 0xFF, 0x01,
    0x36, 0xF8, 0x07, 0x00, 0x00, 0x00, 0x00, 0x00, 0x00, 0x00, 0x00, 0x00,
    0x00, 0x00, 0x00, 0x00, 0x00, 0x00, 0x00, 0x00, 0x00, 0x00, 0x00, 0x00,
    0x00, 0x00, 0x00, 0x00, 0x00, 0x00, 0x00, 0x00, 0x00, 0x00, 0x00, 0x00,
    0x00, 0x00, 0x00, 0x00, 0x00, 0x00, 0x00, 0x00, 0x00, 0x00, 0x00, 0x00,
    0x30, 0x04, 0xE0, 0x00, 0xF8, 0x00, 0x38, 0x00, 0x1C, 0xF0, 0xFF, 0x01,
    0x36, 0xF8, 0x07, 0x00, 0x00, 0x00, 0x00, 0x00, 0x00, 0x00, 0x00, 0x00,
    0x00, 0x00, 0x00, 0x00, 0x00, 0x00, 0x00, 0x00, 0x00, 0x00, 0x00, 0x00,
    0x00, 0x00, 0x00, 0x00, 0x00, 0x00, 0x00, 0x00, 0x00, 0x00, 0x00, 0x00,
    0x00, 0x00, 0x00, 0x00, 0x00, 0x00, 0x00, 0x00, 0x00, 0x00, 0x00, 0x00,
    0x1C, 0x02, 0x38, 0x00, 0xFC, 0x01, 0xF0, 0x00, 0x1C, 0xF0, 0xFF, 0x01,
    0x26, 0xC0, 0x00, 0xF0, 0x0F, 0x00, 0x00, 0x00, 0x00, 0x00, 0x00, 0x00,
    0x00, 0x00, 0x00, 0x00, 0x00, 0x00, 0x00, 0x00, 0x00, 0x00, 0x00, 0x00,
    0x00, 0x00, 0x00, 0x00, 0x00, 0x00, 0x00, 0x00, 0x00, 0x00, 0x00, 0x00,
    0x00, 0x00, 0x00, 0x00, 0x00, 0x00, 0x00, 0x00, 0x00, 0x00, 0x00, 0x00,
    0x1C, 0x02, 0x38, 0x00, 0xFC, 0x01, 0xF0, 0x00, 0x1C, 0xF0, 0xFF, 0x01,
    0x26, 0xC0, 0x00, 0xF0, 0x0F, 0x00, 0x00, 0x00, 0x00, 0x00, 0x00, 0x00,
    0x00, 0x00, 0x00, 0x00, 0x00, 0x00, 0x00, 0x00, 0x00, 0x00, 0x00, 0x00,
    0x00, 0x00, 0x00, 0x00, 0x00, 0x00, 0x00, 0x00, 0x00, 0x00, 0x00, 0x00,
    0x00, 0x00, 0x00, 0x00, 0x00, 0x00, 0x00, 0x00, 0x00, 0x00, 0x00, 0x00,
    0x8E, 0x3F, 0xFF, 0x3F, 0x77, 0xE3, 0xFF, 0x07, 0x1C, 0xF0, 0xFF, 0x01,
    0x06, 0xC0, 0x0C, 0xE0, 0x07, 0x00, 0x00, 0x00, 0x00, 0x00, 0x00, 0x00,
    0x00, 0x00, 0x00, 0x00, 0x00, 0x00, 0x00, 0x00, 0x00, 0x00, 0x00, 0x00,
    0x00, 0x00, 0x00, 0x00, 0x00, 0x00, 0x00, 0x00, 0x00, 0x00, 0x00, 0x00,
    0x00, 0x00, 0x00, 0x00, 0x00, 0x00, 0x00, 0x00, 0x00, 0x00, 0x00, 0x00,
    0x4E, 0x32, 0x38, 0x00, 0x70, 0x00, 0xF0, 0xC0, 0xDD, 0xF0, 0xFF, 0xC1,
    0x07, 0xC0, 0x0C, 0xC0, 0x3D, 0x00, 0x00, 0x00, 0x00, 0x00, 0x00, 0x00,
    0x00, 0x00, 0x00, 0x00, 0x00, 0x00, 0x00, 0x00, 0x00, 0x00, 0x00, 0x00,
    0x00, 0x00, 0x00, 0x00, 0x00, 0x00, 0x00, 0x00, 0x00, 0x00, 0x00, 0x00,
    0x00, 0x00, 0x00, 0x00, 0x00, 0x00, 0x00, 0x00, 0x00, 0x00, 0x00, 0x00,
    0x4E, 0x32, 0x38, 0x00, 0x70, 0x00, 0xF0, 0xC0, 0xDD, 0xF0, 0xFF, 0xC1,
    0x07, 0xC0, 0x0C, 0xC0, 0x3D, 0x00, 0x00, 0x00, 0x00, 0x00, 0x00, 0x00,
    0x00, 0x00, 0x00, 0x00, 0x00, 0x00, 0x00, 0x00, 0x00, 0x00, 0x00, 0x00,
    0x00, 0x00, 0x00, 0x00, 0x00, 0x00, 0x00, 0x00, 0x00, 0x00, 0x00, 0x00,
    0x00, 0x00, 0x00, 0x00, 0x00, 0x00, 0x00, 0x00, 0x00, 0x00, 0x00, 0x00,
    0x20, 0x3E, 0xE0, 0x00, 0x70, 0x00, 0x38, 0x00, 0x7F, 0xF0, 0xFF, 0xF1,
    0x07, 0xC0, 0x0C, 0x60, 0x70, 0x00, 0x00, 0x00, 0x00, 0x00, 0x00, 0x00,
    0x00, 0x00, 0x00, 0x00, 0x00, 0x00, 0x00, 0x00, 0x00, 0x00, 0x00, 0x00,
    0x00, 0x00, 0x00, 0x00, 0x00, 0x00, 0x00, 0x00, 0x00, 0x00, 0x00, 0x00,
    0x00, 0x00, 0x00, 0x00, 0x00, 0x00, 0x00, 0x00, 0x00, 0x00, 0x00, 0x00,
    0x20, 0x3E, 0xE0, 0x00, 0x70, 0x00, 0x38, 0x00, 0x7F, 0xF0, 0xFF, 0xF1,
    0x07, 0xC0, 0x0C, 0x60, 0x70, 0x00, 0x00, 0x00, 0x00, 0x00, 0x00, 0x00,
    0x00, 0x00, 0x00, 0x00, 0x00, 0x00, 0x00, 0x00, 0x00, 0x00, 0x00, 0x00,
    0x00, 0x00, 0x00, 0x00, 0x00, 0x00, 0x00, 0x00, 0x00, 0x00, 0x00, 0x00,
    0x00, 0x00, 0x00, 0x00, 0x00, 0x00, 0x00, 0x00, 0x00, 0x00, 0x00, 0x00,
    0x10, 0x32, 0x00, 0x00, 0x70, 0x00, 0x00, 0x00, 0x3E, 0xF0, 0xFF, 0xC1,
    0x01, 0xC0, 0x7C, 0x30, 0x00, 0x00, 0x00, 0x00, 0x00, 0x00, 0x00, 0x00,
    0x00, 0x00, 0x00, 0x00, 0x00, 0x00, 0x00, 0x00, 0x00, 0x00, 0x00, 0x00,
    0x00, 0x00, 0x00, 0x00, 0x00, 0x00, 0x00, 0x00, 0x00, 0x00, 0x00, 0x00,
    0x00, 0x00, 0x00, 0x00, 0x00, 0x00, 0x00, 0x00, 0x00, 0x00, 0x00, 0x00,
    0x10, 0x32, 0x00, 0x00, 0x70, 0x00, 0x00, 0x00, 0x3E, 0xF0, 0xFF, 0xC1,
    0x01, 0xC0, 0x7C, 0x30, 0x00, 0x00, 0x00, 0x00, 0x00, 0x00, 0x00, 0x00,
    0x00, 0x00, 0x00, 0x00, 0x00, 0x00, 0x00, 0x00, 0x00, 0x00, 0x00, 0x00,
    0x00, 0x00, 0x00, 0x00, 0x00, 0x00, 0x00, 0x00, 0x00, 0x00, 0x00, 0x00,
    0x00, 0x00, 0x00, 0x00, 0x00, 0x00, 0x00, 0x00, 0x00, 0x00, 0x00, 0x00,
    0x0C, 0x3E, 0x00, 0x00, 0x70, 0x00, 0x00, 0x00, 0x1C, 0x00, 0x00, 0x00,
    0x00, 0x00, 0x00, 0x30, 0x00, 0x00, 0x00, 0x00, 0x00, 0x00, 0x00, 0x00,
    0x00, 0x00, 0x00, 0x00, 0x00, 0x00, 0x00, 0x00, 0x00, 0x00, 0x00, 0x00,
    0x00, 0x00, 0x00, 0x00, 0x00, 0x00, 0x00, 0x00, 0x00, 0x00, 0x00, 0x00,
    0x00, 0x00, 0x00, 0x00, 0x00, 0x00, 0x00, 0x00, 0x00, 0x00, 0x00, 0x00,
    0x00, 0x00, 0x00, 0x00, 0x70, 0x00, 0x00, 0x00, 0x00, 0x00, 0x00, 0x00,
    0x00, 0x00, 0x00, 0xE0, 0x3F, 0x00, 0x00, 0x00, 0x00, 0x00, 0x00, 0x00,
    0x00, 0x00, 0x00, 0x00, 0x00, 0x00, 0x00, 0x00, 0x00, 0x00, 0x00, 0x00,
    0x00, 0x00, 0x00, 0x00, 0x00, 0x00, 0x00, 0x00, 0x00, 0x00, 0x00, 0x00,
    0x00, 0x00, 0x00, 0x00, 0x00, 0x00, 0x00, 0x00, 0x00, 0x00, 0x00, 0x00,
    0x00, 0x00, 0x00, 0x00, 0x70, 0x00, 0x00, 0x00, 0x00, 0x00, 0x00, 0x00,
    0x00, 0x00, 0x00, 0xE0, 0x3F, 0x00, 0x00, 0x00, 0x00, 0x00, 0x00, 0x00,
    0x00, 0x00, 0x00, 0x00, 0x00, 0x00, 0x00, 0x00, 0x00, 0x00, 0x00, 0x00,
    0x00, 0x00, 0x00, 0x00, 0x00, 0x00, 0x00, 0x00, 0x00, 0x00, 0x00, 0x00,
    0x00, 0x00, 0x00, 0x00, 0x00, 0x00, 0x00, 0x00, 0x00, 0x00, 0x00, 0x00,
    0x00, 0x00, 0x00, 0x00, 0x00, 0x00, 0x00, 0x00, 0x00, 0x00, 0x00, 0x00,
    0x00, 0x00, 0x00, 0x00, 0x00, 0x00, 0x00, 0x00, 0x00, 0x00, 0x00, 0x00,
    0x00, 0x00, 0x00, 0x00, 0x00, 0x00, 0x00, 0x00, 0x00, 0x00, 0x00, 0x00,
    0x00, 0x00, 0x00, 0x00, 0x00, 0x00, 0x00, 0x00, 0x00, 0x00, 0x00, 0x00,
    0x00, 0x00, 0x00, 0x00, 0x00, 0x00, 0x00, 0x00, 0x00, 0x00, 0x00, 0x00,
    0x00, 0x00, 0x00, 0x00, 0x00, 0x00, 0x00, 0x00, 0x00, 0x00, 0x00, 0x00,
    0x00, 0x00, 0x00, 0x00, 0x00, 0x00, 0x00, 0x00, 0x00, 0x00, 0x00, 0x00,
    0x00, 0x00, 0x00, 0x00, 0x00, 0x00, 0x00, 0x00, 0x00, 0x00, 0x00, 0x00,
    0x00, 0x00, 0x00, 0x00, 0x00, 0x00, 0x00, 0x00, 0x00, 0x00, 0x00, 0x00,
    0x00, 0x00, 0x00, 0x00, 0x00, 0x00, 0x00, 0x00, 0x00, 0x00, 0x00, 0x00,
    0x00, 0x00, 0x00, 0x00, 0x00, 0x00, 0x00, 0x00, 0x00, 0x07, 0x00, 0x00,
    0x00, 0x00, 0x00, 0x00, 0x00, 0x00, 0x00, 0x00, 0x00, 0x00, 0x00, 0x00,
    0x00, 0x00, 0x00, 0x00, 0x00, 0x00, 0x00, 0x00, 0x00, 0x00, 0x00, 0x00,
    0x00, 0x00, 0x00, 0x00, 0x00, 0x0C, 0x1F, 0x00, 0x00, 0xF3, 0xBF, 0x19,
    0xDC, 0xFC, 0x0F, 0x00, 0x30, 0x7E, 0x00, 0x00, 0xCC, 0xE0, 0xC6, 0x1F,
    0x00, 0x00, 0x00, 0x00, 0x00, 0x00, 0x00, 0x00, 0x00, 0x07, 0x00, 0x00,
    0x00, 0x00, 0x00, 0x00, 0x00, 0x00, 0x00, 0x00, 0x00, 0x00, 0x00, 0x00,
    0x00, 0x00, 0x00, 0x00, 0x00, 0x00, 0x00, 0x00, 0x00, 0x00, 0x00, 0x00,
    0x00, 0x00, 0x00, 0x00, 0x00, 0x8C, 0x31, 0x00, 0x00, 0x33, 0xB0, 0x19,
    0xDC, 0xE0, 0x00, 0x00, 0x30, 0xC3, 0x00, 0x00, 0x8C, 0x31, 0x66, 0x70,
    0x00, 0x00, 0x00, 0x00, 0x00, 0x00, 0x00, 0x00, 0x00, 0x07, 0x00, 0x00,
    0x00, 0x00, 0x00, 0x00, 0x00, 0x00, 0x00, 0x00, 0x00, 0x00, 0x00, 0x00,
    0x00, 0x00, 0x00, 0x00, 0x00, 0x00, 0x00, 0x00, 0x00, 0x00, 0x00, 0x00,
    0x00, 0x00, 0x00, 0x00, 0x00, 0x8C, 0x31, 0x00, 0x00, 0x33, 0xB0, 0x19,
    0xDC, 0xE0, 0x00, 0x00, 0x30, 0xC3, 0x00, 0x00, 0x8C, 0x31, 0x66, 0x70,
    0x00, 0x00, 0x00, 0x00, 0x00, 0x00, 0x00, 0x00, 0x00, 0x00, 0x00, 0x00,
    0x00, 0x00, 0x00, 0x00, 0x00, 0x00, 0x00, 0x00, 0x00, 0x00, 0x00, 0x00,
    0x00, 0x00, 0x00, 0x00, 0x00, 0x00, 0x00, 0x00, 0x00, 0x00, 0x00, 0x00,
    0x00, 0x00, 0x00, 0x00, 0x00, 0xC0, 0xE0, 0x00, 0x00, 0x30, 0x00, 0x18,
    0x1C, 0xE0, 0x00, 0x00, 0xC0, 0x81, 0x03, 0x00, 0x00, 0x1F, 0x38, 0xE0,
    0x00, 0x00, 0x00, 0x00, 0x00, 0x00, 0x00, 0x00, 0x00, 0x00, 0x00, 0x00,
    0x00, 0x00, 0x00, 0x00, 0x00, 0x00, 0x00, 0x00, 0x00, 0x00, 0x00, 0x00,
    0x00, 0x00, 0x00, 0x00, 0x00, 0x00, 0x00, 0x00, 0x00, 0x00, 0x00, 0x00,
    0x00, 0x00, 0x00, 0x00, 0x00, 0xC0, 0xE0, 0x00, 0x00, 0x30, 0x00, 0x18,
    0x1C, 0xE0, 0x00, 0x00, 0xC0, 0x81, 0x03, 0x00, 0x00, 0x1F, 0x38, 0xE0,
    0x00, 0x00, 0x00, 0x00, 0x00, 0x00, 0x00, 0x00, 0x00, 0x00, 0x00, 0x00,
    0x00, 0x00, 0x00, 0x00, 0x00, 0x00, 0x00, 0x00, 0x00, 0x00, 0x00, 0x00,
    0x00, 0x00, 0x00, 0x00, 0x00, 0x00, 0x00, 0x00, 0x00, 0x00, 0x00, 0x00,
    0x00, 0x00, 0x00, 0x00, 0x00, 0x70, 0xC0, 0x01, 0x00, 0xF0, 0x07, 0xF8,
    0x1F, 0xE0, 0x00, 0x00, 0xC0, 0x81, 0x03, 0x00, 0x00, 0x0E, 0x38, 0xE0,
    0x00, 0x00, 0x00, 0x00, 0x00, 0x00, 0x00, 0x00, 0x00, 0x00, 0x00, 0x00,
    0x00, 0x00, 0x00, 0x00, 0x00, 0x00, 0x00, 0x00, 0x00, 0x00, 0x00, 0x00,
    0x00, 0x00, 0x00, 0x00, 0x00, 0x00, 0x00, 0x00, 0x00, 0x00, 0x00, 0x00,
    0x00, 0x00, 0x00, 0x00, 0x00, 0xF0, 0xFF, 0x01, 0x00, 0x30, 0x00, 0x18,
    0x1C, 0xE0, 0x00, 0x00, 0xC0, 0x81, 0x03, 0x00, 0x00, 0x0E, 0x60, 0x70,
    0x00, 0x00, 0x00, 0x00, 0x00, 0x00, 0x00, 0x00, 0x00, 0x00, 0x00, 0x00,
    0x00, 0x00, 0x00, 0x00, 0x00, 0x00, 0x00, 0x00, 0x00, 0x00, 0x00, 0x00,
    0x00, 0x00, 0x00, 0x00, 0x00, 0x00, 0x00, 0x00, 0x00, 0x00, 0x00, 0x00,
    0x00, 0x00, 0x00, 0x00, 0x00, 0xF0, 0xFF, 0x01, 0x00, 0x30, 0x00, 0x18,
    0x1C, 0xE0, 0x00, 0x00, 0xC0, 0x81, 0x03, 0x00, 0x00, 0x0E, 0x60, 0x70,
    0x00, 0x00, 0x00, 0x00, 0x00, 0x00, 0x00, 0x00, 0x00, 0x00, 0x00, 0x00,
    0x00, 0x00, 0x00, 0x00, 0x00, 0x00, 0x00, 0x00, 0x00, 0x00, 0x00, 0x00,
    0x00, 0x00, 0x00, 0x00, 0x00, 0x00, 0x00, 0x00, 0x00, 0x00, 0x00, 0x00,
    0x00, 0x00, 0x00, 0x00, 0x00, 0x70, 0xC0, 0x01, 0x00, 0x30, 0x30, 0x18,
    0x1C, 0xE0, 0x00, 0x00, 0x00, 0xC3, 0x00, 0x00, 0x00, 0x0E, 0xC0, 0x18,
    0x00, 0x00, 0x00, 0x00, 0x00, 0x00, 0x00, 0x00, 0x00, 0x00, 0x00, 0x00,
    0x00, 0x00, 0x00, 0x00, 0x00, 0x00, 0x00, 0x00, 0x00, 0x00, 0x00, 0x00,
    0x00, 0x00, 0x00, 0x00, 0x00, 0x00, 0x00, 0x00, 0x00, 0x00, 0x00, 0x00,
    0x00, 0x00, 0x00, 0x00, 0x00, 0x70, 0xC0, 0x01, 0x00, 0x30, 0x30, 0x18,
    0x1C, 0xE0, 0x00, 0x00, 0x00, 0xC3, 0x00, 0x00, 0x00, 0x0E, 0xC0, 0x18,
    0x00, 0x00, 0x00, 0x00, 0x00, 0x00, 0x00, 0x00, 0x00, 0x00, 0x00, 0x00,
    0x00, 0x00, 0x00, 0x00, 0x00, 0x00, 0x00, 0x00, 0x00, 0x00, 0x00, 0x00,
    0x00, 0x00, 0x00, 0x00, 0x00, 0x00, 0x00, 0x00, 0x00, 0x00, 0x00, 0x00,
    0x00, 0x00, 0x00, 0x00, 0x00, 0x70, 0xC0, 0x01, 0x00, 0xF0, 0x3F, 0x18,
    0x1C, 0xFC, 0x0F, 0x00, 0x00, 0x7E, 0x00, 0x00, 0x00, 0x1F, 0xF8, 0xF8,
    0x00, 0x00, 0x00, 0x00, 0x00, 0x00, 0x00, 0x00, 0x00, 0x00, 0x00, 0x00,
    0x00, 0x00, 0x00, 0x00, 0x00, 0x00, 0x00, 0x00, 0x00, 0x00, 0x00, 0x00,
    0x00, 0x00, 0x00, 0x00, 0x00, 0x00, 0x00, 0x00, 0x00, 0x00, 0x00, 0x00,
    0x00, 0x00, 0x00, 0x00, 0x00, 0x70, 0xC0, 0x01, 0x00, 0xF0, 0x3F, 0x18,
    0x1C, 0xFC, 0x0F, 0x00, 0x00, 0x7E, 0x00, 0x00, 0x00, 0x1F, 0xF8, 0xF8,
    0x00, 0x00, 0x00, 0x00, 0x00, 0x00, 0x00, 0x00, 0x00, 0x00, 0x00, 0x00,
    0x00, 0x00, 0x00, 0x00, 0x00, 0x00, 0x00, 0x00, 0x00, 0x00, 0x00, 0x00,
    0x00, 0x00, 0x00, 0x00, 0x00, 0x00, 0x00, 0x00, 0x00, 0x00, 0x00, 0x00,
    0x00, 0x00, 0x00, 0x00, 0x00, 0x00, 0x00, 0x00, 0x00, 0x00, 0x00, 0x00,
    0x00, 0x00, 0x00, 0x00, 0x00, 0x00, 0x00, 0x00, 0x00, 0x00, 0x00, 0x00,
    0x00, 0x00, 0x00, 0x00, 0x00, 0x00, 0x00, 0x00, 0x00, 0x00, 0x00, 0x00,
    0x00, 0x00, 0x00, 0x00, 0x00, 0x00, 0x00, 0x00, 0x00, 0x00, 0x00, 0x00,
    0x00, 0x00, 0x00, 0x00, 0x00, 0x00, 0x00, 0x00, 0x00, 0x00, 0x00, 0x00,
    0x00, 0x00, 0x00, 0x00, 0x00, 0x00, 0x00, 0x00, 0x00, 0x00, 0x00, 0x00,
    0x00, 0x00, 0x00, 0x00, 0x00, 0x00, 0x00, 0x00, 0x00, 0x00, 0x00, 0x00,
    0x00, 0x00, 0x00, 0x00, 0x00, 0x00, 0x00, 0x00, 0x00, 0x00, 0x00, 0x00,
    0x00, 0x00, 0x00, 0x00, 0x00, 0x00, 0x00, 0x00, 0x00, 0x00, 0x00, 0x00,
    0x00, 0x00, 0x00, 0x00, 0x00, 0x00, 0x00, 0x00, 0x00, 0x00, 0x00, 0x00,
    0x00, 0x00, 0x00, 0x00, 0x00, 0x00, 0x00, 0x00, 0x00, 0x00, 0x00, 0x00,
    0x00, 0x00, 0x00, 0x00, 0x00, 0x00, 0x00, 0x00, 0x00, 0x00, 0x00, 0x00,
    0xC0, 0x01, 0x00, 0x00, 0x00, 0x00, 0x00, 0x00, 0x00, 0x00, 0x00, 0x00,
    0x00, 0x00, 0x00, 0x00, 0x00, 0x00, 0x00, 0x00, 0x00, 0x00, 0x00, 0x00,
    0x00, 0x00, 0x00, 0x00, 0x00, 0x00, 0x00, 0x00, 0x00, 0x00, 0x00, 0x00,
    0x00, 0x00, 0x00, 0x00, 0x00, 0x00, 0x00, 0x00, 0x00, 0x00, 0x00, 0xF8,
    0x03, 0x8C, 0x01, 0xC6, 0x00, 0x38, 0x00, 0x30, 0x00, 0x0E, 0x00, 0x07,
    0xC0, 0x01, 0x00, 0x00, 0x00, 0x00, 0x00, 0x00, 0x00, 0x00, 0x00, 0x00,
    0x00, 0x00, 0x00, 0x00, 0x00, 0x00, 0x00, 0x00, 0x00, 0x00, 0x00, 0x00,
    0x00, 0x00, 0x00, 0x00, 0x00, 0x00, 0x00, 0x00, 0x00, 0x00, 0x00, 0x00,
    0x00, 0x00, 0x00, 0x00, 0x00, 0x00, 0x00, 0x00, 0x00, 0x00, 0x00, 0xF8,
    0x03, 0x8C, 0x01, 0xC6, 0x00, 0x38, 0x00, 0x30, 0x00, 0x0E, 0x00, 0x07,
    0xDC, 0x0D, 0xF0, 0x81, 0xFF, 0xC1, 0xFF, 0x07, 0x3E, 0xF0, 0x7F, 0xF8,
    0x3F, 0x3C, 0x78, 0xFC, 0x0F, 0xF8, 0x83, 0x0F, 0x0F, 0x7C, 0xE0, 0xC1,
    0xF3, 0xE0, 0xF9, 0xFF, 0xF8, 0x1F, 0xFE, 0x3F, 0xFE, 0x07, 0x00, 0xC0,
    0xFF, 0xE7, 0xFF, 0x73, 0xC0, 0xF1, 0x3F, 0x3C, 0x78, 0xCE, 0x39, 0x0E,
    0x06, 0x00, 0x00, 0x00, 0x00, 0x1C, 0x00, 0x1C, 0x00, 0x07, 0x80, 0x03,
    0x00, 0x00, 0x18, 0x03, 0x07, 0x83, 0x03, 0x06, 0x63, 0xE0, 0x40, 0x08,
    0x1E, 0x38, 0x18, 0x0E, 0x38, 0xE0, 0x00, 0x87, 0x01, 0xC6, 0xE0, 0xE3,
    0xE3, 0x61, 0x08, 0xC0, 0x1C, 0x70, 0x1C, 0x0C, 0x0E, 0x1C, 0x00, 0x80,
    0x07, 0x26, 0x1C, 0xE3, 0x60, 0x38, 0xE7, 0x38, 0x18, 0xCE, 0x39, 0x07,
    0x1C, 0xFC, 0x81, 0x83, 0x01, 0x00, 0x00, 0x00, 0x00, 0x00, 0x00, 0x00,
    0x00, 0x00, 0x18, 0x03, 0x07, 0x83, 0x03, 0x06, 0x63, 0xE0, 0x40, 0x08,
    0x1E, 0x38, 0x18, 0x0E, 0x38, 0xE0, 0x00, 0x87, 0x01, 0xC6, 0xE0, 0xE3,
    0xE3, 0x61, 0x08, 0xC0, 0x1C, 0x70, 0x1C, 0x0C, 0x0E, 0x1C, 0x00, 0x80,
    0x07, 0x26, 0x1C, 0xE3, 0x60, 0x38, 0xE7, 0x38, 0x18, 0xCE, 0x39, 0x07,
    0x1C, 0xFC, 0x81, 0x83, 0x01, 0x00, 0x00, 0x00, 0x00, 0x00, 0x00, 0x00,
    0xE0, 0x01, 0x0E, 0x06, 0x07, 0x83, 0x03, 0xC0, 0xC1, 0xE0, 0x00, 0x00,
    0x0F, 0x38, 0x18, 0x0E, 0x38, 0xE0, 0x00, 0xE7, 0x80, 0x83, 0xE1, 0xBE,
    0xE3, 0x63, 0x00, 0x00, 0x1C, 0x70, 0x1C, 0x0C, 0x0E, 0x1C, 0x00, 0x00,
    0x0C, 0x00, 0x1C, 0x80, 0x31, 0x38, 0xE7, 0x60, 0x0C, 0xCE, 0x39, 0x07,
    0x1C, 0x70, 0x00, 0xC6, 0x00, 0x9F, 0x83, 0x7F, 0xB8, 0x1F, 0xC0, 0x03,
    0xE0, 0x01, 0x0E, 0x06, 0x07, 0x83, 0x03, 0xC0, 0xC1, 0xE0, 0x00, 0x00,
    0x0F, 0x38, 0x18, 0x0E, 0x38, 0xE0, 0x00, 0xE7, 0x80, 0x83, 0xE1, 0xBE,
    0xE3, 0x63, 0x00, 0x00, 0x1C, 0x70, 0x1C, 0x0C, 0x0E, 0x1C, 0x00, 0x00,
    0x0C, 0x00, 0x1C, 0x80, 0x31, 0x38, 0xE7, 0x60, 0x0C, 0xCE, 0x39, 0x07,
    0x1C, 0x70, 0x00, 0xC6, 0x00, 0x9F, 0x83, 0x7F, 0xB8, 0x1F, 0xC0, 0x03,
    0xC0, 0x01, 0x07, 0x1C, 0xFF, 0x81, 0x03, 0xE0, 0x80, 0xE3, 0x0F, 0x80,
    0x07, 0xF8, 0x1F, 0xFE, 0x3F, 0xE0, 0x00, 0x7F, 0xC0, 0x01, 0xE7, 0x9C,
    0xE3, 0x6E, 0xC0, 0x1F, 0x1C, 0x70, 0x1C, 0x0C, 0xFE, 0x07, 0x00, 0x00,
    0x38, 0x00, 0x1C, 0x00, 0x1F, 0x38, 0xE7, 0xC0, 0x07, 0xCE, 0x39, 0x07,
    0x1C, 0x70, 0x00, 0x7C, 0xC0, 0xE1, 0xE0, 0x00, 0xF0, 0x30, 0x80, 0x03,
    0xC0, 0x01, 0xFF, 0x1F, 0x07, 0x83, 0x03, 0xE0, 0x80, 0xE3, 0x00, 0xC0,
    0x01, 0x38, 0x18, 0x0E, 0x38, 0xE0, 0x00, 0xE7, 0xC0, 0x01, 0xE7, 0x80,
    0xE3, 0x7C, 0x00, 0x00, 0x1C, 0x70, 0x1C, 0x0C, 0x0E, 0x00, 0x00, 0x00,
    0x0C, 0x00, 0x1C, 0x00, 0x0E, 0xF0, 0x3F, 0x60, 0x0C, 0xFC, 0x0F, 0x0E,
    0x06, 0x70, 0x00, 0x38, 0xC0, 0x61, 0x80, 0x1F, 0x70, 0x30, 0x80, 0x03,
    0xC0, 0x01, 0xFF, 0x1F, 0x07, 0x83, 0x03, 0xE0, 0x80, 0xE3, 0x00, 0xC0,
    0x01, 0x38, 0x18, 0x0E, 0x38, 0xE0, 0x00, 0xE7, 0xC0, 0x01, 0xE7, 0x80,
    0xE3, 0x7C, 0x00, 0x00, 0x1C, 0x70, 0x1C, 0x0C, 0x0E, 0x00, 0x00, 0x00,
    0x0C, 0x00, 0x1C, 0x00, 0x0E, 0xF0, 0x3F, 0x60, 0x0C, 0xFC, 0x0F, 0x0E,
    0x06, 0x70, 0x00, 0x38, 0xC0, 0x61, 0x80, 0x1F, 0x70, 0x30, 0x80, 0x03,
    0xC0, 0x01, 0x07, 0x1C, 0x07, 0x83, 0x03, 0xE0, 0x80, 0xE3, 0x40, 0xF0,
    0x20, 0x38, 0x18, 0x0E, 0x38, 0xE0, 0x00, 0x87, 0xC1, 0x01, 0xE7, 0x80,
    0xE3, 0x70, 0x08, 0xC0, 0x1C, 0x70, 0x1C, 0x0C, 0x0E, 0x00, 0x00, 0x80,
    0x07, 0x06, 0x1C, 0x00, 0x0E, 0x00, 0x07, 0x38, 0x18, 0xC0, 0x01, 0x18,
    0x03, 0x70, 0x00, 0x38, 0xC0, 0xE1, 0xE0, 0x00, 0x70, 0x30, 0x80, 0x03,
    0xC0, 0x01, 0x07, 0x1C, 0x07, 0x83, 0x03, 0xE0, 0x80, 0xE3, 0x40, 0xF0,
    0x20, 0x38, 0x18, 0x0E, 0x38, 0xE0, 0x00, 0x87, 0xC1, 0x01, 0xE7, 0x80,
    0xE3, 0x70, 0x08, 0xC0, 0x1C, 0x70, 0x1C, 0x0C, 0x0E, 0x00, 0x00, 0x80,
    0x07, 0x06, 0x1C, 0x00, 0x0E, 0x00, 0x07, 0x38, 0x18, 0xC0, 0x01, 0x18,
    0x03, 0x70, 0x00, 0x38, 0xC0, 0xE1, 0xE0, 0x00, 0x70, 0x30, 0x80, 0x03,
    0xF0, 0x07, 0x07, 0x9C, 0xFF, 0xC1, 0x03, 0xE0, 0xFF, 0xF3, 0x7F, 0xF8,
    0x3F, 0x3C, 0x78, 0xFC, 0x0F, 0xF8, 0x83, 0x0F, 0xCF, 0x01, 0xE7, 0x80,
    0xF3, 0xE0, 0xF9, 0xFF, 0xF8, 0x1F, 0x1E, 0x3C, 0x1F, 0x00, 0x00, 0xC0,
    0xFF, 0x07, 0x3E, 0x00, 0x1F, 0x80, 0x0F, 0x3C, 0x78, 0xE0, 0x03, 0x1F,
    0x1F, 0xFC, 0x01, 0x7C, 0x00, 0x9F, 0x83, 0x7F, 0x78, 0x30, 0xE0, 0x0F,
    0xF0, 0x07, 0x07, 0x9C, 0xFF, 0xC1, 0x03, 0xE0, 0xFF, 0xF3, 0x7F, 0xF8,
    0x3F, 0x3C, 0x78, 0xFC, 0x0F, 0xF8, 0x83, 0x0F, 0xCF, 0x01, 0xE7, 0x80,
    0xF3, 0xE0, 0xF9, 0xFF, 0xF8, 0x1F, 0x1E, 0x3C, 0x1F, 0x00, 0x00, 0xC0,
    0xFF, 0x07, 0x3E, 0x00, 0x1F, 0x80, 0x0F, 0x3C, 0x78, 0xE0, 0x03, 0x1F,
    0x1F, 0xFC, 0x01, 0x7C, 0x00, 0x9F, 0x83, 0x7F, 0x78, 0x30, 0xE0, 0x0F,
    0x00, 0x00, 0x00, 0x00, 0x00, 0x00, 0x00, 0x00, 0x00, 0x00, 0x00, 0x00,
    0x00, 0x00, 0x00, 0x00, 0x00, 0x00, 0x00, 0x00, 0x00, 0x00, 0x00, 0x00,
    0x00, 0x00, 0x00, 0x00, 0x00, 0x00, 0x00, 0x00, 0x00, 0x00, 0x00, 0x00,
    0x00, 0x00, 0x00, 0x00, 0x00, 0x00, 0x00, 0x00, 0x00, 0x00, 0x00, 0x00,
    0x00, 0x00, 0x00, 0x00, 0x00, 0x00, 0x00, 0x00, 0x00, 0x30, 0x00, 0x00,
    0x00, 0x00, 0x00, 0x00, 0x00, 0x00, 0x00, 0x00, 0x00, 0x00, 0x00, 0x00,
    0x00, 0x00, 0x00, 0x00, 0x00, 0x00, 0x00, 0x00, 0x00, 0x00, 0x00, 0x00,
    0x00, 0x00, 0x00, 0x00, 0x00, 0x00, 0x00, 0x00, 0x00, 0x00, 0x00, 0x00,
    0x00, 0x00, 0x00, 0x00, 0x00, 0x00, 0x00, 0x00, 0x00, 0x00, 0x00, 0x00,
    0x00, 0x00, 0x00, 0x00, 0x00, 0x00, 0x00, 0x00, 0x00, 0x00, 0x00, 0x00,
    0x00, 0x00, 0x00, 0x00, 0x00, 0x00, 0x00, 0x00, 0x00, 0x00, 0x00, 0x00,
    0x00, 0x00, 0x00, 0x00, 0x00, 0x00, 0x00, 0x00, 0x00, 0x00, 0x00, 0x00,
    0x00, 0x00, 0x00, 0x00, 0x00, 0x00, 0x00, 0x00, 0x00, 0x00, 0x00, 0x00,
    0x00, 0x00, 0x00, 0x00, 0x00, 0x00, 0x00, 0x00, 0x00, 0x00, 0x00, 0x00,
    0x00, 0x00, 0x00, 0x00, 0x00, 0x00, 0x00, 0x00, 0x00, 0x00, 0x00, 0x00,
    0xC0, 0x01, 0x00, 0x00, 0x00, 0x00, 0x00, 0x00, 0x00, 0x00, 0x00, 0x00,
    0x00, 0x00, 0x00, 0x00, 0x00, 0x00, 0x00, 0x00, 0x00, 0x00, 0x00, 0x00,
    0x00, 0x00, 0x00, 0x00, 0x00, 0x00, 0x00, 0x00, 0x00, 0x00, 0x00, 0x00,
    0x00, 0x00, 0x00, 0x00, 0x00, 0x00, 0x00, 0x00, 0x00, 0x00, 0x00, 0x00,
    0x00, 0x00, 0x00, 0x00, 0x00, 0x60, 0x00, 0x30, 0x00, 0x0E, 0x00, 0x00,
    0xC0, 0x01, 0x00, 0x00, 0x00, 0x00, 0x00, 0x00, 0x00, 0x00, 0x00, 0x00,
    0x00, 0x00, 0x00, 0x00, 0x00, 0x00, 0x00, 0x00, 0x00, 0x00, 0x00, 0x00,
    0x00, 0x00, 0x00, 0x00, 0x00, 0x00, 0x00, 0x00, 0x00, 0x00, 0x00, 0x00,
    0x00, 0x00, 0x00, 0x00, 0x00, 0x00, 0x00, 0x00, 0x00, 0x00, 0x00, 0x00,
    0x00, 0x00, 0x00, 0x00, 0x00, 0x60, 0x00, 0x30, 0x00, 0x0E, 0x00, 0x00,
    0xDC, 0x39, 0x00, 0x00, 0xFC, 0x00, 0x00, 0xE0, 0xFF, 0x00, 0x00, 0x00,
    0x00, 0x00, 0x00, 0xF0, 0x07, 0x00, 0x00, 0x00, 0xC0, 0x07, 0x00, 0x00,
    0x00, 0x00, 0xC0, 0x00, 0x00, 0x00, 0x00, 0x00, 0x00, 0x00, 0x00, 0x00,
    0x00, 0x00, 0x00, 0x00, 0x00, 0x00, 0x00, 0x00, 0x00, 0x00, 0x00, 0x00,
    0x00, 0x8C, 0x01, 0x86, 0x01, 0x38, 0x00, 0x1C, 0x00, 0x07, 0x00, 0x00,
    0x00, 0x00, 0x00, 0x00, 0x87, 0x01, 0x00, 0xC0, 0x01, 0x00, 0x00, 0xC0,
    0x01, 0x00, 0x00, 0x1C, 0x0C, 0x00, 0x00, 0x00, 0x00, 0x0C, 0x00, 0x00,
    0x00, 0x00, 0x80, 0x0F, 0x00, 0x00, 0x00, 0x00, 0x00, 0x00, 0x00, 0x00,
    0x00, 0x00, 0x00, 0x00, 0x00, 0x00, 0x07, 0x00, 0x00, 0x00, 0x00, 0x00,
    0x00, 0x00, 0x00, 0x00, 0x00, 0x00, 0x00, 0x00, 0x00, 0x00, 0x00, 0x00,
    0x00, 0x00, 0x00, 0x00, 0x87, 0x01, 0x00, 0xC0, 0x01, 0x00, 0x00, 0xC0,
    0x01, 0x00, 0x00, 0x1C, 0x0C, 0x00, 0x00, 0x00, 0x00, 0x0C, 0x00, 0x00,
    0x00, 0x00, 0x80, 0x0F, 0x00, 0x00, 0x00, 0x00, 0x00, 0x00, 0x00, 0x00,
    0x00, 0x00, 0x00, 0x00, 0x00, 0x00, 0x07, 0x00, 0x00, 0x00, 0x00, 0x00,
    0x00, 0x00, 0x00, 0x00, 0x00, 0x00, 0x00, 0x00, 0x00, 0x00, 0x00, 0x00,
    0x1E, 0x38, 0xFE, 0x06, 0x87, 0xC1, 0x03, 0x07, 0x03, 0x80, 0x7F, 0x00,
    0x3F, 0xDC, 0x0F, 0x1C, 0x0C, 0xF0, 0x80, 0x07, 0x03, 0x38, 0xE0, 0xC1,
    0xF0, 0xE0, 0xC1, 0x00, 0xE0, 0x1F, 0xFE, 0x3F, 0xF0, 0x07, 0xFC, 0x01,
    0xFE, 0xC7, 0xFF, 0xF0, 0xC0, 0xC1, 0x1F, 0x3C, 0x78, 0x0E, 0x38, 0x0E,
    0x06, 0x78, 0xC0, 0x03, 0x07, 0xFF, 0xF0, 0xC0, 0x71, 0x30, 0x00, 0x00,
    0x1E, 0x38, 0xFE, 0x06, 0x87, 0xC1, 0x03, 0x07, 0x03, 0x80, 0x7F, 0x00,
    0x3F, 0xDC, 0x0F, 0x1C, 0x0C, 0xF0, 0x80, 0x07, 0x03, 0x38, 0xE0, 0xC1,
    0xF0, 0xE0, 0xC1, 0x00, 0xE0, 0x1F, 0xFE, 0x3F, 0xF0, 0x07, 0xFC, 0x01,
    0xFE, 0xC7, 0xFF, 0xF0, 0xC0, 0xC1, 0x1F, 0x3C, 0x78, 0x0E, 0x38, 0x0E,
    0x06, 0x78, 0xC0, 0x03, 0x07, 0xFF, 0xF0, 0xC0, 0x71, 0x30, 0x00, 0x00,
    0x1C, 0x38, 0xC7, 0x03, 0xF7, 0x40, 0x86, 0xC1, 0x7F, 0xE0, 0x00, 0x80,
    0x01, 0x78, 0x18, 0xF0, 0x0F, 0xE0, 0x00, 0xE7, 0x01, 0x7C, 0xC0, 0xC1,
    0xE0, 0x60, 0x80, 0x0F, 0x38, 0x70, 0x1C, 0x0C, 0x18, 0x1C, 0x07, 0x80,
    0xC3, 0x00, 0x1C, 0xE0, 0xC0, 0x71, 0x37, 0x78, 0x1C, 0xCE, 0x39, 0x07,
    0x1C, 0x70, 0x80, 0x03, 0xC7, 0x81, 0xE3, 0xC0, 0x39, 0xE0, 0x00, 0x00,
    0x1C, 0x38, 0x07, 0x03, 0x87, 0x03, 0xCC, 0xE0, 0xC0, 0xE0, 0x1F, 0xC0,
    0x00, 0x38, 0x18, 0x1C, 0x0C, 0xE0, 0x00, 0x7F, 0x00, 0xC6, 0xC0, 0xC3,
    0x80, 0x31, 0xC0, 0x00, 0x38, 0x70, 0x1C, 0x0C, 0x18, 0x1C, 0xFC, 0x81,
    0x83, 0x01, 0x1C, 0xE0, 0xC0, 0x71, 0x37, 0xC0, 0x07, 0xCE, 0x39, 0xE7,
    0x1C, 0x70, 0x80, 0x03, 0xC7, 0x81, 0xE3, 0xC0, 0x39, 0xE7, 0x00, 0x00,
    0x1C, 0x38, 0x07, 0x03, 0x87, 0x03, 0xCC, 0xE0, 0xC0, 0xE0, 0x1F, 0xC0,
    0x00, 0x38, 0x18, 0x1C, 0x0C, 0xE0, 0x00, 0x7F, 0x00, 0xC6, 0xC0, 0xC3,
    0x80, 0x31, 0xC0, 0x00, 0x38, 0x70, 0x1C, 0x0C, 0x18, 0x1C, 0xFC, 0x81,
    0x83, 0x01, 0x1C, 0xE0, 0xC0, 0x71, 0x37, 0xC0, 0x07, 0xCE, 0x39, 0xE7,
    0x1C, 0x70, 0x80, 0x03, 0xC7, 0x81, 0xE3, 0xC0, 0x39, 0xE7, 0x00, 0x00,
    0x1C, 0x38, 0xC7, 0x07, 0x07, 0x03, 0x78, 0xE0, 0xC0, 0xE0, 0x00, 0x80,
    0x01, 0x38, 0x18, 0x1C, 0x0C, 0xE0, 0x00, 0xE7, 0x81, 0x83, 0xC1, 0x7D,
    0x03, 0x1F, 0x70, 0x00, 0x38, 0x70, 0x1C, 0x0C, 0xF8, 0x07, 0x00, 0x83,
    0x83, 0x01, 0x1C, 0xE0, 0xC0, 0xC1, 0x1F, 0x78, 0x1C, 0xFC, 0x0F, 0xF7,
    0x1D, 0x70, 0x80, 0x03, 0xC7, 0x81, 0xE3, 0xC0, 0xB9, 0xEF, 0x00, 0x00,
    0x1C, 0x38, 0xC7, 0x07, 0x07, 0x03, 0x78, 0xE0, 0xC0, 0xE0, 0x00, 0x80,
    0x01, 0x38, 0x18, 0x1C, 0x0C, 0xE0, 0x00, 0xE7, 0x81, 0x83, 0xC1, 0x7D,
    0x03, 0x1F, 0x70, 0x00, 0x38, 0x70, 0x1C, 0x0C, 0xF8, 0x07, 0x00, 0x83,
    0x83, 0x01, 0x1C, 0xE0, 0xC0, 0xC1, 0x1F, 0x78, 0x1C, 0xFC, 0x0F, 0xF7,
    0x1D, 0x70, 0x80, 0x03, 0xC7, 0x81, 0xE3, 0xC0, 0xB9, 0xEF, 0x00, 0x00,
    0xF0, 0x0F, 0xFE, 0x1C, 0xF7, 0x01, 0x3C, 0xC0, 0x7F, 0x80, 0x7F, 0x00,
    0x3F, 0x3C, 0x18, 0xF0, 0x07, 0xF8, 0x83, 0x07, 0xCF, 0x83, 0xC7, 0x01,
    0x00, 0x0E, 0xC0, 0x0F, 0xE0, 0x1F, 0x1C, 0x0C, 0x18, 0x00, 0xFC, 0x01,
    0xFE, 0x00, 0x3C, 0x80, 0x7F, 0x00, 0x07, 0x3C, 0x78, 0xC0, 0x01, 0x1E,
    0x07, 0xFC, 0x01, 0xFE, 0x01, 0xFF, 0x80, 0x7F, 0xF0, 0x38, 0x00, 0x00,
    0xF0, 0x0F, 0xFE, 0x1C, 0xF7, 0x01, 0x3C, 0xC0, 0x7F, 0x80, 0x7F, 0x00,
    0x3F, 0x3C, 0x18, 0xF0, 0x07, 0xF8, 0x83, 0x07, 0xCF, 0x83, 0xC7, 0x01,
    0x00, 0x0E, 0xC0, 0x0F, 0xE0, 0x1F, 0x1C, 0x0C, 0x18, 0x00, 0xFC, 0x01,
    0xFE, 0x00, 0x3C, 0x80, 0x7F, 0x00, 0x07, 0x3C, 0x78, 0xC0, 0x01, 0x1E,
    0x07, 0xFC, 0x01, 0xFE, 0x01, 0xFF, 0x80, 0x7F, 0xF0, 0x38, 0x00, 0x00,
    0x00, 0x00, 0x00, 0x00, 0x07, 0x00, 0x0E, 0x00, 0x00, 0x00, 0x00, 0x00,
    0xE0, 0x00, 0x18, 0x00, 0x00, 0x00, 0x00, 0x00, 0x00, 0x00, 0xC0, 0x01,
    0x00, 0x00, 0x00, 0x18, 0x00, 0x00, 0x00, 0x00, 0x18, 0x00, 0x00, 0x00,
    0x00, 0x00, 0x00, 0x00, 0x00, 0x00, 0x07, 0x00, 0x00, 0xC0, 0x01, 0x00,
    0x00, 0x00, 0x00, 0x00, 0x00, 0x00, 0x00, 0x00, 0x00, 0x00, 0x00, 0x00,
    0x00, 0x00, 0x00, 0x00, 0x00, 0x00, 0x00, 0x00, 0x00, 0x00, 0x00, 0x00,
    0x3E, 0x00, 0x00, 0x00, 0x00, 0x00, 0x00, 0x00, 0x00, 0x00, 0x00, 0x00,
    0x00, 0x00, 0x00, 0x00, 0x00, 0x00, 0x00, 0x00, 0x00, 0x00, 0x00, 0x00,
    0x00, 0x00, 0x00, 0x00, 0x00, 0x00, 0x00, 0x00, 0x00, 0x00, 0x00, 0x00,
    0x00, 0x00, 0x00, 0x00, 0x00, 0x00, 0x00, 0x00, 0x00, 0x00, 0x00, 0x00,
    0x00, 0x00, 0x00, 0x00, 0x00, 0x00, 0x00, 0x00, 0x00, 0x00, 0x00, 0x00,
    0x3E, 0x00, 0x00, 0x00, 0x00, 0x00, 0x00, 0x00, 0x00, 0x00, 0x00, 0x00,
    0x00, 0x00, 0x00, 0x00, 0x00, 0x00, 0x00, 0x00, 0x00, 0x00, 0x00, 0x00,
    0x00, 0x00, 0x00, 0x00, 0x00, 0x00, 0x00, 0x00, 0x00, 0x00, 0x00, 0x00,
    0x00, 0x00, 0x00, 0x00, 0x00, 0x00, 0x00, 0x00, 0x00, 0x00, 0x00, 0x00,
    0x60, 0x00, 0x18, 0x06, 0x00, 0x00, 0xC0, 0x00, 0x00, 0x00, 0x00, 0x00,
    0x00, 0x60, 0x0C, 0x00, 0x00, 0x00, 0x00, 0x00, 0x00, 0x00, 0x00, 0x78,
    0x00, 0x03, 0x70, 0x30, 0x00, 0x00, 0x00, 0x00, 0x00, 0x00, 0x00, 0x00,
    0x00, 0x00, 0x00, 0x00, 0x00, 0x00, 0x00, 0x00, 0x00, 0x00, 0x00, 0x18,
    0x06, 0x00, 0x00, 0x00, 0x00, 0x00, 0x00, 0x00, 0x00, 0x00, 0x00, 0x00,
    0x60, 0x00, 0x18, 0x06, 0x00, 0x00, 0xC0, 0x00, 0x00, 0x00, 0x00, 0x00,
    0x00, 0x60, 0x0C, 0x00, 0x00, 0x00, 0x00, 0x00, 0x00, 0x00, 0x00, 0x78,
    0x00, 0x03, 0x70, 0x30, 0x00, 0x00, 0x00, 0x00, 0x00, 0x00, 0x00, 0x00,
    0x00, 0x00, 0x00, 0x00, 0x00, 0x00, 0x00, 0x00, 0x00, 0x00, 0x00, 0x18,
    0x06, 0x00, 0x00, 0x00, 0x00, 0x00, 0x00, 0x00, 0x00, 0x00, 0x00, 0x00,
    0xC0, 0x01, 0x00, 0xC0, 0x1F, 0x00, 0x70, 0x00, 0xFF, 0x80, 0x7F, 0xF0,
    0x3F, 0x00, 0x00, 0x00, 0x38, 0xF8, 0x81, 0xE3, 0xE0, 0x0F, 0xC0, 0x1D,
    0x00, 0x0E, 0xC0, 0x1F, 0x38, 0x18, 0xE0, 0x03, 0xFE, 0x07, 0xFF, 0x83,
    0xFF, 0x01, 0x7E, 0xE0, 0xFF, 0x39, 0xE7, 0xE0, 0x1F, 0x0E, 0x3C, 0xF0,
    0x03, 0x07, 0x0F, 0xFC, 0xE0, 0xC1, 0x73, 0xC0, 0xC1, 0x3F, 0xF8, 0x1F,
    0xFC, 0x3F, 0xFE, 0x1F, 0x07, 0x80, 0xFF, 0xC7, 0x81, 0xE3, 0xC0, 0x01,
    0x07, 0xE0, 0x0F, 0x00, 0x38, 0xCE, 0x81, 0xE3, 0x80, 0x03, 0xC0, 0xC1,
    0x73, 0xF0, 0x01, 0x00, 0x38, 0x18, 0x30, 0x06, 0x0E, 0x00, 0x07, 0x8E,
    0x03, 0x00, 0x63, 0xE0, 0x00, 0x38, 0xE7, 0x38, 0x70, 0x0E, 0x3E, 0x07,
    0x1F, 0x87, 0x01, 0xC6, 0xE0, 0xE3, 0x73, 0xC0, 0x71, 0xE0, 0x38, 0x18,
    0xFC, 0x3F, 0xFE, 0x1F, 0x07, 0x80, 0xFF, 0xC7, 0x81, 0xE3, 0xC0, 0x01,
    0x07, 0xE0, 0x0F, 0x00, 0x38, 0xCE, 0x81, 0xE3, 0x80, 0x03, 0xC0, 0xC1,
    0x73, 0xF0, 0x01, 0x00, 0x38, 0x18, 0x30, 0x06, 0x0E, 0x00, 0x07, 0x8E,
    0x03, 0x00, 0x63, 0xE0, 0x00, 0x38, 0xE7, 0x38, 0x70, 0x0E, 0x3E, 0x07,
    0x1F, 0x87, 0x01, 0xC6, 0xE0, 0xE3, 0x73, 0xC0, 0x71, 0xE0, 0x38, 0x18,
    0x1C, 0x00, 0x0E, 0x00, 0xF7, 0x83, 0x03, 0xE0, 0x00, 0xE0, 0x00, 0x00,
    0x07, 0x80, 0x03, 0x00, 0x38, 0xCE, 0x81, 0xE3, 0x80, 0xFB, 0xC1, 0x61,
    0x70, 0xDC, 0x71, 0x30, 0x38, 0x18, 0x1C, 0x0C, 0x0E, 0x00, 0x07, 0x8E,
    0x03, 0x00, 0x63, 0xE0, 0x00, 0x38, 0xE7, 0x00, 0x70, 0x8E, 0x3B, 0xC7,
    0x1D, 0xF7, 0x00, 0xC6, 0xE0, 0xBE, 0x73, 0xC0, 0x71, 0xE0, 0x38, 0x18,
    0x1C, 0x00, 0x0E, 0x00, 0xF7, 0x83, 0x03, 0xE0, 0x00, 0xE0, 0x00, 0x00,
    0x07, 0x80, 0x03, 0x00, 0x38, 0xCE, 0x81, 0xE3, 0x80, 0xFB, 0xC1, 0x61,
    0x70, 0xDC, 0x71, 0x30, 0x38, 0x18, 0x1C, 0x0C, 0x0E, 0x00, 0x07, 0x8E,
    0x03, 0x00, 0x63, 0xE0, 0x00, 0x38, 0xE7, 0x00, 0x70, 0x8E, 0x3B, 0xC7,
    0x1D, 0xF7, 0x00, 0xC6, 0xE0, 0xBE, 0x73, 0xC0, 0x71, 0xE0, 0x38, 0x18,
    0xFC, 0x07, 0xFE, 0x03, 0x0F, 0x8E, 0x03, 0xC0, 0x3F, 0x80, 0x7F, 0x00,
    0x07, 0x80, 0x03, 0x00, 0x38, 0xCE, 0x9F, 0xFF, 0x8F, 0x07, 0xC7, 0x3D,
    0x70, 0xCE, 0xC1, 0x18, 0x38, 0x18, 0x0E, 0x38, 0xFE, 0x07, 0xFF, 0x83,
    0x03, 0x00, 0x63, 0xE0, 0x1F, 0xC0, 0x1F, 0x80, 0x1F, 0xCE, 0x39, 0xE7,
    0x1C, 0x1F, 0x00, 0xC6, 0xE0, 0x9C, 0xF3, 0xFF, 0x71, 0xE0, 0x38, 0x18,
    0x1C, 0x00, 0x0E, 0x00, 0x07, 0x8E, 0x03, 0xE0, 0x00, 0x00, 0xC0, 0x01,
    0x07, 0x80, 0x03, 0x00, 0x38, 0xCE, 0xB9, 0xE3, 0x9C, 0x03, 0xC7, 0x07,
    0x70, 0xC3, 0x81, 0x0F, 0x38, 0x18, 0xFE, 0x3F, 0x0E, 0x1C, 0x07, 0x8E,
    0x03, 0x00, 0x63, 0xE0, 0x00, 0x38, 0xE7, 0x00, 0x70, 0x6E, 0x38, 0x37,
    0x1C, 0xF7, 0x00, 0xC6, 0xE0, 0x80, 0x73, 0xC0, 0x71, 0xE0, 0x38, 0x18,
    0x1C, 0x00, 0x0E, 0x00, 0x07, 0x8E, 0x03, 0xE0, 0x00, 0x00, 0xC0, 0x01,
    0x07, 0x80, 0x03, 0x00, 0x38, 0xCE, 0xB9, 0xE3, 0x9C, 0x03, 0xC7, 0x07,
    0x70, 0xC3, 0x81, 0x0F, 0x38, 0x18, 0xFE, 0x3F, 0x0E, 0x1C, 0x07, 0x8E,
    0x03, 0x00, 0x63, 0xE0, 0x00, 0x38, 0xE7, 0x00, 0x70, 0x6E, 0x38, 0x37,
    0x1C, 0xF7, 0x00, 0xC6, 0xE0, 0x80, 0x73, 0xC0, 0x71, 0xE0, 0x38, 0x18,
    0x1C, 0x00, 0x0E, 0x00, 0x07, 0x8E, 0x03, 0xC0, 0x81, 0xE3, 0xC0, 0x01,
    0x07, 0x80, 0x03, 0x1C, 0x38, 0xCE, 0xB9, 0xE3, 0x9C, 0x03, 0xC7, 0x79,
    0xF0, 0xC1, 0x01, 0x07, 0x38, 0x18, 0x0E, 0x38, 0x0E, 0x1C, 0x07, 0x8E,
    0x03, 0x00, 0x63, 0xE0, 0x00, 0x38, 0xE7, 0x38, 0x70, 0x3E, 0x38, 0x1F,
    0x1C, 0x87, 0x01, 0xC6, 0xE0, 0x80, 0x73, 0xC0, 0x71, 0xE0, 0x38, 0x18,
    0x1C, 0x00, 0x0E, 0x00, 0x07, 0x8E, 0x03, 0xC0, 0x81, 0xE3, 0xC0, 0x01,
    0x07, 0x80, 0x03, 0x1C, 0x38, 0xCE, 0xB9, 0xE3, 0x9C, 0x03, 0xC7, 0x79,
    0xF0, 0xC1, 0x01, 0x07, 0x38, 0x18, 0x0E, 0x38, 0x0E, 0x1C, 0x07, 0x8E,
    0x03, 0x00, 0x63, 0xE0, 0x00, 0x38, 0xE7, 0x38, 0x70, 0x3E, 0x38, 0x1F,
    0x1C, 0x87, 0x01, 0xC6, 0xE0, 0x80, 0x73, 0xC0, 0x71, 0xE0, 0x38, 0x18,
    0xFC, 0x3F, 0xFE, 0x1F, 0x07, 0x83, 0x03, 0x00, 0xFF, 0x80, 0x7F, 0xF0,
    0x3F, 0xE0, 0x0F, 0xF0, 0x0F, 0xCF, 0x9F, 0xE3, 0x8F, 0x03, 0xC7, 0xC1,
    0xF3, 0xC0, 0x01, 0x07, 0xF8, 0x1F, 0x0E, 0x38, 0xFE, 0x07, 0xFF, 0x83,
    0x03, 0xE0, 0xFF, 0xE3, 0xFF, 0x39, 0xE7, 0xE0, 0x1F, 0x1E, 0x38, 0x0F,
    0x1C, 0x07, 0xCF, 0xC7, 0xE0, 0x80, 0x73, 0xC0, 0xC1, 0x3F, 0x38, 0x18,
    0xFC, 0x3F, 0xFE, 0x1F, 0x07, 0x83, 0x03, 0x00, 0xFF, 0x80, 0x7F, 0xF0,
    0x3F, 0xE0, 0x0F, 0xF0, 0x0F, 0xCF, 0x9F, 0xE3, 0x8F, 0x03, 0xC7, 0xC1,
    0xF3, 0xC0, 0x01, 0x07, 0xF8, 0x1F, 0x0E, 0x38, 0xFE, 0x07, 0xFF, 0x83,
    0x03, 0xE0, 0xFF, 0xE3, 0xFF, 0x39, 0xE7, 0xE0, 0x1F, 0x1E, 0x38, 0x0F,
    0x1C, 0x07, 0xCF, 0xC7, 0xE0, 0x80, 0x73, 0xC0, 0xC1, 0x3F, 0x38, 0x18,
    0x00, 0x00, 0x00, 0x00, 0x80, 0x01, 0x00, 0x00, 0x00, 0x00, 0x00, 0x00,
    0x00, 0x00, 0x00, 0x00, 0x00, 0x00, 0x00, 0x00, 0x00, 0x00, 0x00, 0x00,
    0x00, 0x00, 0x00, 0x00, 0x80, 0x03, 0x00, 0x00, 0x00, 0x00, 0x00, 0x00,
    0x00, 0xE0, 0x80, 0x03, 0x00, 0x00, 0x00, 0x00, 0x00, 0x00, 0x00, 0x00,
    0x00, 0x00, 0x00, 0x00, 0x00, 0x00, 0x00, 0x00, 0x00, 0x00, 0x00, 0x00,
    0x00, 0x00, 0x00, 0x00, 0x00, 0x00, 0x00, 0x00, 0x00, 0x00, 0x00, 0x00,
    0x00, 0x00, 0x00, 0x00, 0x00, 0x00, 0x00, 0x00, 0x00, 0x00, 0x00, 0x00,
    0x00, 0x00, 0x00, 0x00, 0x80, 0x03, 0x00, 0x00, 0x00, 0x00, 0x00, 0x00,
    0x00, 0x00, 0x00, 0x00, 0x00, 0x00, 0x00, 0x00, 0x00, 0x00, 0x00, 0x00,
    0x00, 0x00, 0x00, 0x00, 0x00, 0x00, 0x00, 0x00, 0x00, 0x00, 0x00, 0x00,
    0x00, 0x00, 0x00, 0x00, 0x00, 0x00, 0x00, 0x00, 0x00, 0x00, 0x00, 0x00,
    0x00, 0x00, 0x00, 0x00, 0x00, 0x00, 0x00, 0x00, 0x00, 0x00, 0x00, 0x00,
    0x00, 0x00, 0x00, 0x00, 0x80, 0x03, 0x00, 0x00, 0x00, 0x00, 0x00, 0x00,
    0x00, 0x00, 0x00, 0x00, 0x00, 0x00, 0x00, 0x00, 0x00, 0x00, 0x00, 0x00,
    0x00, 0x00, 0x00, 0x00, 0x00, 0x00, 0x00, 0x00, 0x00, 0x00, 0x00, 0x00,
    0x00, 0x00, 0x00, 0x00, 0x00, 0x00, 0x00, 0x00, 0x00, 0x00, 0x00, 0x00,
    0x00, 0x00, 0x00, 0x00, 0x00, 0x00, 0x00, 0x00, 0x00, 0x00, 0x00, 0x00,
    0x00, 0x00, 0x00, 0x00, 0x00, 0x00, 0x00, 0x00, 0x00, 0x00, 0x00, 0x00,
    0x00, 0x00, 0x00, 0x00, 0x00, 0x00, 0x00, 0x00, 0x00, 0x00, 0x00, 0x00,
    0x00, 0x00, 0x00, 0x00, 0x00, 0x00, 0x00, 0x00, 0x00, 0x00, 0x00, 0x00,
    0x00, 0x00, 0x00, 0x00, 0x00, 0x00, 0x00, 0x00, 0x00, 0x00, 0x00, 0x00,
    0x00, 0x00, 0x00, 0x00, 0x00, 0x00, 0x00, 0x00, 0x00, 0x00, 0x00, 0x00,
    0x00, 0x00, 0x00, 0x00, 0x00, 0x00, 0x00, 0x00, 0x00, 0x00, 0x00, 0x00,
    0x00, 0x00, 0x00, 0x00, 0x00, 0x00, 0x00, 0x00, 0x00, 0x00, 0x00, 0x00,
    0x00, 0x00, 0x00, 0x00, 0x00, 0x00, 0x00, 0x00, 0x00, 0x00, 0x00, 0x00,
    0xFC, 0x0F, 0xF0, 0x07, 0xFF, 0x83, 0x03, 0x07, 0x1C, 0xE0, 0x60, 0x70,
    0x18, 0x38, 0x70, 0xCE, 0x39, 0x37, 0x83, 0x07, 0xC0, 0x01, 0xC7, 0x01,
    0xE0, 0x3F, 0x70, 0x3E, 0xE0, 0x7F, 0x00, 0x00, 0xF8, 0x1F, 0x00, 0x00,
    0x00, 0x00, 0x00, 0x00, 0x00, 0x00, 0x00, 0x00, 0x00, 0x00, 0x00, 0x18,
    0x06, 0x00, 0x00, 0x00, 0x00, 0x00, 0x00, 0x00, 0x00, 0x00, 0x00, 0x00,
    0x1C, 0x38, 0x18, 0x1C, 0x70, 0x80, 0x03, 0xC7, 0xFF, 0x80, 0x31, 0x70,
    0x18, 0x38, 0x70, 0xCE, 0x39, 0x37, 0x03, 0x07, 0xC0, 0x01, 0xC7, 0x01,
    0x70, 0x60, 0x70, 0xE7, 0x38, 0x70, 0x00, 0x00, 0x30, 0x00, 0x00, 0x00,
    0x00, 0x00, 0x00, 0x00, 0x00, 0x00, 0x00, 0x00, 0x00, 0x00, 0x00, 0xF0,
    0x03, 0x00, 0x00, 0x00, 0x00, 0x00, 0x00, 0x00, 0x00, 0x00, 0x00, 0x00,
    0x1C, 0x38, 0x18, 0x1C, 0x70, 0x80, 0x03, 0xC7, 0xFF, 0x80, 0x31, 0x70,
    0x18, 0x38, 0x70, 0xCE, 0x39, 0x37, 0x03, 0x07, 0xC0, 0x01, 0xC7, 0x01,
    0x70, 0x60, 0x70, 0xE7, 0x38, 0x70, 0x00, 0x00, 0x30, 0x00, 0x00, 0x00,
    0x00, 0x00, 0x00, 0x00, 0x00, 0x00, 0x00, 0x00, 0x00, 0x00, 0x00, 0xF0,
    0x03, 0x00, 0x00, 0x00, 0x00, 0x00, 0x00, 0x00, 0x00, 0x00, 0x00, 0x00,
    0x1C, 0x38, 0x0E, 0x00, 0x70, 0x80, 0x03, 0xE7, 0x9C, 0x03, 0x1F, 0x70,
    0x18, 0x38, 0x70, 0xCE, 0x39, 0x37, 0x03, 0x07, 0xC0, 0x01, 0xC7, 0x01,
    0x00, 0xC0, 0x71, 0xE7, 0x38, 0x70, 0xFC, 0x07, 0xC0, 0x03, 0xFF, 0x83,
    0xFF, 0x00, 0x7E, 0x80, 0x7F, 0x70, 0x37, 0xE0, 0x1F, 0x1C, 0x3C, 0x0E,
    0x1E, 0x07, 0x0F, 0xFC, 0xE1, 0xC1, 0xE3, 0xC0, 0xC1, 0x3F, 0xF8, 0x1F,
    0x1C, 0x38, 0x0E, 0x00, 0x70, 0x80, 0x03, 0xE7, 0x9C, 0x03, 0x1F, 0x70,
    0x18, 0x38, 0x70, 0xCE, 0x39, 0x37, 0x03, 0x07, 0xC0, 0x01, 0xC7, 0x01,
    0x00, 0xC0, 0x71, 0xE7, 0x38, 0x70, 0xFC, 0x07, 0xC0, 0x03, 0xFF, 0x83,
    0xFF, 0x00, 0x7E, 0x80, 0x7F, 0x70, 0x37, 0xE0, 0x1F, 0x1C, 0x3C, 0x0E,
    0x1E, 0x07, 0x0F, 0xFC, 0xE1, 0xC1, 0xE3, 0xC0, 0xC1, 0x3F, 0xF8, 0x1F,
    0xFC, 0x0F, 0x0E, 0x00, 0x70, 0x00, 0xFE, 0xE7, 0x9C, 0x03, 0x0E, 0x70,
    0x18, 0xE0, 0x7F, 0xCE, 0x39, 0x37, 0x03, 0xFF, 0xC3, 0x3F, 0xC7, 0xFF,
    0x00, 0x7F, 0xF0, 0xE7, 0xE0, 0x7F, 0x00, 0x0C, 0xF8, 0x07, 0x07, 0x8E,
    0x03, 0x00, 0x63, 0xE0, 0xC0, 0x71, 0x37, 0x38, 0x70, 0x1C, 0x3A, 0x0E,
    0x1D, 0x87, 0x01, 0x86, 0xE1, 0xE3, 0xE3, 0xC0, 0x71, 0xE0, 0x38, 0x18,
    0x1C, 0x00, 0x0E, 0x00, 0x70, 0x00, 0x00, 0xE7, 0x9C, 0x03, 0x1F, 0x70,
    0x18, 0x00, 0x70, 0xCE, 0x39, 0x37, 0x03, 0x07, 0xCE, 0x71, 0xC7, 0x81,
    0x03, 0xC0, 0x71, 0xE7, 0x00, 0x77, 0xFC, 0x0F, 0x0E, 0x1C, 0xFF, 0x83,
    0x03, 0x00, 0x63, 0xE0, 0xFF, 0x81, 0x0F, 0x00, 0x1F, 0x9C, 0x39, 0xCE,
    0x1C, 0x7F, 0x00, 0x86, 0xE1, 0xBE, 0xE3, 0xFF, 0x71, 0xE0, 0x38, 0x18,
    0x1C, 0x00, 0x0E, 0x00, 0x70, 0x00, 0x00, 0xE7, 0x9C, 0x03, 0x1F, 0x70,
    0x18, 0x00, 0x70, 0xCE, 0x39, 0x37, 0x03, 0x07, 0xCE, 0x71, 0xC7, 0x81,
    0x03, 0xC0, 0x71, 0xE7, 0x00, 0x77, 0xFC, 0x0F, 0x0E, 0x1C, 0xFF, 0x83,
    0x03, 0x00, 0x63, 0xE0, 0xFF, 0x81, 0x0F, 0x00, 0x1F, 0x9C, 0x39, 0xCE,
    0x1C, 0x7F, 0x00, 0x86, 0xE1, 0xBE, 0xE3, 0xFF, 0x71, 0xE0, 0x38, 0x18,
    0x1C, 0x00, 0x18, 0x1C, 0x70, 0x00, 0x00, 0xE7, 0x9C, 0x83, 0x31, 0x70,
    0x18, 0x00, 0x70, 0xCE, 0x39, 0x37, 0x03, 0x07, 0xCE, 0x71, 0xC7, 0x81,
    0x73, 0x60, 0x70, 0xE7, 0x80, 0x73, 0x0E, 0x0C, 0x0E, 0x1C, 0x07, 0x8E,
    0x03, 0x00, 0x63, 0xE0, 0x00, 0x70, 0x37, 0x38, 0x70, 0x5C, 0x38, 0x2E,
    0x1C, 0x87, 0x01, 0x86, 0xE1, 0x9C, 0xE3, 0xC0, 0x71, 0xE0, 0x38, 0x18,
    0x1C, 0x00, 0x18, 0x1C, 0x70, 0x00, 0x00, 0xE7, 0x9C, 0x83, 0x31, 0x70,
    0x18, 0x00, 0x70, 0xCE, 0x39, 0x37, 0x03, 0x07, 0xCE, 0x71, 0xC7, 0x81,
    0x73, 0x60, 0x70, 0xE7, 0x80, 0x73, 0x0E, 0x0C, 0x0E, 0x1C, 0x07, 0x8E,
    0x03, 0x00, 0x63, 0xE0, 0x00, 0x70, 0x37, 0x38, 0x70, 0x5C, 0x38, 0x2E,
    0x1C, 0x87, 0x01, 0x86, 0xE1, 0x9C, 0xE3, 0xC0, 0x71, 0xE0, 0x38, 0x18,
    0x1C, 0x00, 0xF0, 0x07, 0x70, 0x80, 0xFF, 0xC7, 0xFF, 0xE0, 0x60, 0xF0,
    0xFF, 0x00, 0x70, 0xFE, 0x3F, 0xFF, 0x1F, 0xFF, 0xCF, 0x3F, 0xC7, 0xFF,
    0xE3, 0x3F, 0x70, 0x3E, 0xF8, 0x70, 0xFC, 0x3F, 0xF8, 0x07, 0xFF, 0x83,
    0x03, 0xE0, 0xFF, 0x83, 0x7F, 0x70, 0x37, 0xE0, 0x1F, 0x3C, 0x38, 0x1E,
    0x1C, 0x07, 0xCF, 0x87, 0xE1, 0x80, 0xE3, 0xC0, 0xC1, 0x3F, 0x38, 0x18,
    0x1C, 0x00, 0xF0, 0x07, 0x70, 0x80, 0xFF, 0xC7, 0xFF, 0xE0, 0x60, 0xF0,
    0xFF, 0x00, 0x70, 0xFE, 0x3F, 0xFF, 0x1F, 0xFF, 0xCF, 0x3F, 0xC7, 0xFF,
    0xE3, 0x3F, 0x70, 0x3E, 0xF8, 0x70, 0xFC, 0x3F, 0xF8, 0x07, 0xFF, 0x83,
    0x03, 0xE0, 0xFF, 0x83, 0x7F, 0x70, 0x37, 0xE0, 0x1F, 0x3C, 0x38, 0x1E,
    0x1C, 0x07, 0xCF, 0x87, 0xE1, 0x80, 0xE3, 0xC0, 0xC1, 0x3F, 0x38, 0x18,
    0x00, 0x00, 0x00, 0x00, 0x00, 0x00, 0x00, 0x00, 0x1C, 0x00, 0x00, 0x00,
    0xE0, 0x00, 0x00, 0x00, 0x00, 0x00, 0x1C, 0x00, 0x00, 0x00, 0x00, 0x00,
    0x00, 0x00, 0x00, 0x00, 0x00, 0x00, 0x00, 0x00, 0x00, 0x00, 0x00, 0x00,
    0x00, 0xE0, 0x80, 0x03, 0x00, 0x00, 0x00, 0x00, 0x00, 0x00, 0x00, 0x00,
    0x00, 0x00, 0x00, 0x00, 0x00, 0x00, 0x00, 0x00, 0x00, 0x00, 0x00, 0x00,
    0x00, 0x00, 0x00, 0x00, 0x00, 0x00, 0x00, 0x00, 0x00, 0x00, 0x00, 0x00,
    0x00, 0x00, 0x00, 0x00, 0x00, 0x00, 0x00, 0x00, 0x00, 0x00, 0x00, 0x00,
    0x00, 0x00, 0x00, 0x00, 0x00, 0x00, 0x00, 0x00, 0x00, 0x00, 0x00, 0x00,
    0x00, 0x00, 0x00, 0x00, 0x00, 0x00, 0x00, 0x00, 0x00, 0x00, 0x00, 0x00,
    0x00, 0x00, 0x00, 0x00, 0x00, 0x00, 0x00, 0x00, 0x00, 0x00, 0x00, 0x00,
    0x00, 0x00, 0x00, 0x00, 0x00, 0x00, 0x00, 0x00, 0x00, 0x00, 0x00, 0x00,
    0x00, 0x00, 0x00, 0x00, 0x00, 0x00, 0x00, 0x00, 0x00, 0x00, 0x00, 0x00,
    0x00, 0x00, 0x00, 0x00, 0x00, 0x00, 0x00, 0x00, 0x00, 0x00, 0x00, 0x00,
    0x00, 0x00, 0x00, 0x00, 0x00, 0x00, 0x00, 0x00, 0x00, 0x00, 0x00, 0x00,
    0x00, 0x00, 0x00, 0x00, 0x00, 0x00, 0x00, 0x00, 0x00, 0x00, 0x00, 0x00,
    0x00, 0x00, 0x00, 0x00, 0x00, 0x00, 0x00, 0x00, 0x00, 0x00, 0x00, 0x00,
    0x00, 0x00, 0x00, 0x00, 0x00, 0x00, 0x00, 0x00, 0x00, 0x00, 0x00, 0x00,
    0x00, 0x00, 0x00, 0x00, 0x00, 0x00, 0xC0, 0x01, 0x18, 0x06, 0x00, 0x00,
    0xC0, 0x00, 0x00, 0x00, 0x00, 0x00, 0x00, 0x60, 0x0C, 0x00, 0x00, 0x00,
    0x00, 0x00, 0x00, 0x00, 0x00, 0x38, 0x00, 0x0E, 0xC0, 0x30, 0x00, 0x00,
    0x00, 0x00, 0x00, 0x00, 0x00, 0x00, 0x00, 0x00, 0x00, 0x00, 0x00, 0x00,
    0x00, 0x00, 0x00, 0x00, 0x00, 0x00, 0x00, 0x00, 0x00, 0x00, 0x00, 0x00,
    0x00, 0x00, 0x00, 0x00, 0x00, 0x00, 0xC0, 0x01, 0x18, 0x06, 0x00, 0x00,
    0xC0, 0x00, 0x00, 0x00, 0x00, 0x00, 0x00, 0x60, 0x0C, 0x00, 0x00, 0x00,
    0x00, 0x00, 0x00, 0x00, 0x00, 0x38, 0x00, 0x0E, 0xC0, 0x30, 0x00, 0x00,
    0x00, 0x00, 0x00, 0x00, 0x00, 0x00, 0x00, 0x00, 0x00, 0x00, 0x00, 0x00,
    0x00, 0x00, 0x00, 0x00, 0x00, 0x00, 0x00, 0x00, 0x00, 0x00, 0x00, 0x00,
    0x00, 0x00, 0x00, 0x00, 0x00, 0x00, 0x80, 0x03, 0x00, 0x00, 0x07, 0x00,
    0x70, 0x00, 0x00, 0x00, 0x00, 0x00, 0x07, 0x00, 0x00, 0x00, 0x38, 0x00,
    0x00, 0x00, 0x00, 0x06, 0x00, 0x1C, 0x00, 0x1C, 0x80, 0x1F, 0x00, 0x00,
    0x00, 0x00, 0x00, 0x00, 0x00, 0x00, 0x00, 0x00, 0x1C, 0x00, 0x00, 0x00,
    0x00, 0x00, 0x00, 0x00, 0x00, 0x00, 0x00, 0x00, 0x00, 0x00, 0x00, 0x00,
    0x00, 0x00, 0x00, 0x00, 0x00, 0x00, 0x00, 0x00, 0x00, 0xC0, 0x1F, 0x00,
    0x00, 0x00, 0x00, 0x00, 0x00, 0x00, 0x00, 0x00, 0x00, 0x00, 0x00, 0x00,
    0x00, 0x00, 0xC0, 0x3F, 0x00, 0x00, 0x00, 0x00, 0x00, 0x00, 0x00, 0x00,
    0x00, 0x00, 0x00, 0x00, 0x00, 0x00, 0x00, 0x00, 0x1C, 0x00, 0x00, 0x00,
    0x00, 0x00, 0x00, 0x00, 0x00, 0x00, 0x00, 0x00, 0x00, 0x00, 0x00, 0x00,
    0x00, 0x00, 0x00, 0x00, 0x00, 0x00, 0x00, 0x00, 0x00, 0xC0, 0x1F, 0x00,
    0x00, 0x00, 0x00, 0x00, 0x00, 0x00, 0x00, 0x00, 0x00, 0x00, 0x00, 0x00,
    0x00, 0x00, 0xC0, 0x3F, 0x00, 0x00, 0x00, 0x00, 0x00, 0x00, 0x00, 0x00,
    0xDC, 0x0F, 0xF8, 0x07, 0xFF, 0x83, 0x03, 0x07, 0x7F, 0x80, 0x31, 0x70,
    0x18, 0x38, 0x70, 0xCE, 0x39, 0x37, 0x83, 0x07, 0x80, 0x03, 0xC7, 0x01,
    0xE0, 0x1F, 0x70, 0x3E, 0xE0, 0x7F, 0xF0, 0x0F, 0xF8, 0x07, 0x07, 0x80,
    0xFF, 0x07, 0xFE, 0x80, 0x7F, 0x80, 0x07, 0xC0, 0x03, 0x00, 0x3E, 0xF8,
    0x81, 0xE3, 0x00, 0x06, 0xC0, 0xC1, 0xE3, 0xE0, 0x71, 0xE0, 0x38, 0x18,
    0xDC, 0x0F, 0xF8, 0x07, 0xFF, 0x83, 0x03, 0x07, 0x7F, 0x80, 0x31, 0x70,
    0x18, 0x38, 0x70, 0xCE, 0x39, 0x37, 0x83, 0x07, 0x80, 0x03, 0xC7, 0x01,
    0xE0, 0x1F, 0x70, 0x3E, 0xE0, 0x7F, 0xF0, 0x0F, 0xF8, 0x07, 0x07, 0x80,
    0xFF, 0x07, 0xFE, 0x80, 0x7F, 0x80, 0x07, 0xC0, 0x03, 0x00, 0x3E, 0xF8,
    0x81, 0xE3, 0x00, 0x06, 0xC0, 0xC1, 0xE3, 0xE0, 0x71, 0xE0, 0x38, 0x18,
    0x3C, 0x38, 0x0E, 0x1C, 0x70, 0x00, 0x86, 0xC1, 0xDD, 0x00, 0x1F, 0x70,
    0x18, 0x38, 0x70, 0xCE, 0x39, 0x37, 0x03, 0x07, 0x80, 0x03, 0xC7, 0x01,
    0x70, 0x60, 0x70, 0xE7, 0x38, 0x70, 0x1C, 0x38, 0x0E, 0x1C, 0xF7, 0x81,
    0x03, 0xC0, 0x81, 0xE3, 0x00, 0x00, 0x07, 0x80, 0x03, 0x00, 0x38, 0xCE,
    0x81, 0xE3, 0x00, 0xF6, 0xC1, 0x61, 0xE0, 0xD0, 0xC1, 0x30, 0x38, 0x18,
    0x1C, 0x38, 0x0E, 0x00, 0x70, 0x00, 0xCC, 0xC0, 0xDD, 0x00, 0x0E, 0x70,
    0x18, 0xE0, 0x7F, 0xCE, 0x39, 0x37, 0x03, 0xFF, 0x83, 0x3F, 0xC7, 0xFF,
    0x00, 0x7E, 0xF0, 0xE7, 0xE0, 0x7F, 0xFC, 0x3F, 0xFE, 0x1F, 0x0F, 0x83,
    0x03, 0xC0, 0x1F, 0x80, 0x7F, 0x00, 0x07, 0x80, 0x03, 0x00, 0x38, 0xCE,
    0x9F, 0xFF, 0x0F, 0x0E, 0xC7, 0x1F, 0xE0, 0xCC, 0x81, 0x19, 0x38, 0x18,
    0x1C, 0x38, 0x0E, 0x00, 0x70, 0x00, 0xCC, 0xC0, 0xDD, 0x00, 0x0E, 0x70,
    0x18, 0xE0, 0x7F, 0xCE, 0x39, 0x37, 0x03, 0xFF, 0x83, 0x3F, 0xC7, 0xFF,
    0x00, 0x7E, 0xF0, 0xE7, 0xE0, 0x7F, 0xFC, 0x3F, 0xFE, 0x1F, 0x0F, 0x83,
    0x03, 0xC0, 0x1F, 0x80, 0x7F, 0x00, 0x07, 0x80, 0x03, 0x00, 0x38, 0xCE,
    0x9F, 0xFF, 0x0F, 0x0E, 0xC7, 0x1F, 0xE0, 0xCC, 0x81, 0x19, 0x38, 0x18,
    0x3C, 0x38, 0x0E, 0x00, 0x70, 0x00, 0x78, 0xC0, 0xDD, 0x00, 0x1F, 0x70,
    0x18, 0x00, 0x70, 0xCE, 0x39, 0x37, 0x03, 0x07, 0x8E, 0x73, 0xC7, 0x81,
    0x73, 0x60, 0x70, 0xE7, 0x00, 0x77, 0x1C, 0x00, 0x0E, 0x00, 0x07, 0x83,
    0x03, 0xC0, 0x81, 0x03, 0xC0, 0x01, 0x07, 0x80, 0x03, 0x00, 0x38, 0xCE,
    0xB9, 0xE3, 0x1C, 0x06, 0xC7, 0x61, 0xE0, 0xC2, 0x01, 0x0F, 0x38, 0x18,
    0x3C, 0x38, 0x0E, 0x00, 0x70, 0x00, 0x78, 0xC0, 0xDD, 0x00, 0x1F, 0x70,
    0x18, 0x00, 0x70, 0xCE, 0x39, 0x37, 0x03, 0x07, 0x8E, 0x73, 0xC7, 0x81,
    0x73, 0x60, 0x70, 0xE7, 0x00, 0x77, 0x1C, 0x00, 0x0E, 0x00, 0x07, 0x83,
    0x03, 0xC0, 0x81, 0x03, 0xC0, 0x01, 0x07, 0x80, 0x03, 0x00, 0x38, 0xCE,
    0xB9, 0xE3, 0x1C, 0x06, 0xC7, 0x61, 0xE0, 0xC2, 0x01, 0x0F, 0x38, 0x18,
    0xDC, 0x0F, 0xF8, 0x1F, 0x70, 0x00, 0x38, 0x00, 0x7F, 0x80, 0x31, 0xF0,
    0xFF, 0x00, 0x70, 0xFE, 0x3F, 0xFF, 0x1F, 0xFF, 0x83, 0x3F, 0xC7, 0xFF,
    0xE0, 0x1F, 0x70, 0x3E, 0xE0, 0x70, 0xF0, 0x0F, 0xF8, 0x07, 0x87, 0x81,
    0x03, 0x00, 0xFE, 0x80, 0x7F, 0xC0, 0x1F, 0xE0, 0x0F, 0x1C, 0x38, 0xCF,
    0x9F, 0xE3, 0x0F, 0x06, 0xC7, 0xC1, 0xE3, 0xC1, 0x01, 0x07, 0xF8, 0x1F,
    0xDC, 0x0F, 0xF8, 0x1F, 0x70, 0x00, 0x38, 0x00, 0x7F, 0x80, 0x31, 0xF0,
    0xFF, 0x00, 0x70, 0xFE, 0x3F, 0xFF, 0x1F, 0xFF, 0x83, 0x3F, 0xC7, 0xFF,
    0xE0, 0x1F, 0x70, 0x3E, 0xE0, 0x70, 0xF0, 0x0F, 0xF8, 0x07, 0x87, 0x81,
    0x03, 0x00, 0xFE, 0x80, 0x7F, 0xC0, 0x1F, 0xE0, 0x0F, 0x1C, 0x38, 0xCF,
    0x9F, 0xE3, 0x0F, 0x06, 0xC7, 0xC1, 0xE3, 0xC1, 0x01, 0x07, 0xF8, 0x1F,
    0x1C, 0x00, 0x00, 0x00, 0x00, 0x00, 0x0E, 0x00, 0x1C, 0x00, 0x00, 0x00,
    0xE0, 0x00, 0x00, 0x00, 0x00, 0x00, 0x1C, 0x00, 0x00, 0x00, 0x00, 0x00,
    0x00, 0x00, 0x00, 0x00, 0x00, 0x00, 0x00, 0x00, 0x00, 0x00, 0x80, 0x01,
    0x00, 0x00, 0x00, 0x00, 0x00, 0x00, 0x00, 0x00, 0x00, 0xF0, 0x0F, 0x00,
    0x00, 0x00, 0x00, 0x00, 0x00, 0x00, 0x00, 0x00, 0xC0, 0x01, 0x80, 0x03,
    0x1C, 0x00, 0x00, 0x00, 0x00, 0x00, 0x00, 0x00, 0x00, 0x00, 0x00, 0x00,
    0x00, 0x00, 0x00, 0x00, 0x00, 0x00, 0x00, 0x00, 0x00, 0x00, 0x00, 0x00,
    0x00, 0x00, 0x00, 0x00, 0x00, 0x00, 0x00, 0x00, 0x00, 0x00, 0x00, 0x00,
    0x00, 0x00, 0x00, 0x00, 0x00, 0x00, 0x00, 0x00, 0x00, 0x00, 0x00, 0x00,
    0x00, 0x00, 0x00, 0x00, 0x00, 0x00, 0x00, 0x00, 0x00, 0x00, 0x00, 0x00,
    0x1C, 0x00, 0x00, 0x00, 0x00, 0x00, 0x00, 0x00, 0x00, 0x00, 0x00, 0x00,
    0x00, 0x00, 0x00, 0x00, 0x00, 0x00, 0x00, 0x00, 0x00, 0x00, 0x00, 0x00,
    0x00, 0x00, 0x00, 0x00, 0x00, 0x00, 0x00, 0x00, 0x00, 0x00, 0x00, 0x00,
    0x00, 0x00, 0x00, 0x00, 0x00, 0x00, 0x00, 0x00, 0x00, 0x00, 0x00, 0x00,
    0x00, 0x00, 0x00, 0x00, 0x00, 0x00, 0x00, 0x00, 0x00, 0x00, 0x00, 0x00,
    0x00, 0x00, 0x00, 0x00, 0x00, 0x00, 0x00, 0x00, 0x00, 0x00, 0x00, 0x00,
    0x00, 0x00, 0x00, 0x00, 0x00, 0x00, 0x00, 0x00, 0x00, 0x00, 0xE0, 0x00,
    0x00, 0x00, 0x00, 0x00, 0x00, 0x00, 0x00, 0x00, 0x00, 0x00, 0x00, 0x00,
    0x00, 0x00, 0x00, 0x00, 0x00, 0x00, 0x00, 0x00, 0x00, 0x00, 0x00, 0x00,
    0x00, 0x00, 0x00, 0x00, 0x00, 0x00, 0x00, 0x00, 0x00, 0x00, 0x00, 0x00,
    0x00, 0x00, 0x00, 0x00, 0x00, 0x00, 0x00, 0x00, 0x00, 0x00, 0x00, 0x00,
    0x00, 0x00, 0x00, 0x00, 0x00, 0x00, 0x00, 0x00, 0x00, 0x00, 0xE0, 0x00,
    0x00, 0x00, 0x00, 0x00, 0x00, 0x00, 0x00, 0x00, 0x00, 0x00, 0x00, 0x00,
    0x00, 0x00, 0x00, 0x00, 0x00, 0x00, 0x00, 0x00, 0x00, 0x00, 0x00, 0x00,
    0x00, 0x00, 0x00, 0x00, 0x00, 0x00, 0x00, 0x00, 0x00, 0x00, 0x00, 0x00,
    0x1C, 0x0E, 0x00, 0x00, 0xFC, 0xC1, 0xFF, 0xE7, 0xFF, 0x00, 0x1F, 0x80,
    0x1F, 0xFC, 0x1F, 0x0E, 0x0E, 0xF0, 0x01, 0xFF, 0xC3, 0xFF, 0xE1, 0xFF,
    0xF0, 0x7F, 0xB8, 0x0F, 0x00, 0x1C, 0xC0, 0x07, 0xFF, 0x03, 0x8F, 0xC3,
    0xFF, 0xE1, 0xFF, 0xF0, 0x70, 0x70, 0x38, 0xFC, 0x1F, 0xFE, 0x0F, 0xE7,
    0x1C, 0xFF, 0x0F, 0x00, 0x00, 0x00, 0x00, 0x00, 0x00, 0x00, 0x00, 0x00,
    0x30, 0x0C, 0xFF, 0x03, 0x80, 0x01, 0xC0, 0x00, 0xC0, 0x00, 0x1C, 0x00,
    0x07, 0x1C, 0x18, 0x8E, 0x0F, 0xC0, 0x01, 0x00, 0x03, 0x80, 0x01, 0xC0,
    0x70, 0x60, 0xF0, 0x18, 0x00, 0x18, 0x00, 0x06, 0x0E, 0x06, 0x0C, 0xC3,
    0x81, 0xE1, 0xC0, 0xE0, 0x60, 0xC0, 0x30, 0x00, 0x18, 0x00, 0x0C, 0xE7,
    0x1C, 0x0C, 0x0E, 0x00, 0x00, 0x00, 0x00, 0x00, 0x00, 0x00, 0x00, 0x00,
    0x30, 0x0C, 0xFF, 0x03, 0x80, 0x01, 0xC0, 0x00, 0xC0, 0x00, 0x1C, 0x00,
    0x07, 0x1C, 0x18, 0x8E, 0x0F, 0xC0, 0x01, 0x00, 0x03, 0x80, 0x01, 0xC0,
    0x70, 0x60, 0xF0, 0x18, 0x00, 0x18, 0x00, 0x06, 0x0E, 0x06, 0x0C, 0xC3,
    0x81, 0xE1, 0xC0, 0xE0, 0x60, 0xC0, 0x30, 0x00, 0x18, 0x00, 0x0C, 0xE7,
    0x1C, 0x0C, 0x0E, 0x00, 0x00, 0x00, 0x00, 0x00, 0x00, 0x00, 0x00, 0x00,
    0x70, 0x0C, 0x00, 0x03, 0x80, 0x01, 0xC0, 0x00, 0xC0, 0x00, 0x1C, 0x00,
    0x07, 0x1C, 0x18, 0x0E, 0x0C, 0xC0, 0x01, 0x00, 0x03, 0x80, 0x01, 0xC0,
    0x70, 0x60, 0x78, 0x30, 0x00, 0x18, 0x00, 0x06, 0x07, 0x06, 0x0C, 0xC3,
    0x81, 0xE1, 0xC0, 0x80, 0x61, 0x80, 0x31, 0x38, 0x18, 0x00, 0x0C, 0xE7,
    0x1C, 0x0C, 0x0E, 0x00, 0x00, 0x00, 0x00, 0x00, 0x00, 0x00, 0x00, 0x00,
    0x70, 0x0C, 0x00, 0x03, 0x80, 0x01, 0xC0, 0x00, 0xC0, 0x00, 0x1C, 0x00,
    0x07, 0x1C, 0x18, 0x0E, 0x0C, 0xC0, 0x01, 0x00, 0x03, 0x80, 0x01, 0xC0,
    0x70, 0x60, 0x78, 0x30, 0x00, 0x18, 0x00, 0x06, 0x07, 0x06, 0x0C, 0xC3,
    0x81, 0xE1, 0xC0, 0x80, 0x61, 0x80, 0x31, 0x38, 0x18, 0x00, 0x0C, 0xE7,
    0x1C, 0x0C, 0x0E, 0x00, 0x00, 0x00, 0x00, 0x00, 0x00, 0x00, 0x00, 0x00,
    0xDC, 0x0D, 0x00, 0x03, 0xF0, 0x01, 0xC0, 0xE0, 0xC0, 0x00, 0x1C, 0x00,
    0x07, 0x1C, 0x18, 0x0E, 0x0C, 0xC0, 0x01, 0x00, 0x03, 0x80, 0x01, 0xC0,
    0x70, 0x60, 0x38, 0x30, 0x00, 0x18, 0x00, 0x06, 0x07, 0x06, 0x0C, 0xC3,
    0x87, 0xE1, 0xC3, 0x80, 0x71, 0x00, 0x1F, 0x38, 0x18, 0x00, 0x0C, 0xE7,
    0x1C, 0x0C, 0x0E, 0x00, 0x00, 0x00, 0x00, 0x00, 0x00, 0x00, 0x00, 0x00,
    0x9C, 0x07, 0x00, 0x03, 0x98, 0x01, 0xC0, 0xE0, 0xC0, 0x00, 0x1C, 0x00,
    0x07, 0x1C, 0x18, 0x0E, 0x0C, 0x00, 0x00, 0x00, 0x03, 0x80, 0x01, 0xC0,
    0x70, 0x60, 0x38, 0x30, 0x00, 0x18, 0x00, 0x06, 0x07, 0x06, 0x0C, 0x03,
    0x80, 0x01, 0xC0, 0x80, 0x3F, 0x00, 0x0E, 0x38, 0x18, 0x00, 0x0C, 0xE7,
    0x1C, 0x0C, 0x0E, 0x00, 0x00, 0x00, 0x00, 0x00, 0x00, 0x00, 0x00, 0x00,
    0x9C, 0x07, 0x00, 0x03, 0x98, 0x01, 0xC0, 0xE0, 0xC0, 0x00, 0x1C, 0x00,
    0x07, 0x1C, 0x18, 0x0E, 0x0C, 0x00, 0x00, 0x00, 0x03, 0x80, 0x01, 0xC0,
    0x70, 0x60, 0x38, 0x30, 0x00, 0x18, 0x00, 0x06, 0x07, 0x06, 0x0C, 0x03,
    0x80, 0x01, 0xC0, 0x80, 0x3F, 0x00, 0x0E, 0x38, 0x18, 0x00, 0x0C, 0xE7,
    0x1C, 0x0C, 0x0E, 0x00, 0x00, 0x00, 0x00, 0x00, 0x00, 0x00, 0x00, 0x00,
    0x1C, 0x06, 0x00, 0x03, 0x8C, 0x01, 0xC0, 0xE0, 0xC0, 0x00, 0x1C, 0x00,
    0x07, 0x1C, 0x18, 0x0E, 0x0C, 0x00, 0x00, 0x00, 0x03, 0x80, 0x01, 0x60,
    0x70, 0x60, 0x38, 0x30, 0x00, 0x18, 0x00, 0x06, 0x0E, 0x03, 0x8C, 0x01,
    0x80, 0x01, 0xC0, 0x80, 0x01, 0x00, 0x18, 0x38, 0x0C, 0x00, 0x0C, 0xE7,
    0x1C, 0x0C, 0x0E, 0x00, 0x00, 0x00, 0x00, 0x00, 0x00, 0x00, 0x00, 0x00,
    0x1C, 0x06, 0x00, 0x03, 0x8C, 0x01, 0xC0, 0xE0, 0xC0, 0x00, 0x1C, 0x00,
    0x07, 0x1C, 0x18, 0x0E, 0x0C, 0x00, 0x00, 0x00, 0x03, 0x80, 0x01, 0x60,
    0x70, 0x60, 0x38, 0x30, 0x00, 0x18, 0x00, 0x06, 0x0E, 0x03, 0x8C, 0x01,
    0x80, 0x01, 0xC0, 0x80, 0x01, 0x00, 0x18, 0x38, 0x0C, 0x00, 0x0C, 0xE7,
    0x1C, 0x0C, 0x0E, 0x00, 0x00, 0x00, 0x00, 0x00, 0x00, 0x00, 0x00, 0x00,
    0x1C, 0x0C, 0xFF, 0x1F, 0x8C, 0x01, 0xC0, 0xE0, 0xC0, 0x00, 0x1C, 0x00,
    0x07, 0x1C, 0x18, 0xFE, 0x0F, 0x00, 0x00, 0x00, 0xC3, 0xFF, 0x00, 0x3C,
    0xF0, 0x7F, 0x38, 0x3F, 0x00, 0x18, 0xE0, 0x07, 0xF8, 0x81, 0xFF, 0x00,
    0x80, 0xE1, 0xFF, 0x80, 0x01, 0xF0, 0x3F, 0xB8, 0x07, 0x00, 0x0C, 0xFE,
    0x87, 0x0F, 0x0E, 0x00, 0x00, 0x00, 0x00, 0x00, 0x00, 0x00, 0x00, 0x00,
    0x1C, 0x0C, 0xFF, 0x1F, 0x8C, 0x01, 0xC0, 0xE0, 0xC0, 0x00, 0x1C, 0x00,
    0x07, 0x1C, 0x18, 0xFE, 0x0F, 0x00, 0x00, 0x00, 0xC3, 0xFF, 0x00, 0x3C,
    0xF0, 0x7F, 0x38, 0x3F, 0x00, 0x18, 0xE0, 0x07, 0xF8, 0x81, 0xFF, 0x00,
    0x80, 0xE1, 0xFF, 0x80, 0x01, 0xF0, 0x3F, 0xB8, 0x07, 0x00, 0x0C, 0xFE,
    0x87, 0x0F, 0x0E, 0x00, 0x00, 0x00, 0x00, 0x00, 0x00, 0x00, 0x00, 0x00,
    0x00, 0x00, 0x00, 0x00, 0x00, 0x00, 0x00, 0x00, 0x00, 0x00, 0x00, 0x00,
    0x00, 0x00, 0x00, 0x00, 0x00, 0x00, 0x00, 0x00, 0x03, 0x00, 0x00, 0x00,
    0x00, 0x00, 0x00, 0x00, 0x00, 0x18, 0x00, 0x00, 0x00, 0x00, 0x00, 0x00,
    0x80, 0x01, 0x00, 0x80, 0x01, 0x00, 0x00, 0x38, 0x00, 0x00, 0x00, 0x00,
    0x00, 0x00, 0x00, 0x00, 0x00, 0x00, 0x00, 0x00, 0x00, 0x00, 0x00, 0x00,
    0x00, 0x00, 0x00, 0x00, 0x00, 0x00, 0x00, 0x00, 0x00, 0x00, 0x00, 0x00,
    0x00, 0x00, 0x00, 0x00, 0x00, 0x00, 0x00, 0x00, 0x03, 0x00, 0x00, 0x00,
    0x00, 0x00, 0x00, 0x00, 0x00, 0x18, 0x00, 0x00, 0x00, 0x00, 0x00, 0x00,
    0x80, 0x01, 0x00, 0x80, 0x01, 0x00, 0x00, 0x38, 0x00, 0x00, 0x00, 0x00,
    0x00, 0x00, 0x00, 0x00, 0x00, 0x00, 0x00, 0x00, 0x00, 0x00, 0x00, 0x00,
    0x00, 0x00, 0x00, 0x00, 0x00, 0x00, 0x00, 0x00, 0x00, 0x00, 0x00, 0x00,
    0x00, 0x00, 0x00, 0x00, 0x00, 0x00, 0x00, 0x00, 0x03, 0x00, 0x00, 0x00,
    0x00, 0x00, 0x00, 0x00, 0x00, 0x18, 0x00, 0x00, 0x00, 0x00, 0x00, 0x00,
    0x80, 0x01, 0x00, 0x80, 0x01, 0x00, 0x00, 0x38, 0x00, 0x00, 0x00, 0x00,
    0x00, 0x00, 0x00, 0x00, 0x00, 0x00, 0x00, 0x00, 0x00, 0x00, 0x00, 0x00,
    0x00, 0x00, 0x00, 0x00, 0x00, 0x00, 0x00, 0x00, 0x00, 0x00, 0x00, 0x00,
    0x00, 0x00, 0x00, 0x00, 0x00, 0x00, 0x00, 0x00, 0x00, 0x00, 0x00, 0x00,
    0x00, 0x00, 0x00, 0x00, 0x00, 0x00, 0x00, 0x00, 0x00, 0x00, 0x00, 0x00,
    0x00, 0x00, 0x00, 0x00, 0x00, 0x00, 0x00, 0x00, 0x00, 0x00, 0x00, 0x00,
    0x00, 0x00, 0x00, 0x00, 0x00, 0x00, 0x00, 0x00, 0x00, 0x00, 0x00, 0x00,
    0x00, 0x00, 0x00, 0x00, 0x00, 0x00, 0x00, 0x00, 0x00, 0x00, 0x00, 0x00,
    0x00, 0x00, 0x00, 0x00, 0x00, 0x00, 0x00, 0x00, 0x00, 0x00, 0x00, 0x00,
    0x00, 0x00, 0x00, 0x00, 0x00, 0x00, 0x00, 0x00, 0x00, 0x00, 0x00, 0x00,
    0x00, 0x00, 0x00, 0x00, 0x00, 0x00, 0x00, 0x00, 0x00, 0x00, 0x00, 0x00,
    0x00, 0x00, 0x00, 0x00, 0x00, 0x00, 0x00, 0x00, 0x00, 0x00, 0x00, 0x00,
    0x00, 0x00, 0x00, 0x00, 0x00, 0x00, 0x00, 0x00, 0x00, 0x00, 0x00, 0x00,
    0x00, 0x00, 0x00, 0x00, 0x00, 0x00, 0x00, 0x00, 0x00, 0x00, 0x00, 0x00,
    0x00, 0x00, 0x00, 0x00, 0x00, 0x00, 0x00, 0x00, 0x00, 0x00, 0x00, 0x00,
    0x00, 0x00, 0x00, 0x00, 0x00, 0x00, 0x00, 0x00, 0x00, 0x00, 0x00, 0x00,
    0x00, 0x00, 0x00, 0x00, 0x00, 0x00, 0x00, 0x00, 0x00, 0x00, 0xE0, 0x0F,
    0x00, 0x00, 0x00, 0x00, 0x00, 0x00, 0x00, 0x00, 0x00, 0x00, 0x00, 0x00,
    0x00, 0x00, 0x00, 0x00, 0x00, 0x00, 0x00, 0x00, 0x00, 0x00, 0x00, 0x00,
    0x00, 0x00, 0x00, 0x00, 0x00, 0x00, 0x00, 0x00, 0x00, 0x00, 0x00, 0x00,
    0x00, 0x00, 0x00, 0x00, 0x00, 0x00, 0x00, 0x00, 0x00, 0x00, 0x00, 0x00,
    0x00, 0x00, 0x00, 0x70, 0x00, 0x00, 0x00, 0x00, 0x00, 0x00, 0x38, 0x18,
    0x00, 0x00, 0x00, 0x00, 0x00, 0x00, 0x00, 0x00, 0x00, 0x00, 0x00, 0x00,
    0x00, 0x00, 0x00, 0x00, 0x00, 0x00, 0x00, 0x00, 0x00, 0x00, 0x00, 0x00,
    0x00, 0x00, 0x00, 0x00, 0x00, 0x00, 0x00, 0x00, 0x00, 0x00, 0x00, 0x00,
    0x00, 0x00, 0x00, 0x00, 0x00, 0x00, 0x00, 0x00, 0x00, 0x00, 0x00, 0x00,
    0x00, 0x00, 0x00, 0x70, 0x00, 0x00, 0x00, 0x00, 0x00, 0x00, 0x38, 0x18,
    0x00, 0x00, 0x00, 0x00, 0x00, 0x00, 0x00, 0x00, 0x00, 0x00, 0x00, 0x00,
    0x00, 0x00, 0x00, 0x00, 0x00, 0x00, 0x00, 0x00, 0x00, 0x00, 0x00, 0x00,
    0x00, 0x00, 0x00, 0x00, 0x00, 0x00, 0x00, 0x00, 0x00, 0x00, 0x00, 0x00,
    0x00, 0x00, 0x00, 0x00, 0x00, 0x00, 0x00, 0x00, 0x00, 0x00, 0x00, 0x00,
    0x00, 0x00, 0x00, 0x38, 0x00, 0x00, 0x00, 0x00, 0x00, 0x00, 0x38, 0x00,
    0x00, 0x00, 0x00, 0x00, 0x00, 0x00, 0x00, 0x00, 0x00, 0x00, 0x00, 0x00,
    0x00, 0x00, 0x00, 0x00, 0x00, 0x00, 0x00, 0x00, 0x00, 0x00, 0x00, 0x00,
    0x00, 0x00, 0x00, 0x00, 0x00, 0x00, 0x00, 0x00, 0x00, 0x00, 0x00, 0x00,
    0x00, 0x00, 0x00, 0x00, 0x00, 0x00, 0x00, 0x00, 0x00, 0x00, 0x00, 0x00,
    0x00, 0x00, 0x00, 0x38, 0x00, 0x00, 0x00, 0x00, 0x00, 0x00, 0x38, 0x00,
    0x00, 0x00, 0x00, 0x00, 0x00, 0x00, 0x00, 0x00, 0x00, 0x00, 0x00, 0x00,
    0x00, 0x00, 0x7C, 0x00, 0x00, 0x00, 0x00, 0x00, 0x00, 0x00, 0x00, 0x00,
    0x00, 0x00, 0x00, 0x00, 0x00, 0x00, 0x00, 0x00, 0x00, 0x00, 0x00, 0x00,
    0x00, 0x00, 0x00, 0x00, 0x00, 0x00, 0x00, 0x00, 0x00, 0x00, 0x00, 0x00,
    0x00, 0x00, 0x00, 0x38, 0x00, 0x00, 0x00, 0x00, 0x00, 0x00, 0x60, 0x00,
    0x00, 0x00, 0x00, 0x00, 0x00, 0x00, 0x00, 0x00, 0x00, 0x00, 0x00, 0x00,
    0x00, 0x07, 0xE7, 0x00, 0x00, 0x00, 0x00, 0x00, 0x00, 0x00, 0x00, 0x00,
    0x00, 0x00, 0x00, 0x00, 0x00, 0x00, 0x00, 0x00, 0x00, 0x00, 0x00, 0x00,
    0x00, 0x00, 0x00, 0x00, 0x00, 0x00, 0x00, 0x00, 0x00, 0x00, 0x00, 0x00,
    0x00, 0x00, 0x00, 0x00, 0x00, 0x00, 0x00, 0x00, 0x00, 0x00, 0x80, 0x03,
    0x00, 0x00, 0x00, 0x00, 0x00, 0x00, 0x00, 0x00, 0x00, 0x00, 0x00, 0x00,
    0x00, 0x07, 0xE7, 0x00, 0x00, 0x00, 0x00, 0x00, 0x00, 0x00, 0x00, 0x00,
    0x00, 0x00, 0x00, 0x00, 0x00, 0x00, 0x00, 0x00, 0x00, 0x00, 0x00, 0x00,
    0x00, 0x00, 0x00, 0x00, 0x00, 0x00, 0x00, 0x00, 0x00, 0x00, 0x00, 0x00,
    0x00, 0x00, 0x00, 0x00, 0x00, 0x00, 0x00, 0x00, 0x00, 0x00, 0x80, 0x03,
    0x00, 0x00, 0x00, 0x00, 0x00, 0x00, 0x00, 0x00, 0x00, 0x00, 0x00, 0xC0,
    0x00, 0x07, 0x8C, 0x00, 0x00, 0x00, 0x00, 0x00, 0x00, 0x00, 0x00, 0x00,
    0x00, 0x00, 0x00, 0x00, 0x00, 0x00, 0x00, 0x00, 0x00, 0x00, 0x00, 0x00,
    0x00, 0x00, 0x00, 0x00, 0x00, 0x00, 0x00, 0x00, 0x00, 0x00, 0x00, 0x00,
    0x00, 0x00, 0x00, 0x38, 0x00, 0x00, 0x00, 0x00, 0x00, 0x00, 0x00, 0x00,
    0x00, 0x00, 0x00, 0x00, 0x00, 0x00, 0x00, 0x00, 0x00, 0x00, 0x00, 0xC0,
    0x00, 0x07, 0x8C, 0x00, 0x00, 0x00, 0x00, 0x00, 0x00, 0x00, 0x00, 0x00,
    0x00, 0x00, 0x00, 0x00, 0x00, 0x00, 0x00, 0x00, 0x00, 0x00, 0x00, 0x00,
    0x00, 0x00, 0x00, 0x00, 0x00, 0x00, 0x00, 0x00, 0x00, 0x00, 0x00, 0x00,
    0x00, 0x00, 0x00, 0x38, 0x00, 0x00, 0x00, 0x00, 0x00, 0x00, 0x00, 0x00,
    0x00, 0x00, 0x00, 0x00, 0x00, 0x00, 0x00, 0x00, 0x00, 0x00, 0x00, 0xF8,
    0xC0, 0xFD, 0x07, 0x00, 0x00, 0x00, 0x00, 0x00, 0x00, 0x00, 0x00, 0x06,
    0x00, 0x00, 0x00, 0x00, 0x00, 0x00, 0x00, 0x00, 0x00, 0x00, 0x00, 0x00,
    0x00, 0x00, 0x00, 0x00, 0x00, 0x00, 0x00, 0x00, 0x00, 0x00, 0x00, 0x00,
    0x00, 0x00, 0x00, 0x38, 0x00, 0x00, 0x00, 0x00, 0x00, 0x00, 0x80, 0x03,
    0x00, 0x00, 0x00, 0x00, 0x00, 0x00, 0x00, 0x00, 0x00, 0x00, 0x00, 0xF8,
    0xC0, 0xFD, 0x07, 0x00, 0x00, 0x00, 0x00, 0x00, 0x00, 0x00, 0x00, 0x06,
    0x00, 0x00, 0x00, 0x00, 0x00, 0x00, 0x00, 0x00, 0x00, 0x00, 0x00, 0x00,
    0x00, 0x00, 0x00, 0x00, 0x00, 0x00, 0x00, 0x00, 0x00, 0x00, 0x00, 0x00,
    0x00, 0x00, 0x00, 0x38, 0x00, 0x00, 0x00, 0x00, 0x00, 0x00, 0x80, 0x03,
    0x00, 0x00, 0x00, 0x00, 0x00, 0x00, 0x00, 0x00, 0x00, 0x00, 0x00, 0xF8,
    0xC0, 0x01, 0x00, 0x00, 0x00, 0x00, 0x00, 0x00, 0x00, 0x00, 0x00, 0x03,
    0x00, 0x00, 0x00, 0x00, 0x00, 0x00, 0x00, 0x00, 0x00, 0x00, 0x00, 0x00,
    0x00, 0x00, 0x00, 0x00, 0x00, 0x00, 0x00, 0x00, 0x00, 0x00, 0x00, 0x00,
    0x00, 0x00, 0x00, 0x00, 0x00, 0x00, 0x00, 0x00, 0x00, 0x00, 0x00, 0x00,
    0x00, 0x00, 0x00, 0x00, 0x00, 0x00, 0x00, 0x00, 0x00, 0x00, 0x00, 0xC0,
    0x3F, 0x38, 0x07, 0x00, 0x00, 0x00, 0x00, 0x00, 0x00, 0x00, 0xC0, 0x01,
    0x00, 0x00, 0x00, 0x00, 0x00, 0x00, 0x00, 0x00, 0x00, 0x00, 0x00, 0x00,
    0x00, 0x00, 0x00, 0x00, 0x00, 0x00, 0x00, 0x00, 0x00, 0x00, 0x00, 0x00,
    0x00, 0x00, 0x00, 0x00, 0x00, 0x00, 0x00, 0x00, 0x00, 0x00, 0x00, 0x00,
    0x00, 0x00, 0x00, 0x00, 0x00, 0x00, 0x00, 0x00, 0x00, 0x00, 0x00, 0xC0,
    0x3F, 0x38, 0x07, 0x00, 0x00, 0x00, 0x00, 0x00, 0x00, 0x00, 0xC0, 0x01,
    0x00, 0x00, 0x00, 0x00, 0x00, 0x00, 0x00, 0x00, 0x00, 0x00, 0x00, 0x00,
    0x00, 0x00, 0x00, 0x00, 0x00, 0x00, 0x00, 0x00, 0x00, 0x00, 0x00, 0x00,
    0x00, 0x00, 0x00, 0x00, 0x00, 0x00, 0x00, 0x00, 0x00, 0x00, 0x00, 0x00,
    0x00, 0x00, 0x00, 0x00, 0x00, 0x00, 0x00, 0x00, 0x00, 0x00, 0x00, 0x00,
    0x00, 0x00, 0x00, 0x00, 0x00, 0x00, 0x00, 0x00, 0x00, 0x00, 0x00, 0x00,
    0x00, 0x00, 0x00, 0x00, 0x00, 0x00, 0x00, 0x00, 0x00, 0x00, 0x00, 0x00,
    0x00, 0x00, 0x00, 0x00, 0x00, 0x00, 0x00, 0x00, 0x00, 0x00, 0x00, 0x00,
    0x00, 0x00, 0x00, 0x00, 0x00, 0x00, 0x00, 0x00, 0x00, 0x00, 0x00, 0x00,
    0x00, 0x00, 0x00, 0x00, 0x00, 0x00, 0x00, 0x00, 0x00, 0x00, 0x00, 0x00,
    0x00, 0x00, 0x00, 0x00, 0x00, 0x00, 0x00, 0x00, 0x00, 0x00, 0x00, 0x00,
    0x00, 0x00, 0x00, 0x00, 0x00, 0x00, 0x00, 0x00, 0x00, 0x00, 0x00, 0x00,
    0x00, 0x00, 0x00, 0x00, 0x00, 0x00, 0x00, 0x00, 0x00, 0x00, 0x00, 0x00,
    0x00, 0x00, 0x00, 0x00, 0x00, 0x00, 0x00, 0x00, 0x00, 0x00, 0x00, 0x00,
    0xDC, 0x01, 0x00, 0x00, 0x00, 0x00, 0x00, 0x00, 0x00, 0x00, 0x00, 0x00,
    0x07, 0x80, 0x03, 0x00, 0x00, 0x18, 0x03, 0x00, 0x00, 0x06, 0x00, 0x00,
    0x00, 0x00, 0x80, 0x01, 0x00, 0x00, 0x80, 0x03, 0x00, 0x00, 0x00, 0x00,
    0x00, 0x00, 0x1C, 0x00, 0x00, 0x00, 0x30, 0x60, 0x00, 0x30, 0x0C, 0x00,
    0x00, 0x70, 0x00, 0x0C, 0x00, 0x00, 0x00, 0x00, 0x80, 0x01, 0x60, 0x0C,
    0x00, 0x0C, 0x00, 0x00, 0x00, 0x00, 0x00, 0xE0, 0x1C, 0x00, 0x00, 0x00,
    0x07, 0x80, 0x03, 0x00, 0x00, 0x00, 0x80, 0x73, 0xC0, 0x39, 0x00, 0x00,
    0x00, 0x00, 0x00, 0x00, 0x00, 0x00, 0x00, 0x00, 0x00, 0x00, 0x00, 0x03,
    0x00, 0x00, 0x63, 0x00, 0x00, 0x00, 0x00, 0x60, 0x00, 0x30, 0x00, 0x00,
    0x00, 0x00, 0x80, 0x73, 0x00, 0x00, 0x00, 0x00, 0x00, 0x00, 0x60, 0x0C,
    0x00, 0x0C, 0x00, 0x00, 0x00, 0x00, 0x00, 0xE0, 0x1C, 0x00, 0x00, 0x00,
    0x07, 0x80, 0x03, 0x00, 0x00, 0x00, 0x80, 0x73, 0xC0, 0x39, 0x00, 0x00,
    0x00, 0x00, 0x00, 0x00, 0x00, 0x00, 0x00, 0x00, 0x00, 0x00, 0x00, 0x03,
    0x00, 0x00, 0x63, 0x00, 0x00, 0x00, 0x00, 0x60, 0x00, 0x30, 0x00, 0x00,
    0x00, 0x00, 0x80, 0x73, 0x00, 0x00, 0x00, 0x00, 0x00, 0x00, 0x60, 0x0C,
    0xE0, 0x0F, 0x00, 0x00, 0x00, 0x00, 0x00, 0x00, 0x00, 0x80, 0x31, 0x00,
    0x07, 0x80, 0x03, 0x00, 0x00, 0xF8, 0x03, 0x00, 0x00, 0x00, 0xC0, 0x3F,
    0xE0, 0x1F, 0xF0, 0x0F, 0x00, 0x0C, 0x00, 0x06, 0x00, 0x00, 0x00, 0x00,
    0x00, 0x00, 0x00, 0x00, 0xF0, 0x01, 0xF8, 0x60, 0x7F, 0xB0, 0x3F, 0xF0,
    0x03, 0xF8, 0x01, 0x00, 0xC0, 0x3F, 0xE0, 0x1F, 0xF0, 0x0F, 0xFC, 0x7F,
    0xE0, 0x0F, 0x00, 0x00, 0x00, 0x00, 0x00, 0x00, 0x00, 0x80, 0x31, 0x00,
    0x07, 0x80, 0x03, 0x00, 0x00, 0xF8, 0x03, 0x00, 0x00, 0x00, 0xC0, 0x3F,
    0xE0, 0x1F, 0xF0, 0x0F, 0x00, 0x0C, 0x00, 0x06, 0x00, 0x00, 0x00, 0x00,
    0x00, 0x00, 0x00, 0x00, 0xF0, 0x01, 0xF8, 0x60, 0x7F, 0xB0, 0x3F, 0xF0,
    0x03, 0xF8, 0x01, 0x00, 0xC0, 0x3F, 0xE0, 0x1F, 0xF0, 0x0F, 0xFC, 0x7F,
    0x30, 0x0C, 0xF0, 0x00, 0x70, 0x60, 0x00, 0x0E, 0x1C, 0x18, 0x80, 0x03,
    0x07, 0x80, 0x03, 0xC0, 0x01, 0x0E, 0x06, 0x70, 0x00, 0x38, 0xE0, 0x60,
    0x70, 0x30, 0x38, 0x18, 0x00, 0x18, 0x00, 0x0C, 0x00, 0x00, 0x00, 0x00,
    0x00, 0x00, 0x00, 0x00, 0x8E, 0x03, 0xC7, 0xE1, 0xE3, 0xF0, 0x71, 0x1E,
    0x06, 0x0F, 0x03, 0x38, 0x00, 0xE0, 0x00, 0x70, 0x00, 0x38, 0x60, 0x0C,
    0x1C, 0x3E, 0x18, 0x00, 0xF8, 0x60, 0x00, 0x0E, 0x3E, 0x18, 0x80, 0x03,
    0x07, 0x80, 0x03, 0x80, 0x03, 0x07, 0x1C, 0xE0, 0x00, 0x70, 0x00, 0xC0,
    0x00, 0x60, 0x00, 0x30, 0x00, 0x70, 0x00, 0x38, 0x00, 0x1E, 0x00, 0x6F,
    0x78, 0x3E, 0x3C, 0x1F, 0x83, 0x8F, 0xC1, 0xF9, 0xE0, 0x7C, 0x70, 0x0E,
    0x00, 0x07, 0x00, 0x7C, 0x00, 0x7C, 0x00, 0x3E, 0x00, 0x1F, 0x60, 0x0C,
    0x1C, 0x3E, 0x18, 0x00, 0xF8, 0x60, 0x00, 0x0E, 0x3E, 0x18, 0x80, 0x03,
    0x07, 0x80, 0x03, 0x80, 0x03, 0x07, 0x1C, 0xE0, 0x00, 0x70, 0x00, 0xC0,
    0x00, 0x60, 0x00, 0x30, 0x00, 0x70, 0x00, 0x38, 0x00, 0x1E, 0x00, 0x6F,
    0x78, 0x3E, 0x3C, 0x1F, 0x83, 0x8F, 0xC1, 0xF9, 0xE0, 0x7C, 0x70, 0x0E,
    0x00, 0x07, 0x00, 0x7C, 0x00, 0x7C, 0x00, 0x3E, 0x00, 0x1F, 0x60, 0x0C,
    0xF0, 0x77, 0xFE, 0xC0, 0x8F, 0xDF, 0xFF, 0xF7, 0xE3, 0xF7, 0xFF, 0x01,
    0xFE, 0x81, 0x03, 0xFF, 0x01, 0xF8, 0xC3, 0x7F, 0xE0, 0x3F, 0xF0, 0xFF,
    0xFF, 0xFF, 0xFF, 0xFF, 0xC1, 0xFF, 0xE0, 0x7F, 0x00, 0x3E, 0x00, 0xDF,
    0xCF, 0xE7, 0xE7, 0xF3, 0xFF, 0xF9, 0xFF, 0xFE, 0x7F, 0xFF, 0xBF, 0xFF,
    0xDF, 0xFF, 0xEF, 0xC7, 0xFF, 0xC7, 0xFF, 0xE3, 0xFF, 0xF1, 0xFD, 0x7F,
    0xF0, 0x77, 0xFE, 0xC0, 0x8F, 0xDF, 0xFF, 0xF7, 0xE3, 0xF7, 0xFF, 0x01,
    0xFE, 0x81, 0x03, 0xFF, 0x01, 0xF8, 0xC3, 0x7F, 0xE0, 0x3F, 0xF0, 0xFF,
    0xFF, 0xFF, 0xFF, 0xFF, 0xC1, 0xFF, 0xE0, 0x7F, 0x00, 0x3E, 0x00, 0xDF,
    0xCF, 0xE7, 0xE7, 0xF3, 0xFF, 0xF9, 0xFF, 0xFE, 0x7F, 0xFF, 0xBF, 0xFF,
    0xDF, 0xFF, 0xEF, 0xC7, 0xFF, 0xC7, 0xFF, 0xE3, 0xFF, 0xF1, 0xFD, 0x7F,
    0x00, 0x00, 0x00, 0x00, 0x00, 0x00, 0x00, 0x00, 0x00, 0x00, 0x00, 0x00,
    0x00, 0x00, 0x00, 0x00, 0x00, 0x00, 0x00, 0x00, 0x00, 0x00, 0x00, 0x00,
    0x00, 0x00, 0x00, 0x00, 0x00, 0x00, 0x00, 0x00, 0x00, 0x1C, 0x00, 0x0E,
    0x00, 0x00, 0x00, 0x00, 0x00, 0x00, 0x00, 0x00, 0x00, 0x00, 0x00, 0x00,
    0x00, 0x00, 0x00, 0x00, 0x00, 0x00, 0x00, 0x00, 0x00, 0x00, 0x60, 0x0C,
    0x00, 0x00, 0x00, 0x00, 0x00, 0x00, 0x00, 0x00, 0x00, 0x00, 0x00, 0x00,
    0x00, 0x00, 0x00, 0x00, 0x00, 0x00, 0x00, 0x00, 0x00, 0x00, 0x00, 0x00,
    0x00, 0x00, 0x00, 0x00, 0x00, 0x00, 0x00, 0x00, 0x00, 0x1C, 0x00, 0x0E,
    0x00, 0x00, 0x00, 0x00, 0x00, 0x00, 0x00, 0x00, 0x00, 0x00, 0x00, 0x00,
    0x00, 0x00, 0x00, 0x00, 0x00, 0x00, 0x00, 0x00, 0x00, 0x00, 0x60, 0x0C,
    0x00, 0x00, 0x00, 0x00, 0x07, 0x00, 0x38, 0x00, 0x00, 0x00, 0x00, 0x00,
    0x00, 0x00, 0x00, 0x1C, 0x00, 0x00, 0x00, 0x00, 0x00, 0x00, 0x00, 0x06,
    0x00, 0x00, 0x00, 0x00, 0x00, 0x00, 0x00, 0x00, 0x00, 0x06, 0x00, 0x03,
    0x00, 0x00, 0x00, 0x00, 0x00, 0x00, 0x00, 0x00, 0x00, 0x00, 0x00, 0x00,
    0x00, 0x00, 0x00, 0x00, 0xC0, 0x01, 0x00, 0x00, 0x00, 0x00, 0x60, 0x0C,
    0x00, 0x00, 0x00, 0x00, 0x00, 0x00, 0x00, 0x00, 0x00, 0x00, 0x00, 0x00,
    0x00, 0x00, 0x00, 0x00, 0x00, 0x00, 0x00, 0x00, 0x00, 0x00, 0x00, 0x00,
    0x00, 0x00, 0x00, 0x00, 0x00, 0x00, 0x00, 0x00, 0xFE, 0x03, 0xFF, 0x01,
    0x00, 0x00, 0x00, 0x00, 0x00, 0x00, 0x00, 0x00, 0x00, 0x00, 0x00, 0x00,
    0x00, 0x00, 0x00, 0x00, 0x00, 0x00, 0x00, 0x00, 0x00, 0x00, 0x00, 0x00,
    0x00, 0x00, 0x00, 0x00, 0x00, 0x00, 0x00, 0x00, 0x00, 0x00, 0x00, 0x00,
    0x00, 0x00, 0x00, 0x00, 0x00, 0x00, 0x00, 0x00, 0x00, 0x00, 0x00, 0x00,
    0x00, 0x00, 0x00, 0x00, 0x00, 0x00, 0x00, 0x00, 0xFE, 0x03, 0xFF, 0x01,
    0x00, 0x00, 0x00, 0x00, 0x00, 0x00, 0x00, 0x00, 0x00, 0x00, 0x00, 0x00,
    0x00, 0x00, 0x00, 0x00, 0x00, 0x00, 0x00, 0x00, 0x00, 0x00, 0x00, 0x00,
    0x00, 0x00, 0x00, 0x00, 0x00, 0x00, 0x00, 0x00, 0x00, 0x00, 0x00, 0x00,
    0x00, 0x00, 0x00, 0x00, 0x00, 0x00, 0x00, 0x00, 0x00, 0x00, 0x00, 0x00,
    0x00, 0x00, 0x00, 0x07, 0x00, 0x00, 0x00, 0x00, 0x00, 0x00, 0x00, 0x00,
    0x00, 0x00, 0x00, 0x00, 0x00, 0x00, 0x00, 0x00, 0x00, 0x00, 0x00, 0x00,
    0x00, 0x00, 0x00, 0x00, 0x00, 0x00, 0x00, 0x00, 0x00, 0x00, 0x00, 0x00,
    0x00, 0x00, 0x00, 0x00, 0x00, 0x00, 0x00, 0x00, 0x00, 0x00, 0x00, 0x00,
    0x00, 0x00, 0x00, 0x00, 0x00, 0x00, 0x00, 0x00, 0x00, 0x00, 0x00, 0x00,
    0x00, 0x00, 0x00, 0x07, 0x00, 0x00, 0x00, 0x00, 0x00, 0x00, 0x00, 0x00,
    0x00, 0x00, 0x00, 0x00, 0x00, 0x00, 0x00, 0x00, 0x00, 0x00, 0x00, 0x00,
    0x00, 0x00, 0x00, 0x00, 0x00, 0x00, 0x00, 0x00, 0x00, 0x00, 0x00, 0x00,
    0x00, 0x00, 0xC0, 0x01, 0x18, 0x03, 0xC0, 0x0F, 0x1C, 0x00, 0x00, 0x00,
    0x00, 0x00, 0x00, 0x00, 0x00, 0x00, 0x00, 0x00, 0x00, 0x38, 0x00, 0x00,
    0x00, 0x00, 0x00, 0x00, 0x00, 0x00, 0x00, 0x00, 0x00, 0x00, 0x70, 0x00,
    0x38, 0x00, 0xC0, 0x80, 0x31, 0x00, 0xEE, 0x00, 0xE0, 0xC0, 0x01, 0x00,
    0x38, 0x00, 0x00, 0x00, 0x00, 0x00, 0x00, 0x00, 0xC0, 0xE0, 0xFC, 0x7F,
    0x00, 0x00, 0x00, 0x00, 0x00, 0x00, 0xF8, 0x00, 0x1C, 0x00, 0x00, 0x70,
    0x00, 0xC0, 0x03, 0x00, 0x00, 0x00, 0x00, 0x00, 0x00, 0xC6, 0xE0, 0x3F,
    0xF0, 0x1F, 0xF8, 0x0F, 0x00, 0x00, 0x00, 0x00, 0x00, 0x00, 0x00, 0x00,
    0x00, 0x00, 0x00, 0x00, 0x00, 0x00, 0x00, 0xC0, 0xE3, 0xC0, 0x01, 0x00,
    0x38, 0x00, 0x00, 0x00, 0xC0, 0x01, 0x00, 0x00, 0x80, 0xE1, 0xFC, 0x7F,
    0x00, 0x00, 0x00, 0x00, 0x00, 0x00, 0xF8, 0x00, 0x1C, 0x00, 0x00, 0x70,
    0x00, 0xC0, 0x03, 0x00, 0x00, 0x00, 0x00, 0x00, 0x00, 0xC6, 0xE0, 0x3F,
    0xF0, 0x1F, 0xF8, 0x0F, 0x00, 0x00, 0x00, 0x00, 0x00, 0x00, 0x00, 0x00,
    0x00, 0x00, 0x00, 0x00, 0x00, 0x00, 0x00, 0xC0, 0xE3, 0xC0, 0x01, 0x00,
    0x38, 0x00, 0x00, 0x00, 0xC0, 0x01, 0x00, 0x00, 0x80, 0xE1, 0xFC, 0x7F,
    0x00, 0x00, 0xE0, 0x03, 0xF0, 0x01, 0x0E, 0x00, 0x1C, 0x00, 0x00, 0x00,
    0x00, 0x3C, 0x0F, 0x00, 0x00, 0x00, 0x00, 0x00, 0x00, 0x00, 0xE0, 0xF8,
    0x70, 0x7C, 0x38, 0x3E, 0x00, 0x00, 0x00, 0x00, 0xFE, 0x03, 0xFF, 0x01,
    0x7C, 0x00, 0xE0, 0x03, 0x1F, 0x00, 0xF8, 0x60, 0xE0, 0xC0, 0x01, 0x00,
    0x38, 0x00, 0x00, 0x00, 0x00, 0x00, 0x00, 0x30, 0x00, 0xE7, 0xFC, 0x7F,
    0x00, 0x00, 0xE0, 0x03, 0xF0, 0x01, 0x0E, 0x00, 0x1C, 0x00, 0x00, 0x00,
    0x00, 0x3C, 0x0F, 0x00, 0x00, 0x00, 0x00, 0x00, 0x00, 0x00, 0xE0, 0xF8,
    0x70, 0x7C, 0x38, 0x3E, 0x00, 0x00, 0x00, 0x00, 0xFE, 0x03, 0xFF, 0x01,
    0x7C, 0x00, 0xE0, 0x03, 0x1F, 0x00, 0xF8, 0x60, 0xE0, 0xC0, 0x01, 0x00,
    0x38, 0x00, 0x00, 0x00, 0x00, 0x00, 0x00, 0x30, 0x00, 0xE7, 0xFC, 0x7F,
    0x00, 0x00, 0x30, 0x06, 0x18, 0x03, 0xF8, 0x00, 0x1C, 0x00, 0x3F, 0x00,
    0x07, 0xBC, 0x1B, 0x80, 0x3F, 0x00, 0x00, 0x70, 0x60, 0x00, 0x0E, 0xFE,
    0x07, 0xFF, 0x83, 0xFF, 0x81, 0x03, 0xC0, 0x07, 0xD8, 0x01, 0xEC, 0x00,
    0xC6, 0x00, 0x38, 0x87, 0x31, 0x00, 0xCE, 0xF9, 0xE3, 0xC0, 0x01, 0x06,
    0x38, 0xFC, 0x01, 0xC0, 0x07, 0x1C, 0x00, 0x80, 0x01, 0xEE, 0xFC, 0x7F,
    0x00, 0x00, 0xE0, 0x07, 0xF0, 0x03, 0xC0, 0x07, 0x1C, 0xE0, 0x61, 0x00,
    0x0E, 0xF8, 0x70, 0xC0, 0x71, 0x00, 0x1F, 0xE0, 0x60, 0x00, 0xCE, 0x07,
    0xE4, 0x03, 0xF2, 0x01, 0xC1, 0x07, 0x62, 0x00, 0xF0, 0x00, 0x78, 0x00,
    0x7C, 0x30, 0xE0, 0x07, 0x1F, 0x08, 0xF8, 0x03, 0xE0, 0xC0, 0x01, 0x07,
    0x38, 0x8F, 0x03, 0x70, 0x0E, 0x3E, 0x60, 0x80, 0x03, 0x38, 0xFC, 0x7F,
    0x00, 0x00, 0xE0, 0x07, 0xF0, 0x03, 0xC0, 0x07, 0x1C, 0xE0, 0x61, 0x00,
    0x0E, 0xF8, 0x70, 0xC0, 0x71, 0x00, 0x1F, 0xE0, 0x60, 0x00, 0xCE, 0x07,
    0xE4, 0x03, 0xF2, 0x01, 0xC1, 0x07, 0x62, 0x00, 0xF0, 0x00, 0x78, 0x00,
    0x7C, 0x30, 0xE0, 0x07, 0x1F, 0x08, 0xF8, 0x03, 0xE0, 0xC0, 0x01, 0x07,
    0x38, 0x8F, 0x03, 0x70, 0x0E, 0x3E, 0x60, 0x80, 0x03, 0x38, 0xFC, 0x7F,
    0xFF, 0xFF, 0xFF, 0xC1, 0xFF, 0xE0, 0xFF, 0xFF, 0x07, 0x78, 0x7F, 0xFC,
    0x07, 0xBE, 0x1F, 0x80, 0x7F, 0xC1, 0xF9, 0x7F, 0xC0, 0xFF, 0xE7, 0x00,
    0x70, 0x00, 0x38, 0x00, 0x7E, 0xFC, 0xC3, 0x81, 0xDF, 0xFF, 0xEF, 0xFF,
    0xC7, 0x1F, 0x00, 0xFF, 0xF1, 0x0F, 0xC0, 0xFF, 0xFF, 0x7F, 0x7E, 0x07,
    0xF8, 0xFB, 0x1E, 0xFC, 0xF7, 0xE3, 0x77, 0x80, 0x03, 0xE7, 0xFC, 0x7F,
    0xFF, 0xFF, 0xFF, 0xC1, 0xFF, 0xE0, 0xFF, 0xFF, 0x07, 0x78, 0x7F, 0xFC,
    0x07, 0xBE, 0x1F, 0x80, 0x7F, 0xC1, 0xF9, 0x7F, 0xC0, 0xFF, 0xE7, 0x00,
    0x70, 0x00, 0x38, 0x00, 0x7E, 0xFC, 0xC3, 0x81, 0xDF, 0xFF, 0xEF, 0xFF,
    0xC7, 0x1F, 0x00, 0xFF, 0xF1, 0x0F, 0xC0, 0xFF, 0xFF, 0x7F, 0x7E, 0x07,
    0xF8, 0xFB, 0x1E, 0xFC, 0xF7, 0xE3, 0x77, 0x80, 0x03, 0xE7, 0xFC, 0x7F,
    0x00, 0x00, 0x00, 0x00, 0x00, 0x00, 0x00, 0x00, 0x00, 0x00, 0x00, 0x00,
    0x00, 0x00, 0x00, 0x00, 0xB8, 0x01, 0x03, 0x00, 0x00, 0x00, 0xE0, 0x38,
    0x70, 0x00, 0x38, 0x00, 0x00, 0x00, 0x83, 0x07, 0x00, 0x00, 0x00, 0x00,
    0x00, 0xF0, 0xFF, 0x07, 0x00, 0x38, 0xE0, 0x00, 0x00, 0x00, 0x00, 0xF8,
    0x1F, 0x00, 0x00, 0x0C, 0x00, 0x00, 0xE0, 0xC0, 0x81, 0xFF, 0xFC, 0x7F,
    0x00, 0x00, 0x00, 0x00, 0x00, 0x00, 0x00, 0x00, 0x00, 0x00, 0x00, 0x00,
    0x00, 0x00, 0x00, 0x00, 0xB8, 0x01, 0x03, 0x00, 0x00, 0x00, 0xE0, 0x38,
    0x70, 0x00, 0x38, 0x00, 0x00, 0x00, 0x83, 0x07, 0x00, 0x00, 0x00, 0x00,
    0x00, 0xF0, 0xFF, 0x07, 0x00, 0x38, 0xE0, 0x00, 0x00, 0x00, 0x00, 0xF8,
    0x1F, 0x00, 0x00, 0x0C, 0x00, 0x00, 0xE0, 0xC0, 0x81, 0xFF, 0xFC, 0x7F,
    0x00, 0x00, 0x00, 0x00, 0x00, 0x00, 0x00, 0x00, 0x00, 0x00, 0x00, 0x00,
    0x00, 0x00, 0x00, 0x00, 0x8C, 0x01, 0x86, 0x73, 0x00, 0x00, 0xE0, 0x00,
    0x77, 0x80, 0x3B, 0xC0, 0x9D, 0x03, 0xFE, 0x03, 0x00, 0x00, 0x00, 0x00,
    0x00, 0x00, 0x00, 0x00, 0x00, 0xF0, 0x3F, 0x00, 0x00, 0x00, 0x00, 0x00,
    0x00, 0x00, 0x00, 0x0C, 0x00, 0x00, 0x80, 0x7F, 0x00, 0x00, 0xFC, 0x7F,
    0x00, 0x00, 0x00, 0x00, 0x00, 0x00, 0x00, 0x00, 0x00, 0x00, 0x00, 0x00,
    0x00, 0x00, 0x00, 0xFC, 0x07, 0xFF, 0x03, 0x00, 0x00, 0x00, 0xC0, 0xFF,
    0xE3, 0xFF, 0xF1, 0xFF, 0x00, 0x00, 0x00, 0x00, 0x00, 0x00, 0x00, 0x00,
    0x00, 0x00, 0x00, 0x00, 0x00, 0x00, 0x00, 0x00, 0x00, 0x00, 0x00, 0x00,
    0x00, 0x00, 0x00, 0x0C, 0x00, 0x00, 0x00, 0x00, 0x00, 0x00, 0x00, 0x00,
    0x00, 0x00, 0x00, 0x00, 0x00, 0x00, 0x00, 0x00, 0x00, 0x00, 0x00, 0x00,
    0x00, 0x00, 0x00, 0xFC, 0x07, 0xFF, 0x03, 0x00, 0x00, 0x00, 0xC0, 0xFF,
    0xE3, 0xFF, 0xF1, 0xFF, 0x00, 0x00, 0x00, 0x00, 0x00, 0x00, 0x00, 0x00,
    0x00, 0x00, 0x00, 0x00, 0x00, 0x00, 0x00, 0x00, 0x00, 0x00, 0x00, 0x00,
    0x00, 0x00, 0x00, 0x0C, 0x00, 0x00, 0x00, 0x00, 0x00, 0x00, 0x00, 0x00,
    0x00, 0x00, 0x00, 0x00, 0x00, 0x00, 0x78, 0x00, 0xC0, 0x03, 0x00, 0x80,
    0x07, 0x00, 0x78, 0x00, 0x00, 0x00, 0x00, 0x00, 0x00, 0x00, 0x00, 0x00,
    0x00, 0x00, 0x00, 0x00, 0x00, 0x00, 0x00, 0x00, 0x00, 0x00, 0x00, 0x00,
    0x00, 0x00, 0x00, 0x00, 0x00, 0x00, 0x00, 0x00, 0x00, 0x00, 0x00, 0x00,
    0x00, 0x00, 0x00, 0x70, 0x00, 0x00, 0x00, 0x00, 0x00, 0x00, 0x00, 0x00,
    0x00, 0x00, 0x00, 0x00, 0x00, 0x00, 0x78, 0x00, 0xC0, 0x03, 0x00, 0x80,
    0x07, 0x00, 0x78, 0x00, 0x00, 0x00, 0x00, 0x00, 0x00, 0x00, 0x00, 0x00,
    0x00, 0x00, 0x00, 0x00, 0x00, 0x00, 0x00, 0x00, 0x00, 0x00, 0x00, 0x00,
    0x00, 0x00, 0x00, 0x00, 0x00, 0x00, 0x00, 0x00, 0x00, 0x00, 0x00, 0x00,
    0x00, 0x00, 0x00, 0x70, 0x00, 0x00, 0x00, 0x00, 0x00, 0x00, 0x00, 0x00,
    0x00, 0x00, 0x00, 0x00, 0xFF, 0x01, 0x0C, 0x00, 0x60, 0x00, 0x0E, 0xC0,
    0x00, 0x00, 0x0C, 0x00, 0x00, 0x00, 0x00, 0x00, 0x00, 0x00, 0x00, 0x00,
    0x00, 0x00, 0x00, 0x07, 0x78, 0xF8, 0x00, 0x00, 0xE0, 0x00, 0xFF, 0xC1,
    0x39, 0x07, 0x3F, 0x00, 0x00, 0xF0, 0x3F, 0x1C, 0x70, 0xC0, 0x01, 0xF8,
    0x01, 0xE0, 0x00, 0x00, 0xE0, 0xC0, 0x00, 0x00, 0x00, 0x00, 0x00, 0x00,
    0x00, 0x00, 0xE0, 0x03, 0x00, 0x00, 0x7E, 0x00, 0xF8, 0x03, 0x0E, 0xF0,
    0x07, 0x00, 0x7F, 0x00, 0x00, 0x00, 0x80, 0xFF, 0x00, 0x00, 0x00, 0x00,
    0x00, 0x00, 0x70, 0x30, 0x1E, 0x0F, 0x00, 0x00, 0xE0, 0x80, 0x07, 0xC0,
    0xFF, 0xC7, 0x01, 0x00, 0x00, 0x00, 0x30, 0x38, 0x18, 0xE0, 0x03, 0x0E,
    0x03, 0x00, 0x00, 0xF8, 0xC0, 0xE1, 0x00, 0x00, 0x00, 0x30, 0x00, 0x00,
    0x00, 0x00, 0xE0, 0x03, 0x00, 0x00, 0x7E, 0x00, 0xF8, 0x03, 0x0E, 0xF0,
    0x07, 0x00, 0x7F, 0x00, 0x00, 0x00, 0x80, 0xFF, 0x00, 0x00, 0x00, 0x00,
    0x00, 0x00, 0x70, 0x30, 0x1E, 0x0F, 0x00, 0x00, 0xE0, 0x80, 0x07, 0xC0,
    0xFF, 0xC7, 0x01, 0x00, 0x00, 0x00, 0x30, 0x38, 0x18, 0xE0, 0x03, 0x0E,
    0x03, 0x00, 0x00, 0xF8, 0xC0, 0xE1, 0x00, 0x00, 0x00, 0x30, 0x00, 0x00,
    0x00, 0x00, 0x30, 0x00, 0x70, 0x00, 0x00, 0x00, 0x00, 0x00, 0x0E, 0x00,
    0x00, 0x00, 0x00, 0xF0, 0x03, 0xFE, 0x80, 0xE3, 0x03, 0x00, 0x00, 0x00,
    0x00, 0x00, 0x00, 0x00, 0xC0, 0x03, 0xE0, 0x01, 0xE0, 0x80, 0x03, 0xC0,
    0x01, 0x00, 0x03, 0x80, 0x3F, 0x00, 0x30, 0x38, 0x18, 0x30, 0x06, 0xF8,
    0x03, 0xFC, 0x03, 0x0C, 0x00, 0xFB, 0x00, 0x3F, 0x80, 0x3F, 0xE0, 0x0F,
    0x00, 0x00, 0x30, 0x00, 0x70, 0x00, 0x00, 0x00, 0x00, 0x00, 0x0E, 0x00,
    0x00, 0x00, 0x00, 0xF0, 0x03, 0xFE, 0x80, 0xE3, 0x03, 0x00, 0x00, 0x00,
    0x00, 0x00, 0x00, 0x00, 0xC0, 0x03, 0xE0, 0x01, 0xE0, 0x80, 0x03, 0xC0,
    0x01, 0x00, 0x03, 0x80, 0x3F, 0x00, 0x30, 0x38, 0x18, 0x30, 0x06, 0xF8,
    0x03, 0xFC, 0x03, 0x0C, 0x00, 0xFB, 0x00, 0x3F, 0x80, 0x3F, 0xE0, 0x0F,
    0x00, 0x00, 0x30, 0x00, 0x70, 0x00, 0x38, 0x00, 0xF8, 0x03, 0x0E, 0x00,
    0x07, 0x00, 0x7C, 0x1C, 0x06, 0xC7, 0x01, 0xF8, 0x1F, 0x38, 0x00, 0x1C,
    0x18, 0x80, 0x03, 0x00, 0x00, 0x0F, 0xE0, 0x01, 0xE0, 0x80, 0x03, 0xC0,
    0x01, 0x00, 0x1E, 0xE0, 0x60, 0x00, 0x30, 0x60, 0x0C, 0x30, 0x06, 0x00,
    0x03, 0xF8, 0x01, 0x0C, 0x00, 0xDE, 0x80, 0x61, 0xC0, 0x30, 0x38, 0x18,
    0x00, 0x00, 0xE0, 0x07, 0x70, 0x00, 0x38, 0x00, 0x1C, 0x07, 0x0E, 0x00,
    0x0E, 0x06, 0xE7, 0x00, 0x0C, 0x00, 0x07, 0x1F, 0x10, 0x70, 0x00, 0x3E,
    0x18, 0x80, 0x03, 0xF0, 0x00, 0x78, 0xE0, 0x01, 0xE0, 0x00, 0x07, 0xC0,
    0x01, 0x00, 0x06, 0x70, 0xC0, 0x01, 0x30, 0x60, 0x0C, 0x1C, 0x0C, 0x00,
    0x03, 0x70, 0x0F, 0xF8, 0x01, 0xC6, 0x80, 0x31, 0x70, 0xF8, 0x1C, 0x70,
    0x00, 0x00, 0xE0, 0x07, 0x70, 0x00, 0x38, 0x00, 0x1C, 0x07, 0x0E, 0x00,
    0x0E, 0x06, 0xE7, 0x00, 0x0C, 0x00, 0x07, 0x1F, 0x10, 0x70, 0x00, 0x3E,
    0x18, 0x80, 0x03, 0xF0, 0x00, 0x78, 0xE0, 0x01, 0xE0, 0x00, 0x07, 0xC0,
    0x01, 0x00, 0x06, 0x70, 0xC0, 0x01, 0x30, 0x60, 0x0C, 0x1C, 0x0C, 0x00,
    0x03, 0x70, 0x0F, 0xF8, 0x01, 0xC6, 0x80, 0x31, 0x70, 0xF8, 0x1C, 0x70,
    0x00, 0x00, 0x30, 0x00, 0x70, 0x00, 0x38, 0x00, 0xF8, 0x07, 0x00, 0xFC,
    0x07, 0x06, 0x8C, 0xFF, 0x8F, 0xFF, 0xBF, 0x83, 0xE2, 0x3F, 0xF0, 0xE3,
    0xF7, 0xFF, 0x01, 0xF0, 0xFF, 0xFF, 0x00, 0x00, 0xE0, 0x00, 0x0C, 0xC0,
    0x01, 0x00, 0x03, 0xE0, 0x60, 0x00, 0x30, 0xC0, 0x07, 0x1C, 0x0C, 0x00,
    0x03, 0x18, 0x1C, 0x0C, 0x00, 0x83, 0xFB, 0xFF, 0xC3, 0xDF, 0xF9, 0x1F,
    0x00, 0x00, 0x30, 0x00, 0x70, 0x00, 0x38, 0x00, 0xF8, 0x07, 0x00, 0xFC,
    0x07, 0x06, 0x8C, 0xFF, 0x8F, 0xFF, 0xBF, 0x83, 0xE2, 0x3F, 0xF0, 0xE3,
    0xF7, 0xFF, 0x01, 0xF0, 0xFF, 0xFF, 0x00, 0x00, 0xE0, 0x00, 0x0C, 0xC0,
    0x01, 0x00, 0x03, 0xE0, 0x60, 0x00, 0x30, 0xC0, 0x07, 0x1C, 0x0C, 0x00,
    0x03, 0x18, 0x1C, 0x0C, 0x00, 0x83, 0xFB, 0xFF, 0xC3, 0xDF, 0xF9, 0x1F,
    0x00, 0x00, 0x18, 0x00, 0x70, 0x00, 0x38, 0x00, 0x80, 0x03, 0x1E, 0x00,
    0x00, 0xFC, 0x07, 0x00, 0x00, 0x00, 0x80, 0x03, 0x01, 0x00, 0x00, 0x00,
    0x00, 0x00, 0x00, 0xE0, 0x00, 0x00, 0x00, 0x00, 0xE0, 0x00, 0x18, 0xC0,
    0x01, 0x00, 0xFF, 0x80, 0x3F, 0x00, 0x30, 0x80, 0x03, 0x0E, 0x38, 0x00,
    0x03, 0x0C, 0x00, 0x06, 0xE0, 0x01, 0x80, 0x31, 0x00, 0x00, 0x00, 0x00,
    0x00, 0x00, 0x18, 0x00, 0x70, 0x00, 0x38, 0x00, 0x80, 0x03, 0x1E, 0x00,
    0x00, 0xFC, 0x07, 0x00, 0x00, 0x00, 0x80, 0x03, 0x01, 0x00, 0x00, 0x00,
    0x00, 0x00, 0x00, 0xE0, 0x00, 0x00, 0x00, 0x00, 0xE0, 0x00, 0x18, 0xC0,
    0x01, 0x00, 0xFF, 0x80, 0x3F, 0x00, 0x30, 0x80, 0x03, 0x0E, 0x38, 0x00,
    0x03, 0x0C, 0x00, 0x06, 0xE0, 0x01, 0x80, 0x31, 0x00, 0x00, 0x00, 0x00,
    0x00, 0x00, 0x18, 0x00, 0x00, 0x00, 0x00, 0x00, 0xC0, 0x00, 0x03, 0x00,
    0x00, 0x00, 0x00, 0x1C, 0x0C, 0x0E, 0x86, 0x03, 0xDC, 0xC1, 0xC0, 0xC1,
    0xE0, 0x60, 0x00, 0x30, 0x00, 0x00, 0x00, 0x00, 0x00, 0x00, 0x00, 0x00,
    0x00, 0x00, 0x00, 0x00, 0x00, 0x00, 0x00, 0x00, 0x00, 0x00, 0x00, 0x00,
    0x00, 0x0C, 0x00, 0x06, 0x00, 0x00, 0x80, 0x61, 0x00, 0x00, 0x00, 0x00,
    0x00, 0x00, 0xF0, 0x1F, 0x00, 0x00, 0x00, 0x00, 0x7F, 0x80, 0x1F, 0x00,
    0x00, 0x00, 0x00, 0xC0, 0x01, 0xE0, 0x00, 0xFF, 0x0F, 0x0C, 0x00, 0x1C,
    0x00, 0x0E, 0xF0, 0x1F, 0x00, 0x00, 0x00, 0x00, 0x00, 0x00, 0x00, 0x00,
    0x00, 0x00, 0x00, 0x00, 0x00, 0x00, 0x00, 0x00, 0x00, 0x00, 0x00, 0x00,
    0x00, 0xF8, 0x0F, 0xFC, 0x07, 0x00, 0x00, 0x3F, 0x00, 0x00, 0x00, 0x00,
    0x00, 0x00, 0xF0, 0x1F, 0x00, 0x00, 0x00, 0x00, 0x7F, 0x80, 0x1F, 0x00,
    0x00, 0x00, 0x00, 0xC0, 0x01, 0xE0, 0x00, 0xFF, 0x0F, 0x0C, 0x00, 0x1C,
    0x00, 0x0E, 0xF0, 0x1F, 0x00, 0x00, 0x00, 0x00, 0x00, 0x00, 0x00, 0x00,
    0x00, 0x00, 0x00, 0x00, 0x00, 0x00, 0x00, 0x00, 0x00, 0x00, 0x00, 0x00,
    0x00, 0xF8, 0x0F, 0xFC, 0x07, 0x00, 0x00, 0x3F, 0x00, 0x00, 0x00, 0x00,
    0x00, 0x80, 0x3F, 0x00, 0xE0, 0xFF, 0xFF, 0x0F, 0x00, 0xF8, 0x03, 0x00,
    0xFE, 0xFF, 0xFF, 0x00, 0x80, 0x3F, 0x00, 0xE0, 0xFF, 0xFF, 0x0F, 0x00,
    0xF8, 0x03, 0x00, 0xFE, 0xFF, 0xFF, 0x00, 0x80, 0x3F, 0x00, 0xE0, 0xFF,
    0xFF, 0x0F, 0x00, 0xF8, 0x03, 0x00, 0xFE, 0xFF, 0xFF, 0x00, 0x80, 0x3F,
    0x00, 0xE0, 0xFF, 0xFF, 0x0F, 0x00, 0xF8, 0x03, 0x00, 0xFE, 0xFF, 0xFF,
    0x00, 0x80, 0x3F, 0x00, 0xE0, 0xFF, 0xFF, 0x0F, 0x00, 0xF8, 0x03, 0x00,
    0xFE, 0xFF, 0xFF, 0x00, 0x80, 0x3F, 0x00, 0xE0, 0xFF, 0xFF, 0x0F, 0x00,
    0xF8, 0x03, 0x00, 0xFE, 0xFF, 0xFF, 0x00, 0x80, 0x3F, 0x00, 0xE0, 0xFF,
    0xFF, 0x0F, 0x00, 0xF8, 0x03, 0x00, 0xFE, 0xFF, 0xFF, 0x00, 0x80, 0x3F,
    0x00, 0xE0, 0xFF, 0xFF, 0x0F, 0x00, 0xF8, 0x03, 0x00, 0xFE, 0xFF, 0xFF,
    0x00, 0x80, 0x3F, 0x00, 0xE0, 0xFF, 0xFF, 0x0F, 0x00, 0xF8, 0x03, 0x00,
    0xFE, 0xFF, 0xFF, 0x00, 0x80, 0x3F, 0x00, 0xE0, 0xFF, 0xFF, 0x0F, 0x00,
    0xF8, 0x03, 0x00, 0xFE, 0xFF, 0xFF, 0x00, 0x80, 0x3F, 0x00, 0xE0, 0xFF,
    0xFF, 0x0F, 0x00, 0xF8, 0x03, 0x00, 0xFE, 0xFF, 0xFF, 0x00, 0x80, 0x3F,
    0x00, 0xE0, 0xFF, 0xFF, 0x0F, 0x00, 0xF8, 0x03, 0x00, 0xFE, 0xFF, 0xFF,
    0x00, 0x80, 0x3F, 0x00, 0xE0, 0xFF, 0xFF, 0x0F, 0x00, 0xF8, 0x03, 0x00,
    0xFE, 0xFF, 0xFF, 0x00, 0x80, 0x3F, 0x00, 0xE0, 0xFF, 0xFF, 0x0F, 0x00,
    0xF8, 0x03, 0x00, 0xFE, 0xFF, 0xFF, 0x00, 0x80, 0x3F, 0x00, 0xE0, 0xFF,
    0xFF, 0x0F, 0x00, 0xF8, 0x03, 0x00, 0xFE, 0xFF, 0xFF, 0x00, 0x80, 0x3F,
    0x00, 0xE0, 0xFF, 0xFF, 0x0F, 0x00, 0xF8, 0x03, 0x00, 0xFE, 0xFF, 0xFF,
    0x00, 0x80, 0x3F, 0x00, 0xE0, 0xFF, 0xFF, 0x0F, 0x00, 0xF8, 0x03, 0x00,
    0xFE, 0xFF, 0xFF, 0x00, 0x80, 0x3F, 0x00, 0xE0, 0xFF, 0xFF, 0x0F, 0x00,
    0xF8, 0x03, 0x00, 0xFE, 0xFF, 0xFF, 0x00, 0x80, 0x3F, 0x00, 0xE0, 0xFF,
    0xFF, 0x0F, 0x00, 0xF8, 0x03, 0x00, 0xFE, 0xFF, 0xFF, 0x00, 0x80, 0x3F,
    0x00, 0xE0, 0xFF, 0xFF, 0x0F, 0x00, 0xF8, 0x03, 0x00, 0xFE, 0xFF, 0xFF,
    0x00, 0x00, 0x00, 0x00, 0x00, 0x00, 0x00, 0xF0, 0x07, 0xF8, 0x03, 0xFC,
    0x01, 0xFE, 0x00, 0x80, 0x7F, 0xC0, 0x3F, 0xE0, 0x1F, 0xF0, 0xFF, 0xFF,
    0xFF, 0xFF, 0xFF, 0xFF, 0xFF, 0xFF, 0x00, 0x00, 0x00, 0x00, 0x00, 0x00,
    0x00, 0xF0, 0x07, 0xF8, 0x03, 0xFC, 0x01, 0xFE, 0x00, 0x80, 0x7F, 0xC0,
    0x3F, 0xE0, 0x1F, 0xF0, 0xFF, 0xFF, 0xFF, 0xFF, 0xFF, 0xFF, 0xFF, 0xFF,
    0x00, 0x00, 0x00, 0x00, 0x00, 0x00, 0x00, 0xF0, 0x07, 0xF8, 0x03, 0xFC,
    0x01, 0xFE, 0x00, 0x80, 0x7F, 0xC0, 0x3F, 0xE0, 0x1F, 0xF0, 0xFF, 0xFF,
    0xFF, 0xFF, 0xFF, 0xFF, 0xFF, 0xFF, 0x00, 0x00, 0x00, 0x00, 0x00, 0x00,
    0x00, 0xF0, 0x07, 0xF8, 0x03, 0xFC, 0x01, 0xFE, 0x00, 0x80, 0x7F, 0xC0,
    0x3F, 0xE0, 0x1F, 0xF0, 0xFF, 0xFF, 0xFF, 0xFF, 0xFF, 0xFF, 0xFF, 0xFF,
    0x00, 0x00, 0x00, 0x00, 0x00, 0x00, 0x00, 0xF0, 0x07, 0xF8, 0x03, 0xFC,
    0x01, 0xFE, 0x00, 0x80, 0x7F, 0xC0, 0x3F, 0xE0, 0x1F, 0xF0, 0xFF, 0xFF,
    0xFF, 0xFF, 0xFF, 0xFF, 0xFF, 0xFF, 0x00, 0x00, 0x00, 0x00, 0x00, 0x00,
    0x00, 0xF0, 0x07, 0xF8, 0x03, 0xFC, 0x01, 0xFE, 0x00, 0x80, 0x7F, 0xC0,
    0x3F, 0xE0, 0x1F, 0xF0, 0xFF, 0xFF, 0xFF, 0xFF, 0xFF, 0xFF, 0xFF, 0xFF,
    0x00, 0x00, 0x00, 0x00, 0x00, 0x00, 0x00, 0xF0, 0x07, 0xF8, 0x03, 0xFC,
    0x01, 0xFE, 0x00, 0x80, 0x7F, 0xC0, 0x3F, 0xE0, 0x1F, 0xF0, 0xFF, 0xFF,
    0xFF, 0xFF, 0xFF, 0xFF, 0xFF, 0xFF, 0x00, 0x00, 0x00, 0x00, 0x00, 0x00,
    0x00, 0xF0, 0x07, 0xF8, 0x03, 0xFC, 0x01, 0xFE, 0x00, 0x80, 0x7F, 0xC0,
    0x3F, 0xE0, 0x1F, 0xF0, 0xFF, 0xFF, 0xFF, 0xFF, 0xFF, 0xFF, 0xFF, 0xFF,
    0x00, 0x00, 0x00, 0x00, 0x00, 0x00, 0x00, 0xF0, 0x07, 0xF8, 0x03, 0xFC,
    0x01, 0xFE, 0x00, 0x80, 0x7F, 0xC0, 0x3F, 0xE0, 0x1F, 0xF0, 0xFF, 0xFF,
    0xFF, 0xFF, 0xFF, 0xFF, 0xFF, 0xFF, 0x00, 0x00, 0x00, 0x00, 0x00, 0x00,
    0x00, 0xF0, 0x07, 0xF8, 0x03, 0xFC, 0x01, 0xFE, 0x00, 0x80, 0x7F, 0xC0,
    0x3F, 0xE0, 0x1F, 0xF0, 0xFF, 0xFF, 0xFF, 0xFF, 0xFF, 0xFF, 0xFF, 0xFF,
    0x00, 0x00, 0x00, 0x00, 0x00, 0x00, 0x00, 0xF0, 0x07, 0xF8, 0x03, 0xFC,
    0x01, 0xFE, 0x00, 0x80, 0x7F, 0xC0, 0x3F, 0xE0, 0x1F, 0xF0, 0xFF, 0xFF,
    0xFF, 0xFF, 0xFF, 0xFF, 0xFF, 0xFF, 0x00, 0x00, 0x00, 0x00, 0x00, 0x00,
    0x00, 0xF0, 0x07, 0xF8, 0x03, 0xFC, 0x01, 0xFE, 0x00, 0x80, 0x7F, 0xC0,
    0x3F, 0xE0, 0x1F, 0xF0, 0xFF, 0xFF, 0xFF, 0xFF, 0xFF, 0xFF, 0xFF, 0xFF,
    0x00, 0x00, 0x00, 0x00, 0x00, 0x00, 0x00, 0xF0, 0x07, 0xF8, 0x03, 0xFC,
    0x01, 0xFE, 0x00, 0x80, 0x7F, 0xC0, 0x3F, 0xE0, 0x1F, 0xF0, 0xFF, 0xFF,
    0xFF, 0xFF, 0xFF, 0xFF, 0xFF, 0xFF, 0x00, 0x00, 0x00, 0x00, 0x00, 0x00,
    0x00, 0xF0, 0x07, 0xF8, 0x03, 0xFC, 0x01, 0xFE, 0x00, 0x80, 0x7F, 0xC0,
    0x3F, 0xE0, 0x1F, 0xF0, 0xFF, 0xFF, 0xFF, 0xFF, 0xFF, 0xFF, 0xFF, 0xFF,
    0x00, 0x00, 0x00, 0x00, 0x00, 0x00, 0x00, 0x00, 0x00, 0x00, 0x00, 0x00,
    0x00, 0x00, 0x00, 0x00, 0x00, 0x00, 0x00, 0x00, 0x00, 0x00, 0x00, 0x00,
    0x00, 0x00, 0x00, 0x00, 0x00, 0x00, 0x7F, 0x80, 0x3F, 0xC0, 0x1F, 0xE0,
    0x0F, 0xF0, 0x07, 0xF8, 0x03, 0xFC, 0x01, 0xFE, 0x00, 0x7F, 0x80, 0x3F,
    0xC0, 0x1F, 0xE0, 0x0F, 0xF0, 0x07, 0xF8, 0x03, 0xFC, 0x01, 0xFE, 0x00,
    0x00, 0x00, 0x00, 0x00, 0x00, 0x00, 0x00, 0x00, 0x00, 0x00, 0x00, 0x00,
    0x00, 0x00, 0x00, 0x00, 0x00, 0x00, 0x00, 0x00, 0x00, 0x00, 0x00, 0x00,
    0x00, 0x00, 0x00, 0x00, 0x00, 0x00, 0x7F, 0x80, 0x3F, 0xC0, 0x1F, 0xE0,
    0x0F, 0xF0, 0x07, 0xF8, 0x03, 0xFC, 0x01, 0xFE, 0x00, 0x7F, 0x80, 0x3F,
    0xC0, 0x1F, 0xE0, 0x0F, 0xF0, 0x07, 0xF8, 0x03, 0xFC, 0x01, 0xFE, 0x00,
    0x00, 0x00, 0x00, 0x00, 0x00, 0x00, 0x00, 0x00, 0x00, 0x00, 0x00, 0x00,
    0x00, 0x00, 0x00, 0x00, 0x00, 0x00, 0x00, 0x00, 0x00, 0x00, 0x00, 0x00,
    0x00, 0x00, 0x00, 0x00, 0x00, 0x00, 0x7F, 0x80, 0x3F, 0xC0, 0x1F, 0xE0,
    0x0F, 0xF0, 0x07, 0xF8, 0x03, 0xFC, 0x01, 0xFE, 0x00, 0x7F, 0x80, 0x3F,
    0xC0, 0x1F, 0xE0, 0x0F, 0xF0, 0x07, 0xF8, 0x03, 0xFC, 0x01, 0xFE, 0x00,
    0x00, 0x00, 0x00, 0x00, 0x00, 0x00, 0x00, 0x00, 0x00, 0x00, 0x00, 0x00,
    0x00, 0x00, 0x00, 0x00, 0x00, 0x00, 0x00, 0x00, 0x00, 0x00, 0x00, 0x00,
    0x00, 0x00, 0x00, 0x00, 0x00, 0x00, 0x7F, 0x80, 0x3F, 0xC0, 0x1F, 0xE0,
    0x0F, 0xF0, 0x07, 0xF8, 0x03, 0xFC, 0x01, 0xFE, 0x00, 0x7F, 0x80, 0x3F,
    0xC0, 0x1F, 0xE0, 0x0F, 0xF0, 0x07, 0xF8, 0x03, 0xFC, 0x01, 0xFE, 0x00,
    0x00, 0x00, 0x00, 0x00, 0x00, 0x00, 0x00, 0x00, 0x00, 0x00, 0x00, 0x00,
    0x00, 0x00, 0x00, 0x00, 0x00, 0x00, 0x00, 0x00, 0x00, 0x00, 0x00, 0x00,
    0x00, 0x00, 0x00, 0x00, 0x00, 0x00, 0x7F, 0x80, 0x3F, 0xC0, 0x1F, 0xE0,
    0x0F, 0xF0, 0x07, 0xF8, 0x03, 0xFC, 0x01, 0xFE, 0x00, 0x7F, 0x80, 0x3F,
    0xC0, 0x1F, 0xE0, 0x0F, 0xF0, 0x07, 0xF8, 0x03, 0xFC, 0x01, 0xFE, 0x00,
    0x00, 0x80, 0x1F, 0x00, 0xE0, 0xEF, 0xF7, 0x07, 0x00, 0xF8, 0x01, 0x00,
    0xFE, 0x7E, 0x7F, 0x00, 0x80, 0x1F, 0x00, 0xE0, 0xEF, 0xF7, 0x07, 0x00,
    0xF8, 0x01, 0x00, 0xFE, 0x7E, 0xFF, 0x00, 0x80, 0x1F, 0x00, 0xE0, 0xEF,
    0xF7, 0x07, 0x00, 0xF8, 0x01, 0x00, 0xFE, 0x7E, 0x7F, 0x00, 0x80, 0x1F,
    0x00, 0xE0, 0xEF, 0xF7, 0x07, 0x00, 0xF8, 0x01, 0x00, 0xFE, 0x7E, 0x7F,
    0x00, 0x80, 0x1F, 0x00, 0xE0, 0xEF, 0xF7, 0x07, 0x00, 0xF8, 0x01, 0x00,
    0xFE, 0x7E, 0x7F, 0x00, 0x80, 0x1F, 0x00, 0xE0, 0xEF, 0xF7, 0x07, 0x00,
    0xF8, 0x01, 0x00, 0xFE, 0x7E, 0xFF, 0x00, 0x80, 0x1F, 0x00, 0xE0, 0xEF,
    0xF7, 0x07, 0x00, 0xF8, 0x01, 0x00, 0xFE, 0x7E, 0x7F, 0x00, 0x80, 0x1F,
    0x00, 0xE0, 0xEF, 0xF7, 0x07, 0x00, 0xF8, 0x01, 0x00, 0xFE, 0x7E, 0x7F,
    0x00, 0x80, 0x1F, 0x00, 0xE0, 0xEF, 0xF7, 0x07, 0x00, 0xF8, 0x01, 0x00,
    0xFE, 0x7E, 0x7F, 0x00, 0x80, 0x1F, 0x00, 0xE0, 0xEF, 0xF7, 0x07, 0x00,
    0xF8, 0x01, 0x00, 0xFE, 0x7E, 0xFF, 0x00, 0x80, 0x1F, 0x00, 0xE0, 0xEF,
    0xF7, 0x07, 0x00, 0xF8, 0x01, 0x00, 0xFE, 0x7E, 0x7F, 0x00, 0x80, 0x1F,
    0x00, 0xE0, 0xEF, 0xF7, 0x07, 0x00, 0xF8, 0x01, 0x00, 0xFE, 0x7E, 0x7F,
    0x00, 0x00, 0x00, 0x00, 0x00, 0x00, 0x00, 0x00, 0x00, 0x00, 0x00, 0x00,
    0x00, 0x00, 0x00, 0x00, 0x00, 0x00, 0x00, 0x00, 0x00, 0x00, 0x00, 0x00,
    0x00, 0x00, 0x00, 0x00, 0x00, 0x00, 0x00, 0x00, 0x00, 0x00, 0x00, 0x00,
    0x00, 0x00, 0x00, 0x00, 0x00, 0x00, 0x00, 0x00, 0x00, 0x00, 0x00, 0x00,
    0x00, 0x00, 0x00, 0x00, 0x00, 0x00, 0x00, 0x00, 0x00, 0x00, 0x00, 0x00,
    0x00, 0x00, 0x00, 0x00, 0x00, 0x00, 0x00, 0x00, 0x00, 0x00, 0x00, 0x00,
    0x00, 0x00, 0x00, 0x00, 0x00, 0x00, 0x00, 0x00, 0x00, 0x00, 0x00, 0x00,
    0x00, 0x00, 0x00, 0x00, 0x00, 0x00, 0x00, 0x00, 0x00, 0x00, 0x00, 0x00,
    0x00, 0x00, 0x00, 0x00, 0x00, 0x00, 0x00, 0x00, 0x00, 0x00, 0x00, 0x00,
    0x00, 0x00, 0x00, 0x00, 0x00, 0x00, 0x00, 0x00, 0x00, 0x00, 0x00, 0x00,
    0x00, 0x00, 0x00, 0x00, 0x00, 0x00, 0x00, 0xF0, 0x03, 0xF8, 0x01, 0xFC,
    0x00, 0x7E, 0x00, 0x80, 0x3F, 0xC0, 0x1F, 0xE0, 0x0F, 0xF0, 0xF7, 0xFB,
    0xFB, 0xFD, 0xFD, 0xFE, 0x7E, 0x7F, 0x00, 0x00, 0x00, 0x00, 0x00, 0x00,
    0x00, 0xF0, 0x03, 0xF8, 0x01, 0xFC, 0x00, 0x7E, 0x00, 0x80, 0x3F, 0xC0,
    0x1F, 0xE0, 0x0F, 0xF0, 0xF7, 0xFB, 0xFB, 0xFD, 0xFD, 0xFE, 0x7E, 0x7F,
    0x00, 0x00, 0x00, 0x00, 0x00, 0x00, 0x00, 0xF0, 0x03, 0xF8, 0x01, 0xFC,
    0x00, 0x7E, 0x00, 0x80, 0x3F, 0xC0, 0x1F, 0xE0, 0x0F, 0xF0, 0xF7, 0xFB,
    0xFB, 0xFD, 0xFD, 0xFE, 0x7E, 0x7F, 0x00, 0x00, 0x00, 0x00, 0x00, 0x00,
    0x00, 0xF0, 0x03, 0xF8, 0x01, 0xFC, 0x00, 0x7E, 0x00, 0x80, 0x3F, 0xC0,
    0x1F, 0xE0, 0x0F, 0xF0, 0xF7, 0xFB, 0xFB, 0xFD, 0xFD, 0xFE, 0x7E, 0x7F,
    0x00, 0x00, 0x00, 0x00, 0x00, 0x00, 0x00, 0xF0, 0x03, 0xF8, 0x01, 0xFC,
    0x00, 0x7E, 0x00, 0x80, 0x3F, 0xC0, 0x1F, 0xE0, 0x0F, 0xF0, 0xF7, 0xFB,
    0xFB, 0xFD, 0xFD, 0xFE, 0x7E, 0x7F, 0x00, 0x00, 0x00, 0x00, 0x00, 0x00,
    0x00, 0xF0, 0x03, 0xF8, 0x01, 0xFC, 0x00, 0x7E, 0x00, 0x80, 0x3F, 0xC0,
    0x1F, 0xE0, 0x0F, 0xF0, 0xF7, 0xFB, 0xFB, 0xFD, 0xFD, 0xFE, 0x7E, 0x7F,
    0x00, 0x00, 0x00, 0x00, 0x00, 0x00, 0x00, 0xF0, 0x03, 0xF8, 0x01, 0xFC,
    0x00, 0x7E, 0x00, 0x80, 0x3F, 0xC0, 0x1F, 0xE0, 0x0F, 0xF0, 0xF7, 0xFB,
    0xFB, 0xFD, 0xFD, 0xFE, 0x7E, 0x7F, 0x00, 0x00, 0x00, 0x00, 0x00, 0x00,
    0x00, 0xF0, 0x03, 0xF8, 0x01, 0xFC, 0x00, 0x7E, 0x00, 0x80, 0x3F, 0xC0,
    0x1F, 0xE0, 0x0F, 0xF0, 0xF7, 0xFB, 0xFB, 0xFD, 0xFD, 0xFE, 0x7E, 0x7F,
    0x00, 0x00, 0x00, 0x00, 0x00, 0x00, 0x00, 0xF0, 0x03, 0xF8, 0x01, 0xFC,
    0x00, 0x7E, 0x00, 0x80, 0x3F, 0xC0, 0x1F, 0xE0, 0x0F, 0xF0, 0xF7, 0xFB,
    0xFB, 0xFD, 0xFD, 0xFE, 0x7E, 0x7F, 0x00, 0x00, 0x00, 0x00, 0x00, 0x00,
    0x00, 0xF0, 0x03, 0xF8, 0x01, 0xFC, 0x00, 0x7E, 0x00, 0x80, 0x3F, 0xC0,
    0x1F, 0xE0, 0x0F, 0xF0, 0xF7, 0xFB, 0xFB, 0xFD, 0xFD, 0xFE, 0x7E, 0x7F,
    0x00, 0x00, 0x00, 0x00, 0x00, 0x00, 0x00, 0x00, 0x00, 0x00, 0x00, 0x00,
    0x00, 0x00, 0x00, 0x00, 0x00, 0x00, 0x00, 0x00, 0x00, 0x00, 0x00, 0x00,
    0x00, 0x00, 0x00, 0x00, 0x00, 0x00, 0x00, 0x00, 0x00, 0x00, 0x00, 0x00,
    0x00, 0x00, 0x00, 0x00, 0x00, 0x00, 0x00, 0x00, 0x00, 0x00, 0x00, 0x00,
    0x00, 0x00, 0x00, 0x00, 0x00, 0x00, 0x00, 0x00, 0x00, 0x00, 0x00, 0x00,
    0x00, 0x00, 0x00, 0x00, 0x00, 0x00, 0x00, 0x00, 0x00, 0x00, 0x00, 0x00,
    0x00, 0x00, 0x00, 0x00, 0x00, 0x00, 0x00, 0x00, 0x00, 0x00, 0x00, 0x00,
    0x00, 0x00, 0x00, 0x00, 0x00, 0x00, 0x00, 0x00, 0x00, 0x00, 0x00, 0x00,
    0x00, 0x00, 0x00, 0x00, 0x00, 0x00, 0x00, 0x00, 0x00, 0x00, 0x00, 0x00,
    0x00, 0x00, 0x00, 0x00, 0x00, 0x00, 0x00, 0x00, 0x00, 0x00, 0x00, 0x00,
    0x00, 0x00, 0x00, 0x00, 0x00, 0x00, 0x00, 0x00, 0x00, 0x00, 0x00, 0x00,
    0x00, 0x00, 0x00, 0x00, 0x00, 0x00, 0x00, 0x00, 0x00, 0x00, 0x00, 0x00,
    0x00, 0x00, 0x00, 0x00, 0x00, 0x00, 0x3F, 0x80, 0x1F, 0xC0, 0x0F, 0xE0,
    0x07, 0xF0, 0x03, 0xF8, 0x01, 0xFC, 0x00, 0x7E, 0x00, 0x3F, 0x80, 0x1F,
    0xC0, 0x0F, 0xE0, 0x07, 0xF0, 0x03, 0xF8, 0x01, 0xFC, 0x00, 0x7E, 0x00,
    0x00, 0x00, 0x00, 0x00, 0x00, 0x00, 0x00, 0x00, 0x00, 0x00, 0x00, 0x00,
    0x00, 0x00, 0x00, 0x00, 0x00, 0x00, 0x00, 0x00, 0x00, 0x00, 0x00, 0x00,
    0x00, 0x00, 0x00, 0x00, 0x00, 0x00, 0x3F, 0x80, 0x1F, 0xC0, 0x0F, 0xE0,
    0x07, 0xF0, 0x03, 0xF8, 0x01, 0xFC, 0x00, 0x7E, 0x00, 0x3F, 0x80, 0x1F,
    0xC0, 0x0F, 0xE0, 0x07, 0xF0, 0x03, 0xF8, 0x01, 0xFC, 0x00, 0x7E, 0x00,
    0x00, 0x00, 0x00, 0x00, 0x00, 0x00, 0x00, 0x00, 0x00, 0x00, 0x00, 0x00,
    0x00, 0x00, 0x00, 0x00, 0x00, 0x00, 0x00, 0x00, 0x00, 0x00, 0x00, 0x00,
    0x00, 0x00, 0x00, 0x00, 0x00, 0x00, 0x3F, 0x80, 0x1F, 0xC0, 0x0F, 0xE0,
    0x07, 0xF0, 0x03, 0xF8, 0x01, 0xFC, 0x00, 0x7E, 0x00, 0x3F, 0x80, 0x1F,
    0xC0, 0x0F, 0xE0, 0x07, 0xF0, 0x03, 0xF8, 0x01, 0xFC, 0x00, 0x7E, 0x00,
    0x00, 0x00, 0x00, 0x00, 0x00, 0x00, 0x00, 0x00, 0x00, 0x00, 0x00, 0x00,
    0x00, 0x00, 0x00, 0x00, 0x00, 0x00, 0x00, 0x00, 0x00, 0x00, 0x00, 0x00,
    0x00, 0x00, 0x00, 0x00, 0x00, 0x00, 0x00, 0x00, 0x00, 0x00, 0x00, 0x00,
    0x00, 0x00, 0x00, 0x00, 0x00, 0x00, 0x00, 0x00, 0x00, 0x00, 0x00, 0x00,
    0x00, 0x00, 0x00, 0x00, 0x00, 0x00, 0x00, 0x00, 0x00, 0x00, 0x00, 0x00,
    0x00, 0x00, 0x00, 0x00, 0x00, 0x00, 0x00, 0x00, 0x00, 0x00, 0x00, 0x00,
    0x00, 0x00, 0x00, 0x00, 0x00, 0x00, 0x00, 0x00, 0x00, 0x00, 0x00, 0x00,
    0x00, 0x00, 0x00, 0x00, 0x00, 0x00, 0x00, 0x00, 0x00, 0x00, 0x00, 0x00,
    0x00, 0x00, 0x00, 0x00, 0x00, 0x00, 0x00, 0x00, 0x00, 0x00, 0x00, 0x00,
    0x00, 0x00, 0x00, 0x00, 0x00, 0x00, 0x00, 0x00, 0x00, 0x00, 0x00, 0x00,
    0x00, 0x80, 0x3F, 0x00, 0xE0, 0xFF, 0xFF, 0x0F, 0x00, 0xF8, 0x03, 0x00,
    0xFE, 0xFF, 0xFF, 0x00, 0x80, 0x3F, 0x00, 0xE0, 0xFF, 0xFF, 0x0F, 0x00,
    0xF8, 0x03, 0x00, 0xFE, 0xFF, 0xFF, 0x00, 0x80, 0x3F, 0x00, 0xE0, 0xFF,
    0xFF, 0x0F, 0x00, 0xF8, 0x03, 0x00, 0xFE, 0xFF, 0xFF, 0x00, 0x80, 0x3F,
    0x00, 0xE0, 0xFF, 0xFF, 0x0F, 0x00, 0xF8, 0x03, 0x00, 0xFE, 0xFF, 0xFF,
    0x00, 0x80, 0x3F, 0x00, 0xE0, 0xFF, 0xFF, 0x0F, 0x00, 0xF8, 0x03, 0x00,
    0xFE, 0xFF, 0xFF, 0x00, 0x80, 0x3F, 0x00, 0xE0, 0xFF, 0xFF, 0x0F, 0x00,
    0xF8, 0x03, 0x00, 0xFE, 0xFF, 0xFF, 0x00, 0x80, 0x3F, 0x00, 0xE0, 0xFF,
    0xFF, 0x0F, 0x00, 0xF8, 0x03, 0x00, 0xFE, 0xFF, 0xFF, 0x00, 0x80, 0x3F,
    0x00, 0xE0, 0xFF, 0xFF, 0x0F, 0x00, 0xF8, 0x03, 0x00, 0xFE, 0xFF, 0xFF,
    0x00, 0x80, 0x3F, 0x00, 0xE0, 0xFF, 0xFF, 0x0F, 0x00, 0xF8, 0x03, 0x00,
    0xFE, 0xFF, 0xFF, 0x00, 0x80, 0x3F, 0x00, 0xE0, 0xFF, 0xFF, 0x0F, 0x00,
    0xF8, 0x03, 0x00, 0xFE, 0xFF, 0xFF, 0x00, 0x80, 0x3F, 0x00, 0xE0, 0xFF,
    0xFF, 0x0F, 0x00, 0xF8, 0x03, 0x00, 0xFE, 0xFF, 0xFF, 0x00, 0x80, 0x3F,
    0x00, 0xE0, 0xFF, 0xFF, 0x0F, 0x00, 0xF8, 0x03, 0x00, 0xFE, 0xFF, 0xFF,
    0x00, 0x80, 0x3F, 0x00, 0xE0, 0xFF, 0xFF, 0x0F, 0x00, 0xF8, 0x03, 0x00,
    0xFE, 0xFF, 0xFF, 0x00, 0x80, 0x3F, 0x00, 0xE0, 0xFF, 0xFF, 0x0F, 0x00,
    0xF8, 0x03, 0x00, 0xFE, 0xFF, 0xFF, 0x00, 0x80, 0x3F, 0x00, 0xE0, 0xFF,
    0xFF, 0x0F, 0x00, 0xF8, 0x03, 0x00, 0xFE, 0xFF, 0xFF, 0x00, 0x80, 0x3F,
    0x00, 0xE0, 0xFF, 0xFF, 0x0F, 0x00, 0xF8, 0x03, 0x00, 0xFE, 0xFF, 0xFF,
    0x00, 0x80, 0x3F, 0x00, 0xE0, 0xFF, 0xFF, 0x0F, 0x00, 0xF8, 0x03, 0x00,
    0xFE, 0xFF, 0xFF, 0x00, 0x80, 0x3F, 0x00, 0xE0, 0xFF, 0xFF, 0x0F, 0x00,
    0xF8, 0x03, 0x00, 0xFE, 0xFF, 0xFF, 0x00, 0x80, 0x3F, 0x00, 0xE0, 0xFF,
    0xFF, 0x0F, 0x00, 0xF8, 0x03, 0x00, 0xFE, 0xFF, 0xFF, 0x00, 0x80, 0x3F,
    0x00, 0xE0, 0xFF, 0xFF, 0x0F, 0x00, 0xF8, 0x03, 0x00, 0xFE, 0xFF, 0xFF,
    0x00, 0x00, 0x00, 0x00, 0x00, 0x00, 0x00, 0xF0, 0x07, 0xF8, 0x03, 0xFC,
    0x01, 0xFE, 0x00, 0x80, 0x7F, 0xC0, 0x3F, 0xE0, 0x1F, 0xF0, 0xFF, 0xFF,
    0xFF, 0xFF, 0xFF, 0xFF, 0xFF, 0xFF, 0x00, 0x00, 0x00, 0x00, 0x00, 0x00,
    0x00, 0xF0, 0x07, 0xF8, 0x03, 0xFC, 0x01, 0xFE, 0x00, 0x80, 0x7F, 0xC0,
    0x3F, 0xE0, 0x1F, 0xF0, 0xFF, 0xFF, 0xFF, 0xFF, 0xFF, 0xFF, 0xFF, 0xFF,
    0x00, 0x00, 0x00, 0x00, 0x00, 0x00, 0x00, 0xF0, 0x07, 0xF8, 0x03, 0xFC,
    0x01, 0xFE, 0x00, 0x80, 0x7F, 0xC0, 0x3F, 0xE0, 0x1F, 0xF0, 0xFF, 0xFF,
    0xFF, 0xFF, 0xFF, 0xFF, 0xFF, 0xFF, 0x00, 0x00, 0x00, 0x00, 0x00, 0x00,
    0x00, 0xF0, 0x07, 0xF8, 0x03, 0xFC, 0x01, 0xFE, 0x00, 0x80, 0x7F, 0xC0,
    0x3F, 0xE0, 0x1F, 0xF0, 0xFF, 0xFF, 0xFF, 0xFF, 0xFF, 0xFF, 0xFF, 0xFF,
    0x00, 0x00, 0x00, 0x00, 0x00, 0x00, 0x00, 0xF0, 0x07, 0xF8, 0x03, 0xFC,
    0x01, 0xFE, 0x00, 0x80, 0x7F, 0xC0, 0x3F, 0xE0, 0x1F, 0xF0, 0xFF, 0xFF,
    0xFF, 0xFF, 0xFF, 0xFF, 0xFF, 0xFF, 0x00, 0x00, 0x00, 0x00, 0x00, 0x00,
    0x00, 0xF0, 0x07, 0xF8, 0x03, 0xFC, 0x01, 0xFE, 0x00, 0x80, 0x7F, 0xC0,
    0x3F, 0xE0, 0x1F, 0xF0, 0xFF, 0xFF, 0xFF, 0xFF, 0xFF, 0xFF, 0xFF, 0xFF,
    0x00, 0x00, 0x00, 0x00, 0x00, 0x00, 0x00, 0xF0, 0x07, 0xF8, 0x03, 0xFC,
    0x01, 0xFE, 0x00, 0x80, 0x7F, 0xC0, 0x3F, 0xE0, 0x1F, 0xF0, 0xFF, 0xFF,
    0xFF, 0xFF, 0xFF, 0xFF, 0xFF, 0xFF, 0x00, 0x00, 0x00, 0x00, 0x00, 0x00,
    0x00, 0xF0, 0x07, 0xF8, 0x03, 0xFC, 0x01, 0xFE, 0x00, 0x80, 0x7F, 0xC0,
    0x3F, 0xE0, 0x1F, 0xF0, 0xFF, 0xFF, 0xFF, 0xFF, 0xFF, 0xFF, 0xFF, 0xFF,
    0x00, 0x00, 0x00, 0x00, 0x00, 0x00, 0x00, 0xF0, 0x07, 0xF8, 0x03, 0xFC,
    0x01, 0xFE, 0x00, 0x80, 0x7F, 0xC0, 0x3F, 0xE0, 0x1F, 0xF0, 0xFF, 0xFF,
    0xFF, 0xFF, 0xFF, 0xFF, 0xFF, 0xFF, 0x00, 0x00, 0x00, 0x00, 0x00, 0x00,
    0x00, 0xF0, 0x07, 0xF8, 0x03, 0xFC, 0x01, 0xFE, 0x00, 0x80, 0x7F, 0xC0,
    0x3F, 0xE0, 0x1F, 0xF0, 0xFF, 0xFF, 0xFF, 0xFF, 0xFF, 0xFF, 0xFF, 0xFF,
    0x00, 0x00, 0x00, 0x00, 0x00, 0x00, 0x00, 0xF0, 0x07, 0xF8, 0x03, 0xFC,
    0x01, 0xFE, 0x00, 0x80, 0x7F, 0xC0, 0x3F, 0xE0, 0x1F, 0xF0, 0xFF, 0xFF,
    0xFF, 0xFF, 0xFF, 0xFF, 0xFF, 0xFF, 0x00, 0x00, 0x00, 0x00, 0x00, 0x00,
    0x00, 0xF0, 0x07, 0xF8, 0x03, 0xFC, 0x01, 0xFE, 0x00, 0x80, 0x7F, 0xC0,
    0x3F, 0xE0, 0x1F, 0xF0, 0xFF, 0xFF, 0xFF, 0xFF, 0xFF, 0xFF, 0xFF, 0xFF,
    0x00, 0x00, 0x00, 0x00, 0x00, 0x00, 0x00, 0xF0, 0x07, 0xF8, 0x03, 0xFC,
    0x01, 0xFE, 0x00, 0x80, 0x7F, 0xC0, 0x3F, 0xE0, 0x1F, 0xF0, 0xFF, 0xFF,
    0xFF, 0xFF, 0xFF, 0xFF, 0xFF, 0xFF, 0x00, 0x00, 0x00, 0x00, 0x00, 0x00,
    0x00, 0xF0, 0x07, 0xF8, 0x03, 0xFC, 0x01, 0xFE, 0x00, 0x80, 0x7F, 0xC0,
    0x3F, 0xE0, 0x1F, 0xF0, 0xFF, 0xFF, 0xFF, 0xFF, 0xFF, 0xFF, 0xFF, 0xFF,
    0x80, 0x7F, 0xC0, 0x3F, 0xE0, 0x1F, 0xF0, 0x0F, 0xF8, 0x07, 0xFC, 0x03,
    0xFE, 0x01, 0xFF, 0x80, 0x7F, 0xC0, 0x3F, 0xE0, 0x1F, 0xF0, 0x0F, 0xF8,
    0x07, 0xFC, 0x03, 0xFE, 0x01, 0xFF, 0xFF, 0xFF, 0xFF, 0xFF, 0xFF, 0xFF,
    0xFF, 0xFF, 0xFF, 0xFF, 0xFF, 0xFF, 0xFF, 0xFF, 0xFF, 0xFF, 0xFF, 0xFF,
    0xFF, 0xFF, 0xFF, 0xFF, 0xFF, 0xFF, 0xFF, 0xFF, 0xFF, 0xFF, 0xFF, 0xFF,
    0x80, 0x7F, 0xC0, 0x3F, 0xE0, 0x1F, 0xF0, 0x0F, 0xF8, 0x07, 0xFC, 0x03,
    0xFE, 0x01, 0xFF, 0x80, 0x7F, 0xC0, 0x3F, 0xE0, 0x1F, 0xF0, 0x0F, 0xF8,
    0x07, 0xFC, 0x03, 0xFE, 0x01, 0xFF, 0xFF, 0xFF, 0xFF, 0xFF, 0xFF, 0xFF,
    0xFF, 0xFF, 0xFF, 0xFF, 0xFF, 0xFF, 0xFF, 0xFF, 0xFF, 0xFF, 0xFF, 0xFF,
    0xFF, 0xFF, 0xFF, 0xFF, 0xFF, 0xFF, 0xFF, 0xFF, 0xFF, 0xFF, 0xFF, 0xFF,
    0x80, 0x7F, 0xC0, 0x3F, 0xE0, 0x1F, 0xF0, 0x0F, 0xF8, 0x07, 0xFC, 0x03,
    0xFE, 0x01, 0xFF, 0x80, 0x7F, 0xC0, 0x3F, 0xE0, 0x1F, 0xF0, 0x0F, 0xF8,
    0x07, 0xFC, 0x03, 0xFE, 0x01, 0xFF, 0xFF, 0xFF, 0xFF, 0xFF, 0xFF, 0xFF,
    0xFF, 0xFF, 0xFF, 0xFF, 0xFF, 0xFF, 0xFF, 0xFF, 0xFF, 0xFF, 0xFF, 0xFF,
    0xFF, 0xFF, 0xFF, 0xFF, 0xFF, 0xFF, 0xFF, 0xFF, 0xFF, 0xFF, 0xFF, 0xFF,
    0x80, 0x7F, 0xC0, 0x3F, 0xE0, 0x1F, 0xF0, 0x0F, 0xF8, 0x07, 0xFC, 0x03,
    0xFE, 0x01, 0xFF, 0x80, 0x7F, 0xC0, 0x3F, 0xE0, 0x1F, 0xF0, 0x0F, 0xF8,
    0x07, 0xFC, 0x03, 0xFE, 0x01, 0xFF, 0xFF, 0xFF, 0xFF, 0xFF, 0xFF, 0xFF,
    0xFF, 0xFF, 0xFF, 0xFF, 0xFF, 0xFF, 0xFF, 0xFF, 0xFF, 0xFF, 0xFF, 0xFF,
    0xFF, 0xFF, 0xFF, 0xFF, 0xFF, 0xFF, 0xFF, 0xFF, 0xFF, 0xFF, 0xFF, 0xFF,
    0x80, 0x7F, 0xC0, 0x3F, 0xE0, 0x1F, 0xF0, 0x0F, 0xF8, 0x07, 0xFC, 0x03,
    0xFE, 0x01, 0xFF, 0x80, 0x7F, 0xC0, 0x3F, 0xE0, 0x1F, 0xF0, 0x0F, 0xF8,
    0x07, 0xFC, 0x03, 0xFE, 0x01, 0xFF, 0xFF, 0xFF, 0xFF, 0xFF, 0xFF, 0xFF,
    0xFF, 0xFF, 0xFF, 0xFF, 0xFF, 0xFF, 0xFF, 0xFF, 0xFF, 0xFF, 0xFF, 0xFF,
    0xFF, 0xFF, 0xFF, 0xFF, 0xFF, 0xFF, 0xFF, 0xFF, 0xFF, 0xFF, 0xFF, 0xFF,
    0x00, 0x80, 0x1F, 0x00, 0xE0, 0xEF, 0xF7, 0x07, 0x00, 0xF8, 0x01, 0x00,
    0xFE, 0x7E, 0x7F, 0x00, 0x80, 0x1F, 0x00, 0xE0, 0xEF, 0xF7, 0x07, 0x00,
    0xF8, 0x01, 0x00, 0xFE, 0x7E, 0x7F, 0x00, 0x80, 0x1F, 0x00, 0xE0, 0xEF,
    0xF7, 0x07, 0x00, 0xF8, 0x01, 0x00, 0xFE, 0x7E, 0x7F, 0x00, 0x80, 0x1F,
    0x00, 0xE0, 0xEF, 0xF7, 0x07, 0x00, 0xF8, 0x01, 0x00, 0xFE, 0x7E, 0x7F,
    0x00, 0x80, 0x1F, 0x00, 0xE0, 0xEF, 0xF7, 0x07, 0x00, 0xF8, 0x01, 0x00,
    0xFE, 0x7E, 0x7F, 0x00, 0x80, 0x1F, 0x00, 0xE0, 0xEF, 0xF7, 0x07, 0x00,
    0xF8, 0x01, 0x00, 0xFE, 0x7E, 0x7F, 0x00, 0x80, 0x1F, 0x00, 0xE0, 0xEF,
    0xF7, 0x07, 0x00, 0xF8, 0x01, 0x00, 0xFE, 0x7E, 0x7F, 0x00, 0x80, 0x1F,
    0x00, 0xE0, 0xEF, 0xF7, 0x07, 0x00, 0xF8, 0x01, 0x00, 0xFE, 0x7E, 0x7F,
    0x00, 0x80, 0x1F, 0x00, 0xE0, 0xEF, 0xF7, 0x07, 0x00, 0xF8, 0x01, 0x00,
    0xFE, 0x7E, 0x7F, 0x00, 0x80, 0x1F, 0x00, 0xE0, 0xEF, 0xF7, 0x07, 0x00,
    0xF8, 0x01, 0x00, 0xFE, 0x7E, 0x7F, 0x00, 0x80, 0x1F, 0x00, 0xE0, 0xEF,
    0xF7, 0x07, 0x00, 0xF8, 0x01, 0x00, 0xFE, 0x7E, 0x7F, 0x00, 0x80, 0x1F,
    0x00, 0xE0, 0xEF, 0xF7, 0x07, 0x00, 0xF8, 0x01, 0x00, 0xFE, 0x7E, 0x7F,
    0x00, 0x00, 0x00, 0x00, 0x00, 0x00, 0x00, 0x00, 0x00, 0x00, 0x00, 0x00,
    0x00, 0x00, 0x00, 0x00, 0x00, 0x00, 0x00, 0x00, 0x00, 0x00, 0x00, 0x00,
    0x00, 0x00, 0x00, 0x00, 0x00, 0x00, 0x00, 0x00, 0x00, 0x00, 0x00, 0x00,
    0x00, 0x00, 0x00, 0x00, 0x00, 0x00, 0x00, 0x00, 0x00, 0x00, 0x00, 0x00,
    0x00, 0x00, 0x00, 0x00, 0x00, 0x00, 0x00, 0x00, 0x00, 0x00, 0x00, 0x00,
    0x00, 0x00, 0x00, 0x00, 0x00, 0x00, 0x00, 0x00, 0x00, 0x00, 0x00, 0x00,
    0x00, 0x00, 0x00, 0x00, 0x00, 0x00, 0x00, 0x00, 0x00, 0x00, 0x00, 0x00,
    0x00, 0x00, 0x00, 0x00, 0x00, 0x00, 0x00, 0x00, 0x00, 0x00, 0x00, 0x00,
    0x00, 0x00, 0x00, 0x00, 0x00, 0x00, 0x00, 0x00, 0x00, 0x00, 0x00, 0x00,
    0x00, 0x00, 0x00, 0x00, 0x00, 0x00, 0x00, 0x00, 0x00, 0x00, 0x00, 0x00,
    0x00, 0x00, 0x00, 0x00, 0x00, 0x00, 0x00, 0xF0, 0x03, 0xF8, 0x01, 0xFC,
    0x00, 0x7E, 0x00, 0x80, 0x3F, 0xC0, 0x1F, 0xE0, 0x0F, 0xF0, 0xF7, 0xFB,
    0xFB, 0xFD, 0xFD, 0xFE, 0x7E, 0x7F, 0x00, 0x00, 0x00, 0x00, 0x00, 0x00,
    0x00, 0xF0, 0x03, 0xF8, 0x01, 0xFC, 0x00, 0x7E, 0x00, 0x80, 0x3F, 0xC0,
    0x1F, 0xE0, 0x0F, 0xF0, 0xF7, 0xFB, 0xFB, 0xFD, 0xFD, 0xFE, 0x7E, 0x7F,
    0x00, 0x00, 0x00, 0x00, 0x00, 0x00, 0x00, 0xF0, 0x03, 0xF8, 0x01, 0xFC,
    0x00, 0x7E, 0x00, 0x80, 0x3F, 0xC0, 0x1F, 0xE0, 0x0F, 0xF0, 0xF7, 0xFB,
    0xFB, 0xFD, 0xFD, 0xFE, 0x7E, 0x7F, 0x00, 0x00, 0x00, 0x00, 0x00, 0x00,
    0x00, 0xF0, 0x03, 0xF8, 0x01, 0xFC, 0x00, 0x7E, 0x00, 0x80, 0x3F, 0xC0,
    0x1F, 0xE0, 0x0F, 0xF0, 0xF7, 0xFB, 0xFB, 0xFD, 0xFD, 0xFE, 0x7E, 0x7F,
    0x00, 0x00, 0x00, 0x00, 0x00, 0x00, 0x00, 0xF0, 0x03, 0xF8, 0x01, 0xFC,
    0x00, 0x7E, 0x00, 0x80, 0x3F, 0xC0, 0x1F, 0xE0, 0x0F, 0xF0, 0xF7, 0xFB,
    0xFB, 0xFD, 0xFD, 0xFE, 0x7E, 0x7F, 0x00, 0x00, 0x00, 0x00, 0x00, 0x00,
    0x00, 0xF0, 0x03, 0xF8, 0x01, 0xFC, 0x00, 0x7E, 0x00, 0x80, 0x3F, 0xC0,
    0x1F, 0xE0, 0x0F, 0xF0, 0xF7, 0xFB, 0xFB, 0xFD, 0xFD, 0xFE, 0x7E, 0x7F,
    0x00, 0x00, 0x00, 0x00, 0x00, 0x00, 0x00, 0xF0, 0x03, 0xF8, 0x01, 0xFC,
    0x00, 0x7E, 0x00, 0x80, 0x3F, 0xC0, 0x1F, 0xE0, 0x0F, 0xF0, 0xF7, 0xFB,
    0xFB, 0xFD, 0xFD, 0xFE, 0x7E, 0x7F, 0x00, 0x00, 0x00, 0x00, 0x00, 0x00,
    0x00, 0xF0, 0x03, 0xF8, 0x01, 0xFC, 0x00, 0x7E, 0x00, 0x80, 0x3F, 0xC0,
    0x1F, 0xE0, 0x0F, 0xF0, 0xF7, 0xFB, 0xFB, 0xFD, 0xFD, 0xFE, 0x7E, 0x7F,
    0x00, 0x00, 0x00, 0x00, 0x00, 0x00, 0x00, 0xF0, 0x03, 0xF8, 0x01, 0xFC,
    0x00, 0x7E, 0x00, 0x80, 0x3F, 0xC0, 0x1F, 0xE0, 0x0F, 0xF0, 0xF7, 0xFB,
    0xFB, 0xFD, 0xFD, 0xFE, 0x7E, 0x7F, 0x00, 0x00, 0x00, 0x00, 0x00, 0x00,
    0x00, 0xF0, 0x03, 0xF8, 0x01, 0xFC, 0x00, 0x7E, 0x00, 0x80, 0x3F, 0xC0,
    0x1F, 0xE0, 0x0F, 0xF0, 0xF7, 0xFB, 0xFB, 0xFD, 0xFD, 0xFE, 0x7E, 0x7F,
    0x00, 0x00, 0x00, 0x00, 0x00, 0x00, 0x00, 0x00, 0x00, 0x00, 0x00, 0x00,
    0x00, 0x00, 0x00, 0x00, 0x00, 0x00, 0x00, 0x00, 0x00, 0x00, 0x00, 0x00,
    0x00, 0x00, 0x00, 0x00, 0x00, 0x00, 0x00, 0x00, 0x00, 0x00, 0x00, 0x00,
    0x00, 0x00, 0x00, 0x00, 0x00, 0x00, 0x00, 0x00, 0x00, 0x00, 0x00, 0x00,
    0x00, 0x00, 0x00, 0x00, 0x00, 0x00, 0x00, 0x00, 0x00, 0x00, 0x00, 0x00,
    0x00, 0x00, 0x00, 0x00, 0x00, 0x00, 0x00, 0x00, 0x00, 0x00, 0x00, 0x00,
    0x00, 0x00, 0x00, 0x00, 0x00, 0x00, 0x00, 0x00, 0x00, 0x00, 0x00, 0x00,
    0x00, 0x00, 0x00, 0x00, 0x00, 0x00, 0x00, 0x00, 0x00, 0x00, 0x00, 0x00,
    0x00, 0x00, 0x00, 0x00, 0x00, 0x00, 0x00, 0x00, 0x00, 0x00, 0x00, 0x00,
    0x00, 0x00, 0x00, 0x00, 0x00, 0x00, 0x00, 0x00, 0x00, 0x00, 0x00, 0x00,
    0x80, 0x3F, 0xC0, 0x1F, 0xE0, 0x0F, 0xF0, 0x07, 0xF8, 0x03, 0xFC, 0x01,
    0xFE, 0x00, 0x7F, 0x80, 0x3F, 0xC0, 0x1F, 0xE0, 0x0F, 0xF0, 0x07, 0xF8,
    0x03, 0xFC, 0x01, 0xFE, 0x00, 0x7F, 0xBF, 0xBF, 0xDF, 0xDF, 0xEF, 0xEF,
    0xF7, 0xF7, 0xFB, 0xFB, 0xFD, 0xFD, 0xFE, 0x7E, 0x7F, 0xBF, 0xBF, 0xDF,
    0xDF, 0xEF, 0xEF, 0xF7, 0xF7, 0xFB, 0xFB, 0xFD, 0xFD, 0xFE, 0x7E, 0x7F,
    0x80, 0x3F, 0xC0, 0x1F, 0xE0, 0x0F, 0xF0, 0x07, 0xF8, 0x03, 0xFC, 0x01,
    0xFE, 0x00, 0x7F, 0x80, 0x3F, 0xC0, 0x1F, 0xE0, 0x0F, 0xF0, 0x07, 0xF8,
    0x03, 0xFC, 0x01, 0xFE, 0x00, 0x7F, 0xBF, 0xBF, 0xDF, 0xDF, 0xEF, 0xEF,
    0xF7, 0xF7, 0xFB, 0xFB, 0xFD, 0xFD, 0xFE, 0x7E, 0x7F, 0xBF, 0xBF, 0xDF,
    0xDF, 0xEF, 0xEF, 0xF7, 0xF7, 0xFB, 0xFB, 0xFD, 0xFD, 0xFE, 0x7E, 0x7F,
    0x80, 0x3F, 0xC0, 0x1F, 0xE0, 0x0F, 0xF0, 0x07, 0xF8, 0x03, 0xFC, 0x01,
    0xFE, 0x00, 0x7F, 0x80, 0x3F, 0xC0, 0x1F, 0xE0, 0x0F, 0xF0, 0x07, 0xF8,
    0x03, 0xFC, 0x01, 0xFE, 0x00, 0x7F, 0xBF, 0xBF, 0xDF, 0xDF, 0xEF, 0xEF,
    0xF7, 0xF7, 0xFB, 0xFB, 0xFD, 0xFD, 0xFE, 0x7E, 0x7F, 0xBF, 0xBF, 0xDF,
    0xDF, 0xEF, 0xEF, 0xF7, 0xF7, 0xFB, 0xFB, 0xFD, 0xFD, 0xFE, 0x7E, 0x7F,
    0x00, 0x00, 0x00, 0x00, 0x00, 0x00, 0x00, 0x00, 0x00, 0x00, 0x00, 0x00,
    0x00, 0x00, 0x00, 0x00, 0x00, 0x00, 0x00, 0x00, 0x00, 0x00, 0x00, 0x00,
    0x00, 0x00, 0x00, 0x00, 0x00, 0x00, 0x00, 0x00, 0x00, 0x00, 0x00, 0x00,
    0x00, 0x00, 0x00, 0x00, 0x00, 0x00, 0x00, 0x00, 0x00, 0x00, 0x00, 0x00,
    0x00, 0x00, 0x00, 0x00, 0x00, 0x00, 0x00, 0x00, 0x00, 0x00, 0x00, 0x00,
    0x00, 0x00, 0x00, 0x00, 0x00, 0x00, 0x00, 0x00, 0x00, 0x00, 0x00, 0x00,
    0x00, 0x00, 0x00, 0x00, 0x00, 0x00, 0x00, 0x00, 0x00, 0x00, 0x00, 0x00,
    0x00, 0x00, 0x00, 0x00, 0x00, 0x00, 0x00, 0x00, 0x00, 0x00, 0x00, 0x00,
    0x00, 0x00, 0x00, 0x00, 0x00, 0x00, 0x00, 0x00, 0x00, 0x00, 0x00, 0x00,
    0x00, 0x00, 0x00, 0x00, 0x00, 0x00, 0x00, 0x00, 0x00, 0x00, 0x00, 0x00,
    0x00, 0x00, 0x00, 0x00, 0x00, 0x00, 0x00, 0x00, 0x00, 0x08, 0x00, 0x00,
    0xFF, 0x01, 0xE0, 0x80, 0x7F, 0x00, 0x20, 0xE0, 0x1F, 0x00, 0xE0, 0xFF,
    0x0F, 0x00, 0x72, 0x00, 0xC6, 0x18, 0x00, 0x00, 0x00, 0x00, 0x00, 0x00,
    0x00, 0x00, 0x00, 0x00, 0x00, 0xFE, 0x07, 0x06, 0x00, 0x7F, 0x80, 0x00,
    0xC0, 0x1F, 0x00, 0x00, 0xF0, 0xFF, 0xFB, 0xFF, 0x03, 0x30, 0xFE, 0xFF,
    0x00, 0x00, 0x00, 0x00, 0x00, 0x00, 0x00, 0x00, 0x00, 0x08, 0x00, 0x00,
    0xFF, 0x01, 0xE0, 0x80, 0x7F, 0x00, 0x20, 0xE0, 0x1F, 0x00, 0xE0, 0xFF,
    0x0F, 0x00, 0x72, 0x00, 0xC6, 0x18, 0x00, 0x00, 0x00, 0x00, 0x00, 0x00,
    0x00, 0x00, 0x00, 0x00, 0x00, 0xFE, 0x07, 0x06, 0x00, 0x7F, 0x80, 0x00,
    0xC0, 0x1F, 0x00, 0x00, 0xF0, 0xFF, 0xFB, 0xFF, 0x03, 0x30, 0xFE, 0xFF,
    0x00, 0x00, 0x00, 0x00, 0x00, 0x00, 0x00, 0x10, 0x00, 0x18, 0x00, 0xC0,
    0xFF, 0x01, 0xFF, 0xC0, 0x7F, 0x00, 0x3C, 0xF0, 0x1F, 0x00, 0xC0, 0xFF,
    0x1F, 0x80, 0x73, 0x00, 0x38, 0xE7, 0x00, 0x00, 0x00, 0x00, 0x00, 0x00,
    0x00, 0x00, 0x00, 0x04, 0x80, 0xFF, 0x1F, 0xFE, 0x00, 0xFF, 0x81, 0x07,
    0xC0, 0x7F, 0x00, 0x00, 0xF0, 0xFF, 0xF8, 0xFF, 0x03, 0x30, 0xFE, 0xFF,
    0x00, 0x00, 0x00, 0x00, 0x00, 0x00, 0x00, 0x10, 0x00, 0x78, 0x00, 0xF8,
    0xFF, 0xE1, 0xFF, 0xE0, 0x7F, 0x00, 0x3F, 0xF0, 0x1F, 0x00, 0x00, 0xFF,
    0x7F, 0xC0, 0x73, 0x00, 0xC6, 0x18, 0x00, 0x00, 0x00, 0x00, 0x00, 0x00,
    0x00, 0x00, 0x00, 0x04, 0xC0, 0xFF, 0xFF, 0xFE, 0x0F, 0xFF, 0x83, 0x1F,
    0xC0, 0x7F, 0x00, 0x00, 0xF0, 0x7F, 0xF8, 0xFF, 0x03, 0x30, 0xFE, 0xFF,
    0x00, 0x00, 0x00, 0x00, 0x00, 0x00, 0x00, 0x10, 0x00, 0x78, 0x00, 0xF8,
    0xFF, 0xE1, 0xFF, 0xE0, 0x7F, 0x00, 0x3F, 0xF0, 0x1F, 0x00, 0x00, 0xFF,
    0x7F, 0xC0, 0x73, 0x00, 0xC6, 0x18, 0x00, 0x00, 0x00, 0x00, 0x00, 0x00,
    0x00, 0x00, 0x00, 0x04, 0xC0, 0xFF, 0xFF, 0xFE, 0x0F, 0xFF, 0x83, 0x1F,
    0xC0, 0x7F, 0x00, 0x00, 0xF0, 0x7F, 0xF8, 0xFF, 0x03, 0x30, 0xFE, 0xFF,
    0x00, 0x00, 0x00, 0x00, 0x00, 0x00, 0x00, 0x30, 0x00, 0xF8, 0x00, 0xFC,
    0xFF, 0xFF, 0xFF, 0xF0, 0x7F, 0xC0, 0x3F, 0xF8, 0x1F, 0x00, 0x08, 0xFE,
    0xFF, 0xE0, 0x73, 0x00, 0x38, 0xE7, 0x00, 0x00, 0x00, 0x00, 0x00, 0x00,
    0x00, 0x00, 0x00, 0x07, 0xE0, 0xFF, 0xFF, 0xFF, 0xFF, 0xFF, 0x87, 0xFF,
    0xC0, 0xFF, 0x20, 0x00, 0xF0, 0x3F, 0xF8, 0xFF, 0x03, 0x30, 0xFE, 0xFF,
    0x00, 0x00, 0x00, 0x00, 0x00, 0x00, 0x00, 0x30, 0x00, 0xF8, 0x00, 0xFC,
    0xFF, 0xFF, 0xFF, 0xF0, 0x7F, 0xC0, 0x3F, 0xF8, 0x1F, 0x00, 0x08, 0xFE,
    0xFF, 0xE0, 0x73, 0x00, 0x38, 0xE7, 0x00, 0x00, 0x00, 0x00, 0x00, 0x00,
    0x00, 0x00, 0x00, 0x07, 0xE0, 0xFF, 0xFF, 0xFF, 0xFF, 0xFF, 0x87, 0xFF,
    0xC0, 0xFF, 0x20, 0x00, 0xF0, 0x3F, 0xF8, 0xFF, 0x03, 0x30, 0xFE, 0xFF,
    0x00, 0x00, 0x00, 0x40, 0x00, 0x20, 0x00, 0xF0, 0x00, 0xF8, 0x01, 0xFC,
    0xFF, 0xFF, 0xFF, 0xFC, 0x7F, 0xF0, 0x3F, 0xFC, 0x1F, 0x80, 0x0F, 0xFC,
    0xFF, 0xF1, 0x73, 0x00, 0xC6, 0x18, 0x00, 0x00, 0x00, 0x00, 0x00, 0x10,
    0x00, 0x08, 0x80, 0x07, 0xF0, 0xFF, 0xFF, 0xFF, 0xFF, 0xFF, 0x8F, 0xFF,
    0xC3, 0xFF, 0xE1, 0x03, 0xF0, 0x1F, 0xF8, 0xFF, 0x03, 0x30, 0xFE, 0xFF,
    0x00, 0x00, 0x00, 0xC0, 0x00, 0xE0, 0x01, 0xF0, 0x00, 0xF8, 0x0F, 0xFC,
    0xFF, 0xFF, 0xFF, 0xFE, 0x7F, 0xFE, 0x3F, 0xFC, 0x1F, 0xFC, 0x0F, 0xFC,
    0xFF, 0xFF, 0x73, 0x00, 0x38, 0xE7, 0x00, 0x00, 0x00, 0x00, 0x00, 0x1C,
    0x00, 0x0F, 0x80, 0x07, 0xFE, 0xFF, 0xFF, 0xFF, 0xFF, 0xFF, 0xBF, 0xFF,
    0xDF, 0xFF, 0xE1, 0x7F, 0xF0, 0x1F, 0xF8, 0xF1, 0x03, 0x30, 0xFE, 0xFF,
    0x00, 0x00, 0x00, 0xC0, 0x00, 0xE0, 0x01, 0xF0, 0x00, 0xF8, 0x0F, 0xFC,
    0xFF, 0xFF, 0xFF, 0xFE, 0x7F, 0xFE, 0x3F, 0xFC, 0x1F, 0xFC, 0x0F, 0xFC,
    0xFF, 0xFF, 0x73, 0x00, 0x38, 0xE7, 0x00, 0x00, 0x00, 0x00, 0x00, 0x1C,
    0x00, 0x0F, 0x80, 0x07, 0xFE, 0xFF, 0xFF, 0xFF, 0xFF, 0xFF, 0xBF, 0xFF,
    0xDF, 0xFF, 0xE1, 0x7F, 0xF0, 0x1F, 0xF8, 0xF1, 0x03, 0x30, 0xFE, 0xFF,
    0x00, 0x00, 0x00, 0xC0, 0x03, 0xE0, 0x07, 0xF0, 0x01, 0xF8, 0x1F, 0xFC,
    0xFF, 0xFF, 0xFF, 0xFF, 0xFF, 0xFF, 0x3F, 0xFF, 0xDF, 0xFF, 0x0F, 0xFE,
    0xFF, 0xFF, 0x73, 0x00, 0xC6, 0x18, 0x00, 0x00, 0x00, 0x00, 0x00, 0x1E,
    0xC0, 0x0F, 0xC0, 0x07, 0xFF, 0xFF, 0xFF, 0xFF, 0xFF, 0xFF, 0xFF, 0xFF,
    0xFF, 0xFF, 0xE3, 0xFF, 0xF7, 0x3F, 0xF8, 0xE0, 0x03, 0x30, 0xFE, 0xFF,
    0x00, 0x00, 0x00, 0xC0, 0x03, 0xE0, 0x07, 0xF0, 0x01, 0xF8, 0x1F, 0xFC,
    0xFF, 0xFF, 0xFF, 0xFF, 0xFF, 0xFF, 0x3F, 0xFF, 0xDF, 0xFF, 0x0F, 0xFE,
    0xFF, 0xFF, 0x73, 0x00, 0xC6, 0x18, 0x00, 0x00, 0x00, 0x00, 0x00, 0x1E,
    0xC0, 0x0F, 0xC0, 0x07, 0xFF, 0xFF, 0xFF, 0xFF, 0xFF, 0xFF, 0xFF, 0xFF,
    0xFF, 0xFF, 0xE3, 0xFF, 0xF7, 0x3F, 0xF8, 0xE0, 0x03, 0x30, 0xFE, 0xFF,
    0x03, 0x80, 0x07, 0xC0, 0x07, 0xE0, 0x3F, 0xF0, 0x01, 0xF8, 0x3F, 0xFC,
    0xFF, 0xFF, 0xFF, 0xFF, 0xFF, 0xFF, 0x3F, 0xFF, 0xFF, 0xFF, 0x0F, 0xFF,
    0xFF, 0xFF, 0x73, 0x00, 0x38, 0xE7, 0x00, 0x40, 0x00, 0x3C, 0x00, 0x1F,
    0xF8, 0x0F, 0xC0, 0x87, 0xFF, 0xFF, 0xFF, 0xFF, 0xFF, 0xFF, 0xFF, 0xFF,
    0xFF, 0xFF, 0xE3, 0xFF, 0xFF, 0x7F, 0x78, 0xC0, 0x03, 0x30, 0xFE, 0xFF,
    0x03, 0x80, 0x07, 0xC0, 0x07, 0xE0, 0x3F, 0xF0, 0x01, 0xF8, 0x3F, 0xFC,
    0xFF, 0xFF, 0xFF, 0xFF, 0xFF, 0xFF, 0x3F, 0xFF, 0xFF, 0xFF, 0x0F, 0xFF,
    0xFF, 0xFF, 0x73, 0x00, 0x38, 0xE7, 0x00, 0x40, 0x00, 0x3C, 0x00, 0x1F,
    0xF8, 0x0F, 0xC0, 0x87, 0xFF, 0xFF, 0xFF, 0xFF, 0xFF, 0xFF, 0xFF, 0xFF,
    0xFF, 0xFF, 0xE3, 0xFF, 0xFF, 0x7F, 0x78, 0xC0, 0x03, 0x30, 0xFE, 0xFF,
    0x0F, 0x80, 0x3F, 0xC0, 0x0F, 0xE0, 0xFF, 0xF0, 0x03, 0xF8, 0x7F, 0xFC,
    0xFF, 0xFF, 0xFF, 0xFF, 0xFF, 0xFF, 0xBF, 0xFF, 0xFF, 0xFF, 0xCF, 0xFF,
    0xFF, 0xFF, 0x73, 0x00, 0xC6, 0x18, 0x00, 0x78, 0xC0, 0x3F, 0x80, 0x1F,
    0xFE, 0x0F, 0xE0, 0xE7, 0xFF, 0xFF, 0xFF, 0xFF, 0xFF, 0xFF, 0xFF, 0xFF,
    0xFF, 0xFF, 0xEF, 0xFF, 0xFF, 0xFF, 0x18, 0x80, 0x03, 0x30, 0xFE, 0xFF,
    0x3F, 0x80, 0xFF, 0xC7, 0x1F, 0xE0, 0xFF, 0xF7, 0x07, 0xF8, 0xFF, 0xFD,
    0xFF, 0xFF, 0xFF, 0xFF, 0xFF, 0xFF, 0xFF, 0xFF, 0xFF, 0xFF, 0xEF, 0xFF,
    0xFF, 0xFF, 0x73, 0x00, 0x38, 0xE7, 0x00, 0x7E, 0xFE, 0x3F, 0xE0, 0xDF,
    0xFF, 0x0F, 0xF8, 0xF7, 0xFF, 0xFF, 0xFF, 0xFF, 0xFF, 0xFF, 0xFF, 0xFF,
    0xFF, 0xFF, 0xFF, 0xFF, 0xFF, 0xFF, 0x0B, 0x00, 0x02, 0x30, 0xFE, 0xFF,
    0x3F, 0x80, 0xFF, 0xC7, 0x1F, 0xE0, 0xFF, 0xF7, 0x07, 0xF8, 0xFF, 0xFD,
    0xFF, 0xFF, 0xFF, 0xFF, 0xFF, 0xFF, 0xFF, 0xFF, 0xFF, 0xFF, 0xEF, 0xFF,
    0xFF, 0xFF, 0x73, 0x00, 0x38, 0xE7, 0x00, 0x7E, 0xFE, 0x3F, 0xE0, 0xDF,
    0xFF, 0x0F, 0xF8, 0xF7, 0xFF, 0xFF, 0xFF, 0xFF, 0xFF, 0xFF, 0xFF, 0xFF,
    0xFF, 0xFF, 0xFF, 0xFF, 0xFF, 0xFF, 0x0B, 0x00, 0x02, 0x30, 0xFE, 0xFF,
    0xC0, 0x01, 0x00, 0x00, 0x70, 0x00, 0x38, 0x00, 0x1E, 0x00, 0x1E, 0x00,
    0x00, 0xC0, 0x07, 0xE0, 0x01, 0xE0, 0x01, 0x00, 0x00, 0x00, 0x00, 0x1C,
    0x00, 0x00, 0x00, 0x00, 0x00, 0x00, 0xC0, 0x01, 0x00, 0x00, 0x00, 0x00,
    0x00, 0x00, 0x1C, 0x00, 0x0E, 0x00, 0x07, 0x80, 0x03, 0x00, 0x00, 0xE0,
    0x00, 0x70, 0x00, 0x00, 0x00, 0x00, 0x00, 0x00, 0x00, 0x00, 0x00, 0x00,
    0xC0, 0x01, 0x00, 0x00, 0x70, 0x00, 0x38, 0x00, 0x1E, 0x00, 0x1E, 0x00,
    0x00, 0xC0, 0x07, 0xE0, 0x01, 0xE0, 0x01, 0x00, 0x00, 0x00, 0x00, 0x1C,
    0x00, 0x00, 0x00, 0x00, 0x00, 0x00, 0xC0, 0x01, 0x00, 0x00, 0x00, 0x00,
    0x00, 0x00, 0x1C, 0x00, 0x0E, 0x00, 0x07, 0x80, 0x03, 0x00, 0x00, 0xE0,
    0x00, 0x70, 0x00, 0x00, 0x00, 0x00, 0x00, 0x00, 0x00, 0x00, 0x00, 0x00,
    0xC0, 0x01, 0x00, 0x00, 0x70, 0x00, 0x38, 0x00, 0x03, 0x00, 0x30, 0x00,
    0x00, 0x60, 0x0C, 0x30, 0x00, 0x00, 0x03, 0x00, 0x00, 0x00, 0x00, 0x1C,
    0x00, 0x00, 0xC0, 0x1F, 0xE0, 0x0F, 0xC0, 0x01, 0x00, 0x00, 0x00, 0x00,
    0x00, 0x00, 0x1C, 0x00, 0x0E, 0x00, 0x07, 0x80, 0x03, 0x00, 0x00, 0xE0,
    0x00, 0x70, 0x00, 0x00, 0x00, 0x00, 0x00, 0x0E, 0x00, 0x07, 0x00, 0x00,
    0xC0, 0x01, 0x00, 0x00, 0x70, 0x00, 0x38, 0xC0, 0x01, 0x00, 0x60, 0x00,
    0x00, 0x38, 0x18, 0x1C, 0x00, 0x00, 0x06, 0x00, 0x00, 0x00, 0x00, 0x1C,
    0x00, 0x00, 0xF8, 0xFF, 0x3C, 0x78, 0xC0, 0x01, 0x00, 0x00, 0x00, 0x00,
    0x00, 0x00, 0x1C, 0x00, 0x0E, 0x00, 0x07, 0x80, 0x03, 0x00, 0x00, 0xE0,
    0x00, 0x70, 0x00, 0x0C, 0x00, 0x38, 0x00, 0x1F, 0x00, 0x07, 0x00, 0x00,
    0xC0, 0x01, 0x00, 0x00, 0x70, 0x00, 0x38, 0xC0, 0x01, 0x00, 0x60, 0x00,
    0x00, 0x38, 0x18, 0x1C, 0x00, 0x00, 0x06, 0x00, 0x00, 0x00, 0x00, 0x1C,
    0x00, 0x00, 0xF8, 0xFF, 0x3C, 0x78, 0xC0, 0x01, 0x00, 0x00, 0x00, 0x00,
    0x00, 0x00, 0x1C, 0x00, 0x0E, 0x00, 0x07, 0x80, 0x03, 0x00, 0x00, 0xE0,
    0x00, 0x70, 0x00, 0x0C, 0x00, 0x38, 0x00, 0x1F, 0x00, 0x07, 0x00, 0x00,
    0xFE, 0xFF, 0xFF, 0x3F, 0xF0, 0xFF, 0x3F, 0xE0, 0x00, 0x00, 0xC0, 0x01,
    0x00, 0x1C, 0x70, 0x0E, 0x00, 0x00, 0x1C, 0x00, 0x00, 0x00, 0xF0, 0xFF,
    0x07, 0x1F, 0xFC, 0xFF, 0x07, 0xE0, 0xC0, 0x01, 0x00, 0x00, 0x00, 0x00,
    0x00, 0x00, 0x1C, 0x00, 0x0E, 0x00, 0x07, 0x80, 0x03, 0x00, 0x00, 0xE0,
    0x00, 0x70, 0x00, 0x7C, 0x00, 0x3E, 0x80, 0x3F, 0x00, 0x07, 0x00, 0x00,
    0xFE, 0xFF, 0xFF, 0x3F, 0xF0, 0xFF, 0x3F, 0xE0, 0x00, 0x00, 0xC0, 0x01,
    0x00, 0x1C, 0x70, 0x0E, 0x00, 0x00, 0x1C, 0x00, 0x00, 0x00, 0xF0, 0xFF,
    0x07, 0x1F, 0xFC, 0xFF, 0x07, 0xE0, 0xC0, 0x01, 0x00, 0x00, 0x00, 0x00,
    0x00, 0x00, 0x1C, 0x00, 0x0E, 0x00, 0x07, 0x80, 0x03, 0x00, 0x00, 0xE0,
    0x00, 0x70, 0x00, 0x7C, 0x00, 0x3E, 0x80, 0x3F, 0x00, 0x07, 0x00, 0x00,
    0xFE, 0xFF, 0xFF, 0x3F, 0xF0, 0xFF, 0x3F, 0x30, 0x00, 0x00, 0x80, 0x07,
    0x00, 0x07, 0xE0, 0x03, 0x00, 0x00, 0x78, 0x00, 0x00, 0x00, 0xF8, 0xFF,
    0x87, 0x3F, 0xFC, 0xFF, 0x07, 0xE0, 0xC0, 0x81, 0xFF, 0x3F, 0xF0, 0xFF,
    0x3F, 0x00, 0xFC, 0xFF, 0x0F, 0x00, 0xFF, 0xFF, 0x03, 0xFF, 0xFF, 0xFF,
    0xFF, 0xFF, 0xFF, 0xFF, 0xC1, 0xFF, 0xE7, 0x7F, 0x00, 0x07, 0x00, 0x00,
    0xFE, 0xFF, 0xFF, 0x3F, 0xF0, 0xFF, 0x3F, 0x30, 0x00, 0x00, 0x80, 0x0F,
    0xC0, 0x03, 0x80, 0x01, 0x00, 0x00, 0xE0, 0x00, 0x00, 0x00, 0xFE, 0xFF,
    0x87, 0x3F, 0xFC, 0xFF, 0x07, 0xE0, 0xC0, 0x81, 0xFF, 0x3F, 0xF0, 0xFF,
    0x3F, 0x00, 0xFC, 0xFF, 0x0F, 0x00, 0xFF, 0xFF, 0x03, 0xFF, 0xFF, 0xFF,
    0xFF, 0xFF, 0xFF, 0xFF, 0xC1, 0xFF, 0x07, 0x0E, 0x00, 0x07, 0x00, 0x00,
    0xFE, 0xFF, 0xFF, 0x3F, 0xF0, 0xFF, 0x3F, 0x30, 0x00, 0x00, 0x80, 0x0F,
    0xC0, 0x03, 0x80, 0x01, 0x00, 0x00, 0xE0, 0x00, 0x00, 0x00, 0xFE, 0xFF,
    0x87, 0x3F, 0xFC, 0xFF, 0x07, 0xE0, 0xC0, 0x81, 0xFF, 0x3F, 0xF0, 0xFF,
    0x3F, 0x00, 0xFC, 0xFF, 0x0F, 0x00, 0xFF, 0xFF, 0x03, 0xFF, 0xFF, 0xFF,
    0xFF, 0xFF, 0xFF, 0xFF, 0xC1, 0xFF, 0x07, 0x0E, 0x00, 0x07, 0x00, 0x00,
    0xFE, 0xFF, 0xFF, 0x3F, 0xF0, 0xFF, 0x3F, 0xE0, 0x00, 0x00, 0xC0, 0x39,
    0xE0, 0x00, 0x00, 0x00, 0x00, 0x00, 0x80, 0x03, 0x00, 0x00, 0xF7, 0xFF,
    0x07, 0x1F, 0xFC, 0xFF, 0x07, 0xE0, 0xC0, 0x01, 0x00, 0x00, 0x70, 0x00,
    0x38, 0x00, 0x00, 0x00, 0x00, 0x00, 0x07, 0x80, 0x03, 0xC0, 0x01, 0x00,
    0x00, 0x70, 0x00, 0x7C, 0x00, 0x3E, 0x00, 0x0E, 0xF0, 0x3F, 0x00, 0x00,
    0xFE, 0xFF, 0xFF, 0x3F, 0xF0, 0xFF, 0x3F, 0xE0, 0x00, 0x00, 0xC0, 0x39,
    0xE0, 0x00, 0x00, 0x00, 0x00, 0x00, 0x80, 0x03, 0x00, 0x00, 0xF7, 0xFF,
    0x07, 0x1F, 0xFC, 0xFF, 0x07, 0xE0, 0xC0, 0x01, 0x00, 0x00, 0x70, 0x00,
    0x38, 0x00, 0x00, 0x00, 0x00, 0x00, 0x07, 0x80, 0x03, 0xC0, 0x01, 0x00,
    0x00, 0x70, 0x00, 0x7C, 0x00, 0x3E, 0x00, 0x0E, 0xF0, 0x3F, 0x00, 0x00,
    0x00, 0x00, 0xE0, 0x00, 0x70, 0x00, 0x38, 0xC0, 0x01, 0x00, 0x60, 0x70,
    0x30, 0x00, 0x00, 0x00, 0x00, 0x00, 0x00, 0x07, 0x00, 0x80, 0x01, 0x1C,
    0x00, 0x00, 0xF8, 0xFF, 0x3C, 0x78, 0xC0, 0x01, 0x00, 0x00, 0x70, 0x00,
    0x38, 0x00, 0x00, 0x00, 0x00, 0x00, 0x07, 0x80, 0x03, 0xC0, 0x01, 0x00,
    0x00, 0x70, 0x00, 0x0C, 0x00, 0x38, 0x00, 0x0E, 0xC0, 0x1F, 0x00, 0x00,
    0x00, 0x00, 0xE0, 0x00, 0x70, 0x00, 0x38, 0xC0, 0x01, 0x00, 0x60, 0x70,
    0x30, 0x00, 0x00, 0x00, 0x00, 0x00, 0x00, 0x07, 0x00, 0x80, 0x01, 0x1C,
    0x00, 0x00, 0xF8, 0xFF, 0x3C, 0x78, 0xC0, 0x01, 0x00, 0x00, 0x70, 0x00,
    0x38, 0x00, 0x00, 0x00, 0x00, 0x00, 0x07, 0x80, 0x03, 0xC0, 0x01, 0x00,
    0x00, 0x70, 0x00, 0x0C, 0x00, 0x38, 0x00, 0x0E, 0xC0, 0x1F, 0x00, 0x00,
    0x00, 0x00, 0xE0, 0x00, 0x70, 0x00, 0x38, 0x00, 0x03, 0x00, 0x30, 0xC0,
    0x18, 0x00, 0x00, 0x00, 0x00, 0x00, 0x00, 0x0C, 0x00, 0xC0, 0x00, 0x1C,
    0x00, 0x00, 0xC0, 0x1F, 0xE0, 0x0F, 0xC0, 0x01, 0x00, 0x00, 0x70, 0x00,
    0x38, 0x00, 0x00, 0x00, 0x00, 0x00, 0x07, 0x80, 0x03, 0xC0, 0x01, 0x00,
    0x00, 0x70, 0x00, 0x00, 0x00, 0x00, 0x00, 0x0E, 0x80, 0x0F, 0x00, 0x00,
    0x00, 0x00, 0xE0, 0x00, 0x70, 0x00, 0x38, 0x00, 0x1E, 0x00, 0x1E, 0x80,
    0x0F, 0x00, 0x00, 0x00, 0x00, 0x00, 0x00, 0x78, 0x00, 0x78, 0x00, 0x1C,
    0x00, 0x00, 0x00, 0x00, 0x00, 0x00, 0xC0, 0x01, 0x00, 0x00, 0x70, 0x00,
    0x38, 0x00, 0x00, 0x00, 0x00, 0x00, 0x07, 0x80, 0x03, 0xC0, 0x01, 0x00,
    0x00, 0x70, 0x00, 0x00, 0x00, 0x00, 0x00, 0x0E, 0x00, 0x07, 0x00, 0x00,
    0x00, 0x00, 0xE0, 0x00, 0x70, 0x00, 0x38, 0x00, 0x1E, 0x00, 0x1E, 0x80,
    0x0F, 0x00, 0x00, 0x00, 0x00, 0x00, 0x00, 0x78, 0x00, 0x78, 0x00, 0x1C,
    0x00, 0x00, 0x00, 0x00, 0x00, 0x00, 0xC0, 0x01, 0x00, 0x00, 0x70, 0x00,
    0x38, 0x00, 0x00, 0x00, 0x00, 0x00, 0x07, 0x80, 0x03, 0xC0, 0x01, 0x00,
    0x00, 0x70, 0x00, 0x00, 0x00, 0x00, 0x00, 0x0E, 0x00, 0x07, 0x00, 0x00,
    0xFF, 0xFF, 0xFF, 0xFF, 0xFF, 0xFF, 0xFF, 0xFF, 0xFF, 0xF7, 0xFF, 0xFF,
    0x00, 0xFE, 0x1F, 0x7F, 0x80, 0xFF, 0xDF, 0x1F, 0xE0, 0xFF, 0x1F, 0x00,
    0xF0, 0xFF, 0x01, 0x00, 0x00, 0x00, 0xFF, 0xFF, 0xFF, 0xFF, 0xFF, 0xFF,
    0xFF, 0xFF, 0xFF, 0xFF, 0xFF, 0x01, 0xF8, 0xF9, 0xFF, 0x80, 0x7F, 0xFF,
    0x3F, 0xE0, 0xFF, 0xFF, 0x0F, 0x00, 0x04, 0x00, 0x00, 0x00, 0x00, 0x00,
    0xFF, 0xFF, 0xFF, 0xFF, 0xFF, 0xFF, 0xFF, 0xFF, 0xFF, 0xF7, 0xFF, 0xFF,
    0x00, 0xFE, 0x1F, 0x7F, 0x80, 0xFF, 0xDF, 0x1F, 0xE0, 0xFF, 0x1F, 0x00,
    0xF0, 0xFF, 0x01, 0x00, 0x00, 0x00, 0xFF, 0xFF, 0xFF, 0xFF, 0xFF, 0xFF,
    0xFF, 0xFF, 0xFF, 0xFF, 0xFF, 0x01, 0xF8, 0xF9, 0xFF, 0x80, 0x7F, 0xFF,
    0x3F, 0xE0, 0xFF, 0xFF, 0x0F, 0x00, 0x04, 0x00, 0x00, 0x00, 0x00, 0x00,
    0xFF, 0xFF, 0xFF, 0xFF, 0xFF, 0xFF, 0xFF, 0xEF, 0xFF, 0xE7, 0xFF, 0x3F,
    0x00, 0xFE, 0x00, 0x3F, 0x80, 0xFF, 0xC3, 0x0F, 0xE0, 0xFF, 0x3F, 0x00,
    0xE0, 0x7F, 0x00, 0x00, 0x00, 0x00, 0xFF, 0xFF, 0xFF, 0xFF, 0xFF, 0xFF,
    0xFF, 0xFF, 0xFF, 0xFB, 0x7F, 0x00, 0xE0, 0x01, 0xFF, 0x00, 0x7E, 0xF8,
    0x3F, 0x80, 0xFF, 0xFF, 0x0F, 0x00, 0x07, 0x00, 0x00, 0x00, 0x00, 0x00,
    0xFF, 0xFF, 0xFF, 0xFF, 0xFF, 0xFF, 0xFF, 0xEF, 0xFF, 0x87, 0xFF, 0x07,
    0x00, 0x1E, 0x00, 0x1F, 0x80, 0xFF, 0xC0, 0x0F, 0xE0, 0xFF, 0xFF, 0x00,
    0x80, 0x3F, 0x00, 0x00, 0x00, 0x00, 0xFF, 0xFF, 0xFF, 0xFF, 0xFF, 0xFF,
    0xFF, 0xFF, 0xFF, 0xFB, 0x3F, 0x00, 0x00, 0x01, 0xF0, 0x00, 0x7C, 0xE0,
    0x3F, 0x80, 0xFF, 0xFF, 0x0F, 0x80, 0x07, 0x00, 0x00, 0x00, 0x00, 0x00,
    0xFF, 0xFF, 0xFF, 0xFF, 0xFF, 0xFF, 0xFF, 0xEF, 0xFF, 0x87, 0xFF, 0x07,
    0x00, 0x1E, 0x00, 0x1F, 0x80, 0xFF, 0xC0, 0x0F, 0xE0, 0xFF, 0xFF, 0x00,
    0x80, 0x3F, 0x00, 0x00, 0x00, 0x00, 0xFF, 0xFF, 0xFF, 0xFF, 0xFF, 0xFF,
    0xFF, 0xFF, 0xFF, 0xFB, 0x3F, 0x00, 0x00, 0x01, 0xF0, 0x00, 0x7C, 0xE0,
    0x3F, 0x80, 0xFF, 0xFF, 0x0F, 0x80, 0x07, 0x00, 0x00, 0x00, 0x00, 0x00,
    0xFF, 0xFF, 0xFF, 0xFF, 0xFF, 0xFF, 0xFF, 0xCF, 0xFF, 0x07, 0xFF, 0x03,
    0x00, 0x00, 0x00, 0x0F, 0x80, 0x3F, 0xC0, 0x07, 0xE0, 0xFF, 0xFF, 0x01,
    0x00, 0x1F, 0x00, 0x00, 0x00, 0x00, 0xFF, 0xFF, 0xFF, 0xFF, 0xFF, 0xFF,
    0xFF, 0xFF, 0xFF, 0xF8, 0x1F, 0x00, 0x00, 0x00, 0x00, 0x00, 0x78, 0x00,
    0x3F, 0x00, 0xDF, 0xFF, 0x0F, 0xC0, 0x07, 0x00, 0x00, 0x00, 0x00, 0x00,
    0xFF, 0xFF, 0xFF, 0xFF, 0xFF, 0xFF, 0xFF, 0xCF, 0xFF, 0x07, 0xFF, 0x03,
    0x00, 0x00, 0x00, 0x0F, 0x80, 0x3F, 0xC0, 0x07, 0xE0, 0xFF, 0xFF, 0x01,
    0x00, 0x1F, 0x00, 0x00, 0x00, 0x00, 0xFF, 0xFF, 0xFF, 0xFF, 0xFF, 0xFF,
    0xFF, 0xFF, 0xFF, 0xF8, 0x1F, 0x00, 0x00, 0x00, 0x00, 0x00, 0x78, 0x00,
    0x3F, 0x00, 0xDF, 0xFF, 0x0F, 0xC0, 0x07, 0x00, 0x00, 0x00, 0x00, 0x00,
    0xFF, 0xFF, 0xFF, 0xBF, 0xFF, 0xDF, 0xFF, 0x0F, 0xFF, 0x07, 0xFE, 0x03,
    0x00, 0x00, 0x00, 0x03, 0x80, 0x0F, 0xC0, 0x03, 0xE0, 0x7F, 0xF0, 0x03,
    0x00, 0x0E, 0x00, 0x00, 0x00, 0x00, 0xFF, 0xFF, 0xFF, 0xFF, 0xFF, 0xEF,
    0xFF, 0xF7, 0x7F, 0xF8, 0x0F, 0x00, 0x00, 0x00, 0x00, 0x00, 0x70, 0x00,
    0x3C, 0x00, 0x1E, 0xFC, 0x0F, 0xE0, 0x07, 0x00, 0x00, 0x00, 0x00, 0x00,
    0xFF, 0xFF, 0xFF, 0x3F, 0xFF, 0x1F, 0xFE, 0x0F, 0xFF, 0x07, 0xF0, 0x03,
    0x00, 0x00, 0x00, 0x01, 0x80, 0x01, 0xC0, 0x03, 0xE0, 0x03, 0xF0, 0x03,
    0x00, 0x00, 0x00, 0x00, 0x00, 0x00, 0xFF, 0xFF, 0xFF, 0xFF, 0xFF, 0xE3,
    0xFF, 0xF0, 0x7F, 0xF8, 0x01, 0x00, 0x00, 0x00, 0x00, 0x00, 0x40, 0x00,
    0x20, 0x00, 0x1E, 0x80, 0x0F, 0xE0, 0x07, 0x0E, 0x00, 0x00, 0x00, 0x00,
    0xFF, 0xFF, 0xFF, 0x3F, 0xFF, 0x1F, 0xFE, 0x0F, 0xFF, 0x07, 0xF0, 0x03,
    0x00, 0x00, 0x00, 0x01, 0x80, 0x01, 0xC0, 0x03, 0xE0, 0x03, 0xF0, 0x03,
    0x00, 0x00, 0x00, 0x00, 0x00, 0x00, 0xFF, 0xFF, 0xFF, 0xFF, 0xFF, 0xE3,
    0xFF, 0xF0, 0x7F, 0xF8, 0x01, 0x00, 0x00, 0x00, 0x00, 0x00, 0x40, 0x00,
    0x20, 0x00, 0x1E, 0x80, 0x0F, 0xE0, 0x07, 0x0E, 0x00, 0x00, 0x00, 0x00,
    0xFF, 0xFF, 0xFF, 0x3F, 0xFC, 0x1F, 0xF8, 0x0F, 0xFE, 0x07, 0xE0, 0x03,
    0x00, 0x00, 0x00, 0x00, 0x00, 0x00, 0xC0, 0x00, 0x20, 0x00, 0xF0, 0x01,
    0x00, 0x00, 0x00, 0x00, 0x00, 0x00, 0xFF, 0xFF, 0xFF, 0xFF, 0xFF, 0xE1,
    0x3F, 0xF0, 0x3F, 0xF8, 0x00, 0x00, 0x00, 0x00, 0x00, 0x00, 0x00, 0x00,
    0x00, 0x00, 0x1C, 0x00, 0x08, 0xC0, 0x07, 0x1F, 0x00, 0x00, 0x00, 0x00,
    0xFF, 0xFF, 0xFF, 0x3F, 0xFC, 0x1F, 0xF8, 0x0F, 0xFE, 0x07, 0xE0, 0x03,
    0x00, 0x00, 0x00, 0x00, 0x00, 0x00, 0xC0, 0x00, 0x20, 0x00, 0xF0, 0x01,
    0x00, 0x00, 0x00, 0x00, 0x00, 0x00, 0xFF, 0xFF, 0xFF, 0xFF, 0xFF, 0xE1,
    0x3F, 0xF0, 0x3F, 0xF8, 0x00, 0x00, 0x00, 0x00, 0x00, 0x00, 0x00, 0x00,
    0x00, 0x00, 0x1C, 0x00, 0x08, 0xC0, 0x07, 0x1F, 0x00, 0x00, 0x00, 0x00,
    0xFC, 0x7F, 0xF8, 0x3F, 0xF8, 0x1F, 0xC0, 0x0F, 0xFE, 0x07, 0xC0, 0x03,
    0x00, 0x00, 0x00, 0x00, 0x00, 0x00, 0xC0, 0x00, 0x00, 0x00, 0xF0, 0x00,
    0x00, 0x00, 0x00, 0x00, 0x00, 0x00, 0xFF, 0xBF, 0xFF, 0xC3, 0xFF, 0xE0,
    0x07, 0xF0, 0x3F, 0x78, 0x00, 0x00, 0x00, 0x00, 0x00, 0x00, 0x00, 0x00,
    0x00, 0x00, 0x1C, 0x00, 0x00, 0x80, 0x87, 0x3F, 0x00, 0x00, 0x00, 0x00,
    0xFC, 0x7F, 0xF8, 0x3F, 0xF8, 0x1F, 0xC0, 0x0F, 0xFE, 0x07, 0xC0, 0x03,
    0x00, 0x00, 0x00, 0x00, 0x00, 0x00, 0xC0, 0x00, 0x00, 0x00, 0xF0, 0x00,
    0x00, 0x00, 0x00, 0x00, 0x00, 0x00, 0xFF, 0xBF, 0xFF, 0xC3, 0xFF, 0xE0,
    0x07, 0xF0, 0x3F, 0x78, 0x00, 0x00, 0x00, 0x00, 0x00, 0x00, 0x00, 0x00,
    0x00, 0x00, 0x1C, 0x00, 0x00, 0x80, 0x87, 0x3F, 0x00, 0x00, 0x00, 0x00,
    0xF0, 0x7F, 0xC0, 0x3F, 0xF0, 0x1F, 0x00, 0x0F, 0xFC, 0x07, 0x80, 0x03,
    0x00, 0x00, 0x00, 0x00, 0x00, 0x00, 0x40, 0x00, 0x00, 0x00, 0x30, 0x00,
    0x00, 0x00, 0x00, 0x00, 0x00, 0x00, 0xFF, 0x87, 0x3F, 0xC0, 0x7F, 0xE0,
    0x01, 0xF0, 0x1F, 0x18, 0x00, 0x00, 0x00, 0x00, 0x00, 0x00, 0x00, 0x00,
    0x00, 0x00, 0x10, 0x00, 0x00, 0x00, 0xE7, 0x7F, 0x00, 0x00, 0x00, 0x00,
    0xC0, 0x7F, 0x00, 0x38, 0xE0, 0x1F, 0x00, 0x08, 0xF8, 0x07, 0x00, 0x02,
    0x00, 0x00, 0x00, 0x00, 0x00, 0x00, 0x00, 0x00, 0x00, 0x00, 0x10, 0x00,
    0x00, 0x00, 0x00, 0x00, 0x00, 0x00, 0xFF, 0x81, 0x01, 0xC0, 0x1F, 0x20,
    0x00, 0xF0, 0x07, 0x08, 0x00, 0x00, 0x00, 0x00, 0x00, 0x00, 0x00, 0x00,
    0x00, 0x00, 0x00, 0x00, 0x00, 0x00, 0xF4, 0xFF, 0x01, 0x00, 0x00, 0x00,
    0xC0, 0x7F, 0x00, 0x38, 0xE0, 0x1F, 0x00, 0x08, 0xF8, 0x07, 0x00, 0x02,
    0x00, 0x00, 0x00, 0x00, 0x00, 0x00, 0x00, 0x00, 0x00, 0x00, 0x10, 0x00,
    0x00, 0x00, 0x00, 0x00, 0x00, 0x00, 0xFF, 0x81, 0x01, 0xC0, 0x1F, 0x20,
    0x00, 0xF0, 0x07, 0x08, 0x00, 0x00, 0x00, 0x00, 0x00, 0x00, 0x00, 0x00,
    0x00, 0x00, 0x00, 0x00, 0x00, 0x00, 0xF4, 0xFF, 0x01, 0x00, 0x00, 0x00,
    0x00, 0x00, 0x00, 0x00, 0x00, 0x00, 0x00, 0x00, 0x38, 0x00, 0x00, 0x00,
    0x00, 0x00, 0x00, 0x00, 0x00, 0x00, 0x00, 0x00, 0x00, 0x00, 0x00, 0x00,
    0x00, 0x00, 0x00, 0x00, 0x00, 0x00, 0x00, 0x00, 0x00, 0x00, 0x00, 0x00,
    0x00, 0x00, 0x00, 0x00, 0x00, 0x00, 0x00, 0x00, 0x00, 0x00, 0x00, 0x00,
    0x00, 0x00, 0x00, 0x00, 0x00, 0x00, 0x00, 0x00, 0x00, 0x00, 0x00, 0x00,
    0x00, 0x00, 0x00, 0x00, 0x00, 0x00, 0x00, 0x00, 0x38, 0x00, 0x00, 0x00,
    0x00, 0x00, 0x00, 0x00, 0x00, 0x00, 0x00, 0x00, 0x00, 0x00, 0x00, 0x00,
    0x00, 0x00, 0x00, 0x00, 0x00, 0x00, 0x00, 0x00, 0x00, 0x00, 0x00, 0x00,
    0x00, 0x00, 0x00, 0x00, 0x00, 0x00, 0x00, 0x00, 0x00, 0x00, 0x00, 0x00,
    0x00, 0x00, 0x00, 0x00, 0x00, 0x00, 0x00, 0x00, 0x00, 0x00, 0x00, 0x00,
    0x00, 0x00, 0xC0, 0x01, 0x1C, 0x0F, 0x8C, 0x01, 0xFF, 0xE3, 0xC1, 0x81,
    0x0F, 0x00, 0x0F, 0x80, 0x07, 0xE0, 0x01, 0xE0, 0x00, 0x00, 0x00, 0x00,
    0x00, 0x00, 0x00, 0x00, 0x00, 0x70, 0xE0, 0x3F, 0x00, 0x03, 0xF8, 0x0F,
    0xFE, 0x0F, 0x60, 0x80, 0xFF, 0x03, 0x0E, 0xE0, 0xFF, 0xE0, 0x3F, 0xF0,
    0x1F, 0x00, 0x00, 0x00, 0x00, 0x80, 0x07, 0x00, 0xF0, 0x00, 0xC0, 0x1F,
    0x00, 0x00, 0xC0, 0x01, 0x18, 0x0E, 0x8C, 0xC1, 0x39, 0x77, 0x63, 0xC0,
    0x18, 0x00, 0x0C, 0xC0, 0x01, 0x00, 0x03, 0xE7, 0x1C, 0x70, 0x00, 0x00,
    0x00, 0x00, 0x00, 0x00, 0x00, 0x18, 0x30, 0x70, 0xE0, 0x03, 0x0C, 0x1C,
    0x00, 0x07, 0x38, 0x80, 0x01, 0x00, 0x07, 0x00, 0xE0, 0x30, 0x70, 0x18,
    0x38, 0x00, 0x00, 0x00, 0x00, 0xE0, 0x00, 0x00, 0x80, 0x07, 0x60, 0x70,
    0x00, 0x00, 0xC0, 0x01, 0x18, 0x0E, 0x8C, 0xC1, 0x39, 0x77, 0x63, 0xC0,
    0x18, 0x00, 0x0C, 0xC0, 0x01, 0x00, 0x03, 0xE7, 0x1C, 0x70, 0x00, 0x00,
    0x00, 0x00, 0x00, 0x00, 0x00, 0x18, 0x30, 0x70, 0xE0, 0x03, 0x0C, 0x1C,
    0x00, 0x07, 0x38, 0x80, 0x01, 0x00, 0x07, 0x00, 0xE0, 0x30, 0x70, 0x18,
    0x38, 0x00, 0x00, 0x00, 0x00, 0xE0, 0x00, 0x00, 0x80, 0x07, 0x60, 0x70,
    0x00, 0x00, 0xE0, 0x00, 0x87, 0xC1, 0xFF, 0xE7, 0x1C, 0xF0, 0x1C, 0x70,
    0x0E, 0x80, 0x03, 0x30, 0x00, 0x00, 0x03, 0x77, 0x03, 0x38, 0x00, 0x00,
    0x00, 0x00, 0x00, 0x00, 0x00, 0x07, 0x1C, 0x38, 0xC0, 0x01, 0x00, 0x0E,
    0xC0, 0x00, 0x06, 0xE0, 0x7F, 0xC0, 0x00, 0x00, 0x18, 0x1C, 0x38, 0x0E,
    0x1C, 0x18, 0x00, 0x0C, 0x00, 0x1E, 0xE0, 0x7F, 0x00, 0x0F, 0x00, 0x18,
    0x00, 0x00, 0xE0, 0x00, 0x87, 0xC1, 0xFF, 0xE7, 0x1C, 0xF0, 0x1C, 0x70,
    0x0E, 0x80, 0x03, 0x30, 0x00, 0x00, 0x03, 0x77, 0x03, 0x38, 0x00, 0x00,
    0x00, 0x00, 0x00, 0x00, 0x00, 0x07, 0x1C, 0x38, 0xC0, 0x01, 0x00, 0x0E,
    0xC0, 0x00, 0x06, 0xE0, 0x7F, 0xC0, 0x00, 0x00, 0x18, 0x1C, 0x38, 0x0E,
    0x1C, 0x18, 0x00, 0x0C, 0x00, 0x1E, 0xE0, 0x7F, 0x00, 0x0F, 0x00, 0x18,
    0x00, 0x00, 0xE0, 0x00, 0x00, 0x00, 0xC6, 0xC0, 0xFF, 0x00, 0x0E, 0xC0,
    0x07, 0x00, 0x00, 0x30, 0x00, 0x00, 0x03, 0xF8, 0x80, 0xFF, 0x01, 0x00,
    0xE0, 0x7F, 0x00, 0x00, 0x80, 0x03, 0x1C, 0x38, 0xC0, 0x01, 0x80, 0x03,
    0xF0, 0x01, 0xC3, 0x00, 0xC0, 0xF1, 0x3F, 0x00, 0x0C, 0xF0, 0x0F, 0xF8,
    0x07, 0x18, 0x00, 0x0C, 0xC0, 0x03, 0x00, 0x00, 0x00, 0x38, 0x00, 0x0C,
    0x00, 0x00, 0xE0, 0x00, 0x00, 0xC0, 0xFF, 0x07, 0x9C, 0x03, 0xE3, 0x71,
    0xCE, 0x01, 0x00, 0x30, 0x00, 0x00, 0x03, 0x77, 0x03, 0x38, 0x00, 0x00,
    0xE0, 0x7F, 0x00, 0x00, 0xC0, 0x00, 0x1C, 0x38, 0xC0, 0x01, 0xF0, 0x00,
    0x00, 0xC7, 0xC1, 0x00, 0xC0, 0x71, 0xE0, 0x00, 0x07, 0x1C, 0x38, 0x00,
    0x03, 0x00, 0x00, 0x00, 0x00, 0x1E, 0xE0, 0x7F, 0x00, 0x0F, 0x80, 0x03,
    0x00, 0x00, 0xE0, 0x00, 0x00, 0xC0, 0xFF, 0x07, 0x9C, 0x03, 0xE3, 0x71,
    0xCE, 0x01, 0x00, 0x30, 0x00, 0x00, 0x03, 0x77, 0x03, 0x38, 0x00, 0x00,
    0x00, 0x00, 0x00, 0x00, 0xC0, 0x00, 0x1C, 0x38, 0xC0, 0x01, 0xF0, 0x00,
    0x00, 0xC7, 0xC1, 0x00, 0xC0, 0x71, 0xE0, 0x00, 0x07, 0x1C, 0x38, 0x00,
    0x03, 0x00, 0x00, 0x00, 0x00, 0x1E, 0xE0, 0x7F, 0x00, 0x0F, 0x80, 0x03,
    0x00, 0x00, 0x00, 0x00, 0x00, 0x80, 0x73, 0x30, 0xC6, 0xE0, 0xDC, 0x0D,
    0x1E, 0x00, 0x00, 0x30, 0x00, 0xE0, 0xC0, 0x18, 0x03, 0x0C, 0xE0, 0x01,
    0x00, 0x00, 0x38, 0x00, 0x38, 0x00, 0x0E, 0x0C, 0xE0, 0x00, 0x0F, 0x00,
    0x80, 0xE1, 0xFF, 0x70, 0x60, 0x38, 0x30, 0xC0, 0x00, 0x0E, 0x0C, 0xE0,
    0x00, 0x0C, 0x00, 0x06, 0x00, 0x3C, 0x00, 0x00, 0xF0, 0x00, 0x00, 0x00,
    0x00, 0x00, 0x00, 0x00, 0x00, 0x80, 0x73, 0x30, 0xC6, 0xE0, 0xDC, 0x0D,
    0x1E, 0x00, 0x00, 0x30, 0x00, 0xE0, 0xC0, 0x18, 0x03, 0x0C, 0xE0, 0x01,
    0x00, 0x00, 0x38, 0x00, 0x38, 0x00, 0x0E, 0x0C, 0xE0, 0x00, 0x0F, 0x00,
    0x80, 0xE1, 0xFF, 0x70, 0x60, 0x38, 0x30, 0xC0, 0x00, 0x0E, 0x0C, 0xE0,
    0x00, 0x0C, 0x00, 0x06, 0x00, 0x3C, 0x00, 0x00, 0xF0, 0x00, 0x00, 0x00,
    0x00, 0x00, 0x30, 0x00, 0x00, 0x80, 0x73, 0xE0, 0x7F, 0x70, 0x70, 0xF8,
    0xE7, 0x00, 0x00, 0xE0, 0x01, 0x38, 0x00, 0x18, 0x00, 0x00, 0xC0, 0x01,
    0x00, 0x00, 0x38, 0x00, 0x1C, 0x00, 0xFC, 0x07, 0xE0, 0x80, 0xFF, 0xC3,
    0xFF, 0x00, 0x60, 0xE0, 0x3F, 0xF0, 0x1F, 0x60, 0x00, 0xFC, 0x07, 0x30,
    0x00, 0x0C, 0x00, 0x06, 0x00, 0xE0, 0x00, 0x00, 0x3C, 0x00, 0xC0, 0x00,
    0x00, 0x00, 0x30, 0x00, 0x00, 0x80, 0x73, 0xE0, 0x7F, 0x70, 0x70, 0xF8,
    0xE7, 0x00, 0x00, 0xE0, 0x01, 0x38, 0x00, 0x18, 0x00, 0x00, 0xC0, 0x01,
    0x00, 0x00, 0x38, 0x00, 0x1C, 0x00, 0xFC, 0x07, 0xE0, 0x80, 0xFF, 0xC3,
    0xFF, 0x00, 0x60, 0xE0, 0x3F, 0xF0, 0x1F, 0x60, 0x00, 0xFC, 0x07, 0x30,
    0x00, 0x0C, 0x00, 0x06, 0x00, 0xE0, 0x00, 0x00, 0x3C, 0x00, 0xC0, 0x00,
    0x00, 0x00, 0x00, 0x00, 0x00, 0x00, 0x00, 0x00, 0x06, 0x00, 0x00, 0x00,
    0x00, 0x00, 0x00, 0x00, 0x00, 0x00, 0x00, 0x00, 0x00, 0x00, 0xE0, 0x00,
    0x00, 0x00, 0x00, 0x00, 0x00, 0x00, 0x00, 0x00, 0x00, 0x00, 0x00, 0x00,
    0x00, 0x00, 0x00, 0x00, 0x00, 0x00, 0x00, 0x00, 0x00, 0x00, 0x00, 0x00,
    0x00, 0x00, 0x80, 0x03, 0x00, 0x00, 0x00, 0x00, 0x00, 0x00, 0x00, 0x00,
    0x00, 0x00, 0x00, 0x00, 0x00, 0x00, 0x00, 0x00, 0x00, 0x00, 0x00, 0x00,
    0x00, 0x00, 0x00, 0x00, 0x00, 0x00, 0x00, 0x00, 0x00, 0x00, 0x00, 0x00,
    0x00, 0x00, 0x00, 0x00, 0x00, 0x00, 0x00, 0x00, 0x00, 0x00, 0x00, 0x00,
    0x00, 0x00, 0x00, 0x00, 0x00, 0x00, 0x00, 0x00, 0x00, 0x00, 0x00, 0x00,
    0x00, 0x00, 0x00, 0x00, 0x00, 0x00, 0x00, 0x00, 0x00, 0x00, 0x00, 0x00,
    0x00, 0x00, 0x00, 0x00, 0x00, 0x00, 0x00, 0x00, 0x00, 0x00, 0x00, 0x00,
    0x00, 0x00, 0x00, 0x00, 0x00, 0x00, 0x00, 0x00, 0x00, 0x00, 0x00, 0x00,
    0x00, 0x00, 0x00, 0x00, 0x00, 0x00, 0x00, 0x00, 0x00, 0x00, 0x00, 0x00,
    0x00, 0x00, 0x00, 0x00, 0x00, 0x00, 0x00, 0x00, 0x00, 0x00, 0x00, 0x00,
    0x00, 0x00, 0x00, 0x00, 0x00, 0x00, 0x00, 0x00, 0x00, 0x00, 0x00, 0x00,
    0x00, 0x00, 0x00, 0x00, 0x00, 0x00, 0x00, 0x00, 0x00, 0x00, 0x00, 0x00,
    0x00, 0x00, 0x00, 0x00, 0x00, 0x00, 0x00, 0x00, 0x00, 0x00, 0x00, 0x00,
    0x00, 0x00, 0x00, 0x00, 0x00, 0x00, 0x00, 0x00, 0x00, 0x00, 0x00, 0x00,
    0x00, 0x00, 0x00, 0x00, 0x00, 0x00, 0x00, 0x00, 0x00, 0x00, 0x00, 0x00,
    0x00, 0x00, 0x00, 0xF0, 0x01, 0x00, 0x00, 0x1F, 0x00, 0x00, 0x00, 0x00,
    0x00, 0x00, 0x00, 0x00, 0x00, 0x00, 0x00, 0x00, 0x00, 0x00, 0x00, 0x00,
    0x00, 0x00, 0x00, 0x00, 0x00, 0x00, 0x00, 0x00, 0x00, 0x00, 0x00, 0x00,
    0x00, 0x00, 0x00, 0x00, 0x00, 0x00, 0x00, 0x00, 0x00, 0x00, 0x00, 0x00,
    0x00, 0x00, 0x00, 0x00, 0x00, 0x00, 0x00, 0x00, 0x00, 0x00, 0x00, 0x00,
    0x00, 0x00, 0x00, 0xF0, 0x01, 0x00, 0x00, 0x1F, 0x00, 0x00, 0x00, 0x00,
    0xE0, 0x3F, 0xE0, 0x03, 0xFC, 0x0F, 0xF8, 0x07, 0xFF, 0x80, 0xFF, 0xC3,
    0xFF, 0xC1, 0x7F, 0x30, 0x70, 0xF8, 0x1F, 0x00, 0x1C, 0x06, 0x0F, 0x03,
    0xE0, 0xC1, 0xF3, 0xC0, 0xC1, 0x7F, 0xF0, 0x3F, 0xF0, 0x1F, 0xFC, 0x0F,
    0xFC, 0xC7, 0xFF, 0x87, 0x81, 0x73, 0xC0, 0x39, 0xE0, 0x30, 0x38, 0x0E,
    0x38, 0xFC, 0x0F, 0x70, 0x00, 0x03, 0x00, 0x1C, 0x00, 0x0F, 0x00, 0x00,
    0x30, 0x70, 0x30, 0x06, 0x0C, 0x1C, 0x0C, 0x0E, 0x83, 0x83, 0x01, 0xC0,
    0x00, 0x60, 0xE0, 0x30, 0x70, 0xC0, 0x01, 0x00, 0x1C, 0xC6, 0x01, 0x03,
    0xE0, 0xE3, 0xF3, 0xC1, 0x61, 0xE0, 0x30, 0x70, 0x18, 0x38, 0x0C, 0x1C,
    0x06, 0x0E, 0x38, 0x80, 0x81, 0x73, 0xC0, 0x39, 0xE0, 0x60, 0x0C, 0x18,
    0x1C, 0x00, 0x03, 0x70, 0x00, 0x06, 0x00, 0x1C, 0x80, 0x19, 0x00, 0x00,
    0x30, 0x70, 0x30, 0x06, 0x0C, 0x1C, 0x0C, 0x0E, 0x83, 0x83, 0x01, 0xC0,
    0x00, 0x60, 0xE0, 0x30, 0x70, 0xC0, 0x01, 0x00, 0x1C, 0xC6, 0x01, 0x03,
    0xE0, 0xE3, 0xF3, 0xC1, 0x61, 0xE0, 0x30, 0x70, 0x18, 0x38, 0x0C, 0x1C,
    0x06, 0x0E, 0x38, 0x80, 0x81, 0x73, 0xC0, 0x39, 0xE0, 0x60, 0x0C, 0x18,
    0x1C, 0x00, 0x03, 0x70, 0x00, 0x06, 0x00, 0x1C, 0x80, 0x19, 0x00, 0x00,
    0x8E, 0x3F, 0x0E, 0x06, 0x07, 0x8E, 0x03, 0xC0, 0x81, 0xE3, 0x00, 0x70,
    0x00, 0x38, 0x00, 0x1C, 0x38, 0xE0, 0x00, 0x00, 0x8E, 0x7B, 0xC0, 0x01,
    0x70, 0xDF, 0xB9, 0xE1, 0x38, 0x70, 0x1C, 0x38, 0x0E, 0x1C, 0x07, 0x8E,
    0x03, 0x00, 0x1C, 0xE0, 0xC0, 0x71, 0x30, 0x9C, 0x73, 0xE0, 0x03, 0x18,
    0x03, 0xE0, 0x00, 0x38, 0x00, 0x06, 0x00, 0x0E, 0x70, 0x18, 0x00, 0x00,
    0x8E, 0x3F, 0x0E, 0x06, 0x07, 0x8E, 0x03, 0xC0, 0x81, 0xE3, 0x00, 0x70,
    0x00, 0x38, 0x00, 0x1C, 0x38, 0xE0, 0x00, 0x00, 0x8E, 0x7B, 0xC0, 0x01,
    0x70, 0xDF, 0xB9, 0xE1, 0x38, 0x70, 0x1C, 0x38, 0x0E, 0x1C, 0x07, 0x8E,
    0x03, 0x00, 0x1C, 0xE0, 0xC0, 0x71, 0x30, 0x9C, 0x73, 0xE0, 0x03, 0x18,
    0x03, 0xE0, 0x00, 0x38, 0x00, 0x06, 0x00, 0x0E, 0x70, 0x18, 0x00, 0x00,
    0xCE, 0x39, 0x07, 0x1C, 0xFF, 0x83, 0x03, 0xC0, 0x81, 0xE3, 0x3F, 0xF0,
    0x1F, 0x38, 0x7C, 0xFC, 0x3F, 0xE0, 0x00, 0x00, 0x8E, 0x0F, 0xC0, 0x01,
    0x70, 0xCE, 0x39, 0xE7, 0x38, 0x70, 0xFC, 0x0F, 0x0E, 0x1C, 0xFF, 0x03,
    0xFE, 0x01, 0x1C, 0xE0, 0xC0, 0x71, 0x30, 0x9C, 0x73, 0xC0, 0x01, 0xF0,
    0x01, 0x70, 0x00, 0x38, 0x00, 0x1C, 0x00, 0x0E, 0x00, 0x00, 0x00, 0x00,
    0xCE, 0x39, 0xFF, 0x1F, 0x07, 0x8E, 0x03, 0xC0, 0x81, 0xE3, 0x00, 0x70,
    0x00, 0x38, 0x70, 0x1C, 0x38, 0xE0, 0x00, 0x00, 0x8E, 0x7B, 0xC0, 0x01,
    0x70, 0xC0, 0x39, 0xEE, 0x38, 0x70, 0x1C, 0x00, 0x0E, 0x1C, 0x87, 0x01,
    0x00, 0x07, 0x1C, 0xE0, 0xC0, 0xC1, 0x18, 0xDC, 0x77, 0xE0, 0x03, 0xE0,
    0x00, 0x18, 0x00, 0x38, 0x00, 0x38, 0x00, 0x0E, 0x00, 0x00, 0x00, 0x00,
    0xCE, 0x39, 0xFF, 0x1F, 0x07, 0x8E, 0x03, 0xC0, 0x81, 0xE3, 0x00, 0x70,
    0x00, 0x38, 0x70, 0x1C, 0x38, 0xE0, 0x00, 0x00, 0x8E, 0x7B, 0xC0, 0x01,
    0x70, 0xC0, 0x39, 0xEE, 0x38, 0x70, 0x1C, 0x00, 0x0E, 0x1C, 0x87, 0x01,
    0x00, 0x07, 0x1C, 0xE0, 0xC0, 0xC1, 0x18, 0xDC, 0x77, 0xE0, 0x03, 0xE0,
    0x00, 0x18, 0x00, 0x38, 0x00, 0x38, 0x00, 0x0E, 0x00, 0x00, 0x00, 0x00,
    0xC3, 0x8F, 0x01, 0x86, 0x03, 0x83, 0x83, 0xE1, 0x60, 0x70, 0x00, 0x38,
    0x00, 0x1C, 0x18, 0x0E, 0x0C, 0x30, 0x80, 0x03, 0xC3, 0x79, 0xE0, 0x00,
    0x18, 0x60, 0x0C, 0x3E, 0x1C, 0x18, 0x0E, 0x00, 0xE7, 0x86, 0x83, 0xC1,
    0x81, 0x01, 0x06, 0x70, 0x60, 0xC0, 0x07, 0x3C, 0x0F, 0x9C, 0x03, 0x30,
    0x00, 0x07, 0x00, 0x0C, 0x00, 0x38, 0x00, 0x03, 0x00, 0x00, 0x00, 0x00,
    0xC3, 0x8F, 0x01, 0x86, 0x03, 0x83, 0x83, 0xE1, 0x60, 0x70, 0x00, 0x38,
    0x00, 0x1C, 0x18, 0x0E, 0x0C, 0x30, 0x80, 0x03, 0xC3, 0x79, 0xE0, 0x00,
    0x18, 0x60, 0x0C, 0x3E, 0x1C, 0x18, 0x0E, 0x00, 0xE7, 0x86, 0x83, 0xC1,
    0x81, 0x01, 0x06, 0x70, 0x60, 0xC0, 0x07, 0x3C, 0x0F, 0x9C, 0x03, 0x30,
    0x00, 0x07, 0x00, 0x0C, 0x00, 0x38, 0x00, 0x03, 0x00, 0x00, 0x00, 0x00,
    0x0E, 0x80, 0x01, 0x86, 0xFF, 0x01, 0xFE, 0xE0, 0x3F, 0xF0, 0x7F, 0x38,
    0x00, 0xF8, 0x0F, 0x0E, 0x0C, 0xFF, 0x03, 0xFF, 0xC1, 0xC1, 0xE1, 0xFF,
    0x18, 0x60, 0x0C, 0x38, 0xF8, 0x0F, 0x0E, 0x00, 0xFE, 0x83, 0x03, 0x83,
    0xFF, 0x00, 0x06, 0xE0, 0x3F, 0x80, 0x01, 0x1C, 0x0C, 0x0E, 0x06, 0x30,
    0x80, 0xFF, 0x01, 0x0C, 0x00, 0x60, 0x00, 0x03, 0x00, 0x00, 0x00, 0x00,
    0x0E, 0x80, 0x01, 0x86, 0xFF, 0x01, 0xFE, 0xE0, 0x3F, 0xF0, 0x7F, 0x38,
    0x00, 0xF8, 0x0F, 0x0E, 0x0C, 0xFF, 0x03, 0xFF, 0xC1, 0xC1, 0xE1, 0xFF,
    0x18, 0x60, 0x0C, 0x38, 0xF8, 0x0F, 0x0E, 0x00, 0xFE, 0x83, 0x03, 0x83,
    0xFF, 0x00, 0x06, 0xE0, 0x3F, 0x80, 0x01, 0x1C, 0x0C, 0x0E, 0x06, 0x30,
    0x80, 0xFF, 0x01, 0x0C, 0x00, 0x60, 0x00, 0x03, 0x00, 0x00, 0x00, 0x00,
    0xFC, 0x07, 0x00, 0x00, 0x00, 0x00, 0x00, 0x00, 0x00, 0x00, 0x00, 0x00,
    0x00, 0x00, 0x00, 0x00, 0x00, 0x00, 0x00, 0x00, 0x00, 0x00, 0x00, 0x00,
    0x00, 0x00, 0x00, 0x00, 0x00, 0x00, 0x00, 0x00, 0xC0, 0x01, 0x00, 0x00,
    0x00, 0x00, 0x00, 0x00, 0x00, 0x00, 0x00, 0x00, 0x00, 0x00, 0x00, 0x00,
    0x00, 0x00, 0x00, 0x7C, 0x00, 0x00, 0xE0, 0x03, 0x00, 0x00, 0xFE, 0x1F,
    0x00, 0x00, 0x00, 0x00, 0x00, 0x00, 0x00, 0x00, 0x00, 0x00, 0x00, 0x00,
    0x00, 0x00, 0x00, 0x00, 0x00, 0x00, 0x00, 0x00, 0x00, 0x00, 0x00, 0x00,
    0x00, 0x00, 0x00, 0x00, 0x00, 0x00, 0x00, 0x00, 0x00, 0x07, 0x00, 0x00,
    0x00, 0x00, 0x00, 0x00, 0x00, 0x00, 0x00, 0x00, 0x00, 0x00, 0x00, 0x00,
    0x00, 0x00, 0x00, 0x00, 0x00, 0x00, 0x00, 0x00, 0x00, 0x00, 0x00, 0x00,
    0x00, 0x00, 0x00, 0x00, 0x00, 0x00, 0x00, 0x00, 0x00, 0x00, 0x00, 0x00,
    0x00, 0x00, 0x00, 0x00, 0x00, 0x00, 0x00, 0x00, 0x00, 0x00, 0x00, 0x00,
    0x00, 0x00, 0x00, 0x00, 0x00, 0x00, 0x00, 0x00, 0x00, 0x07, 0x00, 0x00,
    0x00, 0x00, 0x00, 0x00, 0x00, 0x00, 0x00, 0x00, 0x00, 0x00, 0x00, 0x00,
    0x00, 0x00, 0x00, 0x00, 0x00, 0x00, 0x00, 0x00, 0x00, 0x00, 0x00, 0x00,
    0x00, 0x00, 0x00, 0x00, 0x00, 0x00, 0x00, 0x00, 0x00, 0x00, 0x00, 0x00,
    0x00, 0x00, 0x00, 0x00, 0x00, 0x00, 0x00, 0x00, 0x00, 0x00, 0x00, 0x00,
    0x00, 0x00, 0x00, 0x00, 0x00, 0x00, 0x00, 0x00, 0x00, 0x00, 0x00, 0x00,
    0x00, 0x00, 0x00, 0x00, 0x00, 0x00, 0x00, 0x00, 0x00, 0x00, 0x00, 0x00,
    0x00, 0x00, 0x00, 0xC0, 0x01, 0x00, 0x00, 0x0F, 0x00, 0x00, 0x00, 0x00,
    0x00, 0x00, 0x00, 0x00, 0x00, 0x00, 0x00, 0x00, 0x00, 0x00, 0x00, 0x00,
    0x00, 0x00, 0x00, 0x00, 0x00, 0x00, 0x00, 0x00, 0x00, 0x00, 0x00, 0x00,
    0x00, 0x00, 0x00, 0x00, 0x00, 0x00, 0x00, 0x00, 0x00, 0x00, 0x00, 0x00,
    0x00, 0x00, 0x00, 0x00, 0x00, 0x00, 0x00, 0x00, 0x00, 0x00, 0x00, 0x00,
    0x00, 0x00, 0x00, 0xC0, 0x01, 0x00, 0x00, 0x0F, 0x00, 0x00, 0x00, 0x00,
    0x80, 0x03, 0x00, 0x00, 0x0C, 0x00, 0x00, 0x00, 0x00, 0x07, 0x00, 0x00,
    0x3E, 0x00, 0x00, 0x30, 0x00, 0xC0, 0x01, 0x00, 0x1C, 0x06, 0x00, 0x3E,
    0x00, 0x00, 0x00, 0x00, 0x00, 0x00, 0x00, 0x00, 0x00, 0x00, 0x00, 0x00,
    0x00, 0x00, 0x1C, 0x00, 0x00, 0x00, 0x00, 0x00, 0x00, 0x00, 0x00, 0x00,
    0x00, 0x00, 0x00, 0x70, 0x00, 0x38, 0x00, 0x1C, 0x80, 0xCF, 0x01, 0x00,
    0x00, 0x06, 0x00, 0x00, 0x0C, 0x00, 0x00, 0x00, 0x00, 0x07, 0x00, 0x00,
    0xE7, 0x00, 0x00, 0x30, 0x00, 0x00, 0x00, 0x00, 0x00, 0x06, 0x00, 0x38,
    0x00, 0x00, 0x00, 0x00, 0x00, 0x00, 0x00, 0x00, 0x00, 0x00, 0x00, 0x00,
    0x00, 0x00, 0x1C, 0x00, 0x00, 0x00, 0x00, 0x00, 0x00, 0x00, 0x00, 0x00,
    0x00, 0x00, 0x00, 0x70, 0x00, 0x38, 0x00, 0x1C, 0xC0, 0xF8, 0x00, 0x00,
    0x00, 0x06, 0x00, 0x00, 0x0C, 0x00, 0x00, 0x00, 0x00, 0x07, 0x00, 0x00,
    0xE7, 0x00, 0x00, 0x30, 0x00, 0x00, 0x00, 0x00, 0x00, 0x06, 0x00, 0x38,
    0x00, 0x00, 0x00, 0x00, 0x00, 0x00, 0x00, 0x00, 0x00, 0x00, 0x00, 0x00,
    0x00, 0x00, 0x1C, 0x00, 0x00, 0x00, 0x00, 0x00, 0x00, 0x00, 0x00, 0x00,
    0x00, 0x00, 0x00, 0x70, 0x00, 0x38, 0x00, 0x1C, 0xC0, 0xF8, 0x00, 0x00,
    0x00, 0x06, 0xFE, 0x03, 0xF7, 0x03, 0xFE, 0x01, 0xBF, 0x83, 0x7F, 0x80,
    0x01, 0xE0, 0x77, 0xDC, 0x0F, 0xF0, 0x00, 0x80, 0x8F, 0x83, 0x07, 0x1C,
    0xF0, 0x73, 0x70, 0x3F, 0xE0, 0x1F, 0xDC, 0x0F, 0xF8, 0x1D, 0xF7, 0x03,
    0xFE, 0xC1, 0x7F, 0xE0, 0xC0, 0x39, 0xE0, 0x1C, 0x70, 0x1E, 0x3C, 0x0E,
    0x1C, 0xFF, 0x0F, 0x38, 0x00, 0x1C, 0x00, 0x0E, 0x00, 0x00, 0x00, 0x00,
    0x00, 0x06, 0xFE, 0x03, 0xF7, 0x03, 0xFE, 0x01, 0xBF, 0x83, 0x7F, 0x80,
    0x01, 0xE0, 0x77, 0xDC, 0x0F, 0xF0, 0x00, 0x80, 0x8F, 0x83, 0x07, 0x1C,
    0xF0, 0x73, 0x70, 0x3F, 0xE0, 0x1F, 0xDC, 0x0F, 0xF8, 0x1D, 0xF7, 0x03,
    0xFE, 0xC1, 0x7F, 0xE0, 0xC0, 0x39, 0xE0, 0x1C, 0x70, 0x1E, 0x3C, 0x0E,
    0x1C, 0xFF, 0x0F, 0x38, 0x00, 0x1C, 0x00, 0x0E, 0x00, 0x00, 0x00, 0x00,
    0x00, 0x00, 0x00, 0x06, 0x0F, 0x8E, 0x03, 0xC7, 0xC1, 0xE3, 0xC0, 0xF1,
    0x0F, 0x38, 0x78, 0x3C, 0x38, 0xE0, 0x00, 0x00, 0x8E, 0xC3, 0x00, 0x1C,
    0x70, 0xCE, 0xF1, 0xE0, 0x38, 0x70, 0x3C, 0x38, 0x0E, 0x1E, 0x0F, 0x8E,
    0x03, 0x00, 0x06, 0xE0, 0xC0, 0x71, 0x30, 0x9C, 0x73, 0x30, 0x06, 0x18,
    0x06, 0x80, 0x01, 0x0C, 0x00, 0x1C, 0x00, 0x1C, 0x00, 0x00, 0x00, 0x00,
    0x00, 0x00, 0xFE, 0x07, 0x07, 0x8E, 0x03, 0xC0, 0x81, 0xE3, 0xFF, 0x81,
    0x01, 0x38, 0x70, 0x1C, 0x38, 0xE0, 0x00, 0x00, 0x8E, 0x3F, 0x00, 0x1C,
    0x70, 0xCE, 0x71, 0xE0, 0x38, 0x70, 0x1C, 0x38, 0x0E, 0x1C, 0x07, 0x00,
    0xFE, 0x01, 0x06, 0xE0, 0xC0, 0xC1, 0x18, 0x9C, 0x73, 0xE0, 0x03, 0x30,
    0x03, 0xF0, 0x00, 0x38, 0x00, 0x1C, 0x00, 0x0E, 0x00, 0x00, 0x00, 0x00,
    0x00, 0x00, 0xFE, 0x07, 0x07, 0x8E, 0x03, 0xC0, 0x81, 0xE3, 0xFF, 0x81,
    0x01, 0x38, 0x70, 0x1C, 0x38, 0xE0, 0x00, 0x00, 0x8E, 0x3F, 0x00, 0x1C,
    0x70, 0xCE, 0x71, 0xE0, 0x38, 0x70, 0x1C, 0x38, 0x0E, 0x1C, 0x07, 0x00,
    0xFE, 0x01, 0x06, 0xE0, 0xC0, 0xC1, 0x18, 0x9C, 0x73, 0xE0, 0x03, 0x30,
    0x03, 0xF0, 0x00, 0x38, 0x00, 0x1C, 0x00, 0x0E, 0x00, 0x00, 0x00, 0x00,
    0x00, 0x80, 0x01, 0x83, 0x03, 0xC3, 0x01, 0xE0, 0xC0, 0x70, 0x00, 0xC0,
    0x00, 0xF8, 0x1F, 0x0E, 0x0C, 0x30, 0x00, 0x00, 0xC3, 0x71, 0x00, 0x06,
    0x18, 0x63, 0x38, 0x30, 0x1C, 0x18, 0x1E, 0x0C, 0x07, 0x87, 0x03, 0x00,
    0x80, 0x01, 0xC3, 0x70, 0x70, 0xC0, 0x07, 0xDC, 0x0C, 0x9C, 0x03, 0xF0,
    0x00, 0x0C, 0x00, 0x0C, 0x00, 0x06, 0x00, 0x03, 0x00, 0x00, 0x00, 0x00,
    0x00, 0x80, 0x01, 0x83, 0x03, 0xC3, 0x01, 0xE0, 0xC0, 0x70, 0x00, 0xC0,
    0x00, 0xF8, 0x1F, 0x0E, 0x0C, 0x30, 0x00, 0x00, 0xC3, 0x71, 0x00, 0x06,
    0x18, 0x63, 0x38, 0x30, 0x1C, 0x18, 0x1E, 0x0C, 0x07, 0x87, 0x03, 0x00,
    0x80, 0x01, 0xC3, 0x70, 0x70, 0xC0, 0x07, 0xDC, 0x0C, 0x9C, 0x03, 0xF0,
    0x00, 0x0C, 0x00, 0x0C, 0x00, 0x06, 0x00, 0x03, 0x00, 0x00, 0x00, 0x00,
    0x00, 0x00, 0xFF, 0x87, 0xFF, 0x81, 0xFF, 0xC1, 0xFF, 0xE0, 0x3F, 0xC0,
    0x00, 0x00, 0x18, 0x0E, 0x0C, 0xFE, 0x81, 0x03, 0xC3, 0xC1, 0xC1, 0x3F,
    0x18, 0x63, 0x38, 0x30, 0xF8, 0x0F, 0xEE, 0x07, 0xFE, 0x86, 0x03, 0x80,
    0xFF, 0x00, 0x7E, 0xE0, 0x6F, 0x80, 0x01, 0x38, 0x07, 0x0F, 0x0E, 0x30,
    0x80, 0xFF, 0x03, 0x0C, 0x00, 0x06, 0x00, 0x03, 0x00, 0x00, 0x00, 0x00,
    0x00, 0x00, 0xFF, 0x87, 0xFF, 0x81, 0xFF, 0xC1, 0xFF, 0xE0, 0x3F, 0xC0,
    0x00, 0x00, 0x18, 0x0E, 0x0C, 0xFE, 0x81, 0x03, 0xC3, 0xC1, 0xC1, 0x3F,
    0x18, 0x63, 0x38, 0x30, 0xF8, 0x0F, 0xEE, 0x07, 0xFE, 0x86, 0x03, 0x80,
    0xFF, 0x00, 0x7E, 0xE0, 0x6F, 0x80, 0x01, 0x38, 0x07, 0x0F, 0x0E, 0x30,
    0x80, 0xFF, 0x03, 0x0C, 0x00, 0x06, 0x00, 0x03, 0x00, 0x00, 0x00, 0x00,
    0x00, 0x00, 0x00, 0x00, 0x00, 0x00, 0x00, 0x00, 0x00, 0x00, 0x00, 0x00,
    0x00, 0xF8, 0x0F, 0x00, 0x00, 0x00, 0x00, 0xFF, 0x01, 0x00, 0x00, 0x00,
    0x00, 0x00, 0x00, 0x00, 0x00, 0x00, 0x0E, 0x00, 0x00, 0x06, 0x00, 0x00,
    0x00, 0x00, 0x00, 0x00, 0x00, 0x00, 0x00, 0x00, 0x00, 0x00, 0x00, 0x1E,
    0x00, 0x00, 0x00, 0x78, 0x00, 0x00, 0xE0, 0x01, 0x00, 0x00, 0x00, 0x00,
    0x00, 0x00, 0x00, 0x00, 0x00, 0x00, 0x00, 0x00, 0x00, 0x00, 0x00, 0x00,
    0x00, 0x00, 0x00, 0x00, 0x00, 0x00, 0x00, 0x00, 0x00, 0x00, 0x00, 0x00,
    0x00, 0x00, 0x00, 0x00, 0x00, 0x00, 0x00, 0x00, 0x00, 0x00, 0x00, 0x00,
    0x00, 0x00, 0x00, 0x00, 0x00, 0x00, 0x00, 0x00, 0x00, 0x00, 0x00, 0x00,
    0x00, 0x00, 0x00, 0x00, 0x00, 0x00, 0x00, 0x00, 0x00, 0x00, 0x00, 0x00,
    0x00, 0x00, 0x00, 0x00, 0x00, 0x00, 0x00, 0x00, 0x00, 0x00, 0x00, 0x00,
    0x00, 0x00, 0x00, 0x00, 0x00, 0x00, 0x00, 0x00, 0x00, 0x00, 0x00, 0x00,
    0x00, 0x00, 0x00, 0x00, 0x00, 0x00, 0x00, 0x00, 0x00, 0x00, 0x00, 0x00,
    0x00, 0x00, 0x00, 0x00, 0x00, 0x00, 0x00, 0x00, 0x00, 0x00, 0x00, 0x00,
    0x00, 0x00, 0x00, 0x00, 0x00, 0x00, 0x00, 0x00, 0x00, 0x00, 0x00, 0x00,
    0x00, 0x00, 0x00, 0x00, 0x00, 0x00, 0x00, 0x00, 0x00, 0x00, 0x00, 0x00,
    0x00, 0xC0, 0x1F, 0x60, 0x38, 0xF0, 0x1F, 0x00, 0x00, 0x00, 0x00, 0x00,
    0x00, 0x00, 0x80, 0xFF, 0xC0, 0x7F, 0x00, 0x00, 0x00, 0x00, 0x00, 0x00,
    0x00, 0x00, 0x00, 0x00, 0x00, 0x00, 0x00, 0x00, 0x00, 0x00, 0x00, 0x00,
    0x00, 0x00, 0x00, 0x00, 0x00, 0x00, 0x00, 0x00, 0x00, 0x00, 0x00, 0x00,
    0x00, 0x00, 0x00, 0x00, 0x00, 0x00, 0x00, 0x00, 0x00, 0x00, 0x00, 0x00,
    0x00, 0xC0, 0x1F, 0x60, 0x38, 0xF0, 0x1F, 0x00, 0x00, 0x00, 0x00, 0x00,
    0x00, 0x00, 0x80, 0xFF, 0xC0, 0x7F, 0x00, 0x00, 0x00, 0x00, 0x00, 0x00,
    0x00, 0x00, 0x00, 0x00, 0x00, 0x00, 0x00, 0x00, 0x00, 0x00, 0x00, 0x00,
    0x00, 0x00, 0x00, 0x00, 0x00, 0x00, 0x00, 0x00, 0x00, 0x00, 0x00, 0x00,
    0x00, 0x00, 0xC0, 0x01, 0xE0, 0x00, 0xF8, 0x07, 0x00, 0x80, 0xC1, 0x01,
    0x0E, 0x60, 0x70, 0x00, 0x00, 0x08, 0x20, 0xF8, 0x03, 0x00, 0x00, 0x00,
    0x00, 0x00, 0x40, 0x00, 0x01, 0x00, 0xE0, 0x03, 0xC0, 0x01, 0x1F, 0x80,
    0x0F, 0x00, 0x60, 0x00, 0x00, 0xC0, 0xFF, 0x03, 0x00, 0x00, 0x00, 0xC0,
    0x01, 0xF0, 0x0F, 0x00, 0xC0, 0x03, 0xE3, 0x81, 0xF1, 0xC1, 0x00, 0x07,
    0x00, 0x00, 0x00, 0x00, 0xE0, 0x00, 0x0C, 0x0E, 0x83, 0x03, 0x63, 0x00,
    0x0E, 0x60, 0x00, 0x00, 0x00, 0xC6, 0x43, 0x00, 0x0E, 0x8C, 0x01, 0x00,
    0x00, 0x00, 0x30, 0x3F, 0x02, 0x00, 0x30, 0x06, 0xC0, 0x01, 0x70, 0x00,
    0x38, 0x00, 0x38, 0x00, 0x00, 0x70, 0xCE, 0x03, 0x00, 0x00, 0x00, 0xE0,
    0x01, 0x18, 0x1C, 0xC6, 0x00, 0x83, 0x80, 0x41, 0x00, 0x27, 0x00, 0x00,
    0x00, 0x00, 0x00, 0x00, 0xE0, 0x00, 0x0C, 0x0E, 0x83, 0x03, 0x63, 0x00,
    0x0E, 0x60, 0x00, 0x00, 0x00, 0xC6, 0x43, 0x00, 0x0E, 0x8C, 0x01, 0x00,
    0x00, 0x00, 0x30, 0x3F, 0x02, 0x00, 0x30, 0x06, 0xC0, 0x01, 0x70, 0x00,
    0x38, 0x00, 0x38, 0x00, 0x00, 0x70, 0xCE, 0x03, 0x00, 0x00, 0x00, 0xE0,
    0x01, 0x18, 0x1C, 0xC6, 0x00, 0x83, 0x80, 0x41, 0x00, 0x27, 0x00, 0x00,
    0x00, 0x00, 0xE0, 0x00, 0xFF, 0x03, 0x0C, 0x00, 0x7F, 0x00, 0x1F, 0x00,
    0x07, 0xE0, 0x0F, 0x00, 0x00, 0x11, 0x22, 0xFC, 0x83, 0x73, 0x00, 0x00,
    0x00, 0x00, 0x88, 0x30, 0x01, 0x00, 0xF0, 0x01, 0xFE, 0x07, 0x0C, 0x80,
    0x07, 0x00, 0x00, 0x70, 0x30, 0x38, 0xE7, 0x00, 0x00, 0x00, 0x00, 0xE0,
    0x00, 0x0C, 0x0E, 0xC6, 0xC0, 0x21, 0xE0, 0x10, 0xF0, 0x08, 0x80, 0x03,
    0x00, 0x00, 0xE0, 0x00, 0xFF, 0x03, 0x0C, 0x00, 0x7F, 0x00, 0x1F, 0x00,
    0x07, 0xE0, 0x0F, 0x00, 0x00, 0x11, 0x22, 0xFC, 0x83, 0x73, 0x00, 0x00,
    0x00, 0x00, 0x88, 0x30, 0x01, 0x00, 0xF0, 0x01, 0xFE, 0x07, 0x0C, 0x80,
    0x07, 0x00, 0x00, 0x70, 0x30, 0x38, 0xE7, 0x00, 0x00, 0x00, 0x00, 0xE0,
    0x00, 0x0C, 0x0E, 0xC6, 0xC0, 0x21, 0xE0, 0x10, 0xF0, 0x08, 0x80, 0x03,
    0x00, 0x00, 0xE0, 0x80, 0x73, 0x8E, 0x7F, 0xC0, 0xC1, 0x00, 0x0E, 0x00,
    0x00, 0x38, 0x18, 0x00, 0x00, 0x11, 0x20, 0x07, 0xC3, 0x39, 0xC0, 0xFF,
    0xE0, 0x7F, 0x88, 0x1F, 0x01, 0x00, 0x00, 0x00, 0xE0, 0x00, 0x07, 0x00,
    0x0C, 0x00, 0x00, 0x70, 0x30, 0xF0, 0xE7, 0x80, 0x03, 0x00, 0x00, 0xE0,
    0x00, 0x0C, 0x0E, 0x8C, 0xC1, 0x99, 0xE7, 0xFC, 0x81, 0xF7, 0x60, 0x00,
    0x00, 0x00, 0xE0, 0x80, 0x73, 0x00, 0x0C, 0xC0, 0xC1, 0x80, 0x3F, 0x00,
    0x07, 0xE0, 0x0F, 0x00, 0x00, 0x11, 0x22, 0xFC, 0x8F, 0x73, 0x00, 0xC0,
    0x00, 0x00, 0x88, 0x10, 0x01, 0x00, 0x00, 0x00, 0xE0, 0x80, 0x7F, 0xC0,
    0x07, 0x00, 0x00, 0x70, 0x30, 0x00, 0xE7, 0x00, 0x00, 0x00, 0x00, 0xE0,
    0x00, 0xF8, 0x03, 0xC6, 0xC0, 0x45, 0xE7, 0x82, 0xFB, 0xE9, 0x38, 0x00,
    0x00, 0x00, 0xE0, 0x80, 0x73, 0x00, 0x0C, 0xC0, 0xC1, 0x80, 0x3F, 0x00,
    0x07, 0xE0, 0x0F, 0x00, 0x00, 0x11, 0x22, 0xFC, 0x8F, 0x73, 0x00, 0xC0,
    0x00, 0x00, 0x88, 0x10, 0x01, 0x00, 0x00, 0x00, 0xE0, 0x80, 0x7F, 0xC0,
    0x07, 0x00, 0x00, 0x70, 0x30, 0x00, 0xE7, 0x00, 0x00, 0x00, 0x00, 0xE0,
    0x00, 0xF8, 0x03, 0xC6, 0xC0, 0x45, 0xE7, 0x82, 0xFB, 0xE9, 0x38, 0x00,
    0x00, 0x00, 0x30, 0xC0, 0x18, 0xC0, 0x8F, 0xC1, 0x3F, 0x00, 0x03, 0x80,
    0x01, 0x00, 0x0C, 0x00, 0x80, 0xF0, 0x18, 0x00, 0x80, 0x73, 0x00, 0x00,
    0x00, 0x00, 0x44, 0xD8, 0x00, 0x00, 0x00, 0x00, 0x00, 0x00, 0x00, 0x00,
    0x00, 0x00, 0x00, 0x18, 0x1C, 0x80, 0x31, 0x00, 0x00, 0x00, 0x00, 0x00,
    0x00, 0x00, 0xC0, 0x39, 0x00, 0x99, 0x83, 0x60, 0x40, 0x31, 0x1C, 0x0C,
    0x00, 0x00, 0x30, 0xC0, 0x18, 0xC0, 0x8F, 0xC1, 0x3F, 0x00, 0x03, 0x80,
    0x01, 0x00, 0x0C, 0x00, 0x80, 0xF0, 0x18, 0x00, 0x80, 0x73, 0x00, 0x00,
    0x00, 0x00, 0x44, 0xD8, 0x00, 0x00, 0x00, 0x00, 0x00, 0x00, 0x00, 0x00,
    0x00, 0x00, 0x00, 0x18, 0x1C, 0x80, 0x31, 0x00, 0x00, 0x00, 0x00, 0x00,
    0x00, 0x00, 0xC0, 0x39, 0x00, 0x99, 0x83, 0x60, 0x40, 0x31, 0x1C, 0x0C,
    0x00, 0x00, 0x30, 0x80, 0xFF, 0xC3, 0xF9, 0xE0, 0x60, 0x00, 0x03, 0x80,
    0x01, 0x1C, 0x0C, 0x00, 0x00, 0x01, 0x84, 0xFF, 0x03, 0x00, 0x00, 0x00,
    0x00, 0x00, 0x08, 0x20, 0x00, 0x00, 0x00, 0x00, 0xFF, 0x03, 0x00, 0x00,
    0x00, 0x00, 0x00, 0xF8, 0x33, 0x80, 0x31, 0x00, 0x00, 0x00, 0x00, 0x00,
    0x00, 0xFF, 0x03, 0x00, 0xC0, 0xFC, 0x63, 0x30, 0xB0, 0x3F, 0xF8, 0x07,
    0x00, 0x00, 0x30, 0x80, 0xFF, 0xC3, 0xF9, 0xE0, 0x60, 0x00, 0x03, 0x80,
    0x01, 0x1C, 0x0C, 0x00, 0x00, 0x01, 0x84, 0xFF, 0x03, 0x00, 0x00, 0x00,
    0x00, 0x00, 0x08, 0x20, 0x00, 0x00, 0x00, 0x00, 0xFF, 0x03, 0x00, 0x00,
    0x00, 0x00, 0x00, 0xF8, 0x33, 0x80, 0x31, 0x00, 0x00, 0x00, 0x00, 0x00,
    0x00, 0xFF, 0x03, 0x00, 0xC0, 0xFC, 0x63, 0x30, 0xB0, 0x3F, 0xF8, 0x07,
    0x00, 0x00, 0x00, 0x00, 0x18, 0x00, 0x00, 0x00, 0x00, 0x00, 0x00, 0x00,
    0x00, 0xF8, 0x07, 0x00, 0x00, 0xFE, 0x03, 0x00, 0x00, 0x00, 0x00, 0x00,
    0x00, 0x00, 0xF0, 0x1F, 0x00, 0x00, 0x00, 0x00, 0x00, 0x00, 0x00, 0x00,
    0x00, 0x00, 0x00, 0x18, 0x00, 0x80, 0x31, 0x00, 0x00, 0x60, 0x00, 0x00,
    0x00, 0x00, 0x00, 0x00, 0x20, 0x80, 0x13, 0xFC, 0x09, 0x30, 0x00, 0x00,
    0x00, 0x00, 0x00, 0x00, 0x18, 0x00, 0x00, 0x00, 0x00, 0x00, 0x00, 0x00,
    0x00, 0x00, 0x00, 0x00, 0x00, 0x00, 0x00, 0x00, 0x00, 0x00, 0x00, 0x00,
    0x00, 0x00, 0x00, 0x00, 0x00, 0x00, 0x00, 0x00, 0x00, 0x00, 0x00, 0x00,
    0x00, 0x00, 0x00, 0x18, 0x00, 0x80, 0x31, 0x00, 0x00, 0x70, 0x00, 0x00,
    0x00, 0x00, 0x00, 0x00, 0x00, 0x00, 0x00, 0x00, 0x00, 0x00, 0x00, 0x00,
    0x00, 0x00, 0x00, 0x00, 0x18, 0x00, 0x00, 0x00, 0x00, 0x00, 0x00, 0x00,
    0x00, 0x00, 0x00, 0x00, 0x00, 0x00, 0x00, 0x00, 0x00, 0x00, 0x00, 0x00,
    0x00, 0x00, 0x00, 0x00, 0x00, 0x00, 0x00, 0x00, 0x00, 0x00, 0x00, 0x00,
    0x00, 0x00, 0x00, 0x18, 0x00, 0x80, 0x31, 0x00, 0x00, 0x70, 0x00, 0x00,
    0x00, 0x00, 0x00, 0x00, 0x00, 0x00, 0x00, 0x00, 0x00, 0x00, 0x00, 0x00,
    0xC0, 0x01, 0x00, 0x06, 0xE0, 0x01, 0x7C, 0x0E, 0x86, 0x03, 0x7E, 0x00,
    0x00, 0x00, 0x00, 0x80, 0x03, 0x00, 0x06, 0xE0, 0x01, 0x0C, 0x07, 0x1C,
    0x00, 0x30, 0x00, 0x1F, 0xC0, 0x18, 0x00, 0x00, 0xF0, 0x39, 0x70, 0x00,
    0x80, 0x01, 0x78, 0x00, 0x9F, 0x83, 0xE1, 0x00, 0x00, 0x00, 0x00, 0xC0,
    0x01, 0x80, 0x01, 0xF0, 0x00, 0x86, 0x03, 0x30, 0xC0, 0x07, 0x00, 0x00,
    0xC0, 0x01, 0x00, 0x06, 0xE0, 0x01, 0x7C, 0x0E, 0x86, 0x03, 0x7E, 0x00,
    0x00, 0x00, 0x00, 0x80, 0x03, 0x00, 0x06, 0xE0, 0x01, 0x0C, 0x07, 0x1C,
    0x00, 0x30, 0x00, 0x1F, 0xC0, 0x18, 0x00, 0x00, 0xF0, 0x39, 0x70, 0x00,
    0x80, 0x01, 0x78, 0x00, 0x9F, 0x83, 0xE1, 0x00, 0x00, 0x00, 0x00, 0xC0,
    0x01, 0x80, 0x01, 0xF0, 0x00, 0x86, 0x03, 0x30, 0xC0, 0x07, 0x00, 0x00,
    0x80, 0x03, 0x00, 0x03, 0x70, 0x03, 0xC6, 0x07, 0x00, 0x00, 0xC3, 0x81,
    0xFF, 0x81, 0x7F, 0x00, 0x06, 0x00, 0x03, 0x70, 0x03, 0x00, 0x00, 0x38,
    0x00, 0x1C, 0x80, 0x31, 0x00, 0x00, 0xF0, 0x0F, 0x18, 0x1F, 0xE0, 0x00,
    0xC0, 0x00, 0xDC, 0x80, 0xF1, 0x01, 0x00, 0x00, 0x00, 0x00, 0x70, 0x00,
    0x03, 0xE0, 0x00, 0xB8, 0x01, 0x00, 0xE0, 0x9C, 0x83, 0x01, 0x80, 0x1F,
    0xC0, 0x0F, 0xE0, 0x07, 0x00, 0x00, 0x00, 0x00, 0xFC, 0x00, 0x7E, 0xC0,
    0x0E, 0xC0, 0xE0, 0xF0, 0x7F, 0xF8, 0x3F, 0xFC, 0x1F, 0xFE, 0x0F, 0xFE,
    0x00, 0x7F, 0x00, 0x00, 0xC0, 0x1F, 0x30, 0x38, 0x38, 0x38, 0xF8, 0x0F,
    0xFC, 0x07, 0xFE, 0x03, 0xFF, 0x81, 0xFF, 0x00, 0x00, 0xE0, 0x3F, 0x18,
    0x38, 0x0C, 0x1C, 0x06, 0x0E, 0x03, 0x87, 0xC1, 0x81, 0xFF, 0xC0, 0x70,
    0xC0, 0x0F, 0xE0, 0x07, 0x00, 0x00, 0x00, 0x00, 0xFC, 0x00, 0x7E, 0xC0,
    0x0E, 0xC0, 0xE0, 0xF0, 0x7F, 0xF8, 0x3F, 0xFC, 0x1F, 0xFE, 0x0F, 0xFE,
    0x00, 0x7F, 0x00, 0x00, 0xC0, 0x1F, 0x30, 0x38, 0x38, 0x38, 0xF8, 0x0F,
    0xFC, 0x07, 0xFE, 0x03, 0xFF, 0x81, 0xFF, 0x00, 0x00, 0xE0, 0x3F, 0x18,
    0x38, 0x0C, 0x1C, 0x06, 0x0E, 0x03, 0x87, 0xC1, 0x81, 0xFF, 0xC0, 0x70,
    0x30, 0x0C, 0x18, 0x06, 0xFC, 0x03, 0xFE, 0x01, 0xC3, 0x80, 0x61, 0x38,
    0x07, 0x38, 0x00, 0x1C, 0x00, 0x0E, 0x00, 0x07, 0x80, 0x03, 0x00, 0x1C,
    0x00, 0x0E, 0xC0, 0x1F, 0x80, 0x03, 0x1C, 0x38, 0x3E, 0x1C, 0x07, 0x8E,
    0x03, 0xC7, 0x81, 0xE3, 0xC0, 0x71, 0xE0, 0x60, 0x0C, 0x1C, 0x3E, 0x0E,
    0x1C, 0x07, 0x8E, 0x03, 0xC7, 0x81, 0x83, 0x31, 0xC0, 0xE0, 0x38, 0x18,
    0x30, 0x0C, 0x18, 0x06, 0xFC, 0x03, 0xFE, 0x01, 0xC3, 0x80, 0x61, 0x38,
    0x07, 0x38, 0x00, 0x1C, 0x00, 0x0E, 0x00, 0x07, 0x80, 0x03, 0x00, 0x1C,
    0x00, 0x0E, 0xC0, 0x1F, 0x80, 0x03, 0x1C, 0x38, 0x3E, 0x1C, 0x07, 0x8E,
    0x03, 0xC7, 0x81, 0xE3, 0xC0, 0x71, 0xE0, 0x60, 0x0C, 0x1C, 0x3E, 0x0E,
    0x1C, 0x07, 0x8E, 0x03, 0xC7, 0x81, 0x83, 0x31, 0xC0, 0xE0, 0x38, 0x18,
    0x1C, 0x38, 0x0E, 0x1C, 0x07, 0x8E, 0x03, 0xC7, 0x81, 0xE3, 0xC0, 0xF9,
    0x3F, 0x38, 0x00, 0xFC, 0x07, 0xFE, 0x03, 0xFF, 0x81, 0xFF, 0x00, 0x1C,
    0x00, 0x0E, 0x00, 0x07, 0x80, 0x03, 0x7E, 0x38, 0xEE, 0x1C, 0x07, 0x8E,
    0x03, 0xC7, 0x81, 0xE3, 0xC0, 0x71, 0xE0, 0xC0, 0x07, 0x9C, 0x3B, 0x0E,
    0x1C, 0x07, 0x8E, 0x03, 0xC7, 0x81, 0x03, 0x1F, 0xC0, 0xE0, 0x38, 0x0C,
    0xFC, 0x3F, 0xFE, 0x1F, 0xFF, 0x8F, 0xFF, 0xC7, 0xFF, 0xE3, 0xFF, 0x39,
    0x07, 0x38, 0x00, 0x1C, 0x00, 0x0E, 0x00, 0x07, 0x80, 0x03, 0x00, 0x1C,
    0x00, 0x0E, 0x00, 0x07, 0x80, 0x03, 0x1C, 0x38, 0xCE, 0x1D, 0x07, 0x8E,
    0x03, 0xC7, 0x81, 0xE3, 0xC0, 0x71, 0xE0, 0x80, 0x03, 0xDC, 0x39, 0x0E,
    0x1C, 0x07, 0x8E, 0x03, 0xC7, 0x81, 0x03, 0x0E, 0xC0, 0x3F, 0x38, 0x70,
    0xFC, 0x3F, 0xFE, 0x1F, 0xFF, 0x8F, 0xFF, 0xC7, 0xFF, 0xE3, 0xFF, 0x39,
    0x07, 0x38, 0x00, 0x1C, 0x00, 0x0E, 0x00, 0x07, 0x80, 0x03, 0x00, 0x1C,
    0x00, 0x0E, 0x00, 0x07, 0x80, 0x03, 0x1C, 0x38, 0xCE, 0x1D, 0x07, 0x8E,
    0x03, 0xC7, 0x81, 0xE3, 0xC0, 0x71, 0xE0, 0x80, 0x03, 0xDC, 0x39, 0x0E,
    0x1C, 0x07, 0x8E, 0x03, 0xC7, 0x81, 0x03, 0x0E, 0xC0, 0x3F, 0x38, 0x70,
    0x0E, 0x0C, 0x07, 0x86, 0x03, 0xC3, 0x81, 0xE1, 0xC0, 0x70, 0x60, 0x8C,
    0x01, 0x38, 0x18, 0x0E, 0x00, 0x07, 0x80, 0x03, 0xC0, 0x01, 0x00, 0x06,
    0x00, 0x03, 0x80, 0x01, 0xC0, 0x00, 0x0E, 0x06, 0xC7, 0x87, 0x03, 0xC3,
    0x81, 0xE1, 0xC0, 0x70, 0x60, 0x38, 0x30, 0xE0, 0x03, 0x3E, 0x0C, 0x07,
    0x86, 0x03, 0xC3, 0x81, 0xE1, 0xC0, 0x00, 0x03, 0x70, 0x00, 0x1C, 0x18,
    0x0E, 0x0C, 0x07, 0x86, 0x03, 0xC3, 0x81, 0xE1, 0xC0, 0x70, 0x60, 0x8C,
    0x01, 0x38, 0x18, 0x0E, 0x00, 0x07, 0x80, 0x03, 0xC0, 0x01, 0x00, 0x06,
    0x00, 0x03, 0x80, 0x01, 0xC0, 0x00, 0x0E, 0x06, 0xC7, 0x87, 0x03, 0xC3,
    0x81, 0xE1, 0xC0, 0x70, 0x60, 0x38, 0x30, 0xE0, 0x03, 0x3E, 0x0C, 0x07,
    0x86, 0x03, 0xC3, 0x81, 0xE1, 0xC0, 0x00, 0x03, 0x70, 0x00, 0x1C, 0x18,
    0x0E, 0x0C, 0x07, 0x86, 0x03, 0xC3, 0x81, 0xE1, 0xC0, 0x70, 0x60, 0x8C,
    0x3F, 0xE0, 0x0F, 0xFE, 0x0F, 0xFF, 0x87, 0xFF, 0xC3, 0xFF, 0xC1, 0x3F,
    0xE0, 0x1F, 0xF0, 0x0F, 0xF8, 0x07, 0xFE, 0x03, 0x07, 0x07, 0xFF, 0x81,
    0xFF, 0xC0, 0x7F, 0xE0, 0x3F, 0xF0, 0x1F, 0x38, 0x07, 0xFC, 0x07, 0xFE,
    0x03, 0xFF, 0x81, 0xFF, 0xC0, 0x7F, 0x00, 0x03, 0xF8, 0x00, 0x9C, 0x0F,
    0x0E, 0x0C, 0x07, 0x86, 0x03, 0xC3, 0x81, 0xE1, 0xC0, 0x70, 0x60, 0x8C,
    0x3F, 0xE0, 0x0F, 0xFE, 0x0F, 0xFF, 0x87, 0xFF, 0xC3, 0xFF, 0xC1, 0x3F,
    0xE0, 0x1F, 0xF0, 0x0F, 0xF8, 0x07, 0xFE, 0x03, 0x07, 0x07, 0xFF, 0x81,
    0xFF, 0xC0, 0x7F, 0xE0, 0x3F, 0xF0, 0x1F, 0x38, 0x07, 0xFC, 0x07, 0xFE,
    0x03, 0xFF, 0x81, 0xFF, 0xC0, 0x7F, 0x00, 0x03, 0xF8, 0x00, 0x9C, 0x0F,
    0x00, 0x00, 0x00, 0x00, 0x00, 0x00, 0x00, 0x00, 0x00, 0x00, 0x00, 0x00,
    0x00, 0x80, 0x03, 0x00, 0x00, 0x00, 0x00, 0x00, 0x00, 0x00, 0x00, 0x00,
    0x00, 0x00, 0x00, 0x00, 0x00, 0x00, 0x00, 0x00, 0x00, 0x00, 0x00, 0x00,
    0x00, 0x00, 0x00, 0x00, 0x00, 0x00, 0x00, 0x00, 0x00, 0x0E, 0x00, 0x00,
    0x00, 0x00, 0x00, 0x00, 0x00, 0x00, 0x00, 0x00, 0x00, 0x00, 0x1C, 0x00,
    0x00, 0x00, 0x00, 0x00, 0x00, 0x00, 0x00, 0x00, 0x00, 0x00, 0x00, 0x00,
    0x00, 0xC0, 0x00, 0x00, 0x00, 0x00, 0x00, 0x00, 0x00, 0x00, 0x00, 0x00,
    0x00, 0x00, 0x00, 0x00, 0x00, 0x00, 0x00, 0x00, 0x00, 0x00, 0x00, 0x00,
    0x00, 0x00, 0x00, 0x00, 0x00, 0x00, 0x00, 0x00, 0x00, 0x00, 0x00, 0x00,
    0x00, 0x00, 0x00, 0x00, 0x00, 0x00, 0x00, 0x00, 0x00, 0x00, 0x00, 0x00,
    0x00, 0x00, 0x00, 0x00, 0x00, 0x00, 0x00, 0x00, 0x00, 0x00, 0x00, 0x00,
    0x00, 0xC0, 0x00, 0x00, 0x00, 0x00, 0x00, 0x00, 0x00, 0x00, 0x00, 0x00,
    0x00, 0x00, 0x00, 0x00, 0x00, 0x00, 0x00, 0x00, 0x00, 0x00, 0x00, 0x00,
    0x00, 0x00, 0x00, 0x00, 0x00, 0x00, 0x00, 0x00, 0x00, 0x00, 0x00, 0x00,
    0x00, 0x00, 0x00, 0x00, 0x00, 0x00, 0x00, 0x00, 0x00, 0x00, 0x00, 0x00,
    0xC0, 0x01, 0x00, 0x03, 0xF0, 0x00, 0x3C, 0x07, 0xC6, 0x00, 0x3E, 0x00,
    0x00, 0x00, 0x00, 0x80, 0x03, 0x00, 0x03, 0xE0, 0x01, 0x0C, 0x07, 0x1C,
    0x00, 0x30, 0x00, 0x1E, 0xC0, 0x18, 0x00, 0x0C, 0xF0, 0x39, 0x70, 0x00,
    0x80, 0x01, 0x78, 0x00, 0x9F, 0x83, 0xE1, 0x00, 0x00, 0x00, 0x00, 0xC0,
    0x01, 0x80, 0x01, 0xF0, 0x00, 0x86, 0x03, 0x60, 0x00, 0x00, 0x60, 0x18,
    0xC0, 0x01, 0x00, 0x03, 0xF0, 0x00, 0x3C, 0x07, 0xC6, 0x00, 0x3E, 0x00,
    0x00, 0x00, 0x00, 0x80, 0x03, 0x00, 0x03, 0xE0, 0x01, 0x0C, 0x07, 0x1C,
    0x00, 0x30, 0x00, 0x1E, 0xC0, 0x18, 0x00, 0x0C, 0xF0, 0x39, 0x70, 0x00,
    0x80, 0x01, 0x78, 0x00, 0x9F, 0x83, 0xE1, 0x00, 0x00, 0x00, 0x00, 0xC0,
    0x01, 0x80, 0x01, 0xF0, 0x00, 0x86, 0x03, 0x60, 0x00, 0x00, 0x60, 0x18,
    0x80, 0x03, 0xC0, 0x01, 0x98, 0x01, 0xC6, 0x01, 0x00, 0x00, 0x63, 0x00,
    0x00, 0x00, 0x00, 0x00, 0x06, 0xC0, 0x01, 0x70, 0x03, 0x00, 0x00, 0x38,
    0x00, 0x1C, 0x00, 0x37, 0x00, 0x00, 0x80, 0xFF, 0x18, 0x1F, 0xE0, 0x00,
    0xC0, 0x00, 0xDC, 0x80, 0xF1, 0x01, 0x00, 0x00, 0x00, 0x00, 0x00, 0x00,
    0x03, 0xE0, 0x00, 0xB8, 0x01, 0x00, 0x00, 0x30, 0x80, 0x01, 0x00, 0x00,
    0x00, 0x00, 0x00, 0x00, 0x00, 0x00, 0x00, 0x00, 0x00, 0x00, 0x3E, 0x00,
    0x00, 0x00, 0x00, 0x00, 0x00, 0x00, 0x00, 0x00, 0x00, 0x00, 0x00, 0x00,
    0x00, 0x00, 0x00, 0x00, 0x00, 0x00, 0x00, 0x38, 0x00, 0x00, 0x00, 0x00,
    0x00, 0x00, 0x00, 0x00, 0x00, 0x00, 0x00, 0x00, 0x00, 0x00, 0x0C, 0x00,
    0x00, 0x00, 0x00, 0x00, 0x00, 0x00, 0x00, 0x00, 0x80, 0x01, 0x00, 0x00,
    0x00, 0x00, 0x00, 0x00, 0x00, 0x00, 0x00, 0x00, 0x00, 0x00, 0x3E, 0x00,
    0x00, 0x00, 0x00, 0x00, 0x00, 0x00, 0x00, 0x00, 0x00, 0x00, 0x00, 0x00,
    0x00, 0x00, 0x00, 0x00, 0x00, 0x00, 0x00, 0x38, 0x00, 0x00, 0x00, 0x00,
    0x00, 0x00, 0x00, 0x00, 0x00, 0x00, 0x00, 0x00, 0x00, 0x00, 0x0C, 0x00,
    0x00, 0x00, 0x00, 0x00, 0x00, 0x00, 0x00, 0x00, 0x80, 0x01, 0x00, 0x00,
    0xFC, 0x07, 0xFE, 0x03, 0xFF, 0x81, 0xFF, 0xC0, 0x7F, 0xE0, 0x3F, 0xF0,
    0x39, 0xE0, 0x1F, 0xF0, 0x0F, 0xF8, 0x07, 0xFC, 0x03, 0xFE, 0x01, 0x1E,
    0x00, 0x0F, 0x80, 0x07, 0xC0, 0x03, 0xF0, 0x3F, 0xEE, 0x07, 0xFC, 0x03,
    0xFE, 0x01, 0xFF, 0x80, 0x7F, 0xC0, 0x3F, 0x80, 0x03, 0xFC, 0x0F, 0x0E,
    0x1C, 0x07, 0x8E, 0x03, 0xC7, 0x81, 0xE3, 0xC0, 0xC1, 0x3F, 0x1C, 0x18,
    0xFC, 0x07, 0xFE, 0x03, 0xFF, 0x81, 0xFF, 0xC0, 0x7F, 0xE0, 0x3F, 0xF0,
    0x39, 0xE0, 0x1F, 0xF0, 0x0F, 0xF8, 0x07, 0xFC, 0x03, 0xFE, 0x01, 0x1E,
    0x00, 0x0F, 0x80, 0x07, 0xC0, 0x03, 0xF0, 0x3F, 0xEE, 0x07, 0xFC, 0x03,
    0xFE, 0x01, 0xFF, 0x80, 0x7F, 0xC0, 0x3F, 0x80, 0x03, 0xFC, 0x0F, 0x0E,
    0x1C, 0x07, 0x8E, 0x03, 0xC7, 0x81, 0xE3, 0xC0, 0xC1, 0x3F, 0x1C, 0x18,
    0x00, 0x0C, 0x00, 0x06, 0x00, 0x03, 0x80, 0x01, 0xC0, 0x00, 0x60, 0x00,
    0xE7, 0x38, 0x70, 0x1C, 0x38, 0x0E, 0x1C, 0x07, 0x8E, 0x03, 0x07, 0x1C,
    0x00, 0x0E, 0x00, 0x07, 0x80, 0x03, 0x1C, 0x38, 0x1E, 0x1C, 0x07, 0x8E,
    0x03, 0xC7, 0x81, 0xE3, 0xC0, 0x71, 0xE0, 0x00, 0x00, 0x8E, 0x3B, 0x0E,
    0x1C, 0x07, 0x8E, 0x03, 0xC7, 0x81, 0x83, 0x61, 0xC0, 0xE0, 0x38, 0x0C,
    0xFC, 0x0F, 0xFE, 0x07, 0xFF, 0x83, 0xFF, 0xC1, 0xFF, 0xE0, 0x7F, 0xF0,
    0xFF, 0x38, 0x00, 0xFC, 0x3F, 0xFE, 0x1F, 0xFF, 0x8F, 0xFF, 0x07, 0x1C,
    0x00, 0x0E, 0x00, 0x07, 0x80, 0x03, 0x1C, 0x38, 0x0E, 0x1C, 0x07, 0x8E,
    0x03, 0xC7, 0x81, 0xE3, 0xC0, 0x71, 0xE0, 0xF8, 0x1F, 0xCE, 0x39, 0x0E,
    0x1C, 0x07, 0x8E, 0x03, 0xC7, 0x81, 0x03, 0x33, 0xC0, 0xE0, 0x60, 0x07,
    0xFC, 0x0F, 0xFE, 0x07, 0xFF, 0x83, 0xFF, 0xC1, 0xFF, 0xE0, 0x7F, 0xF0,
    0xFF, 0x38, 0x00, 0xFC, 0x3F, 0xFE, 0x1F, 0xFF, 0x8F, 0xFF, 0x07, 0x1C,
    0x00, 0x0E, 0x00, 0x07, 0x80, 0x03, 0x1C, 0x38, 0x0E, 0x1C, 0x07, 0x8E,
    0x03, 0xC7, 0x81, 0xE3, 0xC0, 0x71, 0xE0, 0xF8, 0x1F, 0xCE, 0x39, 0x0E,
    0x1C, 0x07, 0x8E, 0x03, 0xC7, 0x81, 0x03, 0x33, 0xC0, 0xE0, 0x60, 0x07,
    0x03, 0x86, 0x01, 0xC3, 0x80, 0x61, 0xC0, 0x30, 0x60, 0x18, 0x30, 0x8C,
    0x01, 0x1C, 0x00, 0x0E, 0x00, 0x07, 0x80, 0x03, 0xC0, 0x01, 0x00, 0x06,
    0x00, 0x03, 0x80, 0x01, 0xC0, 0x00, 0x0E, 0x0C, 0x07, 0x86, 0x03, 0xC3,
    0x81, 0xE1, 0xC0, 0x70, 0x60, 0x38, 0x30, 0x00, 0x00, 0x33, 0x0C, 0x07,
    0x87, 0x83, 0xC3, 0xC1, 0xE1, 0xE0, 0x00, 0x0F, 0x70, 0x30, 0xE0, 0x00,
    0x03, 0x86, 0x01, 0xC3, 0x80, 0x61, 0xC0, 0x30, 0x60, 0x18, 0x30, 0x8C,
    0x01, 0x1C, 0x00, 0x0E, 0x00, 0x07, 0x80, 0x03, 0xC0, 0x01, 0x00, 0x06,
    0x00, 0x03, 0x80, 0x01, 0xC0, 0x00, 0x0E, 0x0C, 0x07, 0x86, 0x03, 0xC3,
    0x81, 0xE1, 0xC0, 0x70, 0x60, 0x38, 0x30, 0x00, 0x00, 0x33, 0x0C, 0x07,
    0x87, 0x83, 0xC3, 0xC1, 0xE1, 0xE0, 0x00, 0x0F, 0x70, 0x30, 0xE0, 0x00,
    0xFE, 0x0F, 0xFF, 0x87, 0xFF, 0xC3, 0xFF, 0xE1, 0xFF, 0xF0, 0x7F, 0xF8,
    0x1F, 0xF8, 0x1F, 0xFC, 0x07, 0xFE, 0x03, 0xFF, 0x81, 0xFF, 0xC0, 0x3F,
    0xE0, 0x1F, 0xF0, 0x0F, 0xF8, 0x07, 0xFC, 0x0F, 0x07, 0x06, 0xFF, 0x81,
    0xFF, 0xC0, 0x7F, 0xE0, 0x3F, 0xF0, 0x1F, 0xC0, 0x00, 0xFE, 0x07, 0xFE,
    0x06, 0x7F, 0x83, 0xBF, 0xC1, 0xDF, 0x00, 0x03, 0xF0, 0x1F, 0x60, 0x00,
    0xFE, 0x0F, 0xFF, 0x87, 0xFF, 0xC3, 0xFF, 0xE1, 0xFF, 0xF0, 0x7F, 0xF8,
    0x1F, 0xF8, 0x1F, 0xFC, 0x07, 0xFE, 0x03, 0xFF, 0x81, 0xFF, 0xC0, 0x3F,
    0xE0, 0x1F, 0xF0, 0x0F, 0xF8, 0x07, 0xFC, 0x0F, 0x07, 0x06, 0xFF, 0x81,
    0xFF, 0xC0, 0x7F, 0xE0, 0x3F, 0xF0, 0x1F, 0xC0, 0x00, 0xFE, 0x07, 0xFE,
    0x06, 0x7F, 0x83, 0xBF, 0xC1, 0xDF, 0x00, 0x03, 0xF0, 0x1F, 0x60, 0x00,
    0x00, 0x00, 0x00, 0x00, 0x00, 0x00, 0x00, 0x00, 0x00, 0x00, 0x00, 0x00,
    0x00, 0xC0, 0x00, 0x00, 0x00, 0x00, 0x00, 0x00, 0x00, 0x00, 0x00, 0x00,
    0x00, 0x00, 0x00, 0x00, 0x00, 0x00, 0x00, 0x00, 0x00, 0x00, 0x00, 0x00,
    0x00, 0x00, 0x00, 0x00, 0x00, 0x00, 0x00, 0x00, 0x00, 0x1C, 0x00, 0x00,
    0x00, 0x00, 0x00, 0x00, 0x00, 0x00, 0xE0, 0x01, 0x70, 0x00, 0x3C, 0x00,
    0x00, 0x00, 0x00, 0x00, 0x00, 0x00, 0x00, 0x00, 0x00, 0x00, 0x00, 0x00,
    0x00, 0x60, 0x00, 0x00, 0x00, 0x00, 0x00, 0x00, 0x00, 0x00, 0x00, 0x00,
    0x00, 0x00, 0x00, 0x00, 0x00, 0x00, 0x00, 0x00, 0x00, 0x00, 0x00, 0x00,
    0x00, 0x00, 0x00, 0x00, 0x00, 0x00, 0x00, 0x00, 0x00, 0x00, 0x00, 0x00,
    0x00, 0x00, 0x00, 0x00, 0x00, 0x00, 0x00, 0x00, 0x70, 0x00, 0x00, 0x00,
    0x00, 0x00, 0x00, 0x00, 0x00, 0x00, 0x00, 0x00, 0x00, 0x00, 0x00, 0x00,
    0x00, 0x60, 0x00, 0x00, 0x00, 0x00, 0x00, 0x00, 0x00, 0x00, 0x00, 0x00,
    0x00, 0x00, 0x00, 0x00, 0x00, 0x00, 0x00, 0x00, 0x00, 0x00, 0x00, 0x00,
    0x00, 0x00, 0x00, 0x00, 0x00, 0x00, 0x00, 0x00, 0x00, 0x00, 0x00, 0x00,
    0x00, 0x00, 0x00, 0x00, 0x00, 0x00, 0x00, 0x00, 0x70, 0x00, 0x00, 0x00,
    0xE0, 0x3F, 0xF8, 0x07, 0x18, 0x0E, 0x86, 0x01, 0x00, 0x00, 0x00, 0x00,
    0x30, 0x00, 0x0C, 0x00, 0x0E, 0xC0, 0x03, 0x80, 0x01, 0x70, 0x00, 0xDC,
    0x00, 0x6E, 0x80, 0x19, 0x80, 0x1B, 0x00, 0x00, 0x00, 0x00, 0xF8, 0x0F,
    0xFC, 0x07, 0x86, 0x03, 0xC3, 0x01, 0x0E, 0x00, 0x07, 0x00, 0x00, 0x00,
    0x00, 0x70, 0x03, 0xB8, 0x01, 0x78, 0x00, 0x3C, 0x80, 0xE1, 0xC0, 0x70,
    0xE0, 0x3F, 0xF8, 0x07, 0x18, 0x0E, 0x86, 0x01, 0x00, 0x00, 0x00, 0x00,
    0x30, 0x00, 0x0C, 0x00, 0x0E, 0xC0, 0x03, 0x80, 0x01, 0x70, 0x00, 0xDC,
    0x00, 0x6E, 0x80, 0x19, 0x80, 0x1B, 0x00, 0x00, 0x00, 0x00, 0xF8, 0x0F,
    0xFC, 0x07, 0x86, 0x03, 0xC3, 0x01, 0x0E, 0x00, 0x07, 0x00, 0x00, 0x00,
    0x00, 0x70, 0x03, 0xB8, 0x01, 0x78, 0x00, 0x3C, 0x80, 0xE1, 0xC0, 0x70,
    0x00, 0x00, 0x00, 0x00, 0xF0, 0x03, 0xFC, 0x00, 0x00, 0x00, 0x00, 0x00,
    0x18, 0x00, 0x07, 0x80, 0x3B, 0xE0, 0x06, 0x00, 0x00, 0x00, 0x00, 0x78,
    0x00, 0x3C, 0x00, 0x0F, 0x00, 0xEF, 0xF0, 0x0F, 0x00, 0x38, 0x00, 0x00,
    0x00, 0x00, 0xFC, 0x00, 0x7E, 0x00, 0x00, 0x00, 0x00, 0x00, 0x00, 0x00,
    0x00, 0xE0, 0x01, 0xF0, 0x00, 0xDC, 0x00, 0x6E, 0x00, 0x3F, 0x80, 0x1F,
    0xC0, 0x0F, 0x00, 0x00, 0x00, 0x00, 0x00, 0x00, 0xFC, 0x00, 0x00, 0x00,
    0xFF, 0x00, 0x00, 0xC0, 0x3F, 0x00, 0x00, 0xF0, 0x0F, 0x00, 0x00, 0xFC,
    0x03, 0x00, 0xC0, 0x3F, 0x00, 0xE0, 0x30, 0x38, 0x00, 0xFE, 0xFC, 0x1F,
    0x00, 0x00, 0xFF, 0x07, 0x00, 0xC0, 0xFF, 0x01, 0x00, 0xF0, 0x7F, 0x00,
    0x00, 0xFC, 0x1F, 0x00, 0x00, 0xFE, 0x03, 0x00, 0x80, 0xFF, 0x00, 0x00,
    0xC0, 0x0F, 0x00, 0x00, 0x00, 0x00, 0x00, 0x00, 0xFC, 0x00, 0x00, 0x00,
    0xFF, 0x00, 0x00, 0xC0, 0x3F, 0x00, 0x00, 0xF0, 0x0F, 0x00, 0x00, 0xFC,
    0x03, 0x00, 0xC0, 0x3F, 0x00, 0xE0, 0x30, 0x38, 0x00, 0xFE, 0xFC, 0x1F,
    0x00, 0x00, 0xFF, 0x07, 0x00, 0xC0, 0xFF, 0x01, 0x00, 0xF0, 0x7F, 0x00,
    0x00, 0xFC, 0x1F, 0x00, 0x00, 0xFE, 0x03, 0x00, 0x80, 0xFF, 0x00, 0x00,
    0x30, 0x0C, 0xFE, 0x03, 0xFC, 0x83, 0xFF, 0x00, 0xC3, 0xE0, 0x3F, 0xC0,
    0xE0, 0xE0, 0x1F, 0x30, 0x38, 0xF8, 0x07, 0x0C, 0x0E, 0xFE, 0x01, 0x83,
    0x83, 0x7F, 0x70, 0x30, 0xE0, 0x77, 0x1C, 0x38, 0x00, 0x1C, 0x07, 0x00,
    0xFE, 0xC1, 0x01, 0x80, 0x7F, 0x70, 0x00, 0xE0, 0x1F, 0x1C, 0x00, 0xF8,
    0x07, 0x07, 0x00, 0xFE, 0xC1, 0x81, 0x83, 0xDF, 0x71, 0xE0, 0xE0, 0x77,
    0x30, 0x0C, 0xFE, 0x03, 0xFC, 0x83, 0xFF, 0x00, 0xC3, 0xE0, 0x3F, 0xC0,
    0xE0, 0xE0, 0x1F, 0x30, 0x38, 0xF8, 0x07, 0x0C, 0x0E, 0xFE, 0x01, 0x83,
    0x83, 0x7F, 0x70, 0x30, 0xE0, 0x77, 0x1C, 0x38, 0x00, 0x1C, 0x07, 0x00,
    0xFE, 0xC1, 0x01, 0x80, 0x7F, 0x70, 0x00, 0xE0, 0x1F, 0x1C, 0x00, 0xF8,
    0x07, 0x07, 0x00, 0xFE, 0xC1, 0x81, 0x83, 0xDF, 0x71, 0xE0, 0xE0, 0x77,
    0x1C, 0x38, 0x00, 0x06, 0x07, 0x0E, 0x80, 0xC1, 0x81, 0x03, 0x60, 0x70,
    0x00, 0x38, 0x70, 0x1C, 0x00, 0x0E, 0x1C, 0x07, 0x80, 0x03, 0xC7, 0x01,
    0xE0, 0xC0, 0x71, 0xE0, 0x38, 0x78, 0x7E, 0x38, 0xF8, 0x1F, 0xFF, 0x81,
    0x03, 0xC7, 0x7F, 0xE0, 0xC0, 0xF1, 0x1F, 0x38, 0x70, 0xFC, 0x07, 0x0E,
    0x1C, 0xFF, 0x81, 0x03, 0xC7, 0x01, 0xE0, 0xE0, 0x71, 0x00, 0x38, 0x78,
    0xFC, 0x3F, 0xFE, 0x07, 0xFF, 0x8F, 0xFF, 0xC1, 0xFF, 0xE3, 0x7F, 0x70,
    0x00, 0x38, 0x00, 0x1C, 0x00, 0x0E, 0x00, 0x07, 0x80, 0x03, 0xC0, 0x01,
    0xE0, 0x00, 0x70, 0xE0, 0x38, 0x70, 0x1C, 0x38, 0x0E, 0x1C, 0x07, 0x80,
    0xFF, 0xC7, 0x01, 0xE0, 0xFF, 0x71, 0x00, 0xF8, 0x7F, 0x1C, 0x00, 0xFE,
    0x1F, 0x07, 0x80, 0xFF, 0xC7, 0xE1, 0xE3, 0xC0, 0x71, 0xF8, 0x38, 0x70,
    0xFC, 0x3F, 0xFE, 0x07, 0xFF, 0x8F, 0xFF, 0xC1, 0xFF, 0xE3, 0x7F, 0x70,
    0x00, 0x38, 0x00, 0x1C, 0x00, 0x0E, 0x00, 0x07, 0x80, 0x03, 0xC0, 0x01,
    0xE0, 0x00, 0x70, 0xE0, 0x38, 0x70, 0x1C, 0x38, 0x0E, 0x1C, 0x07, 0x80,
    0xFF, 0xC7, 0x01, 0xE0, 0xFF, 0x71, 0x00, 0xF8, 0x7F, 0x1C, 0x00, 0xFE,
    0x1F, 0x07, 0x80, 0xFF, 0xC7, 0xE1, 0xE3, 0xC0, 0x71, 0xF8, 0x38, 0x70,
    0x0E, 0x8C, 0x01, 0x83, 0x03, 0x63, 0xC0, 0xE0, 0xC0, 0x18, 0x30, 0x70,
    0x30, 0x1C, 0x00, 0x1C, 0x0C, 0x07, 0x00, 0x07, 0xC3, 0x01, 0xC0, 0xC1,
    0x70, 0x00, 0x38, 0x18, 0x1C, 0x18, 0x0E, 0x06, 0x07, 0x86, 0x03, 0xC0,
    0x01, 0xE0, 0x00, 0x70, 0x00, 0x38, 0x00, 0x1C, 0x00, 0x0E, 0x00, 0x07,
    0x80, 0x03, 0xC0, 0x01, 0xE0, 0xC0, 0xE0, 0x7F, 0x38, 0x30, 0xF8, 0x1F,
    0x0E, 0x8C, 0x01, 0x83, 0x03, 0x63, 0xC0, 0xE0, 0xC0, 0x18, 0x30, 0x70,
    0x30, 0x1C, 0x00, 0x1C, 0x0C, 0x07, 0x00, 0x07, 0xC3, 0x01, 0xC0, 0xC1,
    0x70, 0x00, 0x38, 0x18, 0x1C, 0x18, 0x0E, 0x06, 0x07, 0x86, 0x03, 0xC0,
    0x01, 0xE0, 0x00, 0x70, 0x00, 0x38, 0x00, 0x1C, 0x00, 0x0E, 0x00, 0x07,
    0x80, 0x03, 0xC0, 0x01, 0xE0, 0xC0, 0xE0, 0x7F, 0x38, 0x30, 0xF8, 0x1F,
    0x0E, 0x0C, 0xFF, 0x87, 0x03, 0xC3, 0xFF, 0xE1, 0xC0, 0xF0, 0x7F, 0xC0,
    0x1F, 0xF8, 0x1F, 0xF0, 0x07, 0xFE, 0x07, 0xFC, 0x81, 0xFF, 0x01, 0x7F,
    0xE0, 0x7F, 0xF8, 0x0F, 0xF8, 0x1F, 0xFE, 0x03, 0xFE, 0x87, 0xFF, 0x83,
    0xFF, 0xE0, 0xFF, 0xE0, 0x3F, 0xF8, 0x3F, 0xF8, 0x0F, 0xFE, 0x0F, 0xFE,
    0x83, 0xFF, 0x83, 0xFF, 0xC0, 0x7F, 0x00, 0x60, 0xF0, 0x1F, 0x00, 0x18,
    0x0E, 0x0C, 0xFF, 0x87, 0x03, 0xC3, 0xFF, 0xE1, 0xC0, 0xF0, 0x7F, 0xC0,
    0x1F, 0xF8, 0x1F, 0xF0, 0x07, 0xFE, 0x07, 0xFC, 0x81, 0xFF, 0x01, 0x7F,
    0xE0, 0x7F, 0xF8, 0x0F, 0xF8, 0x1F, 0xFE, 0x03, 0xFE, 0x87, 0xFF, 0x83,
    0xFF, 0xE0, 0xFF, 0xE0, 0x3F, 0xF8, 0x3F, 0xF8, 0x0F, 0xFE, 0x0F, 0xFE,
    0x83, 0xFF, 0x83, 0xFF, 0xC0, 0x7F, 0x00, 0x60, 0xF0, 0x1F, 0x00, 0x18,
    0x00, 0x00, 0x00, 0x00, 0x00, 0x00, 0x00, 0x00, 0x60, 0x00, 0x03, 0x00,
    0x00, 0x00, 0x00, 0x00, 0x00, 0x00, 0x00, 0x00, 0x00, 0x00, 0x00, 0x00,
    0x00, 0x00, 0x00, 0x00, 0x00, 0x00, 0x00, 0x00, 0x00, 0x00, 0x00, 0x00,
    0x00, 0x00, 0x00, 0x00, 0x00, 0x00, 0x00, 0x00, 0x00, 0xC0, 0x01, 0x30,
    0x00, 0x00, 0x00, 0x00, 0x00, 0x00, 0xE0, 0x3F, 0x00, 0x00, 0xF8, 0x0F,
    0x00, 0x00, 0x00, 0x00, 0x00, 0x00, 0x00, 0x00, 0xE0, 0x00, 0x0F, 0x00,
    0x00, 0x00, 0x00, 0x00, 0x00, 0x00, 0x00, 0x00, 0x00, 0x00, 0x00, 0x00,
    0x00, 0x00, 0x00, 0x00, 0x00, 0x00, 0x00, 0x00, 0x00, 0x00, 0x00, 0x00,
    0x00, 0x00, 0x1E, 0x00, 0x0F, 0x00, 0x00, 0x00, 0x00, 0xC0, 0x03, 0xF0,
    0x00, 0x00, 0x00, 0x00, 0x00, 0x00, 0x00, 0x00, 0x00, 0x00, 0x00, 0x00,
    0x00, 0x00, 0x00, 0x00, 0x00, 0x00, 0x00, 0x00, 0xE0, 0x00, 0x0F, 0x00,
    0x00, 0x00, 0x00, 0x00, 0x00, 0x00, 0x00, 0x00, 0x00, 0x00, 0x00, 0x00,
    0x00, 0x00, 0x00, 0x00, 0x00, 0x00, 0x00, 0x00, 0x00, 0x00, 0x00, 0x00,
    0x00, 0x00, 0x1E, 0x00, 0x0F, 0x00, 0x00, 0x00, 0x00, 0xC0, 0x03, 0xF0,
    0x00, 0x00, 0x00, 0x00, 0x00, 0x00, 0x00, 0x00, 0x00, 0x00, 0x00, 0x00,
    0x80, 0x03, 0xC0, 0x01, 0x00, 0x00, 0xC0, 0x00, 0x78, 0x00, 0x3C, 0x00,
    0x00, 0x00, 0x00, 0xE0, 0x39, 0xE0, 0x06, 0xF8, 0x03, 0xFC, 0x01, 0x83,
    0x83, 0xC1, 0x01, 0x00, 0x00, 0x00, 0x80, 0x03, 0x00, 0x00, 0x00, 0x00,
    0x00, 0x00, 0xDC, 0x00, 0x6E, 0x00, 0x00, 0x00, 0x00, 0x00, 0x00, 0x00,
    0x06, 0x80, 0x01, 0x00, 0x00, 0x00, 0x00, 0x00, 0x00, 0x00, 0x00, 0x00,
    0x80, 0x03, 0xC0, 0x01, 0x00, 0x00, 0xC0, 0x00, 0x78, 0x00, 0x3C, 0x00,
    0x00, 0x00, 0x00, 0xE0, 0x39, 0xE0, 0x06, 0xF8, 0x03, 0xFC, 0x01, 0x83,
    0x83, 0xC1, 0x01, 0x00, 0x00, 0x00, 0x80, 0x03, 0x00, 0x00, 0x00, 0x00,
    0x00, 0x00, 0xDC, 0x00, 0x6E, 0x00, 0x00, 0x00, 0x00, 0x00, 0x00, 0x00,
    0x06, 0x80, 0x01, 0x00, 0x00, 0x00, 0x00, 0x00, 0x00, 0x00, 0x00, 0x00,
    0x00, 0x00, 0x00, 0x00, 0x00, 0x00, 0x70, 0x00, 0xDC, 0x00, 0x6E, 0xC0,
    0xC0, 0x61, 0x00, 0x30, 0x0E, 0x30, 0x03, 0x00, 0x00, 0x00, 0x00, 0xFE,
    0x00, 0x7F, 0x00, 0x00, 0x00, 0x07, 0x00, 0x00, 0x00, 0x00, 0x1F, 0x1C,
    0x0C, 0x0E, 0x00, 0x07, 0x00, 0xC0, 0xE0, 0x61, 0x00, 0x00, 0x00, 0x00,
    0x03, 0xE0, 0x00, 0x06, 0x00, 0x3E, 0x80, 0x61, 0x80, 0xCF, 0x61, 0x00,
    0xE0, 0x3F, 0x00, 0x00, 0xF8, 0x0F, 0x00, 0x00, 0x03, 0x87, 0x01, 0xF0,
    0xFF, 0xFB, 0x03, 0xE0, 0x0F, 0x00, 0x00, 0xF8, 0x03, 0x00, 0x00, 0x00,
    0x00, 0x00, 0x80, 0x3F, 0x00, 0x00, 0xE0, 0x0F, 0x00, 0x00, 0x0C, 0x1C,
    0x00, 0x00, 0x00, 0x07, 0xE0, 0xC3, 0x38, 0x60, 0x00, 0x00, 0x00, 0x18,
    0x00, 0xF8, 0x00, 0x06, 0x00, 0x38, 0x80, 0x31, 0x00, 0xEE, 0x60, 0x00,
    0xE0, 0x3F, 0x00, 0x00, 0xF8, 0x0F, 0x00, 0x00, 0x03, 0x87, 0x01, 0xF0,
    0xFF, 0xFB, 0x03, 0xE0, 0x0F, 0x00, 0x00, 0xF8, 0x03, 0x00, 0x00, 0x00,
    0x00, 0x00, 0x80, 0x3F, 0x00, 0x00, 0xE0, 0x0F, 0x00, 0x00, 0x0C, 0x1C,
    0x00, 0x00, 0x00, 0x07, 0xE0, 0xC3, 0x38, 0x60, 0x00, 0x00, 0x00, 0x18,
    0x00, 0xF8, 0x00, 0x06, 0x00, 0x38, 0x80, 0x31, 0x00, 0xEE, 0x60, 0x00,
    0x1C, 0x38, 0xF8, 0x1D, 0x07, 0x0E, 0x7E, 0xC7, 0x81, 0xE3, 0x00, 0x70,
    0xE0, 0x38, 0x00, 0xC0, 0x01, 0xF0, 0x00, 0x70, 0x00, 0x3C, 0x00, 0x7F,
    0x00, 0x0F, 0x00, 0x07, 0xC0, 0x03, 0xC0, 0x01, 0xF0, 0x00, 0x07, 0x8E,
    0x87, 0x07, 0x80, 0x03, 0xC0, 0x71, 0x0F, 0x38, 0x78, 0x1C, 0x3E, 0x0E,
    0x00, 0x70, 0x80, 0x03, 0x00, 0x1C, 0xE0, 0x00, 0x00, 0x07, 0x38, 0x0C,
    0x1C, 0x38, 0xF8, 0x1D, 0x07, 0x0E, 0x7E, 0xC7, 0x81, 0xE3, 0x00, 0x70,
    0xE0, 0x38, 0x00, 0xC0, 0x01, 0xF0, 0x00, 0x70, 0x00, 0x3C, 0x00, 0x7F,
    0x00, 0x0F, 0x00, 0x07, 0xC0, 0x03, 0xC0, 0x01, 0xF0, 0x00, 0x07, 0x8E,
    0x87, 0x07, 0x80, 0x03, 0xC0, 0x71, 0x0F, 0x38, 0x78, 0x1C, 0x3E, 0x0E,
    0x00, 0x70, 0x80, 0x03, 0x00, 0x1C, 0xE0, 0x00, 0x00, 0x07, 0x38, 0x0C,
    0x1C, 0x00, 0x0E, 0x1E, 0x07, 0x80, 0x83, 0xC7, 0xFF, 0xE3, 0x7E, 0xF0,
    0xFF, 0xB8, 0x1F, 0xC0, 0x01, 0xE0, 0x00, 0x70, 0x00, 0x38, 0x00, 0x1C,
    0x00, 0x0E, 0x00, 0x07, 0x80, 0x03, 0xC0, 0x01, 0xE0, 0x00, 0x07, 0x0E,
    0x06, 0x07, 0x80, 0x03, 0xC0, 0xF1, 0x01, 0x38, 0x0C, 0x9C, 0x07, 0x0E,
    0x00, 0x70, 0x80, 0x03, 0x00, 0x1C, 0xE0, 0x00, 0x00, 0x07, 0x38, 0x00,
    0x1C, 0x3E, 0x0E, 0x1C, 0x87, 0x8F, 0x03, 0xC7, 0x81, 0xE3, 0xC1, 0x71,
    0xE0, 0x78, 0x70, 0xC0, 0x01, 0xE0, 0x00, 0x70, 0x00, 0x38, 0x00, 0x1C,
    0x00, 0x0E, 0x00, 0x07, 0x80, 0x03, 0xC0, 0x01, 0xE0, 0x00, 0x07, 0x0E,
    0x06, 0x07, 0x80, 0x03, 0xC0, 0x71, 0x0F, 0xF8, 0x03, 0xFC, 0x01, 0x0E,
    0x00, 0x70, 0x80, 0x03, 0x00, 0x1C, 0xE0, 0x00, 0x00, 0x07, 0x38, 0x00,
    0x1C, 0x3E, 0x0E, 0x1C, 0x87, 0x8F, 0x03, 0xC7, 0x81, 0xE3, 0xC1, 0x71,
    0xE0, 0x78, 0x70, 0xC0, 0x01, 0xE0, 0x00, 0x70, 0x00, 0x38, 0x00, 0x1C,
    0x00, 0x0E, 0x00, 0x07, 0x80, 0x03, 0xC0, 0x01, 0xE0, 0x00, 0x07, 0x0E,
    0x06, 0x07, 0x80, 0x03, 0xC0, 0x71, 0x0F, 0xF8, 0x03, 0xFC, 0x01, 0x0E,
    0x00, 0x70, 0x80, 0x03, 0x00, 0x1C, 0xE0, 0x00, 0x00, 0x07, 0x38, 0x00,
    0x0E, 0x0C, 0xFE, 0x87, 0x03, 0x83, 0xFF, 0xE1, 0xC0, 0x70, 0x60, 0x38,
    0x30, 0x1C, 0x18, 0x60, 0x00, 0x30, 0x00, 0x18, 0x00, 0x0C, 0x00, 0x06,
    0x00, 0x03, 0x80, 0x01, 0xC0, 0x00, 0x60, 0x00, 0x30, 0x80, 0x73, 0x83,
    0x83, 0xE1, 0xC0, 0x70, 0x60, 0x38, 0x0F, 0x1C, 0x07, 0xCE, 0x03, 0x07,
    0x00, 0x18, 0xC0, 0x01, 0x00, 0x06, 0x70, 0x00, 0x80, 0x01, 0x1C, 0x00,
    0x0E, 0x0C, 0xFE, 0x87, 0x03, 0x83, 0xFF, 0xE1, 0xC0, 0x70, 0x60, 0x38,
    0x30, 0x1C, 0x18, 0x60, 0x00, 0x30, 0x00, 0x18, 0x00, 0x0C, 0x00, 0x06,
    0x00, 0x03, 0x80, 0x01, 0xC0, 0x00, 0x60, 0x00, 0x30, 0x80, 0x73, 0x83,
    0x83, 0xE1, 0xC0, 0x70, 0x60, 0x38, 0x0F, 0x1C, 0x07, 0xCE, 0x03, 0x07,
    0x00, 0x18, 0xC0, 0x01, 0x00, 0x06, 0x70, 0x00, 0x80, 0x01, 0x1C, 0x00,
    0xFC, 0x07, 0x00, 0x06, 0xFF, 0x01, 0x80, 0xE1, 0xC0, 0x70, 0x60, 0x38,
    0x30, 0x1C, 0x18, 0xFC, 0x03, 0xFE, 0x01, 0xFF, 0x80, 0x7F, 0xC0, 0x3F,
    0xE0, 0x1F, 0xF0, 0x0F, 0xF8, 0x07, 0xFC, 0x03, 0xFE, 0xC1, 0xE7, 0xE1,
    0x8F, 0xC1, 0x7F, 0xE0, 0x3F, 0x38, 0x38, 0x1C, 0x1C, 0x8E, 0x0F, 0xFF,
    0x07, 0xFF, 0xC0, 0xFF, 0xC1, 0x3F, 0xF0, 0x7F, 0xF0, 0x0F, 0xFC, 0x1F,
    0xFC, 0x07, 0x00, 0x06, 0xFF, 0x01, 0x80, 0xE1, 0xC0, 0x70, 0x60, 0x38,
    0x30, 0x1C, 0x18, 0xFC, 0x03, 0xFE, 0x01, 0xFF, 0x80, 0x7F, 0xC0, 0x3F,
    0xE0, 0x1F, 0xF0, 0x0F, 0xF8, 0x07, 0xFC, 0x03, 0xFE, 0xC1, 0xE7, 0xE1,
    0x8F, 0xC1, 0x7F, 0xE0, 0x3F, 0x38, 0x38, 0x1C, 0x1C, 0x8E, 0x0F, 0xFF,
    0x07, 0xFF, 0xC0, 0xFF, 0xC1, 0x3F, 0xF0, 0x7F, 0xF0, 0x0F, 0xFC, 0x1F,
    0x00, 0x00, 0xFE, 0x03, 0x18, 0x80, 0xFF, 0x00, 0x00, 0x00, 0x00, 0x00,
    0x00, 0x00, 0x00, 0x00, 0x00, 0x00, 0x00, 0x00, 0x00, 0x00, 0x00, 0x00,
    0x00, 0x00, 0x80, 0x01, 0xC0, 0x00, 0x00, 0x00, 0x00, 0x00, 0x00, 0x00,
    0xF0, 0x00, 0x00, 0x00, 0x00, 0x00, 0x07, 0x80, 0x03, 0x00, 0x00, 0x00,
    0x00, 0x00, 0x00, 0x0C, 0x00, 0x06, 0x00, 0x00, 0x00, 0x00, 0x00, 0x00,
    0x00, 0x00, 0x00, 0x00, 0x0C, 0x00, 0x00, 0x00, 0x00, 0x00, 0x00, 0x00,
    0x00, 0x00, 0x00, 0x00, 0x00, 0x00, 0x00, 0x00, 0x00, 0x00, 0x00, 0x00,
    0x00, 0x00, 0x80, 0x07, 0xC0, 0x03, 0x00, 0x00, 0x00, 0x00, 0x00, 0x00,
    0x00, 0x00, 0x00, 0x00, 0x00, 0x80, 0x01, 0xC0, 0x00, 0x00, 0x00, 0x00,
    0x00, 0x00, 0x00, 0x06, 0x00, 0x03, 0x00, 0x00, 0x00, 0x00, 0x00, 0x00,
    0x00, 0x00, 0x00, 0x00, 0x0C, 0x00, 0x00, 0x00, 0x00, 0x00, 0x00, 0x00,
    0x00, 0x00, 0x00, 0x00, 0x00, 0x00, 0x00, 0x00, 0x00, 0x00, 0x00, 0x00,
    0x00, 0x00, 0x80, 0x07, 0xC0, 0x03, 0x00, 0x00, 0x00, 0x00, 0x00, 0x00,
    0x00, 0x00, 0x00, 0x00, 0x00, 0x80, 0x01, 0xC0, 0x00, 0x00, 0x00, 0x00,
    0x00, 0x00, 0x00, 0x06, 0x00, 0x03, 0x00, 0x00, 0x00, 0x00, 0x00, 0x00,
    0xE0, 0x03, 0x00, 0x00, 0x00, 0x00, 0x80, 0x01, 0xC0, 0x00, 0x00, 0x00,
    0x00, 0x80, 0x1B, 0xC0, 0x0D, 0x0E, 0x00, 0x00, 0x00, 0x00, 0x00, 0xFE,
    0x03, 0xFF, 0x81, 0xE1, 0xC0, 0x70, 0x80, 0x73, 0xC0, 0x39, 0x00, 0x00,
    0x00, 0x00, 0x60, 0x00, 0x60, 0x00, 0x00, 0x00, 0x00, 0x60, 0x06, 0xE0,
    0x06, 0x80, 0x01, 0xC0, 0x00, 0x78, 0x00, 0x3C, 0x00, 0x00, 0x00, 0x00,
    0xE0, 0x03, 0x00, 0x00, 0x00, 0x00, 0x80, 0x01, 0xC0, 0x00, 0x00, 0x00,
    0x00, 0x80, 0x1B, 0xC0, 0x0D, 0x0E, 0x00, 0x00, 0x00, 0x00, 0x00, 0xFE,
    0x03, 0xFF, 0x81, 0xE1, 0xC0, 0x70, 0x80, 0x73, 0xC0, 0x39, 0x00, 0x00,
    0x00, 0x00, 0x60, 0x00, 0x60, 0x00, 0x00, 0x00, 0x00, 0x60, 0x06, 0xE0,
    0x06, 0x80, 0x01, 0xC0, 0x00, 0x78, 0x00, 0x3C, 0x00, 0x00, 0x00, 0x00,
    0x80, 0x03, 0x18, 0x00, 0xF8, 0x0E, 0xC0, 0x00, 0x60, 0x00, 0x00, 0x00,
    0x00, 0x00, 0x0F, 0x80, 0x07, 0x18, 0x00, 0x0C, 0x1C, 0x00, 0x00, 0x00,
    0x00, 0x00, 0x00, 0x3F, 0x80, 0x1F, 0xC0, 0x39, 0xE0, 0x1C, 0xF8, 0x1F,
    0x00, 0x00, 0x38, 0x00, 0x30, 0xC0, 0xFF, 0x00, 0x00, 0xC0, 0x03, 0xC0,
    0x03, 0xE0, 0x00, 0x70, 0x00, 0xDC, 0x00, 0x6E, 0x80, 0xFF, 0x00, 0x00,
    0x80, 0x3B, 0xD8, 0x01, 0xE0, 0x03, 0x0E, 0x0E, 0x00, 0x80, 0x83, 0x03,
    0x00, 0xE0, 0xE0, 0x00, 0x00, 0x00, 0x00, 0x1C, 0x1C, 0x00, 0x00, 0xFE,
    0x03, 0x00, 0x80, 0xFF, 0x00, 0x00, 0xE0, 0x3F, 0x00, 0x00, 0x8C, 0x01,
    0x00, 0x00, 0xFF, 0x03, 0x00, 0xC0, 0xC0, 0x01, 0x00, 0xF0, 0x3F, 0x00,
    0x00, 0xF8, 0x0F, 0x00, 0x00, 0xFE, 0x03, 0x00, 0xC0, 0xC0, 0x01, 0x00,
    0x80, 0x3B, 0xD8, 0x01, 0xE0, 0x03, 0x0E, 0x0E, 0x00, 0x80, 0x83, 0x03,
    0x00, 0xE0, 0xE0, 0x00, 0x00, 0x00, 0x00, 0x1C, 0x1C, 0x00, 0x00, 0xFE,
    0x03, 0x00, 0x80, 0xFF, 0x00, 0x00, 0xE0, 0x3F, 0x00, 0x00, 0x8C, 0x01,
    0x00, 0x00, 0xFF, 0x03, 0x00, 0xC0, 0xC0, 0x01, 0x00, 0xF0, 0x3F, 0x00,
    0x00, 0xF8, 0x0F, 0x00, 0x00, 0xFE, 0x03, 0x00, 0xC0, 0xC0, 0x01, 0x00,
    0xC0, 0x01, 0x3E, 0x00, 0xF0, 0x80, 0x0F, 0xC7, 0xFD, 0xE0, 0xC3, 0x71,
    0x3F, 0xF8, 0x70, 0xDC, 0x0F, 0xEE, 0x07, 0x1F, 0x8E, 0xFB, 0xC1, 0x81,
    0x83, 0x7F, 0x70, 0xE0, 0xE0, 0x1F, 0x1C, 0x38, 0xF8, 0x87, 0xE3, 0x80,
    0xFF, 0xC1, 0x81, 0xE3, 0x7E, 0x70, 0xE0, 0xB8, 0x1F, 0x1C, 0x38, 0xEE,
    0x07, 0x07, 0x00, 0xFE, 0xC1, 0x01, 0x80, 0x7F, 0x70, 0x00, 0xE0, 0x1F,
    0xC0, 0x01, 0x3E, 0x00, 0xF0, 0x80, 0x0F, 0xC7, 0xFD, 0xE0, 0xC3, 0x71,
    0x3F, 0xF8, 0x70, 0xDC, 0x0F, 0xEE, 0x07, 0x1F, 0x8E, 0xFB, 0xC1, 0x81,
    0x83, 0x7F, 0x70, 0xE0, 0xE0, 0x1F, 0x1C, 0x38, 0xF8, 0x87, 0xE3, 0x80,
    0xFF, 0xC1, 0x81, 0xE3, 0x7E, 0x70, 0xE0, 0xB8, 0x1F, 0x1C, 0x38, 0xEE,
    0x07, 0x07, 0x00, 0xFE, 0xC1, 0x01, 0x80, 0x7F, 0x70, 0x00, 0xE0, 0x1F,
    0xC0, 0x01, 0x1E, 0x00, 0x78, 0x80, 0x3B, 0xC7, 0x83, 0xE3, 0xCE, 0xF1,
    0xE0, 0xB8, 0x73, 0x3C, 0x38, 0x1E, 0x1C, 0x77, 0x8E, 0x07, 0xC7, 0x81,
    0xE3, 0xC0, 0x71, 0xE0, 0x38, 0x70, 0x1C, 0x38, 0x0E, 0x9C, 0xE3, 0xC3,
    0x39, 0xC7, 0x81, 0xE3, 0xC1, 0xF1, 0x3F, 0x78, 0x70, 0x1C, 0x38, 0x1E,
    0x1C, 0xFC, 0x83, 0x03, 0x00, 0xFF, 0xE0, 0x00, 0xC0, 0x3F, 0x38, 0x00,
    0xC0, 0x01, 0x0F, 0x00, 0x7C, 0x80, 0x73, 0xC7, 0x81, 0xE3, 0xDC, 0x71,
    0xE0, 0x38, 0x77, 0x1C, 0x38, 0x0E, 0x1C, 0xE7, 0x8E, 0x03, 0xC7, 0x81,
    0xE3, 0xC0, 0x71, 0xE0, 0x38, 0x70, 0x1C, 0x38, 0x0E, 0x9C, 0xE3, 0xC0,
    0xF9, 0xC7, 0xFF, 0xE0, 0x00, 0x70, 0x18, 0x38, 0x00, 0xFC, 0x0F, 0x0E,
    0x00, 0x00, 0x0E, 0xFE, 0x01, 0x80, 0x83, 0x7F, 0x00, 0xE0, 0xE0, 0x1F,
    0xC0, 0x01, 0x0F, 0x00, 0x7C, 0x80, 0x73, 0xC7, 0x81, 0xE3, 0xDC, 0x71,
    0xE0, 0x38, 0x77, 0x1C, 0x38, 0x0E, 0x1C, 0xE7, 0x8E, 0x03, 0xC7, 0x81,
    0xE3, 0xC0, 0x71, 0xE0, 0x38, 0x70, 0x1C, 0x38, 0x0E, 0x9C, 0xE3, 0xC0,
    0xF9, 0xC7, 0xFF, 0xE0, 0x00, 0x70, 0x18, 0x38, 0x00, 0xFC, 0x0F, 0x0E,
    0x00, 0x00, 0x0E, 0xFE, 0x01, 0x80, 0x83, 0x7F, 0x00, 0xE0, 0xE0, 0x1F,
    0x60, 0xC0, 0x07, 0x00, 0x18, 0xC0, 0xF1, 0xE1, 0xC0, 0x70, 0x7C, 0x38,
    0x30, 0x1C, 0x1F, 0x0E, 0x0C, 0x07, 0x86, 0xE3, 0xC3, 0x81, 0xE1, 0xC0,
    0x70, 0x60, 0x38, 0x30, 0x1C, 0x18, 0x0E, 0x0C, 0x07, 0x86, 0x73, 0x60,
    0x0C, 0xE0, 0x38, 0x70, 0x00, 0x38, 0x18, 0x1C, 0x00, 0x8E, 0x03, 0x07,
    0x80, 0x03, 0x03, 0x80, 0xE1, 0xC0, 0x00, 0x60, 0x38, 0x30, 0x00, 0x18,
    0x60, 0xC0, 0x07, 0x00, 0x18, 0xC0, 0xF1, 0xE1, 0xC0, 0x70, 0x7C, 0x38,
    0x30, 0x1C, 0x1F, 0x0E, 0x0C, 0x07, 0x86, 0xE3, 0xC3, 0x81, 0xE1, 0xC0,
    0x70, 0x60, 0x38, 0x30, 0x1C, 0x18, 0x0E, 0x0C, 0x07, 0x86, 0x73, 0x60,
    0x0C, 0xE0, 0x38, 0x70, 0x00, 0x38, 0x18, 0x1C, 0x00, 0x8E, 0x03, 0x07,
    0x80, 0x03, 0x03, 0x80, 0xE1, 0xC0, 0x00, 0x60, 0x38, 0x30, 0x00, 0x18,
    0xFC, 0x03, 0xFF, 0x07, 0xFF, 0xC0, 0xC1, 0xE1, 0xC0, 0x70, 0x70, 0x38,
    0x30, 0x1C, 0x1C, 0x0E, 0x0C, 0x07, 0x86, 0x83, 0xC3, 0x81, 0xC1, 0x7F,
    0xE0, 0x3F, 0xF0, 0x1F, 0xF8, 0x0F, 0xFC, 0x07, 0xFE, 0x03, 0xFF, 0xC3,
    0xFF, 0xE0, 0xE0, 0x70, 0x00, 0x38, 0x30, 0x1C, 0x00, 0x0E, 0x0E, 0x07,
    0x00, 0xFF, 0x81, 0xFF, 0xC0, 0x7F, 0xE0, 0x3F, 0xF0, 0x1F, 0xF8, 0x0F,
    0xFC, 0x03, 0xFF, 0x07, 0xFF, 0xC0, 0xC1, 0xE1, 0xC0, 0x70, 0x70, 0x38,
    0x30, 0x1C, 0x1C, 0x0E, 0x0C, 0x07, 0x86, 0x83, 0xC3, 0x81, 0xC1, 0x7F,
    0xE0, 0x3F, 0xF0, 0x1F, 0xF8, 0x0F, 0xFC, 0x07, 0xFE, 0x03, 0xFF, 0xC3,
    0xFF, 0xE0, 0xE0, 0x70, 0x00, 0x38, 0x30, 0x1C, 0x00, 0x0E, 0x0E, 0x07,
    0x00, 0xFF, 0x81, 0xFF, 0xC0, 0x7F, 0xE0, 0x3F, 0xF0, 0x1F, 0xF8, 0x0F,
    0x00, 0x00, 0x00, 0x00, 0x00, 0x00, 0x00, 0x00, 0x00, 0x00, 0x0E, 0x80,
    0x01, 0x00, 0x00, 0x00, 0x00, 0x00, 0x00, 0x00, 0x03, 0x80, 0x01, 0x00,
    0x00, 0x00, 0x00, 0x00, 0x00, 0x00, 0x00, 0x00, 0x00, 0x00, 0x00, 0x00,
    0x00, 0x00, 0x00, 0x00, 0x00, 0x00, 0x07, 0x80, 0x03, 0x00, 0x00, 0x00,
    0x00, 0x00, 0x00, 0x00, 0x00, 0x00, 0x00, 0x00, 0x00, 0x07, 0x80, 0x03,
    0x00, 0x00, 0x00, 0x00, 0x00, 0x00, 0x00, 0x00, 0x00, 0x00, 0x03, 0xC0,
    0x00, 0x00, 0x00, 0x00, 0x00, 0x00, 0x00, 0xF0, 0x01, 0xF8, 0x00, 0x00,
    0x00, 0x00, 0x00, 0x00, 0x00, 0x00, 0x00, 0x00, 0x00, 0x00, 0x00, 0x00,
    0x00, 0x00, 0x00, 0x00, 0x00, 0x80, 0x01, 0xC0, 0x00, 0x00, 0x00, 0x00,
    0x00, 0x00, 0x00, 0x00, 0x00, 0x00, 0x00, 0x00, 0x80, 0x07, 0xC0, 0x03,
    0x00, 0x00, 0x00, 0x00, 0x00, 0x00, 0x00, 0x00, 0x00, 0x00, 0x03, 0xC0,
    0x00, 0x00, 0x00, 0x00, 0x00, 0x00, 0x00, 0xF0, 0x01, 0xF8, 0x00, 0x00,
    0x00, 0x00, 0x00, 0x00, 0x00, 0x00, 0x00, 0x00, 0x00, 0x00, 0x00, 0x00,
    0x00, 0x00, 0x00, 0x00, 0x00, 0x80, 0x01, 0xC0, 0x00, 0x00, 0x00, 0x00,
    0x00, 0x00, 0x00, 0x00, 0x00, 0x00, 0x00, 0x00, 0x80, 0x07, 0xC0, 0x03,
    0xC0, 0x0D, 0xE0, 0x06, 0x00, 0x00, 0x00, 0x00, 0xC6, 0x00, 0x63, 0x00,
    0x00, 0x00, 0x00, 0xC0, 0x3B, 0xE0, 0x1D, 0xF8, 0x0F, 0xFC, 0x07, 0x86,
    0x03, 0xC3, 0x01, 0x1E, 0x00, 0x0F, 0x80, 0x73, 0xC0, 0x39, 0x00, 0x00,
    0x00, 0x00, 0x7C, 0x00, 0x3E, 0x00, 0x1F, 0x00, 0x0F, 0x60, 0x0C, 0x00,
    0x03, 0x80, 0x01, 0x70, 0x00, 0x38, 0x00, 0x6E, 0x00, 0x37, 0x00, 0x00,
    0xC0, 0x0D, 0xE0, 0x06, 0x00, 0x00, 0x00, 0x00, 0xC6, 0x00, 0x63, 0x00,
    0x00, 0x00, 0x00, 0xC0, 0x3B, 0xE0, 0x1D, 0xF8, 0x0F, 0xFC, 0x07, 0x86,
    0x03, 0xC3, 0x01, 0x1E, 0x00, 0x0F, 0x80, 0x73, 0xC0, 0x39, 0x00, 0x00,
    0x00, 0x00, 0x7C, 0x00, 0x3E, 0x00, 0x1F, 0x00, 0x0F, 0x60, 0x0C, 0x00,
    0x03, 0x80, 0x01, 0x70, 0x00, 0x38, 0x00, 0x6E, 0x00, 0x37, 0x00, 0x00,
    0x80, 0x07, 0xC0, 0x03, 0xFF, 0x1F, 0x38, 0x00, 0x7C, 0x00, 0x3E, 0xF0,
    0xFF, 0x81, 0x03, 0x60, 0x0E, 0x30, 0x07, 0x00, 0x00, 0x00, 0x00, 0xFC,
    0x00, 0x7E, 0x00, 0x37, 0x80, 0x1B, 0xC0, 0x39, 0xE0, 0x1C, 0x0C, 0x1C,
    0x00, 0x00, 0xC6, 0x00, 0x63, 0x80, 0x31, 0x80, 0x1B, 0x00, 0x00, 0xC0,
    0x01, 0xE0, 0x00, 0x00, 0x00, 0x00, 0x00, 0x3C, 0x00, 0x1E, 0x80, 0x0F,
    0xE0, 0x3F, 0x00, 0x00, 0xE0, 0x00, 0x38, 0xC0, 0xFF, 0x07, 0x0E, 0x00,
    0x0E, 0xE0, 0x1F, 0x30, 0x70, 0x00, 0x00, 0x0C, 0x1C, 0x00, 0x00, 0x03,
    0x07, 0x00, 0xC0, 0xDE, 0x01, 0x0F, 0x30, 0x70, 0x00, 0x00, 0x0C, 0x1C,
    0x00, 0xC0, 0x01, 0x07, 0x00, 0x00, 0x00, 0x00, 0x00, 0x30, 0x38, 0xF8,
    0x1F, 0x00, 0x00, 0xFE, 0x07, 0x00, 0x80, 0xFF, 0x01, 0x00, 0xC0, 0x18,
    0xE0, 0x3F, 0x00, 0x00, 0xE0, 0x00, 0x38, 0xC0, 0xFF, 0x07, 0x0E, 0x00,
    0x0E, 0xE0, 0x1F, 0x30, 0x70, 0x00, 0x00, 0x0C, 0x1C, 0x00, 0x00, 0x03,
    0x07, 0x00, 0xC0, 0xDE, 0x01, 0x0F, 0x30, 0x70, 0x00, 0x00, 0x0C, 0x1C,
    0x00, 0xC0, 0x01, 0x07, 0x00, 0x00, 0x00, 0x00, 0x00, 0x30, 0x38, 0xF8,
    0x1F, 0x00, 0x00, 0xFE, 0x07, 0x00, 0x80, 0xFF, 0x01, 0x00, 0xC0, 0x18,
    0x1C, 0x00, 0xF8, 0x07, 0x70, 0x80, 0xFF, 0x00, 0x1C, 0xE0, 0x3F, 0x00,
    0x07, 0xC0, 0x00, 0x1C, 0x38, 0x0E, 0x1C, 0x07, 0x8E, 0x03, 0xC7, 0x81,
    0xE3, 0xC0, 0x71, 0xE0, 0x38, 0x70, 0x1C, 0x38, 0x0E, 0x1C, 0x07, 0x8E,
    0x03, 0xE7, 0x9C, 0x73, 0xC0, 0x71, 0x30, 0x38, 0x70, 0x30, 0x06, 0xC0,
    0x01, 0xFF, 0x0F, 0x70, 0xC0, 0xFF, 0x03, 0x1C, 0xF0, 0xFF, 0x78, 0x00,
    0x1C, 0x00, 0xF8, 0x07, 0x70, 0x80, 0xFF, 0x00, 0x1C, 0xE0, 0x3F, 0x00,
    0x07, 0xC0, 0x00, 0x1C, 0x38, 0x0E, 0x1C, 0x07, 0x8E, 0x03, 0xC7, 0x81,
    0xE3, 0xC0, 0x71, 0xE0, 0x38, 0x70, 0x1C, 0x38, 0x0E, 0x1C, 0x07, 0x8E,
    0x03, 0xE7, 0x9C, 0x73, 0xC0, 0x71, 0x30, 0x38, 0x70, 0x30, 0x06, 0xC0,
    0x01, 0xFF, 0x0F, 0x70, 0xC0, 0xFF, 0x03, 0x1C, 0xF0, 0xFF, 0x78, 0x00,
    0xF0, 0x0F, 0x0E, 0x00, 0x70, 0x00, 0x0C, 0x00, 0x1C, 0x00, 0x03, 0xC0,
    0x1F, 0xF8, 0x0F, 0x1C, 0x38, 0x0E, 0x1C, 0x07, 0x8E, 0x03, 0xC7, 0x81,
    0xE3, 0xC0, 0x71, 0xE0, 0x38, 0x70, 0x1C, 0x38, 0x0E, 0x1C, 0x07, 0x8E,
    0x03, 0xE7, 0x9C, 0x73, 0xCE, 0xC1, 0x18, 0x60, 0x18, 0xE0, 0x03, 0xE0,
    0x00, 0x80, 0x01, 0x38, 0x00, 0x60, 0x00, 0x0E, 0x00, 0x18, 0x60, 0x00,
    0x00, 0x38, 0xF8, 0x07, 0x70, 0x00, 0x0C, 0x00, 0x1C, 0x00, 0x03, 0x00,
    0x07, 0xC0, 0x00, 0x1C, 0x38, 0x0E, 0x1C, 0x07, 0x8E, 0x03, 0xC7, 0x81,
    0xE3, 0xC0, 0x71, 0xE0, 0x38, 0x70, 0x1C, 0x38, 0x0E, 0x1C, 0x07, 0x8E,
    0x03, 0xE7, 0xBE, 0x73, 0xCE, 0x81, 0x0F, 0xC0, 0x0C, 0xC0, 0x01, 0x30,
    0x00, 0xF0, 0x00, 0x0C, 0x00, 0x3C, 0x00, 0x03, 0x00, 0x0F, 0x60, 0x00,
    0x00, 0x38, 0xF8, 0x07, 0x70, 0x00, 0x0C, 0x00, 0x1C, 0x00, 0x03, 0x00,
    0x07, 0xC0, 0x00, 0x1C, 0x38, 0x0E, 0x1C, 0x07, 0x8E, 0x03, 0xC7, 0x81,
    0xE3, 0xC0, 0x71, 0xE0, 0x38, 0x70, 0x1C, 0x38, 0x0E, 0x1C, 0x07, 0x8E,
    0x03, 0xE7, 0xBE, 0x73, 0xCE, 0x81, 0x0F, 0xC0, 0x0C, 0xC0, 0x01, 0x30,
    0x00, 0xF0, 0x00, 0x0C, 0x00, 0x3C, 0x00, 0x03, 0x00, 0x0F, 0x60, 0x00,
    0x0E, 0x0C, 0x00, 0x06, 0x18, 0x00, 0x86, 0x01, 0x06, 0x80, 0x61, 0x80,
    0x01, 0x60, 0x18, 0x0E, 0x0C, 0x07, 0x87, 0x03, 0xC3, 0xC1, 0xE1, 0xC0,
    0x70, 0x70, 0x38, 0x30, 0x1C, 0x1C, 0x0E, 0x0C, 0x07, 0x87, 0x03, 0xC3,
    0xC1, 0xE1, 0x79, 0x70, 0x33, 0x80, 0x01, 0xC0, 0x03, 0x60, 0x00, 0x0E,
    0x00, 0x0C, 0x80, 0x03, 0x00, 0x03, 0xE0, 0x00, 0xC0, 0x00, 0x38, 0x00,
    0x0E, 0x0C, 0x00, 0x06, 0x18, 0x00, 0x86, 0x01, 0x06, 0x80, 0x61, 0x80,
    0x01, 0x60, 0x18, 0x0E, 0x0C, 0x07, 0x87, 0x03, 0xC3, 0xC1, 0xE1, 0xC0,
    0x70, 0x70, 0x38, 0x30, 0x1C, 0x1C, 0x0E, 0x0C, 0x07, 0x87, 0x03, 0xC3,
    0xC1, 0xE1, 0x79, 0x70, 0x33, 0x80, 0x01, 0xC0, 0x03, 0x60, 0x00, 0x0E,
    0x00, 0x0C, 0x80, 0x03, 0x00, 0x03, 0xE0, 0x00, 0xC0, 0x00, 0x38, 0x00,
    0xFC, 0x07, 0xFE, 0x03, 0x18, 0x00, 0xFC, 0x00, 0x06, 0x00, 0x3F, 0x80,
    0x01, 0xC0, 0x0F, 0xFC, 0x07, 0xFE, 0x06, 0xFF, 0x81, 0xBF, 0xC1, 0x7F,
    0xE0, 0x6F, 0xF0, 0x1F, 0xF8, 0x1B, 0xFC, 0x07, 0xFE, 0x06, 0xFF, 0x81,
    0xBF, 0xE1, 0x60, 0xE0, 0x1C, 0x80, 0x01, 0xC0, 0x00, 0x60, 0x00, 0xFF,
    0x83, 0xFF, 0xC3, 0xFF, 0xE0, 0xFF, 0xF0, 0x3F, 0xF8, 0x3F, 0x7C, 0x00,
    0xFC, 0x07, 0xFE, 0x03, 0x18, 0x00, 0xFC, 0x00, 0x06, 0x00, 0x3F, 0x80,
    0x01, 0xC0, 0x0F, 0xFC, 0x07, 0xFE, 0x06, 0xFF, 0x81, 0xBF, 0xC1, 0x7F,
    0xE0, 0x6F, 0xF0, 0x1F, 0xF8, 0x1B, 0xFC, 0x07, 0xFE, 0x06, 0xFF, 0x81,
    0xBF, 0xE1, 0x60, 0xE0, 0x1C, 0x80, 0x01, 0xC0, 0x00, 0x60, 0x00, 0xFF,
    0x83, 0xFF, 0xC3, 0xFF, 0xE0, 0xFF, 0xF0, 0x3F, 0xF8, 0x3F, 0x7C, 0x00,
    0x00, 0x00, 0x00, 0x00, 0x70, 0x00, 0x70, 0x00, 0x00, 0x00, 0x00, 0x00,
    0x00, 0x00, 0x00, 0x00, 0x00, 0x00, 0x00, 0x00, 0x00, 0x00, 0x00, 0x00,
    0x00, 0x00, 0x00, 0x00, 0x00, 0x00, 0x00, 0x00, 0x00, 0x00, 0x18, 0x00,
    0x0C, 0x00, 0x00, 0x00, 0x00, 0x00, 0x00, 0x78, 0x00, 0x00, 0x00, 0x00,
    0x00, 0x00, 0x00, 0x00, 0x00, 0x00, 0x00, 0x00, 0x00, 0x00, 0x00, 0x00,
    0x00, 0x00, 0x00, 0x00, 0x7C, 0x00, 0x78, 0x00, 0x00, 0x00, 0x00, 0x00,
    0x00, 0x00, 0x00, 0x00, 0x00, 0x00, 0x00, 0x00, 0x00, 0x00, 0x00, 0x00,
    0x00, 0x00, 0x00, 0x00, 0x00, 0x00, 0x00, 0x00, 0x00, 0x00, 0x78, 0x00,
    0x3C, 0x00, 0x00, 0x00, 0x00, 0x00, 0x00, 0x00, 0x00, 0x00, 0x00, 0x00,
    0x00, 0x00, 0x00, 0x00, 0x00, 0x00, 0x00, 0x00, 0x00, 0x00, 0x00, 0x00,
    0x00, 0x00, 0x00, 0x00, 0x7C, 0x00, 0x78, 0x00, 0x00, 0x00, 0x00, 0x00,
    0x00, 0x00, 0x00, 0x00, 0x00, 0x00, 0x00, 0x00, 0x00, 0x00, 0x00, 0x00,
    0x00, 0x00, 0x00, 0x00, 0x00, 0x00, 0x00, 0x00, 0x00, 0x00, 0x78, 0x00,
    0x3C, 0x00, 0x00, 0x00, 0x00, 0x00, 0x00, 0x00, 0x00, 0x00, 0x00, 0x00,
    0x00, 0x00, 0x00, 0x00, 0x00, 0x00, 0x00, 0x00, 0x00, 0x00, 0x00, 0x00,
    0x00, 0x00, 0x00, 0x00, 0x70, 0x03, 0xCC, 0x00, 0x00, 0x00, 0x00, 0x00,
    0xE7, 0x00, 0x0F, 0xC0, 0x0D, 0xF0, 0x1F, 0x80, 0x01, 0x38, 0x00, 0x00,
    0x00, 0x00, 0x80, 0xE1, 0x00, 0x07, 0xC0, 0x07, 0x00, 0x00, 0xF0, 0x0E,
    0x00, 0x00, 0x60, 0x00, 0x3C, 0x00, 0xE7, 0xC0, 0x7B, 0xFC, 0x03, 0x3E,
    0x1C, 0x00, 0x80, 0x7F, 0x08, 0xFE, 0x00, 0x00, 0x00, 0x00, 0x00, 0x00,
    0x00, 0x00, 0x00, 0x00, 0x70, 0x03, 0xCC, 0x00, 0x00, 0x00, 0x00, 0x00,
    0xE7, 0x00, 0x0F, 0xC0, 0x0D, 0xF0, 0x1F, 0x80, 0x01, 0x38, 0x00, 0x00,
    0x00, 0x00, 0x80, 0xE1, 0x00, 0x07, 0xC0, 0x07, 0x00, 0x00, 0xF0, 0x0E,
    0x00, 0x00, 0x60, 0x00, 0x3C, 0x00, 0xE7, 0xC0, 0x7B, 0xFC, 0x03, 0x3E,
    0x1C, 0x00, 0x80, 0x7F, 0x08, 0xFE, 0x00, 0x00, 0x00, 0x00, 0x00, 0x00,
    0xF0, 0x3F, 0x30, 0x06, 0xE0, 0x01, 0x78, 0x00, 0x00, 0x00, 0x00, 0x80,
    0x31, 0x80, 0x1B, 0x80, 0x07, 0x00, 0x00, 0xE0, 0x00, 0x70, 0x00, 0x00,
    0x00, 0x00, 0x00, 0x3F, 0x00, 0x00, 0x60, 0x0C, 0x00, 0x00, 0x98, 0x03,
    0x00, 0x00, 0x38, 0x00, 0x30, 0x80, 0x31, 0x80, 0x73, 0x1C, 0x00, 0x26,
    0x06, 0x00, 0x00, 0xC4, 0x0E, 0x83, 0xE3, 0x81, 0xF1, 0xC1, 0xF8, 0x60,
    0x00, 0x0C, 0x30, 0x06, 0xF0, 0x03, 0x00, 0x00, 0x00, 0x00, 0x00, 0x00,
    0x00, 0x00, 0x00, 0x00, 0x00, 0x00, 0x00, 0x00, 0x00, 0x00, 0x00, 0x00,
    0x00, 0x00, 0x00, 0x00, 0x00, 0x00, 0xC0, 0x07, 0x00, 0x00, 0x00, 0x00,
    0x00, 0x00, 0x78, 0x00, 0x1C, 0x80, 0xF7, 0xC0, 0x18, 0x9C, 0x7F, 0x3E,
    0x03, 0xF8, 0x0D, 0xC4, 0xCF, 0x01, 0x87, 0x41, 0x00, 0x27, 0x18, 0x10,
    0x00, 0x0C, 0x30, 0x06, 0xF0, 0x03, 0x00, 0x00, 0x00, 0x00, 0x00, 0x00,
    0x00, 0x00, 0x00, 0x00, 0x00, 0x00, 0x00, 0x00, 0x00, 0x00, 0x00, 0x00,
    0x00, 0x00, 0x00, 0x00, 0x00, 0x00, 0xC0, 0x07, 0x00, 0x00, 0x00, 0x00,
    0x00, 0x00, 0x78, 0x00, 0x1C, 0x80, 0xF7, 0xC0, 0x18, 0x9C, 0x7F, 0x3E,
    0x03, 0xF8, 0x0D, 0xC4, 0xCF, 0x01, 0x87, 0x41, 0x00, 0x27, 0x18, 0x10,
    0x80, 0x03, 0x18, 0x03, 0x0C, 0x83, 0xFF, 0x00, 0xFF, 0x80, 0xDF, 0x01,
    0x00, 0x00, 0x00, 0x00, 0x00, 0x00, 0x00, 0x00, 0x00, 0x00, 0x00, 0x00,
    0x00, 0x00, 0x00, 0x00, 0x00, 0x00, 0x00, 0x00, 0x00, 0x00, 0x00, 0x00,
    0x00, 0x00, 0x00, 0x00, 0x00, 0x00, 0x00, 0x00, 0x00, 0xCE, 0x01, 0xE0,
    0x00, 0x84, 0x02, 0xB2, 0xE6, 0x80, 0xE3, 0x10, 0xF0, 0x08, 0x7C, 0x04,
    0x80, 0x03, 0x18, 0x03, 0x0C, 0x83, 0xFF, 0x00, 0xFF, 0x80, 0xDF, 0x01,
    0x00, 0x00, 0x00, 0x00, 0x00, 0x00, 0x00, 0x00, 0x00, 0x00, 0x00, 0x00,
    0x00, 0x00, 0x00, 0x00, 0x00, 0x00, 0x00, 0x00, 0x00, 0x00, 0x00, 0x00,
    0x00, 0x00, 0x00, 0x00, 0x00, 0x00, 0x00, 0x00, 0x00, 0xCE, 0x01, 0xE0,
    0x00, 0x84, 0x02, 0xB2, 0xE6, 0x80, 0xE3, 0x10, 0xF0, 0x08, 0x7C, 0x04,
    0xF0, 0x07, 0x18, 0x03, 0x07, 0x0E, 0x80, 0xC1, 0x81, 0xE3, 0x70, 0x00,
    0x00, 0x00, 0x00, 0x00, 0x00, 0x00, 0x00, 0x00, 0x00, 0x00, 0x00, 0x00,
    0x00, 0x00, 0x00, 0x00, 0x00, 0x00, 0x00, 0x00, 0x00, 0x00, 0x00, 0x00,
    0x00, 0x00, 0x00, 0x00, 0x00, 0x00, 0x00, 0x00, 0x00, 0xFE, 0x0F, 0x30,
    0x00, 0x94, 0x02, 0x32, 0xE6, 0x80, 0xE3, 0xFC, 0x81, 0xF7, 0x61, 0x7F,
    0x60, 0x00, 0x18, 0x03, 0xFF, 0x8F, 0xFF, 0xC1, 0xFF, 0x73, 0x20, 0x00,
    0x00, 0x00, 0x00, 0x00, 0x00, 0x00, 0x00, 0x00, 0x00, 0x00, 0x00, 0x00,
    0x00, 0x00, 0x00, 0x00, 0x00, 0x00, 0x00, 0x00, 0x00, 0x00, 0x00, 0xE0,
    0xFF, 0x0F, 0x00, 0x00, 0x00, 0x00, 0x00, 0x00, 0x00, 0xC0, 0x01, 0xF8,
    0x3E, 0x94, 0x02, 0x32, 0xC6, 0xC1, 0xE0, 0x92, 0xF9, 0x11, 0xBD, 0x64,
    0x60, 0x00, 0x18, 0x03, 0xFF, 0x8F, 0xFF, 0xC1, 0xFF, 0x73, 0x20, 0x00,
    0x00, 0x00, 0x00, 0x00, 0x00, 0x00, 0x00, 0x00, 0x00, 0x00, 0x00, 0x00,
    0x00, 0x00, 0x00, 0x00, 0x00, 0x00, 0x00, 0x00, 0x00, 0x00, 0x00, 0xE0,
    0xFF, 0x0F, 0x00, 0x00, 0x00, 0x00, 0x00, 0x00, 0x00, 0xC0, 0x01, 0xF8,
    0x3E, 0x94, 0x02, 0x32, 0xC6, 0xC1, 0xE0, 0x92, 0xF9, 0x11, 0xBD, 0x64,
    0x1C, 0x00, 0xCE, 0x81, 0x03, 0x63, 0xC0, 0xE0, 0x00, 0x70, 0x3C, 0x00,
    0x00, 0x00, 0x00, 0x00, 0x00, 0x00, 0x00, 0x00, 0x00, 0x00, 0x00, 0x00,
    0x00, 0x00, 0x00, 0x00, 0x00, 0x00, 0x00, 0x00, 0x00, 0x00, 0x00, 0x00,
    0x00, 0x00, 0x00, 0x00, 0x00, 0x00, 0x00, 0x00, 0x00, 0x60, 0x00, 0x2F,
    0x19, 0x0B, 0x01, 0x00, 0xC0, 0x39, 0x80, 0x7C, 0x40, 0xF8, 0x20, 0x1F,
    0x1C, 0x00, 0xCE, 0x81, 0x03, 0x63, 0xC0, 0xE0, 0x00, 0x70, 0x3C, 0x00,
    0x00, 0x00, 0x00, 0x00, 0x00, 0x00, 0x00, 0x00, 0x00, 0x00, 0x00, 0x00,
    0x00, 0x00, 0x00, 0x00, 0x00, 0x00, 0x00, 0x00, 0x00, 0x00, 0x00, 0x00,
    0x00, 0x00, 0x00, 0x00, 0x00, 0x00, 0x00, 0x00, 0x00, 0x60, 0x00, 0x2F,
    0x19, 0x0B, 0x01, 0x00, 0xC0, 0x39, 0x80, 0x7C, 0x40, 0xF8, 0x20, 0x1F,
    0xFE, 0x07, 0xCE, 0x81, 0x03, 0xC3, 0xFF, 0xC1, 0x7F, 0xE0, 0x6F, 0x00,
    0x00, 0x00, 0x00, 0x00, 0x00, 0x00, 0x00, 0x00, 0x00, 0x00, 0x00, 0x00,
    0x00, 0x00, 0x00, 0x00, 0x00, 0x00, 0x00, 0x00, 0x00, 0x00, 0x00, 0x00,
    0x00, 0x00, 0x00, 0x00, 0x00, 0x00, 0x00, 0x00, 0x00, 0xE0, 0x8F, 0x39,
    0x1F, 0xFB, 0x01, 0x00, 0xF0, 0xF9, 0x60, 0x4C, 0x30, 0xC8, 0x18, 0x13,
    0xFE, 0x07, 0xCE, 0x81, 0x03, 0xC3, 0xFF, 0xC1, 0x7F, 0xE0, 0x6F, 0x00,
    0x00, 0x00, 0x00, 0x00, 0x00, 0x00, 0x00, 0x00, 0x00, 0x00, 0x00, 0x00,
    0x00, 0x00, 0x00, 0x00, 0x00, 0x00, 0x00, 0x00, 0x00, 0x00, 0x00, 0x00,
    0x00, 0x00, 0x00, 0x00, 0x00, 0x00, 0x00, 0x00, 0x00, 0xE0, 0x8F, 0x39,
    0x1F, 0xFB, 0x01, 0x00, 0xF0, 0xF9, 0x60, 0x4C, 0x30, 0xC8, 0x18, 0x13,
    0x00, 0x00, 0xCE, 0x01, 0x00, 0x00, 0x00, 0x00, 0x1C, 0x00, 0x00, 0x00,
    0x00, 0x00, 0x00, 0x00, 0x00, 0x00, 0x00, 0x00, 0x00, 0x00, 0x00, 0x00,
    0x00, 0x03, 0x00, 0x00, 0x00, 0x00, 0x00, 0x00, 0x30, 0x00, 0x00, 0x00,
    0x00, 0x00, 0x00, 0x00, 0x00, 0x00, 0x00, 0x00, 0x00, 0x00, 0x00, 0x00,
    0x00, 0x00, 0x00, 0x00, 0x00, 0x00, 0x10, 0x7C, 0x08, 0xF8, 0x04, 0x1F,
    0x00, 0x00, 0x00, 0x00, 0x00, 0x00, 0x00, 0x00, 0x06, 0x00, 0x00, 0x00,
    0x00, 0x00, 0x00, 0x00, 0x00, 0x00, 0x00, 0x00, 0x00, 0x00, 0xC0, 0x7F,
    0x80, 0x01, 0x00, 0x00, 0x00, 0x00, 0x00, 0x00, 0xF0, 0x00, 0x00, 0x00,
    0x00, 0x00, 0x00, 0x00, 0x00, 0x00, 0x00, 0x00, 0x00, 0x00, 0x00, 0x00,
    0x00, 0x00, 0x00, 0x00, 0x00, 0x00, 0x00, 0x00, 0x00, 0x00, 0x00, 0x00,
    0x00, 0x00, 0x00, 0x00, 0x00, 0x00, 0x00, 0x00, 0x06, 0x00, 0x00, 0x00,
    0x00, 0x00, 0x00, 0x00, 0x00, 0x00, 0x00, 0x00, 0x00, 0x00, 0xC0, 0x7F,
    0x80, 0x01, 0x00, 0x00, 0x00, 0x00, 0x00, 0x00, 0xF0, 0x00, 0x00, 0x00,
    0x00, 0x00, 0x00, 0x00, 0x00, 0x00, 0x00, 0x00, 0x00, 0x00, 0x00, 0x00,
    0x00, 0x00, 0x00, 0x00, 0x00, 0x00, 0x00, 0x00, 0x00, 0x00, 0x00, 0x00,
    0x00, 0x00, 0x00, 0x00, 0x00, 0x00, 0x00, 0x00, 0x38, 0x00, 0x00, 0x00,
    0x08, 0x00, 0x00, 0x00, 0x00, 0x00, 0x00, 0x00, 0x00, 0x00, 0x00, 0x00,
    0x00, 0x00, 0x00, 0x00, 0x00, 0x00, 0x00, 0x00, 0x00, 0x00, 0x00, 0x00,
    0x00, 0x00, 0x00, 0x00, 0x00, 0x00, 0x00, 0x00, 0x00, 0x00, 0x00, 0x00,
    0x00, 0x00, 0x00, 0x00, 0x00, 0x00, 0x00, 0x00, 0x00, 0x00, 0x00, 0x00,
    0x00, 0x00, 0x00, 0x00, 0x00, 0x00, 0x00, 0x00, 0x38, 0x00, 0x00, 0x00,
    0x08, 0x00, 0x00, 0x00, 0x00, 0x00, 0x00, 0x00, 0x00, 0x00, 0x00, 0x00,
    0x00, 0x00, 0x00, 0x00, 0x00, 0x00, 0x00, 0x00, 0x00, 0x00, 0x00, 0x00,
    0x00, 0x00, 0x00, 0x00, 0x00, 0x00, 0x00, 0x00, 0x00, 0x00, 0x00, 0x00,
    0x00, 0x00, 0x00, 0x00, 0x00, 0x00, 0x00, 0x00, 0x00, 0x00, 0x00, 0x00,
    0xFC, 0x31, 0x00, 0x00, 0xE0, 0x00, 0x00, 0x00, 0x38, 0xE0, 0xFF, 0x03,
    0x38, 0x00, 0x00, 0x00, 0x00, 0x00, 0x00, 0x00, 0x00, 0x00, 0x00, 0x00,
    0x00, 0x00, 0x00, 0x00, 0x00, 0x00, 0x00, 0x00, 0x00, 0x00, 0x00, 0x00,
    0x00, 0x00, 0x00, 0x00, 0x00, 0x00, 0x00, 0x00, 0x00, 0x00, 0x00, 0x00,
    0x00, 0x00, 0x00, 0x00, 0x00, 0x00, 0x00, 0x00, 0x00, 0x00, 0x00, 0x00,
    0x60, 0x08, 0xC0, 0x01, 0xF0, 0x01, 0x70, 0x00, 0x38, 0xE0, 0xFF, 0x03,
    0xE8, 0xE0, 0x0F, 0x00, 0x00, 0x00, 0x00, 0x00, 0x00, 0x00, 0x00, 0x00,
    0x00, 0x00, 0x00, 0x00, 0x00, 0x00, 0x00, 0x00, 0x00, 0x00, 0x00, 0x00,
    0x00, 0x00, 0x00, 0x00, 0x00, 0x00, 0x00, 0x00, 0x00, 0x00, 0x00, 0x00,
    0x00, 0x00, 0x00, 0x00, 0x00, 0x00, 0x00, 0x00, 0x00, 0x00, 0x00, 0x00,
    0x60, 0x08, 0xC0, 0x01, 0xF0, 0x01, 0x70, 0x00, 0x38, 0xE0, 0xFF, 0x03,
    0xE8, 0xE0, 0x0F, 0x00, 0x00, 0x00, 0x00, 0x00, 0x00, 0x00, 0x00, 0x00,
    0x00, 0x00, 0x00, 0x00, 0x00, 0x00, 0x00, 0x00, 0x00, 0x00, 0x00, 0x00,
    0x00, 0x00, 0x00, 0x00, 0x00, 0x00, 0x00, 0x00, 0x00, 0x00, 0x00, 0x00,
    0x00, 0x00, 0x00, 0x00, 0x00, 0x00, 0x00, 0x00, 0x00, 0x00, 0x00, 0x00,
    0x1C, 0x02, 0x38, 0x00, 0xFC, 0x01, 0xF0, 0x00, 0x1C, 0xF0, 0xFF, 0x01,
    0x26, 0xC0, 0x00, 0xF0, 0x0F, 0x00, 0x00, 0x00, 0x00, 0x00, 0x00, 0x00,
    0x00, 0x00, 0x00, 0x00, 0x00, 0x00, 0x00, 0x00, 0x00, 0x00, 0x00, 0x00,
    0x00, 0x00, 0x00, 0x00, 0x00, 0x00, 0x00, 0x00, 0x00, 0x00, 0x00, 0x00,
    0x00, 0x00, 0x00, 0x00, 0x00, 0x00, 0x00, 0x00, 0x00, 0x00, 0x00, 0x00,
    0x1C, 0x02, 0x38, 0x00, 0xFC, 0x01, 0xF0, 0x00, 0x1C, 0xF0, 0xFF, 0x01,
    0x26, 0xC0, 0x00, 0xF0, 0x0F, 0x00, 0x00, 0x00, 0x00, 0x00, 0x00, 0x00,
    0x00, 0x00, 0x00, 0x00, 0x00, 0x00, 0x00, 0x00, 0x00, 0x00, 0x00, 0x00,
    0x00, 0x00, 0x00, 0x00, 0x00, 0x00, 0x00, 0x00, 0x00, 0x00, 0x00, 0x00,
    0x00, 0x00, 0x00, 0x00, 0x00, 0x00, 0x00, 0x00, 0x00, 0x00, 0x00, 0x00,
    0x8E, 0x3F, 0xFF, 0x3F, 0x77, 0xE3, 0xFF, 0x07, 0x1C, 0xF0, 0xFF, 0x01,
    0x06, 0xC0, 0x0C, 0xE0, 0x07, 0x00, 0x00, 0x00, 0x00, 0x00, 0x00, 0x00,
    0x00, 0x00, 0x00, 0x00, 0x00, 0x00, 0x00, 0x00, 0x00, 0x00, 0x00, 0x00,
    0x00, 0x00, 0x00, 0x00, 0x00, 0x00, 0x00, 0x00, 0x00, 0x00, 0x00, 0x00,
    0x00, 0x00, 0x00, 0x00, 0x00, 0x00, 0x00, 0x00, 0x00, 0x00, 0x00, 0x00,
    0x4E, 0x32, 0x38, 0x00, 0x70, 0x00, 0xF0, 0xC0, 0xDD, 0xF0, 0xFF, 0xC1,
    0x07, 0xC0, 0x0C, 0xC0, 0x3D, 0x00, 0x00, 0x00, 0x00, 0x00, 0x00, 0x00,
    0x00, 0x00, 0x00, 0x00, 0x00, 0x00, 0x00, 0x00, 0x00, 0x00, 0x00, 0x00,
    0x00, 0x00, 0x00, 0x00, 0x00, 0x00, 0x00, 0x00, 0x00, 0x00, 0x00, 0x00,
    0x00, 0x00, 0x00, 0x00, 0x00, 0x00, 0x00, 0x00, 0x00, 0x00, 0x00, 0x00,
    0x4E, 0x32, 0x38, 0x00, 0x70, 0x00, 0xF0, 0xC0, 0xDD, 0xF0, 0xFF, 0xC1,
    0x07, 0xC0, 0x0C, 0xC0, 0x3D, 0x00, 0x00, 0x00, 0x00, 0x00, 0x00, 0x00,
    0x00, 0x00, 0x00, 0x00, 0x00, 0x00, 0x00, 0x00, 0x00, 0x00, 0x00, 0x00,
    0x00, 0x00, 0x00, 0x00, 0x00, 0x00, 0x00, 0x00, 0x00, 0x00, 0x00, 0x00,
    0x00, 0x00, 0x00, 0x00, 0x00, 0x00, 0x00, 0x00, 0x00, 0x00, 0x00, 0x00,
    0x90, 0x0F, 0x30, 0x00, 0x18, 0x00, 0x0C, 0xC0, 0x3F, 0xF8, 0x7F, 0xF8,
    0x01, 0x60, 0x07, 0x30, 0x38, 0x00, 0x00, 0x00, 0x00, 0x00, 0x00, 0x00,
    0x00, 0x00, 0x00, 0x00, 0x00, 0x00, 0x00, 0x00, 0x00, 0x00, 0x00, 0x00,
    0x00, 0x00, 0x00, 0x00, 0x00, 0x00, 0x00, 0x00, 0x00, 0x00, 0x00, 0x00,
    0x00, 0x00, 0x00, 0x00, 0x00, 0x00, 0x00, 0x00, 0x00, 0x00, 0x00, 0x00,
    0x90, 0x0F, 0x30, 0x00, 0x18, 0x00, 0x0C, 0xC0, 0x3F, 0xF8, 0x7F, 0xF8,
    0x01, 0x60, 0x07, 0x30, 0x38, 0x00, 0x00, 0x00, 0x00, 0x00, 0x00, 0x00,
    0x00, 0x00, 0x00, 0x00, 0x00, 0x00, 0x00, 0x00, 0x00, 0x00, 0x00, 0x00,
    0x00, 0x00, 0x00, 0x00, 0x00, 0x00, 0x00, 0x00, 0x00, 0x00, 0x00, 0x00,
    0x00, 0x00, 0x00, 0x00, 0x00, 0x00, 0x00, 0x00, 0x00, 0x00, 0x00, 0x00,
    0x8C, 0x09, 0x00, 0x00, 0x18, 0x00, 0x00, 0x00, 0x1F, 0xF8, 0x7F, 0xF0,
    0x00, 0x60, 0x1F, 0x1C, 0x00, 0x00, 0x00, 0x00, 0x00, 0x00, 0x00, 0x00,
    0x00, 0x00, 0x00, 0x00, 0x00, 0x00, 0x00, 0x00, 0x00, 0x00, 0x00, 0x00,
    0x00, 0x00, 0x00, 0x00, 0x00, 0x00, 0x00, 0x00, 0x00, 0x00, 0x00, 0x00,
    0x00, 0x00, 0x00, 0x00, 0x00, 0x00, 0x00, 0x00, 0x00, 0x00, 0x00, 0x00,
    0x8C, 0x09, 0x00, 0x00, 0x18, 0x00, 0x00, 0x00, 0x1F, 0xF8, 0x7F, 0xF0,
    0x00, 0x60, 0x1F, 0x1C, 0x00, 0x00, 0x00, 0x00, 0x00, 0x00, 0x00, 0x00,
    0x00, 0x00, 0x00, 0x00, 0x00, 0x00, 0x00, 0x00, 0x00, 0x00, 0x00, 0x00,
    0x00, 0x00, 0x00, 0x00, 0x00, 0x00, 0x00, 0x00, 0x00, 0x00, 0x00, 0x00,
    0x00, 0x00, 0x00, 0x00, 0x00, 0x00, 0x00, 0x00, 0x00, 0x00, 0x00, 0x00,
    0x82, 0x0F, 0x00, 0x00, 0x18, 0x00, 0x00, 0x00, 0x06, 0x00, 0x00, 0x00,
    0x00, 0x00, 0x00, 0x1C, 0x00, 0x00, 0x00, 0x00, 0x00, 0x00, 0x00, 0x00,
    0x00, 0x00, 0x00, 0x00, 0x00, 0x00, 0x00, 0x00, 0x00, 0x00, 0x00, 0x00,
    0x00, 0x00, 0x00, 0x00, 0x00, 0x00, 0x00, 0x00, 0x00, 0x00, 0x00, 0x00,
    0x00, 0x00, 0x00, 0x00, 0x00, 0x00, 0x00, 0x00, 0x00, 0x00, 0x00, 0x00,
    0x00, 0x00, 0x00, 0x00, 0x18, 0x00, 0x00, 0x00, 0x00, 0x00, 0x00, 0x00,
    0x00, 0x00, 0x00, 0xF0, 0x0F, 0x00, 0x00, 0x00, 0x00, 0x00, 0x00, 0x00,
    0x00, 0x00, 0x00, 0x00, 0x00, 0x00, 0x00, 0x00, 0x00, 0x00, 0x00, 0x00,
    0x00, 0x00, 0x00, 0x00, 0x00, 0x00, 0x00, 0x00, 0x00, 0x00, 0x00, 0x00,
    0x00, 0x00, 0x00, 0x00, 0x00, 0x00, 0x00, 0x00, 0x00, 0x00, 0x00, 0x00,
    0x00, 0x00, 0x00, 0x00, 0x18, 0x00, 0x00, 0x00, 0x00, 0x00, 0x00, 0x00,
    0x00, 0x00, 0x00, 0xF0, 0x0F, 0x00, 0x00, 0x00, 0x00, 0x00, 0x00, 0x00,
    0x00, 0x00, 0x00, 0x00, 0x00, 0x00, 0x00, 0x00, 0x00, 0x00, 0x00, 0x00,
    0x00, 0x00, 0x00, 0x00, 0x00, 0x00, 0x00, 0x00, 0x00, 0x00, 0x00, 0x00,
    0x00, 0x00, 0x00, 0x00, 0x00, 0x00, 0x00, 0x00, 0x00, 0x00, 0x00, 0x00,
    0x00, 0x00, 0x00, 0x00, 0x00, 0x00, 0x00, 0x00, 0x00, 0x00, 0x00, 0x00,
    0x00, 0x00, 0x00, 0x00, 0x00, 0x00, 0x00, 0x00, 0x00, 0x00, 0x00, 0x00,
    0x00, 0x00, 0x00, 0x00, 0x00, 0x00, 0x00, 0x00, 0x00, 0x00, 0x00, 0x00,
    0x00, 0x00, 0x00, 0x00, 0x00, 0x00, 0x00, 0x00, 0x00, 0x00, 0x00, 0x00,
    0x00, 0x00, 0x00, 0x00, 0x00, 0x00, 0x00, 0x00, 0x00, 0x00, 0x00, 0x00,
    0x00, 0x00, 0x00, 0x00, 0x00, 0x00, 0x00, 0x00, 0x00, 0x00, 0x00, 0x00,
    0x00, 0x00, 0x00, 0x00, 0x00, 0x00, 0x00, 0x00, 0x00, 0x00, 0x00, 0x00,
    0x00, 0x00, 0x00, 0x00, 0x00, 0x00, 0x00, 0x00, 0x00, 0x00, 0x00, 0x00,
    0x00, 0x00, 0x00, 0x00, 0x00, 0x00, 0x00, 0x00, 0x00, 0x00, 0x00, 0x00,
    0x00, 0x00, 0x00, 0x00, 0x00, 0x00, 0x00, 0x00, 0x00, 0x00, 0x00, 0x00,
    0x00, 0x00, 0x00, 0x00, 0x00, 0x00, 0x00, 0x00, 0x00, 0x0C, 0x00, 0x00,
    0x00, 0x00, 0x00, 0x00, 0x00, 0x00, 0x00, 0x00, 0x00, 0x00, 0x00, 0x00,
    0x00, 0x00, 0x00, 0x00, 0x00, 0x00, 0x00, 0x00, 0x00, 0x00, 0x00, 0x00,
    0x00, 0x00, 0x00, 0x00, 0x00, 0x38, 0x3E, 0x00, 0x00, 0xEE, 0x7F, 0x37,
    0xB8, 0xFB, 0x1F, 0x00, 0xE0, 0xFC, 0x00, 0x00, 0xB8, 0xC1, 0x9D, 0x7F,
    0x00, 0x00, 0x00, 0x00, 0x00, 0x00, 0x00, 0x00, 0x00, 0x0C, 0x00, 0x00,
    0x00, 0x00, 0x00, 0x00, 0x00, 0x00, 0x00, 0x00, 0x00, 0x00, 0x00, 0x00,
    0x00, 0x00, 0x00, 0x00, 0x00, 0x00, 0x00, 0x00, 0x00, 0x00, 0x00, 0x00,
    0x00, 0x00, 0x00, 0x00, 0x00, 0x38, 0xE7, 0x00, 0x00, 0x6E, 0x40, 0x37,
    0xB8, 0x83, 0x01, 0x00, 0xE0, 0x86, 0x03, 0x00, 0x38, 0xE7, 0xDC, 0xE0,
    0x00, 0x00, 0x00, 0x00, 0x00, 0x00, 0x00, 0x00, 0x00, 0x0C, 0x00, 0x00,
    0x00, 0x00, 0x00, 0x00, 0x00, 0x00, 0x00, 0x00, 0x00, 0x00, 0x00, 0x00,
    0x00, 0x00, 0x00, 0x00, 0x00, 0x00, 0x00, 0x00, 0x00, 0x00, 0x00, 0x00,
    0x00, 0x00, 0x00, 0x00, 0x00, 0x38, 0xE7, 0x00, 0x00, 0x6E, 0x40, 0x37,
    0xB8, 0x83, 0x01, 0x00, 0xE0, 0x86, 0x03, 0x00, 0x38, 0xE7, 0xDC, 0xE0,
    0x00, 0x00, 0x00, 0x00, 0x00, 0x00, 0x00, 0x00, 0x00, 0x00, 0x00, 0x00,
    0x00, 0x00, 0x00, 0x00, 0x00, 0x00, 0x00, 0x00, 0x00, 0x00, 0x00, 0x00,
    0x00, 0x00, 0x00, 0x00, 0x00, 0x00, 0x00, 0x00, 0x00, 0x00, 0x00, 0x00,
    0x00, 0x00, 0x00, 0x00, 0x00, 0xC0, 0xE0, 0x00, 0x00, 0x30, 0x00, 0x18,
    0x1C, 0xE0, 0x00, 0x00, 0xC0, 0x81, 0x03, 0x00, 0x00, 0x1F, 0x38, 0xE0,
    0x00, 0x00, 0x00, 0x00, 0x00, 0x00, 0x00, 0x00, 0x00, 0x00, 0x00, 0x00,
    0x00, 0x00, 0x00, 0x00, 0x00, 0x00, 0x00, 0x00, 0x00, 0x00, 0x00, 0x00,
    0x00, 0x00, 0x00, 0x00, 0x00, 0x00, 0x00, 0x00, 0x00, 0x00, 0x00, 0x00,
    0x00, 0x00, 0x00, 0x00, 0x00, 0xC0, 0xE0, 0x00, 0x00, 0x30, 0x00, 0x18,
    0x1C, 0xE0, 0x00, 0x00, 0xC0, 0x81, 0x03, 0x00, 0x00, 0x1F, 0x38, 0xE0,
    0x00, 0x00, 0x00, 0x00, 0x00, 0x00, 0x00, 0x00, 0x00, 0x00, 0x00, 0x00,
    0x00, 0x00, 0x00, 0x00, 0x00, 0x00, 0x00, 0x00, 0x00, 0x00, 0x00, 0x00,
    0x00, 0x00, 0x00, 0x00, 0x00, 0x00, 0x00, 0x00, 0x00, 0x00, 0x00, 0x00,
    0x00, 0x00, 0x00, 0x00, 0x00, 0x70, 0xC0, 0x01, 0x00, 0xF0, 0x07, 0xF8,
    0x1F, 0xE0, 0x00, 0x00, 0xC0, 0x81, 0x03, 0x00, 0x00, 0x0E, 0x38, 0xE0,
    0x00, 0x00, 0x00, 0x00, 0x00, 0x00, 0x00, 0x00, 0x00, 0x00, 0x00, 0x00,
    0x00, 0x00, 0x00, 0x00, 0x00, 0x00, 0x00, 0x00, 0x00, 0x00, 0x00, 0x00,
    0x00, 0x00, 0x00, 0x00, 0x00, 0x00, 0x00, 0x00, 0x00, 0x00, 0x00, 0x00,
    0x00, 0x00, 0x00, 0x00, 0x00, 0xF0, 0xFF, 0x01, 0x00, 0x30, 0x00, 0x18,
    0x1C, 0xE0, 0x00, 0x00, 0xC0, 0x81, 0x03, 0x00, 0x00, 0x0E, 0x60, 0x70,
    0x00, 0x00, 0x00, 0x00, 0x00, 0x00, 0x00, 0x00, 0x00, 0x00, 0x00, 0x00,
    0x00, 0x00, 0x00, 0x00, 0x00, 0x00, 0x00, 0x00, 0x00, 0x00, 0x00, 0x00,
    0x00, 0x00, 0x00, 0x00, 0x00, 0x00, 0x00, 0x00, 0x00, 0x00, 0x00, 0x00,
    0x00, 0x00, 0x00, 0x00, 0x00, 0xF0, 0xFF, 0x01, 0x00, 0x30, 0x00, 0x18,
    0x1C, 0xE0, 0x00, 0x00, 0xC0, 0x81, 0x03, 0x00, 0x00, 0x0E, 0x60, 0x70,
    0x00, 0x00, 0x00, 0x00, 0x00, 0x00, 0x00, 0x00, 0x00, 0x00, 0x00, 0x00,
    0x00, 0x00, 0x00, 0x00, 0x00, 0x00, 0x00, 0x00, 0x00, 0x00, 0x00, 0x00,
    0x00, 0x00, 0x00, 0x00, 0x00, 0x00, 0x00, 0x00, 0x00, 0x00, 0x00, 0x00,
    0x00, 0x00, 0x00, 0x00, 0x00, 0x38, 0xE0, 0x00, 0x00, 0x1C, 0x08, 0x0E,
    0x06, 0x70, 0x00, 0x00, 0xC0, 0x61, 0x00, 0x00, 0x00, 0x07, 0x60, 0x0C,
    0x00, 0x00, 0x00, 0x00, 0x00, 0x00, 0x00, 0x00, 0x00, 0x00, 0x00, 0x00,
    0x00, 0x00, 0x00, 0x00, 0x00, 0x00, 0x00, 0x00, 0x00, 0x00, 0x00, 0x00,
    0x00, 0x00, 0x00, 0x00, 0x00, 0x00, 0x00, 0x00, 0x00, 0x00, 0x00, 0x00,
    0x00, 0x00, 0x00, 0x00, 0x00, 0x38, 0xE0, 0x00, 0x00, 0x1C, 0x08, 0x0E,
    0x06, 0x70, 0x00, 0x00, 0xC0, 0x61, 0x00, 0x00, 0x00, 0x07, 0x60, 0x0C,
    0x00, 0x00, 0x00, 0x00, 0x00, 0x00, 0x00, 0x00, 0x00, 0x00, 0x00, 0x00,
    0x00, 0x00, 0x00, 0x00, 0x00, 0x00, 0x00, 0x00, 0x00, 0x00, 0x00, 0x00,
    0x00, 0x00, 0x00, 0x00, 0x00, 0x00, 0x00, 0x00, 0x00, 0x00, 0x00, 0x00,
    0x00, 0x00, 0x00, 0x00, 0x00, 0x38, 0xE0, 0x00, 0x00, 0xFC, 0x0F, 0x0E,
    0x06, 0xFF, 0x03, 0x00, 0x00, 0x3F, 0x00, 0x00, 0x80, 0x0F, 0x7C, 0xFC,
    0x00, 0x00, 0x00, 0x00, 0x00, 0x00, 0x00, 0x00, 0x00, 0x00, 0x00, 0x00,
    0x00, 0x00, 0x00, 0x00, 0x00, 0x00, 0x00, 0x00, 0x00, 0x00, 0x00, 0x00,
    0x00, 0x00, 0x00, 0x00, 0x00, 0x00, 0x00, 0x00, 0x00, 0x00, 0x00, 0x00,
    0x00, 0x00, 0x00, 0x00, 0x00, 0x38, 0xE0, 0x00, 0x00, 0xFC, 0x0F, 0x0E,
    0x06, 0xFF, 0x03, 0x00, 0x00, 0x3F, 0x00, 0x00, 0x80, 0x0F, 0x7C, 0xFC,
    0x00, 0x00, 0x00, 0x00, 0x00, 0x00, 0x00, 0x00, 0x00, 0x00, 0x00, 0x00,
    0x00, 0x00, 0x00, 0x00, 0x00, 0x00, 0x00, 0x00, 0x00, 0x00, 0x00, 0x00,
    0x00, 0x00, 0x00, 0x00, 0x00, 0x00, 0x00, 0x00, 0x00, 0x00, 0x00, 0x00,
    0x00, 0x00, 0x00, 0x00, 0x00, 0x00, 0x00, 0x00, 0x00, 0x00, 0x00, 0x00,
    0x00, 0x00, 0x00, 0x00, 0x00, 0x00, 0x00, 0x00, 0x00, 0x00, 0x00, 0x00,
    0x00, 0x00, 0x00, 0x00, 0x00, 0x00, 0x00, 0x00, 0x00, 0x00, 0x00, 0x00,
    0x00, 0x00, 0x00, 0x00, 0x00, 0x00, 0x00, 0x00, 0x00, 0x00, 0x00, 0x00,
    0x00, 0x00, 0x00, 0x00, 0x00, 0x00, 0x00, 0x00, 0x00, 0x00, 0x00, 0x00,
    0x00, 0x00, 0x00, 0x00, 0x00, 0x00, 0x00, 0x00, 0x00, 0x00, 0x00, 0x00,
    0x00, 0x00, 0x00, 0x00, 0x00, 0x00, 0x00, 0x00, 0x00, 0x00, 0x00, 0x00,
    0x00, 0x00, 0x00, 0x00, 0x00, 0x00, 0x00, 0x00, 0x00, 0x00, 0x00, 0x00,
    0x00, 0x00, 0x00, 0x00, 0x00, 0x00, 0x00, 0x00, 0x00, 0x00, 0x00, 0x00,
    0x00, 0x00, 0x00, 0x00, 0x00, 0x00, 0x00, 0x00, 0x00, 0x00, 0x00, 0x00,
    0x00, 0x00, 0x00, 0x00, 0x00, 0x00, 0x00, 0x00, 0x00, 0x00, 0x00, 0x00,
    0x00, 0x00, 0x00, 0x00, 0x00, 0x00, 0x00, 0x00, 0x00, 0x00, 0x00, 0x00,
    0x80, 0x03, 0x00, 0x00, 0x00, 0x00, 0x00, 0x00, 0x00, 0x00, 0x00, 0x00,
    0x00, 0x00, 0x00, 0x00, 0x00, 0x00, 0x00, 0x00, 0x00, 0x00, 0x00, 0x00,
    0x00, 0x00, 0x00, 0x00, 0x00, 0x00, 0x00, 0x00, 0x00, 0x00, 0x00, 0x00,
    0x00, 0x00, 0x00, 0x00, 0x00, 0x00, 0x00, 0x00, 0x00, 0x00, 0x00, 0xF0,
    0x07, 0x18, 0x03, 0x8C, 0x01, 0x60, 0x00, 0x60, 0x00, 0x18, 0x00, 0x0C,
    0x80, 0x03, 0x00, 0x00, 0x00, 0x00, 0x00, 0x00, 0x00, 0x00, 0x00, 0x00,
    0x00, 0x00, 0x00, 0x00, 0x00, 0x00, 0x00, 0x00, 0x00, 0x00, 0x00, 0x00,
    0x00, 0x00, 0x00, 0x00, 0x00, 0x00, 0x00, 0x00, 0x00, 0x00, 0x00, 0x00,
    0x00, 0x00, 0x00, 0x00, 0x00, 0x00, 0x00, 0x00, 0x00, 0x00, 0x00, 0xF0,
    0x07, 0x18, 0x03, 0x8C, 0x01, 0x60, 0x00, 0x60, 0x00, 0x18, 0x00, 0x0C,
    0xB0, 0x3B, 0xE0, 0x03, 0xFF, 0x83, 0xFF, 0x0F, 0x7C, 0xE0, 0xFF, 0xF1,
    0xFF, 0x78, 0xF0, 0xF0, 0x3F, 0xF0, 0x07, 0x1F, 0x1E, 0xF8, 0xC0, 0x83,
    0xE7, 0xC1, 0xF3, 0xFF, 0xE1, 0x7F, 0xFC, 0x7F, 0xF8, 0x1F, 0x00, 0x80,
    0xFF, 0xCF, 0xFF, 0xE7, 0x80, 0xC3, 0xFF, 0x78, 0xF0, 0x9C, 0x73, 0x18,
    0x1C, 0x00, 0x00, 0x00, 0x00, 0x38, 0x00, 0x30, 0x00, 0x0E, 0x00, 0x07,
    0x00, 0x00, 0x30, 0x06, 0x0C, 0x0E, 0x06, 0x08, 0xC6, 0x80, 0x81, 0x31,
    0x38, 0x60, 0x70, 0x1C, 0x70, 0xC0, 0x01, 0x0C, 0x03, 0x8C, 0xC1, 0xC7,
    0x87, 0xC3, 0x31, 0x00, 0x39, 0xE0, 0x30, 0x38, 0x18, 0x38, 0x00, 0x00,
    0x0E, 0xC8, 0x38, 0x84, 0xC1, 0x71, 0xCE, 0x61, 0x70, 0x9C, 0x73, 0x0E,
    0x38, 0xF8, 0x03, 0x06, 0x07, 0x00, 0x00, 0x00, 0x00, 0x00, 0x00, 0x00,
    0x00, 0x00, 0x30, 0x06, 0x0C, 0x0E, 0x06, 0x08, 0xC6, 0x80, 0x81, 0x31,
    0x38, 0x60, 0x70, 0x1C, 0x70, 0xC0, 0x01, 0x0C, 0x03, 0x8C, 0xC1, 0xC7,
    0x87, 0xC3, 0x31, 0x00, 0x39, 0xE0, 0x30, 0x38, 0x18, 0x38, 0x00, 0x00,
    0x0E, 0xC8, 0x38, 0x84, 0xC1, 0x71, 0xCE, 0x61, 0x70, 0x9C, 0x73, 0x0E,
    0x38, 0xF8, 0x03, 0x06, 0x07, 0x00, 0x00, 0x00, 0x00, 0x00, 0x00, 0x00,
    0xE0, 0x01, 0x0E, 0x06, 0x07, 0x83, 0x03, 0xC0, 0xC1, 0xE0, 0x00, 0x00,
    0x0F, 0x38, 0x18, 0x0E, 0x38, 0xE0, 0x00, 0xE7, 0x80, 0x83, 0xE1, 0xBE,
    0xE3, 0x63, 0x00, 0x00, 0x1C, 0x70, 0x1C, 0x0C, 0x0E, 0x1C, 0x00, 0x00,
    0x0C, 0x00, 0x1C, 0x80, 0x31, 0x38, 0xE7, 0x60, 0x0C, 0xCE, 0x39, 0x07,
    0x1C, 0x70, 0x00, 0xC6, 0x00, 0x9F, 0x83, 0x7F, 0xB8, 0x1F, 0xC0, 0x03,
    0xE0, 0x01, 0x0E, 0x06, 0x07, 0x83, 0x03, 0xC0, 0xC1, 0xE0, 0x00, 0x00,
    0x0F, 0x38, 0x18, 0x0E, 0x38, 0xE0, 0x00, 0xE7, 0x80, 0x83, 0xE1, 0xBE,
    0xE3, 0x63, 0x00, 0x00, 0x1C, 0x70, 0x1C, 0x0C, 0x0E, 0x1C, 0x00, 0x00,
    0x0C, 0x00, 0x1C, 0x80, 0x31, 0x38, 0xE7, 0x60, 0x0C, 0xCE, 0x39, 0x07,
    0x1C, 0x70, 0x00, 0xC6, 0x00, 0x9F, 0x83, 0x7F, 0xB8, 0x1F, 0xC0, 0x03,
    0xC0, 0x01, 0x07, 0x1C, 0xFF, 0x81, 0x03, 0xE0, 0x80, 0xE3, 0x0F, 0x80,
    0x07, 0xF8, 0x1F, 0xFE, 0x3F, 0xE0, 0x00, 0x7F, 0xC0, 0x01, 0xE7, 0x9C,
    0xE3, 0x6E, 0xC0, 0x1F, 0x1C, 0x70, 0x1C, 0x0C, 0xFE, 0x07, 0x00, 0x00,
    0x38, 0x00, 0x1C, 0x00, 0x1F, 0x38, 0xE7, 0xC0, 0x07, 0xCE, 0x39, 0x07,
    0x1C, 0x70, 0x00, 0x7C, 0xC0, 0xE1, 0xE0, 0x00, 0xF0, 0x30, 0x80, 0x03,
    0xC0, 0x01, 0xFF, 0x1F, 0x07, 0x83, 0x03, 0xE0, 0x80, 0xE3, 0x00, 0xC0,
    0x01, 0x38, 0x18, 0x0E, 0x38, 0xE0, 0x00, 0xE7, 0xC0, 0x01, 0xE7, 0x80,
    0xE3, 0x7C, 0x00, 0x00, 0x1C, 0x70, 0x1C, 0x0C, 0x0E, 0x00, 0x00, 0x00,
    0x0C, 0x00, 0x1C, 0x00, 0x0E, 0xF0, 0x3F, 0x60, 0x0C, 0xFC, 0x0F, 0x0E,
    0x06, 0x70, 0x00, 0x38, 0xC0, 0x61, 0x80, 0x1F, 0x70, 0x30, 0x80, 0x03,
    0xC0, 0x01, 0xFF, 0x1F, 0x07, 0x83, 0x03, 0xE0, 0x80, 0xE3, 0x00, 0xC0,
    0x01, 0x38, 0x18, 0x0E, 0x38, 0xE0, 0x00, 0xE7, 0xC0, 0x01, 0xE7, 0x80,
    0xE3, 0x7C, 0x00, 0x00, 0x1C, 0x70, 0x1C, 0x0C, 0x0E, 0x00, 0x00, 0x00,
    0x0C, 0x00, 0x1C, 0x00, 0x0E, 0xF0, 0x3F, 0x60, 0x0C, 0xFC, 0x0F, 0x0E,
    0x06, 0x70, 0x00, 0x38, 0xC0, 0x61, 0x80, 0x1F, 0x70, 0x30, 0x80, 0x03,
    0x60, 0x80, 0x01, 0x86, 0x83, 0xC1, 0x01, 0x30, 0xC0, 0x70, 0x20, 0x78,
    0x10, 0x1C, 0x0C, 0x03, 0x0C, 0x30, 0x80, 0xE3, 0x60, 0x80, 0x31, 0xC0,
    0x70, 0x3C, 0x04, 0x20, 0x06, 0x18, 0x0E, 0x06, 0x07, 0x00, 0x00, 0xC0,
    0x03, 0x01, 0x06, 0x00, 0x03, 0x80, 0x01, 0x1C, 0x0C, 0x60, 0x00, 0xCE,
    0x01, 0x18, 0x00, 0x0C, 0xE0, 0x78, 0x70, 0x00, 0x38, 0x18, 0xC0, 0x00,
    0x60, 0x80, 0x01, 0x86, 0x83, 0xC1, 0x01, 0x30, 0xC0, 0x70, 0x20, 0x78,
    0x10, 0x1C, 0x0C, 0x03, 0x0C, 0x30, 0x80, 0xE3, 0x60, 0x80, 0x31, 0xC0,
    0x70, 0x3C, 0x04, 0x20, 0x06, 0x18, 0x0E, 0x06, 0x07, 0x00, 0x00, 0xC0,
    0x03, 0x01, 0x06, 0x00, 0x03, 0x80, 0x01, 0x1C, 0x0C, 0x60, 0x00, 0xCE,
    0x01, 0x18, 0x00, 0x0C, 0xE0, 0x78, 0x70, 0x00, 0x38, 0x18, 0xC0, 0x00,
    0xFC, 0x83, 0x01, 0xC6, 0xFF, 0xE0, 0x01, 0xF0, 0xFF, 0xF8, 0x3F, 0xFC,
    0x1F, 0x1E, 0x1C, 0xFE, 0x07, 0xFE, 0xC1, 0x87, 0x63, 0x80, 0x31, 0xC0,
    0x78, 0x70, 0xFC, 0x3F, 0xFC, 0x0F, 0x0F, 0x8E, 0x0F, 0x00, 0x00, 0xE0,
    0xFF, 0x01, 0x1F, 0x80, 0x0F, 0xC0, 0x07, 0x1E, 0x1C, 0xF0, 0x81, 0xCF,
    0x07, 0xFF, 0x00, 0x3E, 0xC0, 0xC7, 0xE0, 0x3F, 0x3C, 0x18, 0xF8, 0x07,
    0xFC, 0x83, 0x01, 0xC6, 0xFF, 0xE0, 0x01, 0xF0, 0xFF, 0xF8, 0x3F, 0xFC,
    0x1F, 0x1E, 0x1C, 0xFE, 0x07, 0xFE, 0xC1, 0x87, 0x63, 0x80, 0x31, 0xC0,
    0x78, 0x70, 0xFC, 0x3F, 0xFC, 0x0F, 0x0F, 0x8E, 0x0F, 0x00, 0x00, 0xE0,
    0xFF, 0x01, 0x1F, 0x80, 0x0F, 0xC0, 0x07, 0x1E, 0x1C, 0xF0, 0x81, 0xCF,
    0x07, 0xFF, 0x00, 0x3E, 0xC0, 0xC7, 0xE0, 0x3F, 0x3C, 0x18, 0xF8, 0x07,
    0x00, 0x00, 0x00, 0x00, 0x00, 0x00, 0x00, 0x00, 0x00, 0x00, 0x00, 0x00,
    0x00, 0x00, 0x00, 0x00, 0x00, 0x00, 0x00, 0x00, 0x00, 0x00, 0x00, 0x00,
    0x00, 0x00, 0x00, 0x00, 0x00, 0x00, 0x00, 0x00, 0x00, 0x00, 0x00, 0x00,
    0x00, 0x00, 0x00, 0x00, 0x00, 0x00, 0x00, 0x00, 0x00, 0x00, 0x00, 0x00,
    0x00, 0x00, 0x00, 0x00, 0x00, 0x00, 0x00, 0x00, 0x00, 0x18, 0x00, 0x00,
    0x00, 0x00, 0x00, 0x00, 0x00, 0x00, 0x00, 0x00, 0x00, 0x00, 0x00, 0x00,
    0x00, 0x00, 0x00, 0x00, 0x00, 0x00, 0x00, 0x00, 0x00, 0x00, 0x00, 0x00,
    0x00, 0x00, 0x00, 0x00, 0x00, 0x00, 0x00, 0x00, 0x00, 0x00, 0x00, 0x00,
    0x00, 0x00, 0x00, 0x00, 0x00, 0x00, 0x00, 0x00, 0x00, 0x00, 0x00, 0x00,
    0x00, 0x00, 0x00, 0x00, 0x00, 0x00, 0x00, 0x00, 0x00, 0x00, 0x00, 0x00,
    0x00, 0x00, 0x00, 0x00, 0x00, 0x00, 0x00, 0x00, 0x00, 0x00, 0x00, 0x00,
    0x00, 0x00, 0x00, 0x00, 0x00, 0x00, 0x00, 0x00, 0x00, 0x00, 0x00, 0x00,
    0x00, 0x00, 0x00, 0x00, 0x00, 0x00, 0x00, 0x00, 0x00, 0x00, 0x00, 0x00,
    0x00, 0x00, 0x00, 0x00, 0x00, 0x00, 0x00, 0x00, 0x00, 0x00, 0x00, 0x00,
    0x00, 0x00, 0x00, 0x00, 0x00, 0x00, 0x00, 0x00, 0x00, 0x00, 0x00, 0x00,
    0x80, 0x03, 0x00, 0x00, 0x00, 0x00, 0x00, 0x00, 0x00, 0x00, 0x00, 0x00,
    0x00, 0x00, 0x00, 0x00, 0x00, 0x00, 0x00, 0x00, 0x00, 0x00, 0x00, 0x00,
    0x00, 0x00, 0x00, 0x00, 0x00, 0x00, 0x00, 0x00, 0x00, 0x00, 0x00, 0x00,
    0x00, 0x00, 0x00, 0x00, 0x00, 0x00, 0x00, 0x00, 0x00, 0x00, 0x00, 0x00,
    0x00, 0x00, 0x00, 0x00, 0x00, 0xC0, 0x00, 0x60, 0x00, 0x18, 0x00, 0x00,
    0x80, 0x03, 0x00, 0x00, 0x00, 0x00, 0x00, 0x00, 0x00, 0x00, 0x00, 0x00,
    0x00, 0x00, 0x00, 0x00, 0x00, 0x00, 0x00, 0x00, 0x00, 0x00, 0x00, 0x00,
    0x00, 0x00, 0x00, 0x00, 0x00, 0x00, 0x00, 0x00, 0x00, 0x00, 0x00, 0x00,
    0x00, 0x00, 0x00, 0x00, 0x00, 0x00, 0x00, 0x00, 0x00, 0x00, 0x00, 0x00,
    0x00, 0x00, 0x00, 0x00, 0x00, 0xC0, 0x00, 0x60, 0x00, 0x18, 0x00, 0x00,
    0xB0, 0x73, 0x00, 0x00, 0xF8, 0x01, 0x00, 0xC0, 0xFF, 0x03, 0x00, 0x00,
    0x00, 0x00, 0x00, 0xE0, 0x0F, 0x00, 0x00, 0x00, 0x80, 0x0F, 0x00, 0x00,
    0x00, 0x00, 0x80, 0x01, 0x00, 0x00, 0x00, 0x00, 0x00, 0x00, 0x00, 0x00,
    0x00, 0x00, 0x00, 0x00, 0x00, 0x00, 0x00, 0x00, 0x00, 0x00, 0x00, 0x00,
    0x00, 0x18, 0x03, 0x0C, 0x07, 0x60, 0x00, 0x30, 0x00, 0x0E, 0x00, 0x00,
    0x00, 0x00, 0x00, 0x00, 0x0C, 0x03, 0x00, 0x00, 0x03, 0x00, 0x00, 0x80,
    0x07, 0x00, 0x00, 0x30, 0x38, 0x00, 0x00, 0x00, 0x00, 0x38, 0x00, 0x00,
    0x00, 0x00, 0x00, 0x1F, 0x00, 0x00, 0x00, 0x00, 0x00, 0x00, 0x00, 0x00,
    0x00, 0x00, 0x00, 0x00, 0x00, 0x00, 0x0E, 0x00, 0x00, 0x00, 0x00, 0x00,
    0x00, 0x00, 0x00, 0x00, 0x00, 0x00, 0x00, 0x00, 0x00, 0x00, 0x00, 0x00,
    0x00, 0x00, 0x00, 0x00, 0x0C, 0x03, 0x00, 0x00, 0x03, 0x00, 0x00, 0x80,
    0x07, 0x00, 0x00, 0x30, 0x38, 0x00, 0x00, 0x00, 0x00, 0x38, 0x00, 0x00,
    0x00, 0x00, 0x00, 0x1F, 0x00, 0x00, 0x00, 0x00, 0x00, 0x00, 0x00, 0x00,
    0x00, 0x00, 0x00, 0x00, 0x00, 0x00, 0x0E, 0x00, 0x00, 0x00, 0x00, 0x00,
    0x00, 0x00, 0x00, 0x00, 0x00, 0x00, 0x00, 0x00, 0x00, 0x00, 0x00, 0x00,
    0x1E, 0x38, 0xFE, 0x06, 0x87, 0xC1, 0x03, 0x07, 0x03, 0x80, 0x7F, 0x00,
    0x3F, 0xDC, 0x0F, 0x1C, 0x0C, 0xF0, 0x80, 0x07, 0x03, 0x38, 0xE0, 0xC1,
    0xF0, 0xE0, 0xC1, 0x00, 0xE0, 0x1F, 0xFE, 0x3F, 0xF0, 0x07, 0xFC, 0x01,
    0xFE, 0xC7, 0xFF, 0xF0, 0xC0, 0xC1, 0x1F, 0x3C, 0x78, 0x0E, 0x38, 0x0E,
    0x06, 0x78, 0xC0, 0x03, 0x07, 0xFF, 0xF0, 0xC0, 0x71, 0x30, 0x00, 0x00,
    0x1E, 0x38, 0xFE, 0x06, 0x87, 0xC1, 0x03, 0x07, 0x03, 0x80, 0x7F, 0x00,
    0x3F, 0xDC, 0x0F, 0x1C, 0x0C, 0xF0, 0x80, 0x07, 0x03, 0x38, 0xE0, 0xC1,
    0xF0, 0xE0, 0xC1, 0x00, 0xE0, 0x1F, 0xFE, 0x3F, 0xF0, 0x07, 0xFC, 0x01,
    0xFE, 0xC7, 0xFF, 0xF0, 0xC0, 0xC1, 0x1F, 0x3C, 0x78, 0x0E, 0x38, 0x0E,
    0x06, 0x78, 0xC0, 0x03, 0x07, 0xFF, 0xF0, 0xC0, 0x71, 0x30, 0x00, 0x00,
    0x1C, 0x38, 0xC7, 0x03, 0xF7, 0x40, 0x86, 0xC1, 0x7F, 0xE0, 0x00, 0x80,
    0x01, 0x78, 0x18, 0xF0, 0x0F, 0xE0, 0x00, 0xE7, 0x01, 0x7C, 0xC0, 0xC1,
    0xE0, 0x60, 0x80, 0x0F, 0x38, 0x70, 0x1C, 0x0C, 0x18, 0x1C, 0x07, 0x80,
    0xC3, 0x00, 0x1C, 0xE0, 0xC0, 0x71, 0x37, 0x78, 0x1C, 0xCE, 0x39, 0x07,
    0x1C, 0x70, 0x80, 0x03, 0xC7, 0x81, 0xE3, 0xC0, 0x39, 0xE0, 0x00, 0x00,
    0x1C, 0x38, 0x07, 0x03, 0x87, 0x03, 0xCC, 0xE0, 0xC0, 0xE0, 0x1F, 0xC0,
    0x00, 0x38, 0x18, 0x1C, 0x0C, 0xE0, 0x00, 0x7F, 0x00, 0xC6, 0xC0, 0xC3,
    0x80, 0x31, 0xC0, 0x00, 0x38, 0x70, 0x1C, 0x0C, 0x18, 0x1C, 0xFC, 0x81,
    0x83, 0x01, 0x1C, 0xE0, 0xC0, 0x71, 0x37, 0xC0, 0x07, 0xCE, 0x39, 0xE7,
    0x1C, 0x70, 0x80, 0x03, 0xC7, 0x81, 0xE3, 0xC0, 0x39, 0xE7, 0x00, 0x00,
    0x1C, 0x38, 0x07, 0x03, 0x87, 0x03, 0xCC, 0xE0, 0xC0, 0xE0, 0x1F, 0xC0,
    0x00, 0x38, 0x18, 0x1C, 0x0C, 0xE0, 0x00, 0x7F, 0x00, 0xC6, 0xC0, 0xC3,
    0x80, 0x31, 0xC0, 0x00, 0x38, 0x70, 0x1C, 0x0C, 0x18, 0x1C, 0xFC, 0x81,
    0x83, 0x01, 0x1C, 0xE0, 0xC0, 0x71, 0x37, 0xC0, 0x07, 0xCE, 0x39, 0xE7,
    0x1C, 0x70, 0x80, 0x03, 0xC7, 0x81, 0xE3, 0xC0, 0x39, 0xE7, 0x00, 0x00,
    0x0E, 0x8C, 0xE1, 0x83, 0x83, 0x01, 0x3C, 0x30, 0x60, 0x70, 0x00, 0xC0,
    0x00, 0x1C, 0x0C, 0x0E, 0x06, 0x30, 0x80, 0xF3, 0xC0, 0xC1, 0xE0, 0xBE,
    0x80, 0x0F, 0x38, 0x00, 0x1C, 0x18, 0x0E, 0x06, 0xFE, 0x03, 0x80, 0xC1,
    0xC1, 0x00, 0x06, 0x70, 0x60, 0xF0, 0x0F, 0x3C, 0x0F, 0xFE, 0x87, 0xF9,
    0x06, 0x18, 0xC0, 0x81, 0xE1, 0xC0, 0x70, 0x60, 0xCC, 0x37, 0x00, 0x00,
    0x0E, 0x8C, 0xE1, 0x83, 0x83, 0x01, 0x3C, 0x30, 0x60, 0x70, 0x00, 0xC0,
    0x00, 0x1C, 0x0C, 0x0E, 0x06, 0x30, 0x80, 0xF3, 0xC0, 0xC1, 0xE0, 0xBE,
    0x80, 0x0F, 0x38, 0x00, 0x1C, 0x18, 0x0E, 0x06, 0xFE, 0x03, 0x80, 0xC1,
    0xC1, 0x00, 0x06, 0x70, 0x60, 0xF0, 0x0F, 0x3C, 0x0F, 0xFE, 0x87, 0xF9,
    0x06, 0x18, 0xC0, 0x81, 0xE1, 0xC0, 0x70, 0x60, 0xCC, 0x37, 0x00, 0x00,
    0xFC, 0x07, 0x3F, 0x86, 0xFB, 0x00, 0x0E, 0xE0, 0x3F, 0xE0, 0x3F, 0x80,
    0x1F, 0x1E, 0x0C, 0xFC, 0x03, 0xFE, 0xC1, 0x83, 0xE3, 0xC1, 0xE1, 0x00,
    0x00, 0x03, 0xF0, 0x07, 0xF8, 0x0F, 0x0E, 0x06, 0x0E, 0x00, 0xFF, 0x80,
    0x7F, 0x00, 0x1E, 0xE0, 0x3F, 0x80, 0x01, 0x1E, 0x1C, 0x60, 0x00, 0xCF,
    0x03, 0xFF, 0x80, 0xFF, 0xC0, 0x7F, 0xE0, 0x3F, 0x78, 0x1E, 0x00, 0x00,
    0xFC, 0x07, 0x3F, 0x86, 0xFB, 0x00, 0x0E, 0xE0, 0x3F, 0xE0, 0x3F, 0x80,
    0x1F, 0x1E, 0x0C, 0xFC, 0x03, 0xFE, 0xC1, 0x83, 0xE3, 0xC1, 0xE1, 0x00,
    0x00, 0x03, 0xF0, 0x07, 0xF8, 0x0F, 0x0E, 0x06, 0x0E, 0x00, 0xFF, 0x80,
    0x7F, 0x00, 0x1E, 0xE0, 0x3F, 0x80, 0x01, 0x1E, 0x1C, 0x60, 0x00, 0xCF,
    0x03, 0xFF, 0x80, 0xFF, 0xC0, 0x7F, 0xE0, 0x3F, 0x78, 0x1E, 0x00, 0x00,
    0x00, 0x00, 0x00, 0x80, 0x03, 0x80, 0x07, 0x00, 0x00, 0x00, 0x00, 0x00,
    0x30, 0x00, 0x0C, 0x00, 0x00, 0x00, 0x00, 0x00, 0x00, 0x00, 0xE0, 0x00,
    0x00, 0x00, 0x00, 0x0E, 0x00, 0x00, 0x00, 0x00, 0x0E, 0x00, 0x00, 0x00,
    0x00, 0x00, 0x00, 0x00, 0x00, 0x80, 0x01, 0x00, 0x00, 0x60, 0x00, 0x00,
    0x00, 0x00, 0x00, 0x00, 0x00, 0x00, 0x00, 0x00, 0x00, 0x00, 0x00, 0x00,
    0x00, 0x00, 0x00, 0x00, 0x00, 0x00, 0x00, 0x00, 0x00, 0x00, 0x00, 0x00,
    0x1F, 0x00, 0x00, 0x00, 0x00, 0x00, 0x00, 0x00, 0x00, 0x00, 0x00, 0x00,
    0x00, 0x00, 0x00, 0x00, 0x00, 0x00, 0x00, 0x00, 0x00, 0x00, 0x00, 0x00,
    0x00, 0x00, 0x00, 0x00, 0x00, 0x00, 0x00, 0x00, 0x00, 0x00, 0x00, 0x00,
    0x00, 0x00, 0x00, 0x00, 0x00, 0x00, 0x00, 0x00, 0x00, 0x00, 0x00, 0x00,
    0x00, 0x00, 0x00, 0x00, 0x00, 0x00, 0x00, 0x00, 0x00, 0x00, 0x00, 0x00,
    0x1F, 0x00, 0x00, 0x00, 0x00, 0x00, 0x00, 0x00, 0x00, 0x00, 0x00, 0x00,
    0x00, 0x00, 0x00, 0x00, 0x00, 0x00, 0x00, 0x00, 0x00, 0x00, 0x00, 0x00,
    0x00, 0x00, 0x00, 0x00, 0x00, 0x00, 0x00, 0x00, 0x00, 0x00, 0x00, 0x00,
    0x00, 0x00, 0x00, 0x00, 0x00, 0x00, 0x00, 0x00, 0x00, 0x00, 0x00, 0x00,
    0xC0, 0x01, 0x30, 0x1C, 0x00, 0x00, 0x80, 0x01, 0x00, 0x00, 0x00, 0x00,
    0x00, 0xC0, 0x18, 0x00, 0x00, 0x00, 0x00, 0x00, 0x00, 0x00, 0x00, 0xE0,
    0x00, 0x0E, 0xC0, 0xE0, 0x00, 0x00, 0x00, 0x00, 0x00, 0x00, 0x00, 0x00,
    0x00, 0x00, 0x00, 0x00, 0x00, 0x00, 0x00, 0x00, 0x00, 0x00, 0x00, 0x30,
    0x1C, 0x00, 0x00, 0x00, 0x00, 0x00, 0x00, 0x00, 0x00, 0x00, 0x00, 0x00,
    0xC0, 0x01, 0x30, 0x1C, 0x00, 0x00, 0x80, 0x01, 0x00, 0x00, 0x00, 0x00,
    0x00, 0xC0, 0x18, 0x00, 0x00, 0x00, 0x00, 0x00, 0x00, 0x00, 0x00, 0xE0,
    0x00, 0x0E, 0xC0, 0xE0, 0x00, 0x00, 0x00, 0x00, 0x00, 0x00, 0x00, 0x00,
    0x00, 0x00, 0x00, 0x00, 0x00, 0x00, 0x00, 0x00, 0x00, 0x00, 0x00, 0x30,
    0x1C, 0x00, 0x00, 0x00, 0x00, 0x00, 0x00, 0x00, 0x00, 0x00, 0x00, 0x00,
    0x80, 0x03, 0x00, 0x80, 0x7F, 0x00, 0xC0, 0x00, 0xFE, 0x03, 0xFF, 0xC1,
    0xFF, 0x00, 0x00, 0x00, 0x70, 0xF0, 0x03, 0x87, 0xC1, 0x3F, 0x00, 0x3B,
    0x00, 0x1C, 0x80, 0x3F, 0x60, 0x70, 0xC0, 0x07, 0xF8, 0x1F, 0xFC, 0x0F,
    0xFE, 0x07, 0xFC, 0x80, 0xFF, 0x73, 0xCE, 0xC1, 0x7F, 0x1C, 0x78, 0xE0,
    0x07, 0x0C, 0x1E, 0xF8, 0xC1, 0x83, 0xE7, 0x80, 0x83, 0xFF, 0xE0, 0x7F,
    0xF0, 0x7F, 0xF8, 0x3F, 0x0C, 0x00, 0xFE, 0x0F, 0x03, 0x87, 0x81, 0x03,
    0x0E, 0xC0, 0x1F, 0x00, 0x70, 0x18, 0x03, 0x87, 0x01, 0x06, 0x00, 0x83,
    0xE7, 0xE0, 0x03, 0x00, 0x60, 0x70, 0x60, 0x0C, 0x18, 0x00, 0x0C, 0x1C,
    0x06, 0x00, 0xC6, 0x80, 0x01, 0x70, 0xCE, 0x61, 0xE0, 0x1C, 0x7C, 0x0E,
    0x3E, 0x0C, 0x03, 0x8C, 0xC1, 0xC7, 0xE7, 0x80, 0xC3, 0xC0, 0x61, 0x70,
    0xF0, 0x7F, 0xF8, 0x3F, 0x0C, 0x00, 0xFE, 0x0F, 0x03, 0x87, 0x81, 0x03,
    0x0E, 0xC0, 0x1F, 0x00, 0x70, 0x18, 0x03, 0x87, 0x01, 0x06, 0x00, 0x83,
    0xE7, 0xE0, 0x03, 0x00, 0x60, 0x70, 0x60, 0x0C, 0x18, 0x00, 0x0C, 0x1C,
    0x06, 0x00, 0xC6, 0x80, 0x01, 0x70, 0xCE, 0x61, 0xE0, 0x1C, 0x7C, 0x0E,
    0x3E, 0x0C, 0x03, 0x8C, 0xC1, 0xC7, 0xE7, 0x80, 0xC3, 0xC0, 0x61, 0x70,
    0x1C, 0x00, 0x0E, 0x00, 0xF7, 0x83, 0x03, 0xE0, 0x00, 0xE0, 0x00, 0x00,
    0x07, 0x80, 0x03, 0x00, 0x38, 0xCE, 0x81, 0xE3, 0x80, 0xFB, 0xC1, 0x61,
    0x70, 0xDC, 0x71, 0x30, 0x38, 0x18, 0x1C, 0x0C, 0x0E, 0x00, 0x07, 0x8E,
    0x03, 0x00, 0x63, 0xE0, 0x00, 0x38, 0xE7, 0x00, 0x70, 0x8E, 0x3B, 0xC7,
    0x1D, 0xF7, 0x00, 0xC6, 0xE0, 0xBE, 0x73, 0xC0, 0x71, 0xE0, 0x38, 0x18,
    0x1C, 0x00, 0x0E, 0x00, 0xF7, 0x83, 0x03, 0xE0, 0x00, 0xE0, 0x00, 0x00,
    0x07, 0x80, 0x03, 0x00, 0x38, 0xCE, 0x81, 0xE3, 0x80, 0xFB, 0xC1, 0x61,
    0x70, 0xDC, 0x71, 0x30, 0x38, 0x18, 0x1C, 0x0C, 0x0E, 0x00, 0x07, 0x8E,
    0x03, 0x00, 0x63, 0xE0, 0x00, 0x38, 0xE7, 0x00, 0x70, 0x8E, 0x3B, 0xC7,
    0x1D, 0xF7, 0x00, 0xC6, 0xE0, 0xBE, 0x73, 0xC0, 0x71, 0xE0, 0x38, 0x18,
    0xFC, 0x07, 0xFE, 0x03, 0x0F, 0x8E, 0x03, 0xC0, 0x3F, 0x80, 0x7F, 0x00,
    0x07, 0x80, 0x03, 0x00, 0x38, 0xCE, 0x9F, 0xFF, 0x8F, 0x07, 0xC7, 0x3D,
    0x70, 0xCE, 0xC1, 0x18, 0x38, 0x18, 0x0E, 0x38, 0xFE, 0x07, 0xFF, 0x83,
    0x03, 0x00, 0x63, 0xE0, 0x1F, 0xC0, 0x1F, 0x80, 0x1F, 0xCE, 0x39, 0xE7,
    0x1C, 0x1F, 0x00, 0xC6, 0xE0, 0x9C, 0xF3, 0xFF, 0x71, 0xE0, 0x38, 0x18,
    0x1C, 0x00, 0x0E, 0x00, 0x07, 0x8E, 0x03, 0xE0, 0x00, 0x00, 0xC0, 0x01,
    0x07, 0x80, 0x03, 0x00, 0x38, 0xCE, 0xB9, 0xE3, 0x9C, 0x03, 0xC7, 0x07,
    0x70, 0xC3, 0x81, 0x0F, 0x38, 0x18, 0xFE, 0x3F, 0x0E, 0x1C, 0x07, 0x8E,
    0x03, 0x00, 0x63, 0xE0, 0x00, 0x38, 0xE7, 0x00, 0x70, 0x6E, 0x38, 0x37,
    0x1C, 0xF7, 0x00, 0xC6, 0xE0, 0x80, 0x73, 0xC0, 0x71, 0xE0, 0x38, 0x18,
    0x1C, 0x00, 0x0E, 0x00, 0x07, 0x8E, 0x03, 0xE0, 0x00, 0x00, 0xC0, 0x01,
    0x07, 0x80, 0x03, 0x00, 0x38, 0xCE, 0xB9, 0xE3, 0x9C, 0x03, 0xC7, 0x07,
    0x70, 0xC3, 0x81, 0x0F, 0x38, 0x18, 0xFE, 0x3F, 0x0E, 0x1C, 0x07, 0x8E,
    0x03, 0x00, 0x63, 0xE0, 0x00, 0x38, 0xE7, 0x00, 0x70, 0x6E, 0x38, 0x37,
    0x1C, 0xF7, 0x00, 0xC6, 0xE0, 0x80, 0x73, 0xC0, 0x71, 0xE0, 0x38, 0x18,
    0x0E, 0x00, 0x07, 0x80, 0x03, 0xC3, 0x01, 0xE0, 0xC0, 0x70, 0x60, 0x80,
    0x01, 0xC0, 0x00, 0x0E, 0x0C, 0xE7, 0xDC, 0x70, 0xCE, 0x81, 0xE1, 0x3C,
    0xF8, 0x60, 0x80, 0x01, 0x1C, 0x0C, 0x03, 0x0C, 0x07, 0x86, 0x03, 0xC3,
    0x01, 0xC0, 0x39, 0x70, 0x00, 0x8C, 0x31, 0x1C, 0x18, 0x1F, 0x8C, 0x0F,
    0x86, 0xE3, 0x80, 0x73, 0x30, 0xC0, 0x18, 0x60, 0x38, 0x30, 0x1C, 0x0C,
    0x0E, 0x00, 0x07, 0x80, 0x03, 0xC3, 0x01, 0xE0, 0xC0, 0x70, 0x60, 0x80,
    0x01, 0xC0, 0x00, 0x0E, 0x0C, 0xE7, 0xDC, 0x70, 0xCE, 0x81, 0xE1, 0x3C,
    0xF8, 0x60, 0x80, 0x01, 0x1C, 0x0C, 0x03, 0x0C, 0x07, 0x86, 0x03, 0xC3,
    0x01, 0xC0, 0x39, 0x70, 0x00, 0x8C, 0x31, 0x1C, 0x18, 0x1F, 0x8C, 0x0F,
    0x86, 0xE3, 0x80, 0x73, 0x30, 0xC0, 0x18, 0x60, 0x38, 0x30, 0x1C, 0x0C,
    0xFE, 0x0F, 0xFF, 0x87, 0x83, 0xC1, 0x01, 0xC0, 0x7F, 0xE0, 0x3F, 0xF8,
    0x1F, 0xF8, 0x07, 0xFC, 0x87, 0xE7, 0xC7, 0xF0, 0xC3, 0x81, 0xE1, 0xE0,
    0x78, 0x60, 0x80, 0x01, 0xFC, 0x0F, 0x03, 0x0C, 0xFF, 0x83, 0xFF, 0xC1,
    0x01, 0xF0, 0xFF, 0xF0, 0x7F, 0x8C, 0x31, 0xF8, 0x0F, 0x0F, 0x8C, 0x07,
    0x86, 0x83, 0xE3, 0x73, 0x30, 0xC0, 0x18, 0x60, 0xF0, 0x1F, 0x1C, 0x0C,
    0xFE, 0x0F, 0xFF, 0x87, 0x83, 0xC1, 0x01, 0xC0, 0x7F, 0xE0, 0x3F, 0xF8,
    0x1F, 0xF8, 0x07, 0xFC, 0x87, 0xE7, 0xC7, 0xF0, 0xC3, 0x81, 0xE1, 0xE0,
    0x78, 0x60, 0x80, 0x01, 0xFC, 0x0F, 0x03, 0x0C, 0xFF, 0x83, 0xFF, 0xC1,
    0x01, 0xF0, 0xFF, 0xF0, 0x7F, 0x8C, 0x31, 0xF8, 0x0F, 0x0F, 0x8C, 0x07,
    0x86, 0x83, 0xE3, 0x73, 0x30, 0xC0, 0x18, 0x60, 0xF0, 0x1F, 0x1C, 0x0C,
    0x00, 0x00, 0x00, 0x00, 0xE0, 0x00, 0x00, 0x00, 0x00, 0x00, 0x00, 0x00,
    0x00, 0x00, 0x00, 0x00, 0x00, 0x00, 0x00, 0x00, 0x00, 0x00, 0x00, 0x00,
    0x00, 0x00, 0x00, 0x00, 0xC0, 0x00, 0x00, 0x00, 0x00, 0x00, 0x00, 0x00,
    0x00, 0x30, 0xC0, 0x00, 0x00, 0x00, 0x00, 0x00, 0x00, 0x00, 0x00, 0x00,
    0x00, 0x00, 0x00, 0x00, 0x00, 0x00, 0x00, 0x00, 0x00, 0x00, 0x00, 0x00,
    0x00, 0x00, 0x00, 0x00, 0x00, 0x00, 0x00, 0x00, 0x00, 0x00, 0x00, 0x00,
    0x00, 0x00, 0x00, 0x00, 0x00, 0x00, 0x00, 0x00, 0x00, 0x00, 0x00, 0x00,
    0x00, 0x00, 0x00, 0x00, 0xC0, 0x00, 0x00, 0x00, 0x00, 0x00, 0x00, 0x00,
    0x00, 0x00, 0x00, 0x00, 0x00, 0x00, 0x00, 0x00, 0x00, 0x00, 0x00, 0x00,
    0x00, 0x00, 0x00, 0x00, 0x00, 0x00, 0x00, 0x00, 0x00, 0x00, 0x00, 0x00,
    0x00, 0x00, 0x00, 0x00, 0x00, 0x00, 0x00, 0x00, 0x00, 0x00, 0x00, 0x00,
    0x00, 0x00, 0x00, 0x00, 0x00, 0x00, 0x00, 0x00, 0x00, 0x00, 0x00, 0x00,
    0x00, 0x00, 0x00, 0x00, 0xC0, 0x00, 0x00, 0x00, 0x00, 0x00, 0x00, 0x00,
    0x00, 0x00, 0x00, 0x00, 0x00, 0x00, 0x00, 0x00, 0x00, 0x00, 0x00, 0x00,
    0x00, 0x00, 0x00, 0x00, 0x00, 0x00, 0x00, 0x00, 0x00, 0x00, 0x00, 0x00,
    0x00, 0x00, 0x00, 0x00, 0x00, 0x00, 0x00, 0x00, 0x00, 0x00, 0x00, 0x00,
    0x00, 0x00, 0x00, 0x00, 0x00, 0x00, 0x00, 0x00, 0x00, 0x00, 0x00, 0x00,
    0x00, 0x00, 0x00, 0x00, 0x00, 0x00, 0x00, 0x00, 0x00, 0x00, 0x00, 0x00,
    0x00, 0x00, 0x00, 0x00, 0x00, 0x00, 0x00, 0x00, 0x00, 0x00, 0x00, 0x00,
    0x00, 0x00, 0x00, 0x00, 0x00, 0x00, 0x00, 0x00, 0x00, 0x00, 0x00, 0x00,
    0x00, 0x00, 0x00, 0x00, 0x00, 0x00, 0x00, 0x00, 0x00, 0x00, 0x00, 0x00,
    0x00, 0x00, 0x00, 0x00, 0x00, 0x00, 0x00, 0x00, 0x00, 0x00, 0x00, 0x00,
    0x00, 0x00, 0x00, 0x00, 0x00, 0x00, 0x00, 0x00, 0x00, 0x00, 0x00, 0x00,
    0x00, 0x00, 0x00, 0x00, 0x00, 0x00, 0x00, 0x00, 0x00, 0x00, 0x00, 0x00,
    0x00, 0x00, 0x00, 0x00, 0x00, 0x00, 0x00, 0x00, 0x00, 0x00, 0x00, 0x00,
    0xF0, 0x3F, 0xE0, 0x1F, 0xFC, 0x0F, 0x06, 0x0E, 0x38, 0x80, 0xC1, 0xC1,
    0x30, 0x60, 0xE0, 0x9C, 0x73, 0xEE, 0x06, 0x0F, 0x80, 0x03, 0x0E, 0x03,
    0x80, 0x7F, 0xC0, 0xF8, 0xC0, 0xFF, 0x00, 0x00, 0xF0, 0x3F, 0x00, 0x00,
    0x00, 0x00, 0x00, 0x00, 0x00, 0x00, 0x00, 0x00, 0x00, 0x00, 0x00, 0x30,
    0x1C, 0x00, 0x00, 0x00, 0x00, 0x00, 0x00, 0x00, 0x00, 0x00, 0x00, 0x00,
    0x30, 0x70, 0x30, 0x38, 0xE0, 0x00, 0x06, 0x0E, 0xFF, 0x03, 0x63, 0xC0,
    0x30, 0x60, 0xE0, 0x9C, 0x73, 0xEE, 0x06, 0x0C, 0x80, 0x03, 0x0E, 0x03,
    0xE0, 0xC0, 0xC1, 0xCE, 0x61, 0xE0, 0x00, 0x00, 0xE0, 0x00, 0x00, 0x00,
    0x00, 0x00, 0x00, 0x00, 0x00, 0x00, 0x00, 0x00, 0x00, 0x00, 0x00, 0xE0,
    0x07, 0x00, 0x00, 0x00, 0x00, 0x00, 0x00, 0x00, 0x00, 0x00, 0x00, 0x00,
    0x30, 0x70, 0x30, 0x38, 0xE0, 0x00, 0x06, 0x0E, 0xFF, 0x03, 0x63, 0xC0,
    0x30, 0x60, 0xE0, 0x9C, 0x73, 0xEE, 0x06, 0x0C, 0x80, 0x03, 0x0E, 0x03,
    0xE0, 0xC0, 0xC1, 0xCE, 0x61, 0xE0, 0x00, 0x00, 0xE0, 0x00, 0x00, 0x00,
    0x00, 0x00, 0x00, 0x00, 0x00, 0x00, 0x00, 0x00, 0x00, 0x00, 0x00, 0xE0,
    0x07, 0x00, 0x00, 0x00, 0x00, 0x00, 0x00, 0x00, 0x00, 0x00, 0x00, 0x00,
    0x1C, 0x38, 0x0E, 0x00, 0x70, 0x80, 0x03, 0xE7, 0x9C, 0x03, 0x1F, 0x70,
    0x18, 0x38, 0x70, 0xCE, 0x39, 0x37, 0x03, 0x07, 0xC0, 0x01, 0xC7, 0x01,
    0x00, 0xC0, 0x71, 0xE7, 0x38, 0x70, 0xFC, 0x07, 0xC0, 0x03, 0xFF, 0x83,
    0xFF, 0x00, 0x7E, 0x80, 0x7F, 0x70, 0x37, 0xE0, 0x1F, 0x1C, 0x3C, 0x0E,
    0x1E, 0x07, 0x0F, 0xFC, 0xE1, 0xC1, 0xE3, 0xC0, 0xC1, 0x3F, 0xF8, 0x1F,
    0x1C, 0x38, 0x0E, 0x00, 0x70, 0x80, 0x03, 0xE7, 0x9C, 0x03, 0x1F, 0x70,
    0x18, 0x38, 0x70, 0xCE, 0x39, 0x37, 0x03, 0x07, 0xC0, 0x01, 0xC7, 0x01,
    0x00, 0xC0, 0x71, 0xE7, 0x38, 0x70, 0xFC, 0x07, 0xC0, 0x03, 0xFF, 0x83,
    0xFF, 0x00, 0x7E, 0x80, 0x7F, 0x70, 0x37, 0xE0, 0x1F, 0x1C, 0x3C, 0x0E,
    0x1E, 0x07, 0x0F, 0xFC, 0xE1, 0xC1, 0xE3, 0xC0, 0xC1, 0x3F, 0xF8, 0x1F,
    0xFC, 0x0F, 0x0E, 0x00, 0x70, 0x00, 0xFE, 0xE7, 0x9C, 0x03, 0x0E, 0x70,
    0x18, 0xE0, 0x7F, 0xCE, 0x39, 0x37, 0x03, 0xFF, 0xC3, 0x3F, 0xC7, 0xFF,
    0x00, 0x7F, 0xF0, 0xE7, 0xE0, 0x7F, 0x00, 0x0C, 0xF8, 0x07, 0x07, 0x8E,
    0x03, 0x00, 0x63, 0xE0, 0xC0, 0x71, 0x37, 0x38, 0x70, 0x1C, 0x3A, 0x0E,
    0x1D, 0x87, 0x01, 0x86, 0xE1, 0xE3, 0xE3, 0xC0, 0x71, 0xE0, 0x38, 0x18,
    0x1C, 0x00, 0x0E, 0x00, 0x70, 0x00, 0x00, 0xE7, 0x9C, 0x03, 0x1F, 0x70,
    0x18, 0x00, 0x70, 0xCE, 0x39, 0x37, 0x03, 0x07, 0xCE, 0x71, 0xC7, 0x81,
    0x03, 0xC0, 0x71, 0xE7, 0x00, 0x77, 0xFC, 0x0F, 0x0E, 0x1C, 0xFF, 0x83,
    0x03, 0x00, 0x63, 0xE0, 0xFF, 0x81, 0x0F, 0x00, 0x1F, 0x9C, 0x39, 0xCE,
    0x1C, 0x7F, 0x00, 0x86, 0xE1, 0xBE, 0xE3, 0xFF, 0x71, 0xE0, 0x38, 0x18,
    0x1C, 0x00, 0x0E, 0x00, 0x70, 0x00, 0x00, 0xE7, 0x9C, 0x03, 0x1F, 0x70,
    0x18, 0x00, 0x70, 0xCE, 0x39, 0x37, 0x03, 0x07, 0xCE, 0x71, 0xC7, 0x81,
    0x03, 0xC0, 0x71, 0xE7, 0x00, 0x77, 0xFC, 0x0F, 0x0E, 0x1C, 0xFF, 0x83,
    0x03, 0x00, 0x63, 0xE0, 0xFF, 0x81, 0x0F, 0x00, 0x1F, 0x9C, 0x39, 0xCE,
    0x1C, 0x7F, 0x00, 0x86, 0xE1, 0xBE, 0xE3, 0xFF, 0x71, 0xE0, 0x38, 0x18,
    0x0E, 0x00, 0x0E, 0x06, 0x18, 0x00, 0x80, 0x31, 0xC6, 0xE0, 0x1C, 0x38,
    0x0E, 0x00, 0x18, 0x63, 0x8C, 0xD9, 0x81, 0x03, 0x63, 0xB8, 0xE1, 0xC0,
    0x18, 0x30, 0xB8, 0x31, 0xC0, 0x18, 0x03, 0x06, 0x07, 0x86, 0x03, 0xC3,
    0x01, 0xC0, 0x39, 0x70, 0x00, 0xB8, 0x19, 0x1C, 0x18, 0x2E, 0x0C, 0x17,
    0x86, 0xE3, 0x80, 0xC3, 0x30, 0xC6, 0x70, 0x60, 0x38, 0x30, 0x1C, 0x0C,
    0x0E, 0x00, 0x0E, 0x06, 0x18, 0x00, 0x80, 0x31, 0xC6, 0xE0, 0x1C, 0x38,
    0x0E, 0x00, 0x18, 0x63, 0x8C, 0xD9, 0x81, 0x03, 0x63, 0xB8, 0xE1, 0xC0,
    0x18, 0x30, 0xB8, 0x31, 0xC0, 0x18, 0x03, 0x06, 0x07, 0x86, 0x03, 0xC3,
    0x01, 0xC0, 0x39, 0x70, 0x00, 0xB8, 0x19, 0x1C, 0x18, 0x2E, 0x0C, 0x17,
    0x86, 0xE3, 0x80, 0xC3, 0x30, 0xC6, 0x70, 0x60, 0x38, 0x30, 0x1C, 0x0C,
    0x0E, 0x00, 0xF8, 0x03, 0x18, 0xC0, 0xFF, 0xE1, 0x7F, 0x70, 0x30, 0xF8,
    0x3F, 0x00, 0x18, 0xFF, 0x8F, 0xFF, 0x87, 0xFF, 0xE3, 0x8F, 0xE1, 0xFF,
    0xF0, 0x1F, 0x38, 0x1F, 0x7C, 0x18, 0xFE, 0x0F, 0xFE, 0x83, 0xFF, 0xC1,
    0x01, 0xF0, 0xFF, 0xE0, 0x3F, 0xB8, 0x19, 0xF8, 0x0F, 0x1E, 0x0C, 0x0F,
    0x86, 0x83, 0xE3, 0xC3, 0x30, 0xC0, 0x70, 0x60, 0xF0, 0x1F, 0x1C, 0x0C,
    0x0E, 0x00, 0xF8, 0x03, 0x18, 0xC0, 0xFF, 0xE1, 0x7F, 0x70, 0x30, 0xF8,
    0x3F, 0x00, 0x18, 0xFF, 0x8F, 0xFF, 0x87, 0xFF, 0xE3, 0x8F, 0xE1, 0xFF,
    0xF0, 0x1F, 0x38, 0x1F, 0x7C, 0x18, 0xFE, 0x0F, 0xFE, 0x83, 0xFF, 0xC1,
    0x01, 0xF0, 0xFF, 0xE0, 0x3F, 0xB8, 0x19, 0xF8, 0x0F, 0x1E, 0x0C, 0x0F,
    0x86, 0x83, 0xE3, 0xC3, 0x30, 0xC0, 0x70, 0x60, 0xF0, 0x1F, 0x1C, 0x0C,
    0x00, 0x00, 0x00, 0x00, 0x00, 0x00, 0x00, 0x00, 0x06, 0x00, 0x00, 0x00,
    0x30, 0x00, 0x00, 0x00, 0x00, 0x00, 0x06, 0x00, 0x00, 0x00, 0x00, 0x00,
    0x00, 0x00, 0x00, 0x00, 0x00, 0x00, 0x00, 0x00, 0x00, 0x00, 0x00, 0x00,
    0x00, 0x30, 0xC0, 0x00, 0x00, 0x00, 0x00, 0x00, 0x00, 0x00, 0x00, 0x00,
    0x00, 0x00, 0x00, 0x00, 0x00, 0x00, 0x00, 0x00, 0x00, 0x00, 0x00, 0x00,
    0x00, 0x00, 0x00, 0x00, 0x00, 0x00, 0x00, 0x00, 0x00, 0x00, 0x00, 0x00,
    0x00, 0x00, 0x00, 0x00, 0x00, 0x00, 0x00, 0x00, 0x00, 0x00, 0x00, 0x00,
    0x00, 0x00, 0x00, 0x00, 0x00, 0x00, 0x00, 0x00, 0x00, 0x00, 0x00, 0x00,
    0x00, 0x00, 0x00, 0x00, 0x00, 0x00, 0x00, 0x00, 0x00, 0x00, 0x00, 0x00,
    0x00, 0x00, 0x00, 0x00, 0x00, 0x00, 0x00, 0x00, 0x00, 0x00, 0x00, 0x00,
    0x00, 0x00, 0x00, 0x00, 0x00, 0x00, 0x00, 0x00, 0x00, 0x00, 0x00, 0x00,
    0x00, 0x00, 0x00, 0x00, 0x00, 0x00, 0x00, 0x00, 0x00, 0x00, 0x00, 0x00,
    0x00, 0x00, 0x00, 0x00, 0x00, 0x00, 0x00, 0x00, 0x00, 0x00, 0x00, 0x00,
    0x00, 0x00, 0x00, 0x00, 0x00, 0x00, 0x00, 0x00, 0x00, 0x00, 0x00, 0x00,
    0x00, 0x00, 0x00, 0x00, 0x00, 0x00, 0x00, 0x00, 0x00, 0x00, 0x00, 0x00,
    0x00, 0x00, 0x00, 0x00, 0x00, 0x00, 0x00, 0x00, 0x00, 0x00, 0x00, 0x00,
    0x00, 0x00, 0x00, 0x00, 0x00, 0x00, 0x00, 0x00, 0x00, 0x00, 0x00, 0x00,
    0x00, 0x00, 0x00, 0x00, 0x00, 0x00, 0x80, 0x03, 0x30, 0x1C, 0x00, 0x00,
    0x80, 0x01, 0x00, 0x00, 0x00, 0x00, 0x00, 0xC0, 0x18, 0x00, 0x00, 0x00,
    0x00, 0x00, 0x00, 0x00, 0x00, 0x60, 0x00, 0x1C, 0x80, 0xE1, 0x00, 0x00,
    0x00, 0x00, 0x00, 0x00, 0x00, 0x00, 0x00, 0x00, 0x00, 0x00, 0x00, 0x00,
    0x00, 0x00, 0x00, 0x00, 0x00, 0x00, 0x00, 0x00, 0x00, 0x00, 0x00, 0x00,
    0x00, 0x00, 0x00, 0x00, 0x00, 0x00, 0x80, 0x03, 0x30, 0x1C, 0x00, 0x00,
    0x80, 0x01, 0x00, 0x00, 0x00, 0x00, 0x00, 0xC0, 0x18, 0x00, 0x00, 0x00,
    0x00, 0x00, 0x00, 0x00, 0x00, 0x60, 0x00, 0x1C, 0x80, 0xE1, 0x00, 0x00,
    0x00, 0x00, 0x00, 0x00, 0x00, 0x00, 0x00, 0x00, 0x00, 0x00, 0x00, 0x00,
    0x00, 0x00, 0x00, 0x00, 0x00, 0x00, 0x00, 0x00, 0x00, 0x00, 0x00, 0x00,
    0x00, 0x00, 0x00, 0x00, 0x00, 0x00, 0x00, 0x06, 0x00, 0x00, 0x0C, 0x00,
    0xC0, 0x00, 0x00, 0x00, 0x00, 0x00, 0x0E, 0x00, 0x00, 0x00, 0x70, 0x00,
    0x00, 0x00, 0x00, 0x0C, 0x00, 0x38, 0x00, 0x30, 0x00, 0x3F, 0x00, 0x00,
    0x00, 0x00, 0x00, 0x00, 0x00, 0x00, 0x00, 0x00, 0x38, 0x00, 0x00, 0x00,
    0x00, 0x00, 0x00, 0x00, 0x00, 0x00, 0x00, 0x00, 0x00, 0x00, 0x00, 0x00,
    0x00, 0x00, 0x00, 0x00, 0x00, 0x00, 0x00, 0x00, 0x00, 0x80, 0x7F, 0x00,
    0x00, 0x00, 0x00, 0x00, 0x00, 0x00, 0x00, 0x00, 0x00, 0x00, 0x00, 0x00,
    0x00, 0x00, 0x80, 0x7F, 0x00, 0x00, 0x00, 0x00, 0x00, 0x00, 0x00, 0x00,
    0x00, 0x00, 0x00, 0x00, 0x00, 0x00, 0x00, 0x00, 0x38, 0x00, 0x00, 0x00,
    0x00, 0x00, 0x00, 0x00, 0x00, 0x00, 0x00, 0x00, 0x00, 0x00, 0x00, 0x00,
    0x00, 0x00, 0x00, 0x00, 0x00, 0x00, 0x00, 0x00, 0x00, 0x80, 0x7F, 0x00,
    0x00, 0x00, 0x00, 0x00, 0x00, 0x00, 0x00, 0x00, 0x00, 0x00, 0x00, 0x00,
    0x00, 0x00, 0x80, 0x7F, 0x00, 0x00, 0x00, 0x00, 0x00, 0x00, 0x00, 0x00,
    0xDC, 0x0F, 0xF8, 0x07, 0xFF, 0x83, 0x03, 0x07, 0x7F, 0x80, 0x31, 0x70,
    0x18, 0x38, 0x70, 0xCE, 0x39, 0x37, 0x83, 0x07, 0x80, 0x03, 0xC7, 0x01,
    0xE0, 0x1F, 0x70, 0x3E, 0xE0, 0x7F, 0xF0, 0x0F, 0xF8, 0x07, 0x07, 0x80,
    0xFF, 0x07, 0xFE, 0x80, 0x7F, 0x80, 0x07, 0xC0, 0x03, 0x00, 0x3E, 0xF0,
    0x03, 0x87, 0x01, 0x06, 0xC0, 0xC1, 0xE3, 0xE0, 0x71, 0xE0, 0x38, 0x18,
    0xDC, 0x0F, 0xF8, 0x07, 0xFF, 0x83, 0x03, 0x07, 0x7F, 0x80, 0x31, 0x70,
    0x18, 0x38, 0x70, 0xCE, 0x39, 0x37, 0x83, 0x07, 0x80, 0x03, 0xC7, 0x01,
    0xE0, 0x1F, 0x70, 0x3E, 0xE0, 0x7F, 0xF0, 0x0F, 0xF8, 0x07, 0x07, 0x80,
    0xFF, 0x07, 0xFE, 0x80, 0x7F, 0x80, 0x07, 0xC0, 0x03, 0x00, 0x3E, 0xF0,
    0x03, 0x87, 0x01, 0x06, 0xC0, 0xC1, 0xE3, 0xE0, 0x71, 0xE0, 0x38, 0x18,
    0x3C, 0x38, 0x0E, 0x1C, 0x70, 0x00, 0x86, 0xC1, 0xDD, 0x00, 0x1F, 0x70,
    0x18, 0x38, 0x70, 0xCE, 0x39, 0x37, 0x03, 0x07, 0x80, 0x03, 0xC7, 0x01,
    0x70, 0x60, 0x70, 0xE7, 0x38, 0x70, 0x1C, 0x38, 0x0E, 0x1C, 0xF7, 0x81,
    0x03, 0xC0, 0x81, 0xE3, 0x00, 0x00, 0x07, 0x80, 0x03, 0x00, 0x38, 0x18,
    0x03, 0x87, 0x01, 0xF6, 0xC1, 0x61, 0xE0, 0xD0, 0xC1, 0x30, 0x38, 0x18,
    0x1C, 0x38, 0x0E, 0x00, 0x70, 0x00, 0xCC, 0xC0, 0xDD, 0x00, 0x0E, 0x70,
    0x18, 0xE0, 0x7F, 0xCE, 0x39, 0x37, 0x03, 0xFF, 0x83, 0x3F, 0xC7, 0xFF,
    0x00, 0x7E, 0xF0, 0xE7, 0xE0, 0x7F, 0xFC, 0x3F, 0xFE, 0x1F, 0x0F, 0x83,
    0x03, 0xC0, 0x1F, 0x80, 0x7F, 0x00, 0x07, 0x80, 0x03, 0x00, 0x38, 0x18,
    0x3F, 0xFF, 0x1F, 0x0E, 0xC7, 0x1F, 0xE0, 0xCC, 0x81, 0x19, 0x38, 0x18,
    0x1C, 0x38, 0x0E, 0x00, 0x70, 0x00, 0xCC, 0xC0, 0xDD, 0x00, 0x0E, 0x70,
    0x18, 0xE0, 0x7F, 0xCE, 0x39, 0x37, 0x03, 0xFF, 0x83, 0x3F, 0xC7, 0xFF,
    0x00, 0x7E, 0xF0, 0xE7, 0xE0, 0x7F, 0xFC, 0x3F, 0xFE, 0x1F, 0x0F, 0x83,
    0x03, 0xC0, 0x1F, 0x80, 0x7F, 0x00, 0x07, 0x80, 0x03, 0x00, 0x38, 0x18,
    0x3F, 0xFF, 0x1F, 0x0E, 0xC7, 0x1F, 0xE0, 0xCC, 0x81, 0x19, 0x38, 0x18,
    0x1E, 0x0C, 0x07, 0x00, 0x18, 0x00, 0x3C, 0xE0, 0x66, 0x80, 0x0F, 0x38,
    0x0E, 0x00, 0x18, 0x63, 0x8C, 0xD9, 0x81, 0x03, 0xC3, 0xB9, 0xE1, 0xC0,
    0x18, 0x30, 0xB8, 0x31, 0x80, 0x1B, 0x0E, 0x00, 0x07, 0x80, 0x83, 0xC1,
    0x01, 0xE0, 0xC0, 0x00, 0x60, 0x80, 0x01, 0xC0, 0x00, 0x00, 0x0C, 0xCE,
    0xB9, 0xE3, 0x9C, 0x83, 0xE1, 0x38, 0x70, 0x61, 0x80, 0x07, 0x1C, 0x0C,
    0x1E, 0x0C, 0x07, 0x00, 0x18, 0x00, 0x3C, 0xE0, 0x66, 0x80, 0x0F, 0x38,
    0x0E, 0x00, 0x18, 0x63, 0x8C, 0xD9, 0x81, 0x03, 0xC3, 0xB9, 0xE1, 0xC0,
    0x18, 0x30, 0xB8, 0x31, 0x80, 0x1B, 0x0E, 0x00, 0x07, 0x80, 0x83, 0xC1,
    0x01, 0xE0, 0xC0, 0x00, 0x60, 0x80, 0x01, 0xC0, 0x00, 0x00, 0x0C, 0xCE,
    0xB9, 0xE3, 0x9C, 0x83, 0xE1, 0x38, 0x70, 0x61, 0x80, 0x07, 0x1C, 0x0C,
    0xEE, 0x07, 0xFE, 0x07, 0x18, 0x00, 0x0C, 0xC0, 0x3F, 0xE0, 0x1C, 0xF8,
    0x3F, 0x00, 0x18, 0xFF, 0x8F, 0xFF, 0x87, 0xFF, 0xC1, 0x8F, 0xE1, 0x7F,
    0xF0, 0x0F, 0x38, 0x1F, 0x78, 0x18, 0xFC, 0x07, 0xFE, 0x83, 0xE3, 0xC0,
    0x01, 0x00, 0x7F, 0xE0, 0x3F, 0xF0, 0x0F, 0xF8, 0x07, 0x0E, 0x0C, 0xCF,
    0x9F, 0xE3, 0x8F, 0x83, 0xE1, 0xE0, 0xF0, 0x60, 0x80, 0x01, 0xFC, 0x0F,
    0xEE, 0x07, 0xFE, 0x07, 0x18, 0x00, 0x0C, 0xC0, 0x3F, 0xE0, 0x1C, 0xF8,
    0x3F, 0x00, 0x18, 0xFF, 0x8F, 0xFF, 0x87, 0xFF, 0xC1, 0x8F, 0xE1, 0x7F,
    0xF0, 0x0F, 0x38, 0x1F, 0x78, 0x18, 0xFC, 0x07, 0xFE, 0x83, 0xE3, 0xC0,
    0x01, 0x00, 0x7F, 0xE0, 0x3F, 0xF0, 0x0F, 0xF8, 0x07, 0x0E, 0x0C, 0xCF,
    0x9F, 0xE3, 0x8F, 0x83, 0xE1, 0xE0, 0xF0, 0x60, 0x80, 0x01, 0xFC, 0x0F,
    0x0E, 0x00, 0x00, 0x00, 0x00, 0x80, 0x07, 0x00, 0x06, 0x00, 0x00, 0x00,
    0x30, 0x00, 0x00, 0x00, 0x00, 0x00, 0x06, 0x00, 0x00, 0x00, 0x00, 0x00,
    0x00, 0x00, 0x00, 0x00, 0x00, 0x00, 0x00, 0x00, 0x00, 0x00, 0xE0, 0x00,
    0x00, 0x00, 0x00, 0x00, 0x00, 0x00, 0x00, 0x00, 0x00, 0xFC, 0x07, 0x00,
    0x00, 0x00, 0x00, 0x00, 0x00, 0x00, 0x00, 0x00, 0xF0, 0x00, 0xC0, 0x00,
    0x0E, 0x00, 0x00, 0x00, 0x00, 0x00, 0x00, 0x00, 0x00, 0x00, 0x00, 0x00,
    0x00, 0x00, 0x00, 0x00, 0x00, 0x00, 0x00, 0x00, 0x00, 0x00, 0x00, 0x00,
    0x00, 0x00, 0x00, 0x00, 0x00, 0x00, 0x00, 0x00, 0x00, 0x00, 0x00, 0x00,
    0x00, 0x00, 0x00, 0x00, 0x00, 0x00, 0x00, 0x00, 0x00, 0x00, 0x00, 0x00,
    0x00, 0x00, 0x00, 0x00, 0x00, 0x00, 0x00, 0x00, 0x00, 0x00, 0x00, 0x00,
    0x0E, 0x00, 0x00, 0x00, 0x00, 0x00, 0x00, 0x00, 0x00, 0x00, 0x00, 0x00,
    0x00, 0x00, 0x00, 0x00, 0x00, 0x00, 0x00, 0x00, 0x00, 0x00, 0x00, 0x00,
    0x00, 0x00, 0x00, 0x00, 0x00, 0x00, 0x00, 0x00, 0x00, 0x00, 0x00, 0x00,
    0x00, 0x00, 0x00, 0x00, 0x00, 0x00, 0x00, 0x00, 0x00, 0x00, 0x00, 0x00,
    0x00, 0x00, 0x00, 0x00, 0x00, 0x00, 0x00, 0x00, 0x00, 0x00, 0x00, 0x00,
    0xFF, 0xFF, 0xFF, 0xFF, 0xFF, 0xFF, 0xFF, 0xFF, 0xFF, 0xFF, 0xFF, 0xFF,
    0xFF, 0xFF, 0xFF, 0xFF, 0xFF, 0xFF, 0xFF, 0xFF, 0xFF, 0xFF, 0xFF, 0xFF,
    0xFF, 0xFF, 0xFF, 0xFF, 0xFF, 0xFF, 0xFF, 0xFF, 0xFF, 0xFF, 0xFF, 0xFF,
    0xFF, 0xFF, 0xFF, 0xFF, 0xFF, 0xFF, 0xFF, 0xFF, 0xFF, 0xFF, 0xFF, 0xFF,
    0xFF, 0xFF, 0xFF, 0xFF, 0xFF, 0xFF, 0xFF, 0xFF, 0xFF, 0xFF, 0xFF, 0xFF,
    0xFF, 0xFF, 0xFF, 0xFF, 0xFF, 0xFF, 0xFF, 0xFF, 0xFF, 0xFF, 0xFF, 0xFF,
    0xFF, 0xFF, 0xFF, 0xFF, 0xFF, 0xFF, 0xFF, 0xFF, 0xFF, 0xFF, 0xFF, 0xFF,
    0xFF, 0xFF, 0xFF, 0xFF, 0xFF, 0xFF, 0xFF, 0xFF, 0xFF, 0xFF, 0xFF, 0xFF,
    0xFF, 0xFF, 0xFF, 0xFF, 0xFF, 0xFF, 0xFF, 0xFF, 0xFF, 0xFF, 0xFF, 0xFF,
    0xFF, 0xFF, 0xFF, 0xFF, 0xFF, 0xFF, 0xFF, 0xFF, 0xFF, 0xFF, 0xFF, 0xFF,
    0xFF, 0xFF, 0xFF, 0xFF, 0xFF, 0xFF, 0xFF, 0xFF, 0xFF, 0xFF, 0xFF, 0xFF,
    0xFF, 0xFF, 0xFF, 0xFF, 0xFF, 0xFF, 0xFF, 0xFF, 0xFF, 0xFF, 0xFF, 0xFF,
    0xFF, 0xFF, 0xFF, 0xFF, 0xFF, 0xFF, 0xFF, 0xFF, 0xFF, 0xFF, 0xFF, 0xFF,
    0xFF, 0xFF, 0xFF, 0xFF, 0xFF, 0xFF, 0xFF, 0xFF, 0xFF, 0xFF, 0xFF, 0xFF,
    0xFF, 0xFF, 0xFF, 0xFF, 0xFF, 0xFF, 0xFF, 0xFF, 0xFF, 0xFF, 0xFF, 0xFF,
    0xFF, 0xFF, 0xFF, 0xFF, 0xFF, 0xFF, 0xFF, 0xFF, 0xFF, 0xFF, 0xFF, 0xFF,
    0xFF, 0xFF, 0xFF, 0xFF, 0xFF, 0xFF, 0xFF, 0xFF, 0xFF, 0xFF, 0xFF, 0xFF,
    0xFF, 0xFF, 0xFF, 0xFF, 0xFF, 0xFF, 0xFF, 0xFF, 0xFF, 0xFF, 0xFF, 0xFF,
    0xFF, 0xFF, 0xFF, 0xFF, 0xFF, 0xFF, 0xFF, 0xFF, 0xFF, 0xFF, 0xFF, 0xFF,
    0xFF, 0xFF, 0xFF, 0xFF, 0xFF, 0xFF, 0xFF, 0xFF, 0xFF, 0xFF, 0xFF, 0xFF,
    0xFF, 0xFF, 0xFF, 0xFF, 0xFF, 0xFF, 0xFF, 0xFF, 0xFF, 0xFF, 0xFF, 0xFF,
    0xFF, 0xFF, 0xFF, 0xFF, 0xFF, 0xFF, 0xFF, 0xFF, 0xFF, 0xFF, 0xFF, 0xFF,
    0xFF, 0xFF, 0xFF, 0xFF, 0xFF, 0xFF, 0xFF, 0xFF, 0xFF, 0xFF, 0xFF, 0xFF,
    0xFF, 0xFF, 0xFF, 0xFF, 0xFF, 0xFF, 0xFF, 0xFF, 0xFF, 0xFF, 0xFF, 0xFF,
    0xFF, 0xFF, 0xFF, 0xFF, 0xFF, 0xFF, 0xFF, 0xFF, 0xFF, 0xFF, 0xFF, 0xFF,
    0xFF, 0xFF, 0xFF, 0xFF, 0xFF, 0xFF, 0xFF, 0xFF, 0xFF, 0xFF, 0xFF, 0xFF,
    0xFF, 0xFF, 0xFF, 0xFF, 0xFF, 0xFF, 0xFF, 0xFF, 0xFF, 0xFF, 0xFF, 0xFF,
    0xFF, 0xFF, 0xFF, 0xFF, 0xFF, 0xFF, 0xFF, 0xFF, 0xFF, 0xFF, 0xFF, 0xFF,
    0xFF, 0xFF, 0xFF, 0xFF, 0xFF, 0xFF, 0xFF, 0xFF, 0xFF, 0xFF, 0xFF, 0xFF,
    0xFF, 0xFF, 0xFF, 0xFF, 0xFF, 0xFF, 0xFF, 0xFF, 0xFF, 0xFF, 0xFF, 0xFF,
    0xFF, 0xFF, 0xFF, 0xFF, 0xFF, 0xFF, 0xFF, 0xFF, 0xFF, 0xFF, 0xFF, 0xFF,
    0xFF, 0xFF, 0xFF, 0xFF, 0xFF, 0xFF, 0xFF, 0xFF, 0xFF, 0xFF, 0xFF, 0xFF,
    0xFF, 0xFF, 0xFF, 0xFF, 0xFF, 0xFF, 0xFF, 0xFF, 0xFF, 0xFF, 0xFF, 0xFF,
    0xFF, 0xFF, 0xFF, 0xFF, 0xFF, 0xFF, 0xFF, 0xFF, 0xFF, 0xFF, 0xFF, 0xFF,
    0xFF, 0xFF, 0xFF, 0xFF, 0xFF, 0xFF, 0xFF, 0xFF, 0xFF, 0xFF, 0xFF, 0xFF,
    0xFF, 0xFF, 0xFF, 0xFF, 0xFF, 0xFF, 0xFF, 0xFF, 0xFF, 0xFF, 0xFF, 0xFF,
    0xFF, 0xFF, 0xFF, 0xFF, 0xFF, 0xFF, 0xFF, 0xFF, 0xFF, 0xFF, 0xFF, 0xFF,
    0xFF, 0xFF, 0xFF, 0xFF, 0xFF, 0xFF, 0xFF, 0xFF, 0xFF, 0xFF, 0xFF, 0xFF,
    0xFF, 0xFF, 0xFF, 0xFF, 0xFF, 0xFF, 0xFF, 0xFF, 0xFF, 0xFF, 0xFF, 0xFF,
    0xFF, 0xFF, 0xFF, 0xFF, 0xFF, 0xFF, 0xFF, 0xFF, 0xFF, 0xFF, 0xFF, 0xFF,
    0xFF, 0xFF, 0xFF, 0xFF, 0xFF, 0xFF, 0xFF, 0xFF, 0xFF, 0xFF, 0xFF, 0xFF,
    0xFF, 0xFF, 0xFF, 0xFF, 0xFF, 0xFF, 0xFF, 0xFF, 0xFF, 0xFF, 0xFF, 0xFF,
    0xFF, 0xFF, 0xFF, 0xFF, 0xFF, 0xFF, 0xFF, 0xFF, 0xFF, 0xFF, 0xFF, 0xFF,
    0xFF, 0xFF, 0xFF, 0xFF, 0xFF, 0xFF, 0xFF, 0xFF, 0xFF, 0xFF, 0xFF, 0xFF,
    0xFF, 0xFF, 0xFF, 0xFF, 0xFF, 0xFF, 0xFF, 0xFF, 0xFF, 0xFF, 0xFF, 0xFF,
    0xFF, 0xFF, 0xFF, 0xFF, 0xFF, 0xFF, 0xFF, 0xFF, 0xFF, 0xFF, 0xFF, 0xFF,
    0xFF, 0xFF, 0xFF, 0xFF, 0xFF, 0xFF, 0xFF, 0xFF, 0xFF, 0xFF, 0xFF, 0xFF,
    0xFF, 0xFF, 0xFF, 0xFF, 0xFF, 0xFF, 0xFF, 0xFF, 0xFF, 0xFF, 0xFF, 0xFF,
    0xFF, 0xFF, 0xFF, 0xFF, 0xFF, 0xFF, 0xFF, 0xFF, 0xFF, 0xFF, 0xFF, 0xFF,
    0xFF, 0xFF, 0xFF, 0xFF, 0xFF, 0xFF, 0xFF, 0xFF, 0xFF, 0xFF, 0xFF, 0xFF,
    0xFF, 0xFF, 0xFF, 0xFF, 0xFF, 0xFF, 0xFF, 0xFF, 0xFF, 0xFF, 0xFF, 0xFF,
    0xFF, 0xFF, 0xFF, 0xFF, 0xFF, 0xFF, 0xFF, 0xFF, 0xFF, 0xFF, 0xFF, 0xFF,
    0xFF, 0xFF, 0xFF, 0xFF, 0xFF, 0xFF, 0xFF, 0xFF, 0xFF, 0xFF, 0xFF, 0xFF,
    0xFF, 0xFF, 0xFF, 0xFF, 0xFF, 0xFF, 0xFF, 0xFF, 0xFF, 0xFF, 0xFF, 0xFF,
    0xFF, 0xFF, 0xFF, 0xFF, 0xFF, 0xFF, 0xFF, 0xFF, 0xFF, 0xFF, 0xFF, 0xFF,
    0xFF, 0xFF, 0xFF, 0xFF, 0xFF, 0xFF, 0xFF, 0xFF, 0xFF, 0xFF, 0xFF, 0xFF,
    0xFF, 0xFF, 0xFF, 0xFF, 0xFF, 0xFF, 0xFF, 0xFF, 0xFF, 0xFF, 0xFF, 0xFF,
    0xFF, 0xFF, 0xFF, 0xFF, 0xFF, 0xFF, 0xFF, 0xFF, 0xFF, 0xFF, 0xFF, 0xFF,
    0xFF, 0xFF, 0xFF, 0xFF, 0xFF, 0xFF, 0xFF, 0xFF, 0xFF, 0xFF, 0xFF, 0xFF,
    0xFF, 0xFF, 0xFF, 0xFF, 0xFF, 0xFF, 0xFF, 0xFF, 0xFF, 0xFF, 0xFF, 0xFF,
    0xFF, 0xFF, 0xFF, 0xFF, 0xFF, 0xFF, 0xFF, 0xFF, 0xFF, 0xFF, 0xFF, 0xFF,
    0xFF, 0xFF, 0xFF, 0xFF, 0xFF, 0xFF, 0xFF, 0xFF, 0xFF, 0xFF, 0xFF, 0xFF,
    0xFF, 0xFF, 0xFF, 0xFF, 0xFF, 0xFF, 0xFF, 0xFF, 0xFF, 0xFF, 0xFF, 0xFF,
    0xFF, 0xFF, 0xFF, 0xFF, 0xFF, 0xFF, 0xFF, 0xFF, 0xFF, 0xFF, 0xFF, 0xFF,
    0xFF, 0xFF, 0xFF, 0xFF, 0xFF, 0xFF, 0xFF, 0xFF, 0xFF, 0xFF, 0xFF, 0xFF,
    0xFF, 0xFF, 0xFF, 0xFF, 0xFF, 0xFF, 0xFF, 0xFF, 0xFF, 0xFF, 0xFF, 0xFF,
    0xFF, 0xFF, 0xFF, 0xFF, 0xFF, 0xFF, 0xFF, 0xFF, 0xFF, 0xFF, 0xFF, 0xFF,
    0xFF, 0xFF, 0xFF, 0xFF, 0xFF, 0xFF, 0xFF, 0xFF, 0xFF, 0xFF, 0xFF, 0xFF,
    0xFF, 0xFF, 0xFF, 0xFF, 0xFF, 0xFF, 0xFF, 0xFF, 0xFF, 0xFF, 0xFF, 0xFF,
    0xFF, 0xFF, 0xFF, 0xFF, 0xFF, 0xFF, 0xFF, 0xFF, 0xFF, 0xFF, 0xFF, 0xFF,
    0xFF, 0xFF, 0xFF, 0xFF, 0xFF, 0xFF, 0xFF, 0xFF, 0xFF, 0xFF, 0xFF, 0xFF,
    0xFF, 0xFF, 0xFF, 0xFF, 0xFF, 0xFF, 0xFF, 0xFF, 0xFF, 0xFF, 0xFF, 0xFF,
    0xFF, 0xFF, 0xFF, 0xFF, 0xFF, 0xFF, 0xFF, 0xFF, 0xFF, 0xFF, 0xFF, 0xFF,
    0xFF, 0xFF, 0xFF, 0xFF, 0xFF, 0xFF, 0xFF, 0xFF, 0xFF, 0xFF, 0xFF, 0xFF,
    0xFF, 0xFF, 0xFF, 0xFF, 0xFF, 0xFF, 0xFF, 0xFF, 0xFF, 0xFF, 0xFF, 0xFF,
    0xFF, 0xFF, 0xFF, 0xFF, 0xFF, 0xFF, 0xFF, 0xFF, 0xFF, 0xFF, 0xFF, 0xFF,
    0xFF, 0xFF, 0xFF, 0xFF, 0xFF, 0xFF, 0xFF, 0xFF, 0xFF, 0xFF, 0xFF, 0xFF,
    0xFF, 0xFF, 0xFF, 0xFF, 0xFF, 0xFF, 0xFF, 0xFF, 0xFF, 0xFF, 0xFF, 0xFF,
    0xFF, 0xFF, 0xFF, 0xFF, 0xFF, 0xFF, 0xFF, 0xFF, 0xFF, 0xFF, 0xFF, 0xFF,
    0xFF, 0xFF, 0xFF, 0xFF, 0xFF, 0xFF, 0xFF, 0xFF, 0xFF, 0xFF, 0xFF, 0xFF,
    0xFF, 0xFF, 0xFF, 0xFF, 0xFF, 0xFF, 0xFF, 0xFF, 0xFF, 0xFF, 0xFF, 0xFF,
    0xFF, 0xFF, 0xFF, 0xFF, 0xFF, 0xFF, 0xFF, 0xFF, 0xFF, 0xFF, 0xFF, 0xFF,
    0xFF, 0xFF, 0xFF, 0xFF, 0xFF, 0xFF, 0xFF, 0xFF, 0xFF, 0xFF, 0xFF, 0xFF,
    0xFF, 0xFF, 0xFF, 0xFF, 0xFF, 0xFF, 0xFF, 0xFF, 0xFF, 0xFF, 0xFF, 0xFF,
    0xFF, 0xFF, 0xFF, 0xFF, 0xFF, 0xFF, 0xFF, 0xFF, 0xFF, 0xFF, 0xFF, 0xFF,
    0xFF, 0xFF, 0xFF, 0xFF, 0xFF, 0xFF, 0xFF, 0xFF, 0xFF, 0xFF, 0xFF, 0xFF,
    0xFF, 0xFF, 0xFF, 0xFF, 0xFF, 0xFF, 0xFF, 0xFF, 0xFF, 0xFF, 0xFF, 0xFF,
    0xFF, 0xFF, 0xFF, 0xFF, 0xFF, 0xFF, 0xFF, 0xFF, 0xFF, 0xFF, 0xFF, 0xFF,
    0xFF, 0xFF, 0xFF, 0xFF, 0xFF, 0xFF, 0xFF, 0xFF, 0xFF, 0xFF, 0xFF, 0xFF,
    0xFF, 0xFF, 0xFF, 0xFF, 0xFF, 0xFF, 0xFF, 0xFF, 0xFF, 0xFF, 0xFF, 0xFF,
    0xFF, 0xFF, 0xFF, 0xFF, 0xFF, 0xFF, 0xFF, 0xFF, 0xFF, 0xFF, 0xFF, 0xFF,
    0xFF, 0xFF, 0xFF, 0xFF, 0xFF, 0xFF, 0xFF, 0xFF, 0xFF, 0xFF, 0xFF, 0xFF,
    0xFF, 0xFF, 0xFF, 0xFF, 0xFF, 0xFF, 0xFF, 0xFF, 0xFF, 0xFF, 0xFF, 0xFF,
    0xFF, 0xFF, 0xFF, 0xFF, 0xFF, 0xFF, 0xFF, 0xFF, 0xFF, 0xFF, 0xFF, 0xFF,
    0xFF, 0xFF, 0xFF, 0xFF, 0xFF, 0xFF, 0xFF, 0xFF, 0xFF, 0xFF, 0xFF, 0xFF,
    0xFF, 0xFF, 0xFF, 0xFF, 0xFF, 0xFF, 0xFF, 0xFF, 0xFF, 0xFF, 0xFF, 0xFF,
    0xFF, 0xFF, 0xFF, 0xFF, 0xFF, 0xFF, 0xFF, 0xFF, 0xFF, 0xFF, 0xFF, 0xFF,
    0xFF, 0xFF, 0xFF, 0xFF, 0xFF, 0xFF, 0xFF, 0xFF, 0xFF, 0xFF, 0xFF, 0xFF,
    0xFF, 0xFF, 0xFF, 0xFF, 0xFF, 0xFF, 0xFF, 0xFF, 0xFF, 0xFF, 0xFF, 0xFF,
    0xFF, 0xFF, 0xFF, 0xFF, 0xFF, 0xFF, 0xFF, 0xFF, 0xFF, 0xFF, 0xFF, 0xFF,
    0xFF, 0xFF, 0xFF, 0xFF, 0xFF, 0xFF, 0xFF, 0xFF, 0xFF, 0xFF, 0xFF, 0xFF,
    0xFF, 0xFF, 0xFF, 0xFF, 0xFF, 0xFF, 0xFF, 0xFF, 0xFF, 0xFF, 0xFF, 0xFF,
    0xFF, 0xFF, 0xFF, 0xFF, 0xFF, 0xFF, 0xFF, 0xFF, 0xFF, 0xFF, 0xFF, 0xFF,
    0xFF, 0xFF, 0xFF, 0xFF, 0xFF, 0xFF, 0xFF, 0xFF, 0xFF, 0xFF, 0xFF, 0xFF,
    0xFF, 0xFF, 0xFF, 0xFF, 0xFF, 0xFF, 0xFF, 0xFF, 0xFF, 0xFF, 0xFF, 0xFF,
    0xFF, 0xFF, 0xFF, 0xFF, 0xFF, 0xFF, 0xFF, 0xFF, 0xFF, 0xFF, 0xFF, 0xFF,
    0xFF, 0xFF, 0xFF, 0xFF, 0xFF, 0xFF, 0xFF, 0xFF, 0xFF, 0xFF, 0xFF, 0xFF,
    0xFF, 0xFF, 0xFF, 0xFF, 0xFF, 0xFF, 0xFF, 0xFF, 0xFF, 0xFF, 0xFF, 0xFF,
    0xFF, 0xFF, 0xFF, 0xFF, 0xFF, 0xFF, 0xFF, 0xFF, 0xFF, 0xFF, 0xFF, 0xFF,
    0xFF, 0xFF, 0xFF, 0xFF, 0xFF, 0xFF, 0xFF, 0xFF, 0xFF, 0xFF, 0xFF, 0xFF,
    0xFF, 0xFF, 0xFF, 0xFF, 0xFF, 0xFF, 0xFF, 0xFF, 0xFF, 0xFF, 0xFF, 0xFF,
    0xFF, 0xFF, 0xFF, 0xFF, 0xFF, 0xFF, 0xFF, 0xFF, 0xFF, 0xFF, 0xFF, 0xFF,
    0xFF, 0xFF, 0xFF, 0xFF, 0xFF, 0xFF, 0xFF, 0xFF, 0xFF, 0xFF, 0xFF, 0xFF,
    0xFF, 0xFF, 0xFF, 0xFF, 0xFF, 0xFF, 0xFF, 0xFF, 0xFF, 0xFF, 0xFF, 0xFF,
    0xFF, 0xFF, 0xFF, 0xFF, 0xFF, 0xFF, 0xFF, 0xFF, 0xFF, 0xFF, 0xFF, 0xFF,
    0xFF, 0xFF, 0xFF, 0xFF, 0xFF, 0xFF, 0xFF, 0xFF, 0xFF, 0xFF, 0xFF, 0xFF,
    0xFF, 0xFF, 0xFF, 0xFF, 0xFF, 0xFF, 0xFF, 0xFF, 0xFF, 0xFF, 0xFF, 0xFF,
    0xFF, 0xFF, 0xFF, 0xFF, 0xFF, 0xFF, 0xFF, 0xFF, 0xFF, 0xFF, 0xFF, 0xFF,
    0xFF, 0xFF, 0xFF, 0xFF, 0xFF, 0xFF, 0xFF, 0xFF, 0xFF, 0xFF, 0xFF, 0xFF,
    0xFF, 0xFF, 0xFF, 0xFF, 0xFF, 0xFF, 0xFF, 0xFF, 0xFF, 0xFF, 0xFF, 0xFF,
    0xFF, 0xFF, 0xFF, 0xFF, 0xFF, 0xFF, 0xFF, 0xFF, 0xFF, 0xFF, 0xFF, 0xFF,
    0xFF, 0xFF, 0xFF, 0xFF, 0xFF, 0xFF, 0xFF, 0xFF, 0xFF, 0xFF, 0xFF, 0xFF,
    0xFF, 0xFF, 0xFF, 0xFF, 0xFF, 0xFF, 0xFF, 0xFF, 0xFF, 0xFF, 0xFF, 0xFF,
    0xFF, 0xFF, 0xFF, 0xFF, 0xFF, 0xFF, 0xFF, 0xFF, 0xFF, 0xFF, 0xFF, 0xFF,
    0xFF, 0xFF, 0xFF, 0xFF, 0xFF, 0xFF, 0xFF, 0xFF, 0xFF, 0xFF, 0xFF, 0xFF,
    0xFF, 0xFF, 0xFF, 0xFF, 0xFF, 0xFF, 0xFF, 0xFF, 0xFF, 0xFF, 0xFF, 0xFF,
    0xFF, 0xFF, 0xFF, 0xFF, 0xFF, 0xFF, 0xFF, 0xFF, 0xFF, 0xFF, 0xFF, 0xFF,
    0xFF, 0xFF, 0xFF, 0xFF, 0xFF, 0xFF, 0xFF, 0xFF, 0xFF, 0xFF, 0xFF, 0xFF,
    0xFF, 0xFF, 0xFF, 0xFF, 0xFF, 0xFF, 0xFF, 0xFF, 0xFF, 0xFF, 0xFF, 0xFF,
    0xFF, 0xFF, 0xFF, 0xFF, 0xFF, 0xFF, 0xFF, 0xFF, 0xFF, 0xFF, 0xFF, 0xFF,
    0xFF, 0xFF, 0xFF, 0xFF, 0xFF, 0xFF, 0xFF, 0xFF, 0xFF, 0xFF, 0xFF, 0xFF,
    0xFF, 0xFF, 0xFF, 0xFF, 0xFF, 0xFF, 0xFF, 0xFF, 0xFF, 0xFF, 0xFF, 0xFF,
    0xFF, 0xFF, 0xFF, 0xFF, 0xFF, 0xFF, 0xFF, 0xFF, 0xFF, 0xFF, 0xFF, 0xFF,
    0xFF, 0xFF, 0xFF, 0xFF, 0xFF, 0xFF, 0xFF, 0xFF, 0xFF, 0xFF, 0xFF, 0xFF,
    0xFF, 0xFF, 0xFF, 0xFF, 0xFF, 0xFF, 0xFF, 0xFF, 0xFF, 0xFF, 0xFF, 0xFF,
    0xFF, 0xFF, 0xFF, 0xFF, 0xFF, 0xFF, 0xFF, 0xFF, 0xFF, 0xFF, 0xFF, 0xFF,
    0xFF, 0xFF, 0xFF, 0xFF, 0xFF, 0xFF, 0xFF, 0xFF, 0xFF, 0xFF, 0xFF, 0xFF,
    0xFF, 0xFF, 0xFF, 0xFF, 0xFF, 0xFF, 0xFF, 0xFF, 0xFF, 0xFF, 0xFF, 0xFF,
    0xFF, 0xFF, 0xFF, 0xFF, 0xFF, 0xFF, 0xFF, 0xFF, 0xFF, 0xFF, 0xFF, 0xFF,
    0xFF, 0xFF, 0xFF, 0xFF, 0xFF, 0xFF, 0xFF, 0xFF, 0xFF, 0xFF, 0xFF, 0xFF,
    0xFF, 0xFF, 0xFF, 0xFF, 0xFF, 0xFF, 0xFF, 0xFF, 0xFF, 0xFF, 0xFF, 0xFF,
    0xFF, 0xFF, 0xFF, 0xFF, 0xFF, 0xFF, 0xFF, 0xFF, 0xFF, 0xFF, 0xFF, 0xFF,
    0xFF, 0xFF, 0xFF, 0xFF, 0xFF, 0xFF, 0xFF, 0xFF, 0xFF, 0xFF, 0xFF, 0xFF,
    0xFF, 0xFF, 0xFF, 0xFF, 0xFF, 0xFF, 0xFF, 0xFF, 0xFF, 0xFF, 0xFF, 0xFF,
    0xFF, 0xFF, 0xFF, 0xFF, 0xFF, 0xFF, 0xFF, 0xFF, 0xFF, 0xFF, 0xFF, 0xFF,
    0xFF, 0xFF, 0xFF, 0xFF, 0xFF, 0xFF, 0xFF, 0xFF, 0xFF, 0xFF, 0xFF, 0xFF,
    0xFF, 0xFF, 0xFF, 0xFF, 0xFF, 0xFF, 0xFF, 0xFF, 0xFF, 0xFF, 0xFF, 0xFF,
    0xFF, 0xFF, 0xFF, 0xFF, 0xFF, 0xFF, 0xFF, 0xFF, 0xFF, 0xFF, 0xFF, 0xFF,
    0xFF, 0xFF, 0xFF, 0xFF, 0xFF, 0xFF, 0xFF, 0xFF, 0xFF, 0xFF, 0xFF, 0xFF,
    0xFF, 0xFF, 0xFF, 0xFF, 0xFF, 0xFF, 0xFF, 0xFF, 0xFF, 0xFF, 0xFF, 0xFF,
    0xFF, 0xFF, 0xFF, 0xFF, 0xFF, 0xFF, 0xFF, 0xFF, 0xFF, 0xFF, 0xFF, 0xFF,
    0xFF, 0xFF, 0xFF, 0xFF, 0xFF, 0xFF, 0xFF, 0xFF, 0xFF, 0xFF, 0xFF, 0xFF,
    0xFF, 0xFF, 0xFF, 0xFF, 0xFF, 0xFF, 0xFF, 0xFF, 0xFF, 0xFF, 0xFF, 0xFF,
    0xFF, 0xFF, 0xFF, 0xFF, 0xFF, 0xFF, 0xFF, 0xFF, 0xFF, 0xFF, 0xFF, 0xFF,
    0xFF, 0xFF, 0xFF, 0xFF, 0xFF, 0xFF, 0xFF, 0xFF, 0xFF, 0xFF, 0xFF, 0xFF,
    0xFF, 0xFF, 0xFF, 0xFF, 0xFF, 0xFF, 0xFF, 0xFF, 0xFF, 0xFF, 0xFF, 0xFF,
    0xFF, 0xFF, 0xFF, 0xFF, 0xFF, 0xFF, 0xFF, 0xFF, 0xFF, 0xFF, 0xFF, 0xFF,
    0xFF, 0xFF, 0xFF, 0xFF, 0xFF, 0xFF, 0xFF, 0xFF, 0xFF, 0xFF, 0xFF, 0xFF,
    0xFF, 0xFF, 0xFF, 0xFF, 0xFF, 0xFF, 0xFF, 0xFF, 0xFF, 0xFF, 0xFF, 0xFF,
    0xFF, 0xFF, 0xFF, 0xFF, 0xFF, 0xFF, 0xFF, 0xFF, 0xFF, 0xFF, 0xFF, 0xFF,
    0xFF, 0xFF, 0xFF, 0xFF, 0xFF, 0xFF, 0xFF, 0xFF, 0xFF, 0xFF, 0xFF, 0xFF,
    0xFF, 0xFF, 0xFF, 0xFF, 0xFF, 0xFF, 0xFF, 0xFF, 0xFF, 0xFF, 0xFF, 0xFF,
    0xFF, 0xFF, 0xFF, 0xFF, 0xFF, 0xFF, 0xFF, 0xFF, 0xFF, 0xFF, 0xFF, 0xFF,
    0xFF, 0xFF, 0xFF, 0xFF, 0xFF, 0xFF, 0xFF, 0xFF, 0xFF, 0xFF, 0xFF, 0xFF,
    0xFF, 0xFF, 0xFF, 0xFF, 0xFF, 0xFF, 0xFF, 0xFF, 0xFF, 0xFF, 0xFF, 0xFF,
    0xFF, 0xFF, 0xFF, 0xFF, 0xFF, 0xFF, 0xFF, 0xFF, 0xFF, 0xFF, 0xFF, 0xFF,
    0xFF, 0xFF, 0xFF, 0xFF, 0xFF, 0xFF, 0xFF, 0xFF, 0xFF, 0xFF, 0xFF, 0xFF,
    0xFF, 0xFF, 0xFF, 0xFF, 0xFF, 0xFF, 0xFF, 0xFF, 0xFF, 0xFF, 0xFF, 0xFF,
    0xFF, 0xFF, 0xFF, 0xFF, 0xFF, 0xFF, 0xFF, 0xFF, 0xFF, 0xFF, 0xFF, 0xFF,
    0xFF, 0xFF, 0xFF, 0xFF, 0xFF, 0xFF, 0xFF, 0xFF, 0xFF, 0xFF, 0xFF, 0xFF,
    0xFF, 0xFF, 0xFF, 0xFF, 0xFF, 0xFF, 0xFF, 0xFF, 0xFF, 0xFF, 0xFF, 0xFF,
    0xFF, 0xFF, 0xFF, 0xFF, 0xFF, 0xFF, 0xFF, 0xFF, 0xFF, 0xFF, 0xFF, 0xFF,
    0xFF, 0xFF, 0xFF, 0xFF, 0xFF, 0xFF, 0xFF, 0xFF, 0xFF, 0xFF, 0xFF, 0xFF,
    0xFF, 0xFF, 0xFF, 0xFF, 0xFF, 0xFF, 0xFF, 0xFF, 0xFF, 0xFF, 0xFF, 0xFF,
    0xFF, 0xFF, 0xFF, 0xFF, 0xFF, 0xFF, 0xFF, 0xFF, 0xFF, 0xFF, 0xFF, 0xFF,
    0xFF, 0xFF, 0xFF, 0xFF, 0xFF, 0xFF, 0xFF, 0xFF, 0xFF, 0xFF, 0xFF, 0xFF,
    0xFF, 0xFF, 0xFF, 0xFF, 0xFF, 0xFF, 0xFF, 0xFF, 0xFF, 0xFF, 0xFF, 0xFF,
    0xFF, 0xFF, 0xFF, 0xFF, 0xFF, 0xFF, 0xFF, 0xFF, 0xFF, 0xFF, 0xFF, 0xFF,
    0xFF, 0xFF, 0xFF, 0xFF, 0xFF, 0xFF, 0xFF, 0xFF, 0xFF, 0xFF, 0xFF, 0xFF,
    0xFF, 0xFF, 0xFF, 0xFF, 0xFF, 0xFF, 0xFF, 0xFF, 0xFF, 0xFF, 0xFF, 0xFF,
    0xFF, 0xFF, 0xFF, 0xFF, 0xFF, 0xFF, 0xFF, 0xFF, 0xFF, 0xFF, 0xFF, 0xFF,
    0xFF, 0xFF, 0xFF, 0xFF, 0xFF, 0xFF, 0xFF, 0xFF, 0xFF, 0xFF, 0xFF, 0xFF,
    0xFF, 0xFF, 0xFF, 0xFF, 0xFF, 0xFF, 0xFF, 0xFF, 0xFF, 0xFF, 0xFF, 0xFF,
    0xFF, 0xFF, 0xFF, 0xFF, 0xFF, 0xFF, 0xFF, 0xFF, 0xFF, 0xFF, 0xFF, 0xFF,
    0xFF, 0xFF, 0xFF, 0xFF, 0xFF, 0xFF, 0xFF, 0xFF, 0xFF, 0xFF, 0xFF, 0xFF,
    0xFF, 0xFF, 0xFF, 0xFF, 0xFF, 0xFF, 0xFF, 0xFF, 0xFF, 0xFF, 0xFF, 0xFF,
    0xFF, 0xFF, 0xFF, 0xFF, 0xFF, 0xFF, 0xFF, 0xFF, 0xFF, 0xFF, 0xFF, 0xFF,
    0xFF, 0xFF, 0xFF, 0xFF, 0xFF, 0xFF, 0xFF, 0xFF, 0xFF, 0xFF, 0xFF, 0xFF,
    0xFF, 0xFF, 0xFF, 0xFF, 0xFF, 0xFF, 0xFF, 0xFF, 0xFF, 0xFF, 0xFF, 0xFF,
    0xFF, 0xFF, 0xFF, 0xFF, 0xFF, 0xFF, 0xFF, 0xFF, 0xFF, 0xFF, 0xFF, 0xFF,
    0xFF, 0xFF, 0xFF, 0xFF, 0xFF, 0xFF, 0xFF, 0xFF, 0xFF, 0xFF, 0xFF, 0xFF,
    0xFF, 0xFF, 0xFF, 0xFF, 0xFF, 0xFF, 0xFF, 0xFF, 0xFF, 0xFF, 0xFF, 0xFF,
    0xFF, 0xFF, 0xFF, 0xFF, 0xFF, 0xFF, 0xFF, 0xFF, 0xFF, 0xFF, 0xFF, 0xFF,
    0xFF, 0xFF, 0xFF, 0xFF, 0xFF, 0xFF, 0xFF, 0xFF, 0xFF, 0xFF, 0xFF, 0xFF,
    0xFF, 0xFF, 0xFF, 0xFF, 0xFF, 0xFF, 0xFF, 0xFF, 0xFF, 0xFF, 0xFF, 0xFF,
    0xFF, 0xFF, 0xFF, 0xFF, 0xFF, 0xFF, 0xFF, 0xFF, 0xFF, 0xFF, 0xFF, 0xFF,
    0xFF, 0xFF, 0xFF, 0xFF, 0xFF, 0xFF, 0xFF, 0xFF, 0xFF, 0xFF, 0xFF, 0xFF,
    0xFF, 0xFF, 0xFF, 0xFF, 0xFF, 0xFF, 0xFF, 0xFF, 0xFF, 0xFF, 0xFF, 0xFF,
    0xFF, 0xFF, 0xFF, 0xFF, 0xFF, 0xFF, 0xFF, 0xFF, 0xFF, 0xFF, 0xFF, 0xFF,
    0xFF, 0xFF, 0xFF, 0xFF, 0xFF, 0xFF, 0xFF, 0xFF, 0xFF, 0xFF, 0xFF, 0xFF,
    0xFF, 0xFF, 0xFF, 0xFF, 0xFF, 0xFF, 0xFF, 0xFF, 0xFF, 0xFF, 0xFF, 0xFF,
    0xFF, 0xFF, 0xFF, 0xFF, 0xFF, 0xFF, 0xFF, 0xFF, 0xFF, 0xFF, 0xFF, 0xFF,
    0xFF, 0xFF, 0xFF, 0xFF, 0xFF, 0xFF, 0xFF, 0xFF, 0xFF, 0xFF, 0xFF, 0xFF,
    0xFF, 0xFF, 0xFF, 0xFF, 0xFF, 0xFF, 0xFF, 0xFF, 0xFF, 0xFF, 0xFF, 0xFF,
    0xFF, 0xFF, 0xFF, 0xFF, 0xFF, 0xFF, 0xFF, 0xFF, 0xFF, 0xFF, 0xFF, 0xFF,
    0xFF, 0xFF, 0xFF, 0xFF, 0xFF, 0xFF, 0xFF, 0xFF, 0xFF, 0xFF, 0xFF, 0xFF,
    0xFF, 0xFF, 0xFF, 0xFF, 0xFF, 0xFF, 0xFF, 0xFF, 0xFF, 0xFF, 0xFF, 0xFF,
    0xFF, 0xFF, 0xFF, 0xFF, 0xFF, 0xFF, 0xFF, 0xFF, 0xFF, 0xFF, 0xFF, 0xFF,
    0xFF, 0xFF, 0xFF, 0xFF, 0xFF, 0xFF, 0xFF, 0xFF, 0xFF, 0xFF, 0xFF, 0xFF,
    0xFF, 0xFF, 0xFF, 0xFF, 0xFF, 0xFF, 0xFF, 0xFF, 0xFF, 0xFF, 0xFF, 0xFF,
    0xFF, 0xFF, 0xFF, 0xFF, 0xFF, 0xFF, 0xFF, 0xFF, 0xFF, 0xFF, 0xFF, 0xFF,
    0xFF, 0xFF, 0xFF, 0xFF, 0xFF, 0xFF, 0xFF, 0xFF, 0xFF, 0xFF, 0xFF, 0xFF,
    0xFF, 0xFF, 0xFF, 0xFF, 0xFF, 0xFF, 0xFF, 0xFF, 0xFF, 0xFF, 0xFF, 0xFF,
    0xFF, 0xFF, 0xFF, 0xFF, 0xFF, 0xFF, 0xFF, 0xFF, 0xFF, 0xFF, 0xFF, 0xFF,
    0xFF, 0xFF, 0xFF, 0xFF, 0xFF, 0xFF, 0xFF, 0xFF, 0xFF, 0xFF, 0xFF, 0xFF,
    0xFF, 0xFF, 0xFF, 0xFF, 0xFF, 0xFF, 0xFF, 0xFF, 0xFF, 0xFF, 0xFF, 0xFF,
    0xFF, 0xFF, 0xFF, 0xFF, 0xFF, 0xFF, 0xFF, 0xFF, 0xFF, 0xFF, 0xFF, 0xFF,
    0xFF, 0xFF, 0xFF, 0xFF, 0xFF, 0xFF, 0xFF, 0xFF, 0xFF, 0xFF, 0xFF, 0xFF,
    0xFF, 0xFF, 0xFF, 0xFF, 0xFF, 0xFF, 0xFF, 0xFF, 0xFF, 0xFF, 0xFF, 0xFF,
    0xFF, 0xFF, 0xFF, 0xFF, 0xFF, 0xFF, 0xFF, 0xFF, 0xFF, 0xFF, 0xFF, 0xFF,
    0xFF, 0xFF, 0xFF, 0xFF, 0xFF, 0xFF, 0xFF, 0xFF, 0xFF, 0xFF, 0xFF, 0xFF,
    0xFF, 0xFF, 0xFF, 0xFF, 0xFF, 0xFF, 0xFF, 0xFF, 0xFF, 0xFF, 0xFF, 0xFF,
    0xFF, 0xFF, 0xFF, 0xFF, 0xFF, 0xFF, 0xFF, 0xFF, 0xFF, 0xFF, 0xFF, 0xFF,
    0xFF, 0xFF, 0xFF, 0xFF, 0xFF, 0xFF, 0xFF, 0xFF, 0xFF, 0xFF, 0xFF, 0xFF,
    0xFF, 0xFF, 0xFF, 0xFF, 0xFF, 0xFF, 0xFF, 0xFF, 0xFF, 0xFF, 0xFF, 0xFF,
    0xFF, 0xFF, 0xFF, 0xFF, 0xFF, 0xFF, 0xFF, 0xFF, 0xFF, 0xFF, 0xFF, 0xFF,
    0xFF, 0xFF, 0xFF, 0xFF, 0xFF, 0xFF, 0xFF, 0xFF, 0xFF, 0xFF, 0xFF, 0xFF,
    0xFF, 0xFF, 0xFF, 0xFF, 0xFF, 0xFF, 0xFF, 0xFF, 0xFF, 0xFF, 0xFF, 0xFF,
    0xFF, 0xFF, 0xFF, 0xFF, 0xFF, 0xFF, 0xFF, 0xFF, 0xFF, 0xFF, 0xFF, 0xFF,
    0xFF, 0xFF, 0xFF, 0xFF, 0xFF, 0xFF, 0xFF, 0xFF, 0xFF, 0xFF, 0xFF, 0xFF,
    0xFF, 0xFF, 0xFF, 0xFF, 0xFF, 0xFF, 0xFF, 0xFF, 0xFF, 0xFF, 0xFF, 0xFF,
    0xFF, 0xFF, 0xFF, 0xFF, 0xFF, 0xFF, 0xFF, 0xFF, 0xFF, 0xFF, 0xFF, 0xFF,
    0xFF, 0xFF, 0xFF, 0xFF, 0xFF, 0xFF, 0xFF, 0xFF, 0xFF, 0xFF, 0xFF, 0xFF,
    0xFF, 0xFF, 0xFF, 0xFF, 0xFF, 0xFF, 0xFF, 0xFF, 0xFF, 0xFF, 0xFF, 0xFF,
    0xFF, 0xFF, 0xFF, 0xFF, 0xFF, 0xFF, 0xFF, 0xFF, 0xFF, 0xFF, 0xFF, 0xFF,
    0xFF, 0xFF, 0xFF, 0xFF, 0xFF, 0xFF, 0xFF, 0xFF, 0xFF, 0xFF, 0xFF, 0xFF,
    0xFF, 0xFF, 0xFF, 0xFF, 0xFF, 0xFF, 0xFF, 0xFF, 0xFF, 0xFF, 0xFF, 0xFF,
    0xFF, 0xFF, 0xFF, 0xFF, 0xFF, 0xFF, 0xFF, 0xFF, 0xFF, 0xFF, 0xFF, 0xFF,
    0xFF, 0xFF, 0xFF, 0xFF, 0xFF, 0xFF, 0xFF, 0xFF, 0xFF, 0xFF, 0xFF, 0xFF,
    0xFF, 0xFF, 0xFF, 0xFF, 0xFF, 0xFF, 0xFF, 0xFF, 0xFF, 0xFF, 0xFF, 0xFF,
    0xFF, 0xFF, 0xFF, 0xFF, 0xFF, 0xFF, 0xFF, 0xFF, 0xFF, 0xFF, 0xFF, 0xFF,
    0xFF, 0xFF, 0xFF, 0xFF, 0xFF, 0xFF, 0xFF, 0xFF, 0xFF, 0xFF, 0xFF, 0xFF,
    0xFF, 0xFF, 0xFF, 0xFF, 0xFF, 0xFF, 0xFF, 0xFF, 0xFF, 0xFF, 0xFF, 0xFF,
    0xFF, 0xFF, 0xFF, 0xFF, 0xFF, 0xFF, 0xFF, 0xFF, 0xFF, 0xFF, 0xFF, 0xFF,
    0xFF, 0xFF, 0xFF, 0xFF, 0xFF, 0xFF, 0xFF, 0xFF, 0xFF, 0xFF, 0xFF, 0xFF,
    0xFF, 0xFF, 0xFF, 0xFF, 0xFF, 0xFF, 0xFF, 0xFF, 0xFF, 0xFF, 0xFF, 0xFF,
    0xFF, 0xFF, 0xFF, 0xFF, 0xFF, 0xFF, 0xFF, 0xFF, 0xFF, 0xFF, 0xFF, 0xFF,
    0xFF, 0xFF, 0xFF, 0xFF, 0xFF, 0xFF, 0xFF, 0xFF, 0xFF, 0xFF, 0xFF, 0xFF,
    0xFF, 0xFF, 0xFF, 0xFF, 0xFF, 0xFF, 0xFF, 0xFF, 0xFF, 0xFF, 0xFF, 0xFF,
    0xFF, 0xFF, 0xFF, 0xFF, 0xFF, 0xFF, 0xFF, 0xFF, 0xFF, 0xFF, 0xFF, 0xFF,
    0xFF, 0xFF, 0xFF, 0xFF, 0xFF, 0xFF, 0xFF, 0xFF, 0xFF, 0xFF, 0xFF, 0xFF,
    0xFF, 0xFF, 0xFF, 0xFF, 0xFF, 0xFF, 0xFF, 0xFF, 0xFF, 0xFF, 0xFF, 0xFF,
    0xFF, 0xFF, 0xFF, 0xFF, 0xFF, 0xFF, 0xFF, 0xFF, 0xFF, 0xFF, 0xFF, 0xFF,
    0xFF, 0xFF, 0xFF, 0xFF, 0xFF, 0xFF, 0xFF, 0xFF, 0xFF, 0xFF, 0xFF, 0xFF,
    0xFF, 0xFF, 0xFF, 0xFF, 0xFF, 0xFF, 0xFF, 0xFF, 0xFF, 0xFF, 0xFF, 0xFF,
    0xFF, 0xFF, 0xFF, 0xFF, 0xFF, 0xFF, 0xFF, 0xFF, 0xFF, 0xFF, 0xFF, 0xFF,
    0xFF, 0xFF, 0xFF, 0xFF, 0xFF, 0xFF, 0xFF, 0xFF, 0xFF, 0xFF, 0xFF, 0xFF,
    0xFF, 0xFF, 0xFF, 0xFF, 0xFF, 0xFF, 0xFF, 0xFF, 0xFF, 0xFF, 0xFF, 0xFF,
    0xFF, 0xFF, 0xFF, 0xFF, 0xFF, 0xFF, 0xFF, 0xFF, 0xFF, 0xFF, 0xFF, 0xFF,
    0xFF, 0xFF, 0xFF, 0xFF, 0xFF, 0xFF, 0xFF, 0xFF, 0xFF, 0xFF, 0xFF, 0xFF,
    0xFF, 0xFF, 0xFF, 0xFF, 0xFF, 0xFF, 0xFF, 0xFF, 0xFF, 0xFF, 0xFF, 0xFF,
    0xFF, 0xFF, 0xFF, 0xFF, 0xFF, 0xFF, 0xFF, 0xFF, 0xFF, 0xFF, 0xFF, 0xFF,
    0xFF, 0xFF, 0xFF, 0xFF, 0xFF, 0xFF, 0xFF, 0xFF, 0xFF, 0xFF, 0xFF, 0xFF,
    0xFF, 0xFF, 0xFF, 0xFF, 0xFF, 0xFF, 0xFF, 0xFF, 0xFF, 0xFF, 0xFF, 0xFF,
    0xFF, 0xFF, 0xFF, 0xFF, 0xFF, 0xFF, 0xFF, 0xFF, 0xFF, 0xFF, 0xFF, 0xFF,
    0xFF, 0xFF, 0xFF, 0xFF, 0xFF, 0xFF, 0xFF, 0xFF, 0xFF, 0xFF, 0xFF, 0xFF,
    0xFF, 0xFF, 0xFF, 0xFF, 0xFF, 0xFF, 0xFF, 0xFF, 0xFF, 0xFF, 0xFF, 0xFF,
    0xFF, 0xFF, 0xFF, 0xFF, 0xFF, 0xFF, 0xFF, 0xFF, 0xFF, 0xFF, 0xFF, 0xFF,
    0xFF, 0xFF, 0xFF, 0xFF, 0xFF, 0xFF, 0xFF, 0xFF, 0xFF, 0xFF, 0xFF, 0xFF,
    0xFF, 0xFF, 0xFF, 0xFF, 0xFF, 0xFF, 0xFF, 0xFF, 0xFF, 0xFF, 0xFF, 0xFF,
    0xFF, 0xFF, 0xFF, 0xFF, 0xFF, 0xFF, 0xFF, 0xFF, 0xFF, 0xFF, 0xFF, 0xFF,
    0xFF, 0xFF, 0xFF, 0xFF, 0xFF, 0xFF, 0xFF, 0xFF, 0xFF, 0xFF, 0xFF, 0xFF,
    0xFF, 0xFF, 0xFF, 0xFF, 0xFF, 0xFF, 0xFF, 0xFF, 0xFF, 0xFF, 0xFF, 0xFF,
    0xFF, 0xFF, 0xFF, 0xFF, 0xFF, 0xFF, 0xFF, 0xFF, 0xFF, 0xFF, 0xFF, 0xFF,
    0xFF, 0xFF, 0xFF, 0xFF, 0xFF, 0xFF, 0xFF, 0xFF, 0xFF, 0xFF, 0xFF, 0xFF,
    0xFF, 0xFF, 0xFF, 0xFF, 0xFF, 0xFF, 0xFF, 0xFF, 0xFF, 0xFF, 0xFF, 0xFF,
    0xFF, 0xFF, 0xFF, 0xFF, 0xFF, 0xFF, 0xFF, 0xFF, 0xFF, 0xFF, 0xFF, 0xFF,
    0xFF, 0xFF, 0xFF, 0xFF, 0xFF, 0xFF, 0xFF, 0xFF, 0xFF, 0xFF, 0xFF, 0xFF,
    0xFF, 0xFF, 0xFF, 0xFF, 0xFF, 0xFF, 0xFF, 0xFF, 0xFF, 0xFF, 0xFF, 0xFF,
    0xFF, 0xFF, 0xFF, 0xFF, 0xFF, 0xFF, 0xFF, 0xFF, 0xFF, 0xFF, 0xFF, 0xFF,
    0xFF, 0xFF, 0xFF, 0xFF, 0xFF, 0xFF, 0xFF, 0xFF, 0xFF, 0xFF, 0xFF, 0xFF,
    0xFF, 0xFF, 0xFF, 0xFF, 0xFF, 0xFF, 0xFF, 0xFF, 0xFF, 0xFF, 0xFF, 0xFF,
    0xFF, 0xFF, 0xFF, 0xFF, 0xFF, 0xFF, 0xFF, 0xFF, 0xFF, 0xFF, 0xFF, 0xFF,
    0xFF, 0xFF, 0xFF, 0xFF, 0xFF, 0xFF, 0xFF, 0xFF, 0xFF, 0xFF, 0xFF, 0xFF,
    0xFF, 0xFF, 0xFF, 0xFF, 0xFF, 0xFF, 0xFF, 0xFF, 0xFF, 0xFF, 0xFF, 0xFF,
    0xFF, 0xFF, 0xFF, 0xFF, 0xFF, 0xFF, 0xFF, 0xFF, 0xFF, 0xFF, 0xFF, 0xFF,
    0xFF, 0xFF, 0xFF, 0xFF, 0xFF, 0xFF, 0xFF, 0xFF, 0xFF, 0xFF, 0xFF, 0xFF,
    0xFF, 0xFF, 0xFF, 0xFF, 0xFF, 0xFF, 0xFF, 0xFF, 0xFF, 0xFF, 0xFF, 0xFF,
    0xFF, 0xFF, 0xFF, 0xFF, 0xFF, 0xFF, 0xFF, 0xFF, 0xFF, 0xFF, 0xFF, 0xFF,
    0xFF, 0xFF, 0xFF, 0xFF, 0xFF, 0xFF, 0xFF, 0xFF, 0xFF, 0xFF, 0xFF, 0xFF,
    0xFF, 0xFF, 0xFF, 0xFF, 0xFF, 0xFF, 0xFF, 0xFF, 0xFF, 0xFF, 0xFF, 0xFF,
    0xFF, 0xFF, 0xFF, 0xFF, 0xFF, 0xFF, 0xFF, 0xFF, 0xFF, 0xFF, 0xFF, 0xFF,
    0xFF, 0xFF, 0xFF, 0xFF, 0xFF, 0xFF, 0xFF, 0xFF, 0xFF, 0xFF, 0xFF, 0xFF,
    0xFF, 0xFF, 0xFF, 0xFF, 0xFF, 0xFF, 0xFF, 0xFF, 0xFF, 0xFF, 0xFF, 0xFF,
    0xFF, 0xFF, 0xFF, 0xFF, 0xFF, 0xFF, 0xFF, 0xFF, 0xFF, 0xFF, 0xFF, 0xFF,
    0xFF, 0xFF, 0xFF, 0xFF, 0xFF, 0xFF, 0xFF, 0xFF, 0xFF, 0xFF, 0xFF, 0xFF,
    0xFF, 0xFF, 0xFF, 0xFF, 0xFF, 0xFF, 0xFF, 0xFF, 0xFF, 0xFF, 0xFF, 0xFF,
    0xFF, 0xFF, 0xFF, 0xFF, 0xFF, 0xFF, 0xFF, 0xFF, 0xFF, 0xFF, 0xFF, 0xFF,
    0xFF, 0xFF, 0xFF, 0xFF, 0xFF, 0xFF, 0xFF, 0xFF, 0xFF, 0xFF, 0xFF, 0xFF,
    0xFF, 0xFF, 0xFF, 0xFF, 0xFF, 0xFF, 0xFF, 0xFF, 0xFF, 0xFF, 0xFF, 0xFF,
    0xFF, 0xFF, 0xFF, 0xFF, 0xFF, 0xFF, 0xFF, 0xFF, 0xFF, 0xFF, 0xFF, 0xFF,
    0xFF, 0xFF, 0xFF, 0xFF, 0xFF, 0xFF, 0xFF, 0xFF, 0xFF, 0xFF, 0xFF, 0xFF,
    0xFF, 0xFF, 0xFF, 0xFF, 0xFF, 0xFF, 0xFF, 0xFF, 0xFF, 0xFF, 0xFF, 0xFF,
    0xFF, 0xFF, 0xFF, 0xFF, 0xFF, 0xFF, 0xFF, 0xFF, 0xFF, 0xFF, 0xFF, 0xFF,
    0xFF, 0xFF, 0xFF, 0xFF, 0xFF, 0xFF, 0xFF, 0xFF, 0xFF, 0xFF, 0xFF, 0xFF,
    0xFF, 0xFF, 0xFF, 0xFF, 0xFF, 0xFF, 0xFF, 0xFF, 0xFF, 0xFF, 0xFF, 0xFF,
    0xFF, 0xFF, 0xFF, 0xFF, 0xFF, 0xFF, 0xFF, 0xFF, 0xFF, 0xFF, 0xFF, 0xFF,
    0xFF, 0xFF, 0xFF, 0xFF, 0xFF, 0xFF, 0xFF, 0xFF, 0xFF, 0xFF, 0xFF, 0xFF,
    0xFF, 0xFF, 0xFF, 0xFF, 0xFF, 0xFF, 0xFF, 0xFF, 0xFF, 0xFF, 0xFF, 0xFF,
    0xFF, 0xFF, 0xFF, 0xFF, 0xFF, 0xFF, 0xFF, 0xFF, 0xFF, 0xFF, 0xFF, 0xFF,
    0xFF, 0xFF, 0xFF, 0xFF, 0xFF, 0xFF, 0xFF, 0xFF, 0xFF, 0xFF, 0xFF, 0xFF,
    0xFF, 0xFF, 0xFF, 0xFF, 0xFF, 0xFF, 0xFF, 0xFF, 0xFF, 0xFF, 0xFF, 0xFF,
    0xFF, 0xFF, 0xFF, 0xFF, 0xFF, 0xFF, 0xFF, 0xFF, 0xFF, 0xFF, 0xFF, 0xFF,
    0xFF, 0xFF, 0xFF, 0xFF, 0xFF, 0xFF, 0xFF, 0xFF, 0xFF, 0xFF, 0xFF, 0xFF,
    0xFF, 0xFF, 0xFF, 0xFF, 0xFF, 0xFF, 0xFF, 0xFF, 0xFF, 0xFF, 0xFF, 0xFF,
    0xFF, 0xFF, 0xFF, 0xFF, 0xFF, 0xFF, 0xFF, 0xFF, 0xFF, 0xFF, 0xFF, 0xFF,
    0xFF, 0xFF, 0xFF, 0xFF, 0xFF, 0xFF, 0xFF, 0xFF, 0xFF, 0xFF, 0xFF, 0xFF,
    0xFF, 0xFF, 0xFF, 0xFF, 0xFF, 0xFF, 0xFF, 0xFF, 0xFF, 0xFF, 0xFF, 0xFF,
    0xFF, 0xFF, 0xFF, 0xFF, 0xFF, 0xFF, 0xFF, 0xFF, 0xFF, 0xFF, 0xFF, 0xFF,
    0xFF, 0xFF, 0xFF, 0xFF, 0xFF, 0xFF, 0xFF, 0xFF, 0xFF, 0xFF, 0xFF, 0xFF,
    0xFF, 0xFF, 0xFF, 0xFF, 0xFF, 0xFF, 0xFF, 0xFF, 0xFF, 0xFF, 0xFF, 0xFF,
    0xFF, 0xFF, 0xFF, 0xFF, 0xFF, 0xFF, 0xFF, 0xFF, 0xFF, 0xFF, 0xFF, 0xFF,
    0xFF, 0xFF, 0xFF, 0xFF, 0xFF, 0xFF, 0xFF, 0xFF, 0xFF, 0xFF, 0xFF, 0xFF,
    0xFF, 0xFF, 0xFF, 0xFF, 0xFF, 0xFF, 0xFF, 0xFF, 0xFF, 0xFF, 0xFF, 0xFF,
    0xFF, 0xFF, 0xFF, 0xFF, 0xFF, 0xFF, 0xFF, 0xFF, 0xFF, 0xFF, 0xFF, 0xFF,
    0xFF, 0xFF, 0xFF, 0xFF, 0xFF, 0xFF, 0xFF, 0xFF, 0xFF, 0xFF, 0xFF, 0xFF,
    0xFF, 0xFF, 0xFF, 0xFF, 0xFF, 0xFF, 0xFF, 0xFF, 0xFF, 0xFF, 0xFF, 0xFF,
    0xFF, 0xFF, 0xFF, 0xFF, 0xFF, 0xFF, 0xFF, 0xFF, 0xFF, 0xFF, 0xFF, 0xFF,
    0xFF, 0xFF, 0xFF, 0xFF, 0xFF, 0xFF, 0xFF, 0xFF, 0xFF, 0xFF, 0xFF, 0xFF,
    0xFF, 0xFF, 0xFF, 0xFF, 0xFF, 0xFF, 0xFF, 0xFF, 0xFF, 0xFF, 0xFF, 0xFF,
    0xFF, 0xFF, 0xFF, 0xFF, 0xFF, 0xFF, 0xFF, 0xFF, 0xFF, 0xFF, 0xFF, 0xFF,
    0xFF, 0xFF, 0xFF, 0xFF, 0xFF, 0xFF, 0xFF, 0xFF, 0xFF, 0xFF, 0xFF, 0xFF,
    0xFF, 0xFF, 0xFF, 0xFF, 0xFF, 0xFF, 0xFF, 0xFF, 0xFF, 0xFF, 0xFF, 0xFF,
    0xFF, 0xFF, 0xFF, 0xFF, 0xFF, 0xFF, 0xFF, 0xFF, 0xFF, 0xFF, 0xFF, 0xFF,
    0xFF, 0xFF, 0xFF, 0xFF, 0xFF, 0xFF, 0xFF, 0xFF, 0xFF, 0xFF, 0xFF, 0xFF,
    0xFF, 0xFF, 0xFF, 0xFF, 0xFF, 0xFF, 0xFF, 0xFF, 0xFF, 0xFF, 0xFF, 0xFF,
    0xFF, 0xFF, 0xFF, 0xFF, 0xFF, 0xFF, 0xFF, 0xFF, 0xFF, 0xFF, 0xFF, 0xFF,
    0xFF, 0xFF, 0xFF, 0xFF, 0xFF, 0xFF, 0xFF, 0xFF, 0xFF, 0xFF, 0xFF, 0xFF,
    0xFF, 0xFF, 0xFF, 0xFF, 0xFF, 0xFF, 0xFF, 0xFF, 0xFF, 0xFF, 0xFF, 0xFF,
    0xFF, 0xFF, 0xFF, 0xFF, 0xFF, 0xFF, 0xFF, 0xFF, 0xFF, 0xFF, 0xFF, 0xFF,
    0xFF, 0xFF, 0xFF, 0xFF, 0xFF, 0xFF, 0xFF, 0xFF, 0xFF, 0xFF, 0xFF, 0xFF,
    0xFF, 0xFF, 0xFF, 0xFF, 0xFF, 0xFF, 0xFF, 0xFF, 0xFF, 0xFF, 0xFF, 0xFF,
    0xFF, 0xFF, 0xFF, 0xFF, 0xFF, 0xFF, 0xFF, 0xFF, 0xFF, 0xFF, 0xFF, 0xFF,
    0xFF, 0xFF, 0xFF, 0xFF, 0xFF, 0xFF, 0xFF, 0xFF, 0xFF, 0xFF, 0xFF, 0xFF,
    0xFF, 0xFF, 0xFF, 0xFF, 0xFF, 0xFF, 0xFF, 0xFF, 0xFF, 0xFF, 0xFF, 0xFF,
    0xFF, 0xFF, 0xFF, 0xFF, 0xFF, 0xFF, 0xFF, 0xFF, 0xFF, 0xFF, 0xFF, 0xFF,
    0xFF, 0xFF, 0xFF, 0xFF, 0xFF, 0xFF, 0xFF, 0xFF, 0xFF, 0xFF, 0xFF, 0xFF,
    0xFF, 0xFF, 0xFF, 0xFF, 0xFF, 0xFF, 0xFF, 0xFF, 0xFF, 0xFF, 0xFF, 0xFF,
    0xFF, 0xFF, 0xFF, 0xFF, 0xFF, 0xFF, 0xFF, 0xFF, 0xFF, 0xFF, 0xFF, 0xFF,
    0xFF, 0xFF, 0xFF, 0xFF, 0xFF, 0xFF, 0xFF, 0xFF, 0xFF, 0xFF, 0xFF, 0xFF,
    0xFF, 0xFF, 0xFF, 0xFF, 0xFF, 0xFF, 0xFF, 0xFF, 0xFF, 0xFF, 0xFF, 0xFF,
    0xFF, 0xFF, 0xFF, 0xFF, 0xFF, 0xFF, 0xFF, 0xFF, 0xFF, 0xFF, 0xFF, 0xFF,
    0xFF, 0xFF, 0xFF, 0xFF, 0xFF, 0xFF, 0xFF, 0xFF, 0xFF, 0xFF, 0xFF, 0xFF,
    0xFF, 0xFF, 0xFF, 0xFF, 0xFF, 0xFF, 0xFF, 0xFF, 0xFF, 0xFF, 0xFF, 0xFF,
    0xFF, 0xFF, 0xFF, 0xFF, 0xFF, 0xFF, 0xFF, 0xFF, 0xFF, 0xFF, 0xFF, 0xFF,
    0xFF, 0xFF, 0xFF, 0xFF, 0xFF, 0xFF, 0xFF, 0xFF, 0xFF, 0xFF, 0xFF, 0xFF,
    0xFF, 0xFF, 0xFF, 0xFF, 0xFF, 0xFF, 0xFF, 0xFF, 0xFF, 0xFF, 0xFF, 0xFF,
    0xFF, 0xFF, 0xFF, 0xFF, 0xFF, 0xFF, 0xFF, 0xFF, 0xFF, 0xFF, 0xFF, 0xFF,
    0xFF, 0xFF, 0xFF, 0xFF, 0xFF, 0xFF, 0xFF, 0xFF, 0xFF, 0xFF, 0xFF, 0xFF,
    0xFF, 0xFF, 0xFF, 0xFF, 0xFF, 0xFF, 0xFF, 0xFF, 0xFF, 0xFF, 0xFF, 0xFF,
    0xFF, 0xFF, 0xFF, 0xFF, 0xFF, 0xFF, 0xFF, 0xFF, 0xFF, 0xFF, 0xFF, 0xFF,
    0xFF, 0xFF, 0xFF, 0xFF, 0xFF, 0xFF, 0xFF, 0xFF, 0xFF, 0xFF, 0xFF, 0xFF,
    0xFF, 0xFF, 0xFF, 0xFF, 0xFF, 0xFF, 0xFF, 0xFF, 0xFF, 0xFF, 0xFF, 0xFF,
    0xFF, 0xFF, 0xFF, 0xFF, 0xFF, 0xFF, 0xFF, 0xFF, 0xFF, 0xFF, 0xFF, 0xFF,
    0xFF, 0xFF, 0xFF, 0xFF, 0xFF, 0xFF, 0xFF, 0xFF, 0xFF, 0xFF, 0xFF, 0xFF,
    0xFF, 0xFF, 0xFF, 0xFF, 0xFF, 0xFF, 0xFF, 0xFF, 0xFF, 0xFF, 0xFF, 0xFF,
    0xFF, 0xFF, 0xFF, 0xFF, 0xFF, 0xFF, 0xFF, 0xFF, 0xFF, 0xFF, 0xFF, 0xFF,
    0xFF, 0xFF, 0xFF, 0xFF, 0xFF, 0xFF, 0xFF, 0xFF, 0xFF, 0xFF, 0xFF, 0xFF,
    0xFF, 0xFF, 0xFF, 0xFF, 0xFF, 0xFF, 0xFF, 0xFF, 0xFF, 0xFF, 0xFF, 0xFF,
    0xFF, 0xFF, 0xFF, 0xFF, 0xFF, 0xFF, 0xFF, 0xFF, 0xFF, 0xFF, 0xFF, 0xFF,
    0xFF, 0xFF, 0xFF, 0xFF, 0xFF, 0xFF, 0xFF, 0xFF, 0xFF, 0xFF, 0xFF, 0xFF,
    0xFF, 0xFF, 0xFF, 0xFF, 0xFF, 0xFF, 0xFF, 0xFF, 0xFF, 0xFF, 0xFF, 0xFF,
    0xFF, 0xFF, 0xFF, 0xFF, 0xFF, 0xFF, 0xFF, 0xFF, 0xFF, 0xFF, 0xFF, 0xFF,
    0xFF, 0xFF, 0xFF, 0xFF, 0xFF, 0xFF, 0xFF, 0xFF, 0xFF, 0xFF, 0xFF, 0xFF,
    0xFF, 0xFF, 0xFF, 0xFF, 0xFF, 0xFF, 0xFF, 0xFF, 0xFF, 0xFF, 0xFF, 0xFF,
    0xFF, 0xFF, 0xFF, 0xFF, 0xFF, 0xFF, 0xFF, 0xFF, 0xFF, 0xFF, 0xFF, 0xFF,
    0xFF, 0xFF, 0xFF, 0xFF, 0xFF, 0xFF, 0xFF, 0xFF, 0xFF, 0xFF, 0xFF, 0xFF,
    0xFF, 0xFF, 0xFF, 0xFF, 0xFF, 0xFF, 0xFF, 0xFF, 0xFF, 0xFF, 0xFF, 0xFF,
    0xFF, 0xFF, 0xFF, 0xFF, 0xFF, 0xFF, 0xFF, 0xFF, 0xFF, 0xFF, 0xFF, 0xFF,
    0xFF, 0xFF, 0xFF, 0xFF, 0xFF, 0xFF, 0xFF, 0xFF, 0xFF, 0xFF, 0xFF, 0xFF,
    0xFF, 0xFF, 0xFF, 0xFF, 0xFF, 0xFF, 0xFF, 0xFF, 0xFF, 0xFF, 0xFF, 0xFF,
    0xFF, 0xFF, 0xFF, 0xFF, 0xFF, 0xFF, 0xFF, 0xFF, 0xFF, 0xFF, 0xFF, 0xFF,
    0xFF, 0xFF, 0xFF, 0xFF, 0xFF, 0xFF, 0xFF, 0xFF, 0xFF, 0xFF, 0xFF, 0xFF,
    0xFF, 0xFF, 0xFF, 0xFF, 0xFF, 0xFF, 0xFF, 0xFF, 0xFF, 0xFF, 0xFF, 0xFF,
    0xFF, 0xFF, 0xFF, 0xFF, 0xFF, 0xFF, 0xFF, 0xFF, 0xFF, 0xFF, 0xFF, 0xFF,
    0xFF, 0xFF, 0xFF, 0xFF, 0xFF, 0xFF, 0xFF, 0xFF, 0xFF, 0xFF, 0xFF, 0xFF,
    0xFF, 0xFF, 0xFF, 0xFF, 0xFF, 0xFF, 0xFF, 0xFF, 0xFF, 0xFF, 0xFF, 0xFF,
    0xFF, 0xFF, 0xFF, 0xFF, 0xFF, 0xFF, 0xFF, 0xFF, 0xFF, 0xFF, 0xFF, 0xFF,
    0xFF, 0xFF, 0xFF, 0xFF, 0xFF, 0xFF, 0xFF, 0xFF, 0xFF, 0xFF, 0xFF, 0xFF,
    0xFF, 0xFF, 0xFF, 0xFF, 0xFF, 0xFF, 0xFF, 0xFF, 0xFF, 0xFF, 0xFF, 0xFF,
    0xFF, 0xFF, 0xFF, 0xFF, 0xFF, 0xFF, 0xFF, 0xFF, 0xFF, 0xFF, 0xFF, 0xFF,
    0xFF, 0xFF, 0xFF, 0xFF, 0xFF, 0xFF, 0xFF, 0xFF, 0xFF, 0xFF, 0xFF, 0xFF,
    0xFF, 0xFF, 0xFF, 0xFF, 0xFF, 0xFF, 0xFF, 0xFF, 0xFF, 0xFF, 0xFF, 0xFF,
    0xFF, 0xFF, 0xFF, 0xFF, 0xFF, 0xFF, 0xFF, 0xFF, 0xFF, 0xFF, 0xFF, 0xFF,
    0xFF, 0xFF, 0xFF, 0xFF, 0xFF, 0xFF, 0xFF, 0xFF, 0xFF, 0xFF, 0xFF, 0xFF,
    0xFF, 0xFF, 0xFF, 0xFF, 0xFF, 0xFF, 0xFF, 0xFF, 0xFF, 0xFF, 0xFF, 0xFF,
    0xFF, 0xFF, 0xFF, 0xFF, 0xFF, 0xFF, 0xFF, 0xFF, 0xFF, 0xFF, 0xFF, 0xFF,
    0xFF, 0xFF, 0xFF, 0xFF, 0xFF, 0xFF, 0xFF, 0xFF, 0xFF, 0xFF, 0xFF, 0xFF,
    0xFF, 0xFF, 0xFF, 0xFF, 0xFF, 0xFF, 0xFF, 0xFF, 0xFF, 0xFF, 0xFF, 0xFF,
    0xFF, 0xFF, 0xFF, 0xFF, 0xFF, 0xFF, 0xFF, 0xFF, 0xFF, 0xFF, 0xFF, 0xFF,
    0xFF, 0xFF, 0xFF, 0xFF, 0xFF, 0xFF, 0xFF, 0xFF, 0xFF, 0xFF, 0xFF, 0xFF,
    0xFF, 0xFF, 0xFF, 0xFF, 0xFF, 0xFF, 0xFF, 0xFF, 0xFF, 0xFF, 0xFF, 0xFF,
    0xFF, 0xFF, 0xFF, 0xFF, 0xFF, 0xFF, 0xFF, 0xFF, 0xFF, 0xFF, 0xFF, 0xFF,
    0xFF, 0xFF, 0xFF, 0xFF, 0xFF, 0xFF, 0xFF, 0xFF, 0xFF, 0xFF, 0xFF, 0xFF,
    0xFF, 0xFF, 0xFF, 0xFF, 0xFF, 0xFF, 0xFF, 0xFF, 0xFF, 0xFF, 0xFF, 0xFF,
    0xFF, 0xFF, 0xFF, 0xFF, 0xFF, 0xFF, 0xFF, 0xFF, 0xFF, 0xFF, 0xFF, 0xFF,
    0xFF, 0xFF, 0xFF, 0xFF, 0xFF, 0xFF, 0xFF, 0xFF, 0xFF, 0xFF, 0xFF, 0xFF,
    0xFF, 0xFF, 0xFF, 0xFF, 0xFF, 0xFF, 0xFF, 0xFF, 0xFF, 0xFF, 0xFF, 0xFF,
    0xFF, 0xFF, 0xFF, 0xFF, 0xFF, 0xFF, 0xFF, 0xFF, 0xFF, 0xFF, 0xFF, 0xFF,
    0xFF, 0xFF, 0xFF, 0xFF, 0xFF, 0xFF, 0xFF, 0xFF, 0xFF, 0xFF, 0xFF, 0xFF,
    0xFF, 0xFF, 0xFF, 0xFF, 0xFF, 0xFF, 0xFF, 0xFF, 0xFF, 0xFF, 0xFF, 0xFF,
    0xFF, 0xFF, 0xFF, 0xFF, 0xFF, 0xFF, 0xFF, 0xFF, 0xFF, 0xFF, 0xFF, 0xFF,
    0xFF, 0xFF, 0xFF, 0xFF, 0xFF, 0xFF, 0xFF, 0xFF, 0xFF, 0xFF, 0xFF, 0xFF,
    0xFF, 0xFF, 0xFF, 0xFF, 0xFF, 0xFF, 0xFF, 0xFF, 0xFF, 0xFF, 0xFF, 0xFF,
    0xFF, 0xFF, 0xFF, 0xFF, 0xFF, 0xFF, 0xFF, 0xFF, 0xFF, 0xFF, 0xFF, 0xFF,
    0xFF, 0xFF, 0xFF, 0xFF, 0xFF, 0xFF, 0xFF, 0xFF, 0xFF, 0xFF, 0xFF, 0xFF,
    0xFF, 0xFF, 0xFF, 0xFF, 0xFF, 0xFF, 0xFF, 0xFF, 0xFF, 0xFF, 0xFF, 0xFF,
    0xFF, 0xFF, 0xFF, 0xFF, 0xFF, 0xFF, 0xFF, 0xFF, 0xFF, 0xFF, 0xFF, 0xFF,
    0xFF, 0xFF, 0xFF, 0xFF, 0xFF, 0xFF, 0xFF, 0xFF, 0xFF, 0xFF, 0xFF, 0xFF,
    0xFF, 0xFF, 0xFF, 0xFF, 0xFF, 0xFF, 0xFF, 0xFF, 0xFF, 0xFF, 0xFF, 0xFF,
    0xFF, 0xFF, 0xFF, 0xFF, 0xFF, 0xFF, 0xFF, 0xFF, 0xFF, 0xFF, 0xFF, 0xFF,
    0xFF, 0xFF, 0xFF, 0xFF, 0xFF, 0xFF, 0xFF, 0xFF, 0xFF, 0xFF, 0xFF, 0xFF,
    0xFF, 0xFF, 0xFF, 0xFF, 0xFF, 0xFF, 0xFF, 0xFF, 0xFF, 0xFF, 0xFF, 0xFF,
    0xFF, 0xFF, 0xFF, 0xFF, 0xFF, 0xFF, 0xFF, 0xFF, 0xFF, 0xFF, 0xFF, 0xFF,
    0xFF, 0xFF, 0xFF, 0xFF, 0xFF, 0xFF, 0xFF, 0xFF, 0xFF, 0xFF, 0xFF, 0xFF,
    0xFF, 0xFF, 0xFF, 0xFF, 0xFF, 0xFF, 0xFF, 0xFF, 0xFF, 0xFF, 0xFF, 0xFF,
    0xFF, 0xFF, 0xFF, 0xFF, 0xFF, 0xFF, 0xFF, 0xFF, 0xFF, 0xFF, 0xFF, 0xFF,
    0xFF, 0xFF, 0xFF, 0xFF, 0xFF, 0xFF, 0xFF, 0xFF, 0xFF, 0xFF, 0xFF, 0xFF,
    0xFF, 0xFF, 0xFF, 0xFF, 0xFF, 0xFF, 0xFF, 0xFF, 0xFF, 0xFF, 0xFF, 0xFF,
    0xFF, 0xFF, 0xFF, 0xFF, 0xFF, 0xFF, 0xFF, 0xFF, 0xFF, 0xFF, 0xFF, 0xFF,
    0xFF, 0xFF, 0xFF, 0xFF, 0xFF, 0xFF, 0xFF, 0xFF, 0xFF, 0xFF, 0xFF, 0xFF,
    0xFF, 0xFF, 0xFF, 0xFF, 0xFF, 0xFF, 0xFF, 0xFF, 0xFF, 0xFF, 0xFF, 0xFF,
    0xFF, 0xFF, 0xFF, 0xFF, 0xFF, 0xFF, 0xFF, 0xFF, 0xFF, 0xFF, 0xFF, 0xFF,
    0xFF, 0xFF, 0xFF, 0xFF, 0xFF, 0xFF, 0xFF, 0xFF, 0xFF, 0xFF, 0xFF, 0xFF,
    0xFF, 0xFF, 0xFF, 0xFF, 0xFF, 0xFF, 0xFF, 0xFF, 0xFF, 0xFF, 0xFF, 0xFF,
    0xFF, 0xFF, 0xFF, 0xFF, 0xFF, 0xFF, 0xFF, 0xFF, 0xFF, 0xFF, 0xFF, 0xFF,
    0xFF, 0xFF, 0xFF, 0xFF, 0xFF, 0xFF, 0xFF, 0xFF, 0xFF, 0xFF, 0xFF, 0xFF,
    0xFF, 0xFF, 0xFF, 0xFF, 0xFF, 0xFF, 0xFF, 0xFF, 0xFF, 0xFF, 0xFF, 0xFF,
    0xFF, 0xFF, 0xFF, 0xFF, 0xFF, 0xFF, 0xFF, 0xFF, 0xFF, 0xFF, 0xFF, 0xFF,
    0xFF, 0xFF, 0xFF, 0xFF, 0xFF, 0xFF, 0xFF, 0xFF, 0xFF, 0xFF, 0xFF, 0xFF,
    0xFF, 0xFF, 0xFF, 0xFF, 0xFF, 0xFF, 0xFF, 0xFF, 0xFF, 0xFF, 0xFF, 0xFF,
    0xFF, 0xFF, 0xFF, 0xFF, 0xFF, 0xFF, 0xFF, 0xFF, 0xFF, 0xFF, 0xFF, 0xFF,
    0xFF, 0xFF, 0xFF, 0xFF, 0xFF, 0xFF, 0xFF, 0xFF, 0xFF, 0xFF, 0xFF, 0xFF,
    0xFF, 0xFF, 0xFF, 0xFF, 0xFF, 0xFF, 0xFF, 0xFF, 0xFF, 0xFF, 0xFF, 0xFF,
    0xFF, 0xFF, 0xFF, 0xFF, 0xFF, 0xFF, 0xFF, 0xFF, 0xFF, 0xFF, 0xFF, 0xFF,
    0xFF, 0xFF, 0xFF, 0xFF, 0xFF, 0xFF, 0xFF, 0xFF, 0xFF, 0xFF, 0xFF, 0xFF,
    0xFF, 0xFF, 0xFF, 0xFF, 0xFF, 0xFF, 0xFF, 0xFF, 0xFF, 0xFF, 0xFF, 0xFF,
    0xFF, 0xFF, 0xFF, 0xFF, 0xFF, 0xFF, 0xFF, 0xFF, 0xFF, 0xFF, 0xFF, 0xFF,
    0xFF, 0xFF, 0xFF, 0xFF, 0xFF, 0xFF, 0xFF, 0xFF, 0xFF, 0xFF, 0xFF, 0xFF,
    0xFF, 0xFF, 0xFF, 0xFF, 0xFF, 0xFF, 0xFF, 0xFF, 0xFF, 0xFF, 0xFF, 0xFF,
    0xFF, 0xFF, 0xFF, 0xFF, 0xFF, 0xFF, 0xFF, 0xFF, 0xFF, 0xFF, 0xFF, 0xFF,
    0xFF, 0xFF, 0xFF, 0xFF, 0xFF, 0xFF, 0xFF, 0xFF, 0xFF, 0xFF, 0xFF, 0xFF,
    0xFF, 0xFF, 0xFF, 0xFF, 0xFF, 0xFF, 0xFF, 0xFF, 0xFF, 0xFF, 0xFF, 0xFF,
    0xFF, 0xFF, 0xFF, 0xFF, 0xFF, 0xFF, 0xFF, 0xFF, 0xFF, 0xFF, 0xFF, 0xFF,
    0xFF, 0xFF, 0xFF, 0xFF, 0xFF, 0xFF, 0xFF, 0xFF, 0xFF, 0xFF, 0xFF, 0xFF,
    0xFF, 0xFF, 0xFF, 0xFF, 0xFF, 0xFF, 0xFF, 0xFF, 0xFF, 0xFF, 0xFF, 0xFF,
    0xFF, 0xFF, 0xFF, 0xFF, 0xFF, 0xFF, 0xFF, 0xFF, 0xFF, 0xFF, 0xFF, 0xFF,
    0xFF, 0xFF, 0xFF, 0xFF, 0xFF, 0xFF, 0xFF, 0xFF, 0xFF, 0xFF, 0xFF, 0xFF,
    0xFF, 0xFF, 0xFF, 0xFF, 0xFF, 0xFF, 0xFF, 0xFF, 0xFF, 0xFF, 0xFF, 0xFF,
    0xFF, 0xFF, 0xFF, 0xFF, 0xFF, 0xFF, 0xFF, 0xFF, 0xFF, 0xFF, 0xFF, 0xFF,
    0xFF, 0xFF, 0xFF, 0xFF, 0xFF, 0xFF, 0xFF, 0xFF, 0xFF, 0xFF, 0xFF, 0xFF,
    0xFF, 0xFF, 0xFF, 0xFF, 0xFF, 0xFF, 0xFF, 0xFF, 0xFF, 0xFF, 0xFF, 0xFF,
    0xFF, 0xFF, 0xFF, 0xFF, 0xFF, 0xFF, 0xFF, 0xFF, 0xFF, 0xFF, 0xFF, 0xFF,
    0xFF, 0xFF, 0xFF, 0xFF, 0xFF, 0xFF, 0xFF, 0xFF, 0xFF, 0xFF, 0xFF, 0xFF,
    0xFF, 0xFF, 0xFF, 0xFF, 0xFF, 0xFF, 0xFF, 0xFF, 0xFF, 0xFF, 0xFF, 0xFF,
    0xFF, 0xFF, 0xFF, 0xFF, 0xFF, 0xFF, 0xFF, 0xFF, 0xFF, 0xFF, 0xFF, 0xFF,
    0xFF, 0xFF, 0xFF, 0xFF, 0xFF, 0xFF, 0xFF, 0xFF, 0xFF, 0xFF, 0xFF, 0xFF,
    0xFF, 0xFF, 0xFF, 0xFF, 0xFF, 0xFF, 0xFF, 0xFF, 0xFF, 0xFF, 0xFF, 0xFF,
    0xFF, 0xFF, 0xFF, 0xFF, 0xFF, 0xFF, 0xFF, 0xFF, 0xFF, 0xFF, 0xFF, 0xFF,
    0xFF, 0xFF, 0xFF, 0xFF, 0xFF, 0xFF, 0xFF, 0xFF, 0xFF, 0xFF, 0xFF, 0xFF,
    0xFF, 0xFF, 0xFF, 0xFF, 0xFF, 0xFF, 0xFF, 0xFF, 0xFF, 0xFF, 0xFF, 0xFF,
    0xFF, 0xFF, 0xFF, 0xFF, 0xFF, 0xFF, 0xFF, 0xFF, 0xFF, 0xFF, 0xFF, 0xFF,
    0xFF, 0xFF, 0xFF, 0xFF, 0xFF, 0xFF, 0xFF, 0xFF, 0xFF, 0xFF, 0xFF, 0xFF,
    0xFF, 0xFF, 0xFF, 0xFF, 0xFF, 0xFF, 0xFF, 0xFF, 0xFF, 0xFF, 0xFF, 0xFF,
    0xFF, 0xFF, 0xFF, 0xFF, 0xFF, 0xFF, 0xFF, 0xFF, 0xFF, 0xFF, 0xFF, 0xFF,
    0xFF, 0xFF, 0xFF, 0xFF, 0xFF, 0xFF, 0xFF, 0xFF, 0xFF, 0xFF, 0xFF, 0xFF,
    0xFF, 0xFF, 0xFF, 0xFF, 0xFF, 0xFF, 0xFF, 0xFF, 0xFF, 0xFF, 0xFF, 0xFF,
    0xFF, 0xFF, 0xFF, 0xFF, 0xFF, 0xFF, 0xFF, 0xFF, 0xFF, 0xFF, 0xFF, 0xFF,
    0xFF, 0xFF, 0xFF, 0xFF, 0xFF, 0xFF, 0xFF, 0xFF, 0xFF, 0xFF, 0xFF, 0xFF,
    0xFF, 0xFF, 0xFF, 0xFF, 0xFF, 0xFF, 0xFF, 0xFF, 0xFF, 0xFF, 0xFF, 0xFF,
  };
    
    /*
#define s15x15_2_width 480
#define s15x15_2_height 720
#define s15x15_2_x_hot 0
#define s15x15_2_y_hot 0
    */
    const u8 wstfont2_bits_small_vsb_test[] = {
      0x00,0x00,0x00,0x00,0x00,0x00,0x00,0x00,0x1C,0x00,0x00,0x00,
      0x00,0x00,0x00,0x00,0x00,0x00,0x00,0x00,0x00,0x00,0x00,0x00,
      0x00,0x00,0x00,0x00,0x00,0x00,0x00,0x00,0x00,0x00,0x00,0x00,
      0x00,0x00,0x00,0x00,0x00,0x00,0x00,0x00,0x00,0x00,0x00,0x00,
      0x00,0x00,0x00,0x00,0x00,0x00,0x00,0x00,0x00,0x00,0x00,0x00,
      0x00,0x00,0x00,0x00,0x00,0x00,0x00,0x00,0x1C,0x00,0x00,0x00,
      0x00,0x00,0x00,0x00,0x00,0x00,0x00,0x00,0x00,0x00,0x00,0x00,
      0x00,0x00,0x00,0x00,0x00,0x00,0x00,0x00,0x00,0x00,0x00,0x00,
      0x00,0x00,0x00,0x00,0x00,0x00,0x00,0x00,0x00,0x00,0x00,0x00,
      0x00,0x00,0x00,0x00,0x00,0x00,0x00,0x00,0x00,0x00,0x00,0x00,
      0x00,0x00,0xE0,0x80,0xCF,0x07,0xC6,0xC0,0xFF,0xF1,0x00,0xE0,
      0x07,0xE0,0x03,0x80,0x07,0x78,0x00,0x70,0x00,0x00,0x00,0x00,
      0x00,0x00,0x00,0x00,0x00,0x00,0xE0,0x07,0xC0,0x01,0xFE,0x07,
      0xFF,0x03,0xF8,0xC0,0xFF,0xE1,0x3F,0xF0,0x3F,0xF8,0x1F,0xFC,
      0x0F,0x00,0x00,0x00,0x00,0xE0,0x00,0x00,0xE0,0x00,0xF0,0x0F,
      0x00,0x00,0xE0,0x80,0xCF,0x07,0xC6,0xE0,0xFF,0xFB,0xC1,0xF0,
      0x0F,0xE0,0x03,0x80,0x07,0x78,0x80,0x71,0x0C,0x38,0x00,0x00,
      0x00,0x00,0x00,0x00,0x00,0x00,0xF0,0x0F,0xF0,0x01,0xFF,0x8F,
      0xFF,0x07,0xFC,0xE1,0xFF,0xF1,0x7F,0xF8,0x7F,0xFC,0x3F,0xFE,
      0x1F,0x00,0x00,0x00,0x00,0xF8,0x00,0x00,0xE0,0x03,0xF8,0x1F,
      0x00,0x00,0xE0,0x00,0x0E,0xC7,0xFF,0xE7,0x1C,0x98,0x71,0x70,
      0x0E,0x80,0x03,0xC0,0x00,0xC0,0x00,0x77,0x07,0x38,0x00,0x00,
      0x00,0x00,0x00,0x00,0x00,0x38,0x18,0x18,0xC0,0x01,0x00,0x0E,
      0x00,0x07,0xCF,0xE1,0x00,0x70,0x00,0x38,0x78,0x1C,0x38,0x0E,
      0x1C,0x00,0x00,0x00,0x80,0x0F,0xE0,0x7F,0x00,0x3E,0x00,0x1C,
      0x00,0x00,0xE0,0x00,0x87,0xC3,0xFF,0xE7,0x1C,0xF8,0x39,0x60,
      0x06,0xC0,0x01,0xE0,0x00,0xC0,0x01,0xFE,0x03,0xFF,0x01,0x00,
      0xC0,0x7F,0x00,0x00,0x00,0x1C,0x1C,0x38,0xC0,0x01,0x80,0x0F,
      0x00,0x87,0xC7,0xE1,0x00,0x70,0x00,0x00,0x3C,0x1C,0x38,0x0E,
      0x1C,0x18,0x00,0x0C,0xC0,0x03,0xE0,0x7F,0x00,0x78,0x00,0x1C,
      0x00,0x00,0xE0,0x00,0x87,0x03,0xC6,0xC0,0xFF,0xF1,0x1C,0xC0,
      0x03,0xC0,0x01,0x60,0x00,0x80,0x01,0xFE,0x03,0xFF,0x01,0x00,
      0xC0,0x7F,0x00,0x00,0x00,0x0E,0x1C,0x38,0xC0,0x01,0xE0,0x07,
      0xE0,0xC3,0xC3,0xE1,0xFF,0xF1,0x7F,0x00,0x1E,0xF8,0x1F,0xFE,
      0x1F,0x18,0x00,0x0C,0xC0,0x00,0x00,0x00,0x00,0x60,0x00,0x1E,
      0x00,0x00,0xE0,0x00,0x00,0x00,0xC6,0x80,0xFF,0x03,0x0E,0xE0,
      0xC7,0x01,0x00,0x60,0x00,0x80,0x01,0xFE,0x03,0xFF,0x01,0x00,
      0xC0,0x7F,0x00,0x00,0x00,0x07,0x1C,0x38,0xC0,0x01,0xF0,0x01,
      0xE0,0xC3,0xC1,0xC1,0xFF,0xF1,0xFF,0x00,0x0F,0xF8,0x1F,0xFC,
      0x1F,0x18,0x00,0x0C,0xC0,0x00,0xE0,0x7F,0x00,0x60,0x00,0x0F,
      0x00,0x00,0xE0,0x00,0x00,0xC0,0xFF,0x07,0x9C,0x03,0xE7,0x71,
      0xEE,0x01,0x00,0xE0,0x00,0xC0,0x01,0x77,0x07,0x38,0x00,0x00,
      0x00,0x00,0x00,0x00,0x80,0x03,0x1C,0x38,0xC0,0x01,0x78,0x00,
      0x00,0xC7,0xFF,0x03,0xC0,0x71,0xE0,0x80,0x07,0x1C,0x38,0x00,
      0x1C,0x00,0x00,0x00,0xC0,0x03,0xE0,0x7F,0x00,0x78,0x80,0x07,
      0x00,0x00,0x00,0x00,0x00,0xC0,0xFF,0xE7,0x9C,0x83,0xF3,0x3B,
      0x3C,0x00,0x00,0xC0,0x00,0xC0,0x80,0x73,0x0E,0x38,0xC0,0x07,
      0x00,0x00,0x70,0x00,0xC0,0x01,0x18,0x18,0xC0,0x01,0x3C,0x00,
      0x00,0xC7,0xFF,0xE3,0xC0,0x71,0xE0,0x80,0x03,0x1C,0x38,0x00,
      0x1C,0x00,0x00,0x00,0x80,0x0F,0x00,0x00,0x00,0x3E,0x80,0x03,
      0x00,0x00,0x00,0x00,0x00,0x00,0xC6,0xE0,0x9C,0xC3,0x31,0x3B,
      0x3C,0x00,0x00,0xC0,0x01,0xE0,0x80,0x71,0x0C,0x38,0xC0,0x07,
      0x00,0x00,0x70,0x00,0xE0,0x00,0xF8,0x1F,0xC0,0x01,0x1E,0x80,
      0x03,0x87,0xFF,0xE3,0xC0,0x71,0xE0,0x80,0x03,0x1C,0x38,0x0E,
      0x1C,0x18,0x00,0x0C,0x00,0x3E,0x00,0x00,0x80,0x0F,0x00,0x00,
      0x00,0x00,0xE0,0x00,0x00,0x00,0xC6,0xC0,0xFF,0xE3,0x30,0xFB,
      0xFF,0x01,0x00,0x80,0x07,0x78,0x00,0x70,0x00,0x00,0x00,0x07,
      0x00,0x00,0x70,0x00,0x70,0x00,0xF0,0x0F,0xC0,0x01,0xFF,0x8F,
      0xFF,0x07,0xC0,0xE1,0xFF,0xF1,0xFF,0x80,0x03,0xFC,0x3F,0xFE,
      0x1F,0x18,0x00,0x0C,0x00,0xF8,0x00,0x00,0xE0,0x03,0x00,0x00,
      0x00,0x00,0x00,0x00,0x00,0x00,0x00,0x00,0x1C,0x00,0xE0,0x01,
      0x00,0x00,0x00,0x00,0x00,0x00,0x00,0x00,0x00,0x00,0x80,0x03,
      0x00,0x00,0x00,0x00,0x18,0x00,0x00,0x00,0x00,0x00,0x00,0x00,
      0x00,0x00,0x00,0x00,0x00,0x00,0x00,0x00,0x00,0x00,0x00,0x00,
      0x00,0x00,0x00,0x06,0x00,0x00,0x00,0x00,0x00,0x00,0x80,0x03,
      0x00,0x00,0x00,0x00,0x00,0x00,0x00,0x00,0x00,0x00,0x00,0x00,
      0x00,0x00,0x00,0x00,0x00,0x00,0x00,0x00,0x00,0x00,0x00,0x00,
      0x00,0x00,0x00,0x00,0x00,0x00,0x00,0x00,0x00,0x00,0x00,0x00,
      0x00,0x00,0x00,0x00,0x00,0x00,0x00,0x00,0x00,0x00,0x00,0x00,
      0x00,0x00,0x00,0x00,0x00,0x00,0x00,0x00,0x00,0x00,0x00,0x00,
      0x00,0x00,0x00,0x00,0x00,0x00,0x00,0x00,0x00,0x00,0x00,0x00,
      0x00,0x00,0x00,0x00,0x00,0x00,0x00,0x00,0x00,0x00,0x00,0x00,
      0x00,0x00,0x00,0x00,0x00,0x00,0x00,0x00,0x00,0x00,0x00,0x00,
      0x00,0x00,0x00,0x00,0x00,0x00,0x00,0x00,0x00,0x00,0x00,0x00,
      0x00,0x00,0x00,0x00,0x00,0x00,0x00,0x00,0x00,0x00,0x00,0x00,
      0x00,0x00,0x00,0x00,0x00,0x00,0x00,0x00,0x00,0x00,0x00,0x00,
      0x00,0x00,0x00,0x00,0x00,0x00,0x00,0x00,0x00,0x00,0x00,0x00,
      0x00,0x00,0x00,0x00,0x00,0x00,0x00,0x00,0x00,0x00,0x00,0x00,
      0x00,0x00,0x00,0x00,0x00,0x00,0x00,0x00,0x00,0x00,0x00,0x00,
      0x00,0x00,0x00,0xF8,0x00,0x00,0x80,0x0F,0x80,0x07,0x00,0x00,
      0x00,0x00,0x00,0x00,0xFF,0x07,0xFE,0xC3,0x1F,0xE0,0xFF,0xF1,
      0xFF,0xE0,0x1F,0x1C,0x38,0xF8,0x03,0x00,0x8E,0x03,0xC7,0x01,
      0xF0,0xE0,0x79,0xE0,0xE0,0x1F,0xFC,0x0F,0xF8,0x07,0xFF,0x03,
      0xFF,0xE3,0xFF,0xE3,0xC0,0x39,0xE0,0x1C,0x70,0x06,0x30,0x07,
      0x1C,0xFF,0x07,0xF8,0x00,0x00,0x80,0x0F,0xC0,0x0F,0x00,0x00,
      0xF8,0x1F,0xF0,0x01,0xFF,0x07,0xFF,0xC7,0x7F,0xE0,0xFF,0xF1,
      0xFF,0xF0,0x3F,0x1C,0x38,0xF8,0x03,0x00,0x8E,0x83,0xC7,0x01,
      0xF0,0xE0,0x79,0xE0,0xF0,0x3F,0xFC,0x1F,0xFC,0x0F,0xFF,0x87,
      0xFF,0xE7,0xFF,0xE3,0xC0,0x39,0xE0,0x1C,0x70,0x0E,0x38,0x07,
      0x1C,0xFF,0x07,0x38,0x60,0x00,0x00,0x0E,0xC0,0x0F,0x00,0x00,
      0xFC,0x3F,0xF8,0x03,0x07,0x8E,0xFF,0xC7,0xFF,0xE1,0xFF,0xF1,
      0xFF,0xF8,0x7F,0x1C,0x38,0xF8,0x03,0x00,0x8E,0xC3,0xC3,0x01,
      0xF0,0xF1,0x79,0xE0,0xF8,0x7F,0xFC,0x3F,0xFE,0x1F,0xFF,0x8F,
      0x03,0x07,0x1C,0xE0,0xC0,0x39,0xE0,0x1C,0x70,0x1C,0x1C,0x0E,
      0x0E,0xFF,0x07,0x38,0xE0,0x00,0x00,0x0E,0xE0,0x1C,0x00,0x00,
      0x0E,0x38,0x1E,0x0F,0x07,0x8E,0x03,0xC0,0xC1,0xE3,0x00,0x70,
      0x00,0x38,0x00,0x1C,0x38,0xE0,0x00,0x00,0x8E,0xF3,0xC0,0x01,
      0x70,0xDF,0xF9,0xE1,0x38,0x70,0x1C,0x38,0x0E,0x1C,0x07,0x8E,
      0x03,0x00,0x1C,0xE0,0xC0,0x71,0x70,0x9C,0x73,0x70,0x07,0x1C,
      0x07,0xC0,0x03,0x38,0x80,0x03,0x00,0x0E,0x00,0x00,0x00,0x00,
      0x8E,0x3F,0x0E,0x0E,0x07,0x8E,0x03,0xC0,0x81,0xE3,0x00,0x70,
      0x00,0x38,0x00,0x1C,0x38,0xE0,0x00,0x00,0x8E,0x7B,0xC0,0x01,
      0x70,0xDF,0xF9,0xE3,0x38,0x70,0x1C,0x38,0x0E,0x1C,0x07,0x8E,
      0x03,0x00,0x1C,0xE0,0xC0,0xF1,0x78,0x9C,0x73,0xE0,0x03,0x1C,
      0x07,0xE0,0x01,0x38,0x00,0x07,0x00,0x0E,0x00,0x00,0x00,0x00,
      0xCE,0x3F,0x07,0x1C,0xFF,0x87,0x03,0xC0,0x81,0xE3,0x3F,0xF0,
      0x1F,0x38,0x7C,0xFC,0x3F,0xE0,0x00,0x00,0x8E,0x3F,0xC0,0x01,
      0x70,0xCE,0xB9,0xE7,0x38,0x70,0xFC,0x3F,0x0E,0x1C,0xFF,0x07,
      0xFF,0x03,0x1C,0xE0,0xC0,0xE1,0x38,0x9C,0x73,0xC0,0x01,0xF8,
      0x03,0xF0,0x00,0x38,0x00,0x0E,0x00,0x0E,0x00,0x00,0x00,0x00,
      0xCE,0x39,0xFF,0x1F,0xFF,0x87,0x03,0xC0,0x81,0xE3,0x3F,0xF0,
      0x1F,0x38,0x7C,0xFC,0x3F,0xE0,0x00,0x00,0x8E,0x3F,0xC0,0x01,
      0x70,0xC0,0x39,0xEF,0x38,0x70,0xFC,0x1F,0x0E,0x1C,0xFF,0x03,
      0xFE,0x07,0x1C,0xE0,0xC0,0xE1,0x3D,0xDC,0x77,0xE0,0x03,0xF8,
      0x03,0x78,0x00,0x38,0x00,0x1C,0x00,0x0E,0x00,0x00,0x00,0x00,
      0xCE,0x39,0xFF,0x1F,0x07,0x8E,0x03,0xC0,0x81,0xE3,0x00,0xF0,
      0x1F,0x38,0x7C,0xFC,0x3F,0xE0,0x00,0x00,0x8E,0x7B,0xC0,0x01,
      0x70,0xC0,0x39,0xFE,0x38,0x70,0xFC,0x0F,0x0E,0x1C,0xFF,0x03,
      0x00,0x07,0x1C,0xE0,0xC0,0xC1,0x1D,0xDC,0x77,0x70,0x07,0xF0,
      0x01,0x3C,0x00,0x38,0x00,0x38,0x00,0x0E,0x00,0x00,0x00,0x00,
      0xCE,0x3F,0x07,0x1C,0x07,0x8E,0x07,0xC7,0xC1,0xE3,0x00,0x70,
      0x00,0x38,0x70,0x1C,0x38,0xE0,0x00,0x07,0x8E,0xF3,0xC0,0x01,
      0x70,0xC0,0x39,0xFC,0x38,0x70,0x1C,0x00,0xCE,0x1D,0x07,0x07,
      0x00,0x07,0x1C,0xE0,0xC0,0xC1,0x1F,0x78,0x3C,0x38,0x0E,0xE0,
      0x00,0x1E,0x00,0x38,0x00,0x70,0x00,0x0E,0x00,0x00,0x00,0x00,
      0x8E,0x3F,0x07,0x1C,0x07,0x8E,0xFF,0xC7,0xF1,0xE1,0x00,0x70,
      0x00,0x38,0x70,0x1C,0x38,0xE0,0x00,0x07,0x8E,0xE3,0xC1,0x01,
      0x70,0xC0,0x39,0xF8,0x38,0x70,0x1C,0x00,0xFE,0x1F,0x07,0x87,
      0x03,0x07,0x1C,0xE0,0xC0,0x81,0x0F,0x78,0x3C,0x1C,0x1C,0xE0,
      0x00,0x0F,0x00,0x38,0x00,0xE0,0x00,0x0E,0x00,0x00,0x00,0x00,
      0x1E,0x00,0x07,0x1C,0x07,0x0E,0xFF,0xC7,0xFF,0xE1,0xFF,0x71,
      0x00,0xF8,0x7F,0x1C,0x38,0xF8,0x03,0xFF,0x8F,0xC3,0xC3,0xFF,
      0x73,0xC0,0x39,0xF0,0xF8,0x7F,0x1C,0x00,0xFC,0x0F,0x07,0x87,
      0x03,0x07,0x1C,0xE0,0xFF,0x81,0x0F,0x78,0x3C,0x0E,0x38,0xE0,
      0x00,0xFF,0x07,0x38,0x00,0xC0,0x01,0x0E,0x00,0x00,0x00,0x00,
      0xF8,0x0F,0x07,0x1C,0xFF,0x07,0x00,0xC0,0x1F,0xE0,0xFF,0x71,
      0x00,0xE0,0x1F,0x1C,0x38,0xF8,0x03,0xFC,0x83,0x03,0xC7,0xFF,
      0x73,0xC0,0x39,0xF0,0xE0,0x1F,0x1C,0x00,0x80,0x07,0x07,0x0E,
      0xFF,0x03,0x1C,0x80,0x7F,0x00,0x07,0x38,0x38,0x00,0x00,0xE0,
      0x00,0xFF,0x07,0xF8,0x00,0x00,0x80,0x0F,0x00,0x00,0xFC,0x7F,
      0x00,0x00,0x00,0x00,0x00,0x00,0x00,0x00,0x00,0x00,0x00,0x00,
      0x00,0x00,0x00,0x00,0x00,0x00,0x00,0x00,0x00,0x00,0x00,0x00,
      0x00,0x00,0x00,0x00,0x00,0x00,0x00,0x00,0x00,0x0F,0x00,0x00,
      0x00,0x00,0x00,0x00,0x00,0x00,0x00,0x00,0x00,0x00,0x00,0x00,
      0x00,0x00,0x00,0x00,0x00,0x00,0x00,0x00,0x00,0x00,0xFC,0x7F,
      0x00,0x00,0x00,0x00,0x00,0x00,0x00,0x00,0x00,0x00,0x00,0x00,
      0x00,0x00,0x00,0x00,0x00,0x00,0x00,0x00,0x00,0x00,0x00,0x00,
      0x00,0x00,0x00,0x00,0x00,0x00,0x00,0x00,0x00,0x0E,0x00,0x00,
      0x00,0x00,0x00,0x00,0x00,0x00,0x00,0x00,0x00,0x00,0x00,0x00,
      0x00,0x00,0x00,0x00,0x00,0x00,0x00,0x00,0x00,0x00,0xFC,0x7F,
      0x00,0x00,0x00,0x00,0x00,0x00,0x00,0x00,0x00,0x00,0x00,0x00,
      0x00,0x00,0x00,0x00,0x00,0x00,0x00,0x00,0x00,0x00,0x00,0x00,
      0x00,0x00,0x00,0x00,0x00,0x00,0x00,0x00,0x00,0x00,0x00,0x00,
      0x00,0x00,0x00,0x00,0x00,0x00,0x00,0x00,0x00,0x00,0x00,0x00,
      0x00,0x00,0x00,0xF0,0x00,0x00,0x80,0x07,0x80,0x01,0x00,0x00,
      0x00,0x00,0x00,0x00,0x00,0x00,0x00,0x00,0x00,0x00,0x00,0x00,
      0x00,0x00,0x00,0x00,0x00,0x00,0x00,0x00,0x00,0x00,0x00,0x00,
      0x00,0x00,0x00,0x00,0x00,0x00,0x00,0x00,0x00,0x00,0x00,0x00,
      0x00,0x00,0x00,0x00,0x00,0x00,0x00,0x00,0x00,0x00,0x00,0x00,
      0x00,0x00,0x00,0xF0,0x00,0x00,0x80,0x07,0xC0,0x63,0x00,0x00,
      0xC0,0x01,0x00,0x00,0x07,0x00,0x00,0x00,0x80,0x03,0x00,0x00,
      0x3F,0x00,0x00,0x1C,0x00,0xF0,0x00,0x00,0x8F,0x03,0x00,0x1F,
      0x00,0x00,0x00,0x00,0x00,0x00,0x00,0x00,0x00,0x00,0x00,0x00,
      0x00,0x00,0x0E,0x00,0x00,0x00,0x00,0x00,0x00,0x00,0x00,0x00,
      0x00,0x00,0x00,0xF8,0x00,0x1C,0x80,0x0F,0xE0,0x77,0x00,0x00,
      0xC0,0x03,0x00,0x00,0x07,0x00,0x00,0x00,0x80,0x03,0x00,0x80,
      0x7F,0x00,0x00,0x1C,0x00,0xF0,0x00,0x00,0x8F,0x03,0x00,0x1F,
      0x00,0x00,0x00,0x00,0x00,0x00,0x00,0x00,0x00,0x00,0x00,0x00,
      0x00,0x00,0x0E,0x00,0x00,0x00,0x00,0x00,0x00,0x00,0x00,0x00,
      0x00,0x00,0x00,0x38,0x00,0x1C,0x00,0x0E,0x60,0x3E,0x00,0x00,
      0x00,0x07,0xFE,0x0F,0xFF,0x8F,0xFF,0x87,0xFF,0xE3,0xFF,0x81,
      0x73,0xF8,0x7F,0xFC,0x3F,0x00,0x00,0x00,0x80,0x83,0x07,0x1C,
      0xF0,0xFF,0xF1,0xFF,0xF8,0x7F,0xFC,0x3F,0xFE,0x1F,0xFF,0x8F,
      0xFF,0xC3,0x7F,0xE0,0xC0,0x39,0xE0,0x1C,0x70,0x1E,0x3C,0x0E,
      0x1C,0xFF,0x0F,0x38,0x00,0x1C,0x00,0x0E,0x00,0x00,0x00,0x00,
      0x00,0x00,0x00,0x0E,0xFF,0x8F,0xFF,0xC7,0xFF,0xE3,0xC0,0x81,
      0x03,0xF8,0x7F,0xFC,0x3F,0xF0,0x00,0x80,0x8F,0xE3,0x01,0x1C,
      0xF0,0xFF,0xF1,0xFF,0xF8,0x7F,0xFC,0x3F,0xFE,0x1F,0xFF,0x8F,
      0x03,0xC0,0x7F,0xE0,0xC0,0x39,0xE0,0x1C,0x70,0x3E,0x3E,0x1E,
      0x1E,0xFF,0x0F,0x1C,0x00,0x1C,0x00,0x1C,0x00,0x00,0x00,0x00,
      0x00,0x00,0x00,0x0E,0x0F,0x8E,0x03,0xC7,0xC1,0xE3,0xC0,0xF1,
      0x1F,0x38,0x78,0x3C,0x38,0xF0,0x00,0x80,0x8F,0xF3,0x00,0x1C,
      0xF0,0xFF,0xF1,0xE0,0x38,0x70,0x3C,0x38,0x0E,0x1E,0x0F,0x8E,
      0x03,0x00,0x0E,0xE0,0xC0,0x71,0x70,0x9C,0x73,0x78,0x0F,0x1C,
      0x0E,0xC0,0x03,0x1C,0x00,0x00,0x00,0x1C,0x00,0x00,0x00,0x00,
      0x00,0x00,0xFE,0x0F,0x07,0x8E,0x03,0xC0,0x81,0xE3,0xFF,0xF1,
      0x1F,0x38,0x70,0x1C,0x38,0xE0,0x00,0x00,0x8E,0x3F,0x00,0x1C,
      0xF0,0xDE,0x71,0xE0,0x38,0x70,0x1C,0x38,0x0E,0x1C,0x07,0x80,
      0xFF,0x03,0x0E,0xE0,0xC0,0xE1,0x38,0x9C,0x73,0xE0,0x03,0x38,
      0x07,0xF0,0x00,0x1C,0x00,0x00,0x00,0x1C,0x00,0x00,0x00,0x00,
      0x00,0x00,0xFF,0x0F,0x07,0x8E,0x03,0xC0,0x81,0xE3,0xFF,0xF1,
      0x1F,0xF8,0x7F,0x1C,0x38,0xE0,0x00,0x00,0x8E,0x3F,0x00,0x1C,
      0x70,0xCE,0x71,0xE0,0x38,0x70,0x1C,0x38,0x0E,0x1C,0x07,0x00,
      0xFF,0x07,0x0E,0xE0,0xC0,0xC1,0x1D,0x9C,0x73,0xE0,0x03,0x30,
      0x03,0xF0,0x00,0x38,0x00,0x1C,0x00,0x0E,0x00,0x00,0x00,0x00,
      0x00,0x00,0x07,0x0E,0x07,0x8E,0x03,0xC0,0x81,0xE3,0x00,0x80,
      0x03,0xF0,0x7F,0x1C,0x38,0xE0,0x00,0x00,0x8E,0xF3,0x00,0x1C,
      0x70,0xCE,0x71,0xE0,0x38,0x70,0x3C,0x38,0x0E,0x1E,0x07,0x00,
      0x00,0x07,0x8E,0xE3,0xE0,0x81,0x0F,0xB8,0x3B,0xF0,0x07,0xF0,
      0x03,0x3C,0x00,0x38,0x00,0x1C,0x00,0x0E,0x00,0x00,0x00,0x00,
      0x00,0x00,0x07,0x0E,0xFF,0x8F,0xFF,0xC7,0xFF,0xE3,0x00,0x80,
      0x03,0x00,0x70,0x1C,0x38,0xE0,0x00,0x00,0x8E,0xE3,0x01,0x1C,
      0x70,0xCE,0x71,0xE0,0xF8,0x7F,0xFC,0x3F,0xFE,0x1F,0x07,0x00,
      0x00,0x07,0x8E,0xE3,0xFF,0x81,0x0F,0xF8,0x3F,0x38,0x0E,0xE0,
      0x01,0x1F,0x00,0x38,0x00,0x1C,0x00,0x0E,0x00,0x00,0x00,0x00,
      0x00,0x00,0xFF,0x1F,0xFF,0x8F,0xFF,0xC7,0xFF,0xE3,0xFF,0x80,
      0x03,0x00,0x70,0x1C,0x38,0xF8,0x03,0x07,0x8E,0x83,0x07,0x7F,
      0x70,0xCE,0x71,0xE0,0xF8,0x7F,0xFC,0x3F,0xFE,0x1F,0x07,0x00,
      0xFF,0x07,0xFE,0xE3,0xFF,0x01,0x07,0xE0,0x0F,0x3E,0x3E,0xE0,
      0x00,0xFF,0x0F,0xF8,0x00,0x1C,0x80,0x0F,0x00,0x00,0x00,0x00,
      0x00,0x00,0x00,0x00,0x00,0x00,0x00,0x00,0x00,0x00,0x00,0x00,
      0x00,0xF0,0x3F,0x00,0x00,0x00,0x00,0xFE,0x07,0x00,0x00,0x00,
      0x00,0x00,0x00,0x00,0x00,0x00,0x1C,0x00,0x00,0x1C,0x00,0x00,
      0x00,0x00,0x00,0x00,0x00,0x00,0x00,0x00,0x00,0x00,0x00,0x38,
      0x00,0x00,0x00,0xF0,0x00,0x00,0x80,0x07,0x00,0x00,0x00,0x00,
      0x00,0x00,0x00,0x00,0x00,0x00,0x00,0x00,0x00,0x00,0x00,0x00,
      0x00,0x00,0x00,0x00,0x00,0x00,0x00,0x00,0x00,0x00,0x00,0x00,
      0x00,0x00,0x00,0x00,0x00,0x00,0x00,0x00,0x00,0x00,0x00,0x00,
      0x00,0x00,0x00,0x00,0x00,0x00,0x00,0x00,0x00,0x00,0x00,0x00,
      0x00,0x00,0x00,0x00,0x00,0x00,0x00,0x00,0x00,0x00,0x00,0x00,
      0x00,0x00,0x00,0x00,0x00,0x00,0x00,0x00,0x00,0x00,0x00,0x00,
      0x00,0x00,0x00,0x00,0x00,0x00,0x00,0x00,0x00,0x00,0x00,0x00,
      0x00,0x00,0x00,0x00,0x00,0x00,0x00,0x00,0x00,0x00,0x00,0x00,
      0x00,0x00,0x00,0x00,0x00,0x00,0x00,0x00,0x00,0x00,0x00,0x00,
      0x00,0x00,0x00,0x00,0x00,0x00,0x00,0x00,0x00,0x00,0x00,0x00,
      0x00,0x00,0x00,0x00,0x00,0x00,0x00,0x00,0x00,0x00,0x00,0x00,
      0x00,0xF0,0x0F,0x30,0x0C,0xFC,0x0F,0x00,0x00,0x00,0x00,0x00,
      0x00,0x00,0xE0,0x7F,0xE0,0x1F,0x00,0x00,0x00,0x00,0x00,0x00,
      0x00,0x00,0x00,0x00,0x00,0x00,0x00,0x00,0x00,0x00,0x00,0x00,
      0x00,0x00,0x00,0x00,0x00,0x00,0x00,0x00,0xF0,0x00,0x00,0x00,
      0x00,0x00,0xE0,0x00,0x70,0x00,0xFC,0xC3,0x80,0x61,0xC0,0x00,
      0x00,0xF8,0x1F,0x30,0x0C,0xFE,0x1F,0xFE,0x03,0x00,0x00,0x00,
      0x00,0x00,0xF0,0xFF,0xE0,0x1F,0xF8,0x01,0x70,0x80,0x1F,0xC0,
      0x07,0x00,0x38,0x00,0x00,0x00,0x00,0x00,0x00,0x00,0x00,0xE0,
      0x00,0xFC,0x07,0x00,0xC0,0x00,0x60,0x00,0xF0,0x01,0x00,0x00,
      0x00,0x00,0xE0,0x00,0x70,0x00,0xFE,0xC7,0xC1,0xE1,0xE0,0x00,
      0x07,0x38,0x1C,0x00,0x00,0x07,0x38,0xFE,0x07,0x00,0x00,0x00,
      0x00,0x00,0x38,0xC0,0x01,0x00,0xFC,0x03,0x70,0x80,0x3F,0xC0,
      0x0F,0x00,0x38,0x00,0x00,0xF0,0xFF,0x01,0x00,0x00,0x00,0xF0,
      0x00,0xFE,0x0F,0x00,0xE0,0x80,0x71,0xC0,0x80,0x81,0x01,0x07,
      0x00,0x00,0x00,0x00,0x70,0x00,0x0E,0x87,0xE3,0xC0,0x71,0x00,
      0x07,0x38,0x00,0x00,0x00,0x03,0x30,0x00,0x07,0xCE,0x01,0x00,
      0x00,0x00,0x98,0x8F,0x01,0x00,0x9C,0x03,0xFF,0x07,0x38,0x00,
      0x0C,0x00,0x1C,0x00,0x00,0xF8,0xFF,0x01,0x00,0x00,0x00,0xF0,
      0x00,0x0E,0x0E,0xE7,0xE0,0xC0,0x71,0xE0,0xE0,0xC1,0x01,0x07,
      0x00,0x00,0xE0,0x80,0xFF,0x0F,0x0C,0x00,0x3E,0x80,0x3F,0x00,
      0x07,0xF0,0x0F,0x00,0x00,0xF3,0x33,0xFE,0x07,0xE7,0xC0,0xFF,
      0xE1,0x7F,0x98,0x99,0x01,0x00,0xFC,0x03,0xFF,0x07,0x1C,0x80,
      0x07,0x00,0x00,0x70,0x38,0x38,0xE7,0x00,0x00,0x00,0x00,0xE0,
      0x00,0x0E,0x0E,0xCE,0xC1,0x70,0x60,0x38,0x80,0x71,0x00,0x00,
      0x00,0x00,0xE0,0x80,0xFF,0x8F,0x7F,0x00,0x63,0x00,0x1F,0x00,
      0x07,0xF0,0x1F,0x00,0x00,0x33,0x30,0xFF,0x07,0xE7,0xC0,0xFF,
      0xE1,0x7F,0x98,0x99,0x01,0x00,0xF8,0x01,0x70,0x00,0x0E,0x80,
      0x07,0x00,0x00,0x70,0x38,0x38,0xE7,0x00,0x00,0x00,0x00,0xE0,
      0x00,0x0E,0x0E,0xCE,0xC1,0x38,0x60,0x1C,0xF0,0x39,0x00,0x07,
      0x00,0x00,0xE0,0x80,0x73,0x8E,0x7F,0xC0,0xE3,0x01,0x0E,0x00,
      0x00,0x38,0x1C,0x00,0x00,0x33,0x30,0x07,0x87,0x73,0xC0,0xFF,
      0xE1,0x7F,0x98,0x8F,0x01,0x00,0x00,0x00,0x70,0x00,0x07,0x00,
      0x0C,0x00,0x00,0x70,0x38,0xF8,0xE7,0x80,0x07,0x00,0x00,0xE0,
      0x00,0x0E,0x0E,0x9C,0xC3,0x1C,0x60,0x0E,0xF0,0x9C,0x81,0x07,
      0x00,0x00,0xE0,0x80,0x73,0x00,0x0C,0xC0,0xE3,0x81,0x3F,0x00,
      0x00,0x38,0x1C,0x00,0x00,0x33,0x30,0x07,0x87,0x73,0x00,0xC0,
      0x01,0x00,0x98,0x8F,0x01,0x00,0x00,0x00,0x70,0x80,0x03,0x00,
      0x0C,0x00,0x00,0x70,0x38,0xF8,0xE7,0x80,0x07,0x00,0x00,0xE0,
      0x00,0xFE,0x0F,0x9C,0x03,0xCE,0x01,0xF7,0x00,0xCE,0xC1,0x03,
      0x00,0x00,0xE0,0x80,0x73,0x00,0x0C,0x00,0x63,0x80,0x3F,0x00,
      0x07,0xF8,0x0F,0x00,0x00,0xF3,0x33,0xFF,0x0F,0xE7,0x00,0xC0,
      0x01,0x00,0x98,0x99,0x01,0x00,0x00,0x00,0x00,0x80,0x3F,0xC0,
      0x0F,0x00,0x00,0x70,0x38,0xF0,0xE7,0x80,0x07,0x00,0x00,0xE0,
      0x00,0xFC,0x07,0xCE,0x01,0xE7,0x81,0xFB,0x01,0xE7,0xE1,0x01,
      0x00,0x00,0xE0,0x80,0x73,0x80,0x3F,0x07,0x3E,0x00,0x0E,0x00,
      0x07,0xE0,0x0F,0x00,0x00,0xE3,0x33,0xFE,0x0F,0xE7,0x00,0x00,
      0x00,0x00,0x98,0xB9,0x01,0x00,0x00,0x00,0x00,0x80,0x3F,0xC0,
      0x07,0x00,0x00,0x70,0x3C,0x00,0xE7,0x00,0x00,0x00,0x00,0x00,
      0x00,0x00,0x00,0xCE,0x81,0xF3,0xC1,0x99,0x81,0xB3,0xE1,0x00,
      0x00,0x00,0xE0,0x80,0xFF,0x8F,0x3F,0x07,0x7F,0x00,0x0E,0x00,
      0x07,0x00,0x1C,0x00,0x00,0x03,0x30,0x00,0x00,0xCE,0x01,0x00,
      0x00,0x00,0x98,0xB1,0x01,0x00,0x00,0x00,0xFF,0x07,0x00,0x00,
      0x00,0x00,0x00,0xF0,0x7F,0x00,0xE7,0x00,0x00,0x00,0x00,0x00,
      0x00,0x00,0x00,0xE7,0xC0,0xB9,0xE1,0xC0,0xC1,0x91,0xE1,0x00,
      0x00,0x00,0xE0,0x80,0xFF,0x8F,0xF3,0x87,0xE3,0x00,0x0E,0x00,
      0x07,0x00,0x1C,0x00,0x00,0x07,0x38,0x00,0x00,0xCE,0x01,0x00,
      0x00,0x00,0x38,0xC0,0x01,0x00,0x00,0x00,0xFF,0x07,0x00,0x00,
      0x00,0x00,0x00,0xF0,0x7F,0x00,0xE7,0x00,0x00,0x00,0x80,0x00,
      0x00,0xFE,0x0F,0xE7,0xE0,0x98,0x71,0xE0,0xE0,0xF8,0xE1,0x70,
      0x00,0x00,0xE0,0x00,0x70,0x00,0x00,0xC0,0x80,0x01,0x0E,0x00,
      0x07,0xF8,0x1F,0x00,0x00,0xFC,0x0F,0xFF,0x0F,0x00,0x00,0x00,
      0x00,0x00,0xE0,0x7F,0x00,0x00,0x00,0x00,0x00,0x00,0x00,0x00,
      0x00,0x00,0x00,0x70,0x00,0x00,0xE7,0x00,0x00,0xC0,0x01,0x00,
      0x00,0x00,0x00,0x00,0x00,0xF0,0x03,0xF8,0x01,0x80,0xC1,0x3F,
      0x00,0x00,0x00,0x00,0x70,0x00,0x00,0x00,0x00,0x00,0x00,0x00,
      0x00,0xF0,0x0F,0x00,0x00,0x00,0x00,0x00,0x00,0x00,0x00,0x00,
      0x00,0x00,0x00,0x00,0x00,0x00,0x00,0x00,0x00,0x00,0x00,0x00,
      0x00,0x00,0x00,0x70,0x00,0x00,0xE7,0x00,0x00,0xE0,0x01,0x00,
      0x00,0x00,0x00,0x00,0x00,0x80,0x01,0xF8,0x01,0x00,0x00,0x00,
      0x00,0x00,0x00,0x00,0x70,0x00,0x00,0x00,0x00,0x00,0x00,0x00,
      0x00,0x00,0x00,0x00,0x00,0x00,0x00,0x00,0x00,0x00,0x00,0x00,
      0x00,0x00,0x00,0x00,0x00,0x00,0x00,0x00,0x00,0x00,0x00,0x00,
      0x00,0x00,0x00,0x70,0x00,0x00,0xE7,0x00,0x00,0xE0,0x01,0x00,
      0x00,0x00,0x00,0x00,0x00,0x00,0x00,0x00,0x00,0x00,0x00,0x00,
      0xE0,0x00,0x80,0x03,0xF0,0x00,0x3C,0x07,0xE7,0x00,0x3F,0x00,
      0x00,0x00,0x00,0xE0,0x00,0x80,0x03,0xF0,0x00,0xCE,0x01,0x0E,
      0x00,0x1C,0x80,0x0F,0x70,0x1C,0x00,0x00,0x78,0x0E,0x38,0x00,
      0xE0,0x00,0x3C,0x00,0xCF,0xC1,0x39,0x00,0x00,0x00,0x20,0x38,
      0x00,0x70,0x00,0x3E,0xC0,0x71,0x00,0x3C,0xF0,0x07,0x00,0x00,
      0xE0,0x01,0xC0,0x03,0xF8,0x01,0xFF,0x07,0xE7,0x80,0x61,0x80,
      0xFF,0xE0,0x3F,0xE0,0x01,0xC0,0x03,0xF8,0x01,0xCE,0x01,0x3E,
      0x00,0x1F,0xC0,0x1F,0x70,0x1C,0x00,0x00,0xFE,0x0F,0xF8,0x00,
      0xF8,0x00,0x7E,0xC0,0xFF,0xC1,0x39,0x00,0x00,0x00,0x30,0xF8,
      0x00,0x7C,0x00,0x7F,0xC0,0x71,0x00,0x3F,0xF0,0x07,0x00,0x00,
      0xC0,0x01,0xC0,0x01,0x98,0x01,0xE7,0x01,0x00,0x00,0x3F,0x80,
      0xFF,0xF0,0x7F,0xC0,0x01,0xC0,0x01,0x98,0x01,0x00,0x00,0x38,
      0x00,0x07,0xC0,0x18,0x00,0x00,0x00,0x00,0xCE,0x03,0xF0,0x00,
      0x78,0x00,0x66,0xC0,0x79,0x00,0x00,0x00,0x00,0xF0,0x3F,0xE0,
      0x00,0x1C,0x00,0x63,0x00,0x00,0x00,0x0F,0xC0,0x01,0xE0,0x1F,
      0x00,0x00,0x00,0x00,0x00,0x00,0x00,0x00,0x00,0x00,0x00,0xC0,
      0xFF,0xF8,0x7F,0x00,0x00,0x00,0x00,0x00,0x00,0x00,0x00,0x00,
      0x00,0x00,0x00,0x00,0x00,0x00,0xFC,0x0F,0x00,0x00,0x00,0x00,
      0x00,0x00,0x00,0x00,0x00,0x00,0x00,0x00,0x00,0xF8,0x1F,0x00,
      0x00,0x00,0x00,0x00,0x00,0x00,0x00,0x00,0xC0,0x01,0xF0,0x3F,
      0xF0,0x0F,0xF8,0x07,0xFC,0x03,0xFE,0x01,0xFF,0x80,0x7F,0xE0,
      0x0E,0x38,0x00,0xFC,0x3F,0xFE,0x1F,0xFF,0x8F,0xFF,0x07,0x7F,
      0x80,0x3F,0xC0,0x1F,0xE0,0x0F,0x1C,0x1C,0x3E,0x1C,0xFC,0x03,
      0xFE,0x01,0xFF,0x80,0x7F,0xC0,0x3F,0x70,0x1C,0x1C,0x3E,0x07,
      0x87,0x83,0xC3,0xC1,0xE1,0xE0,0xE0,0xF1,0xC0,0xFF,0x38,0x38,
      0xF8,0x1F,0xFC,0x0F,0xFE,0x07,0xFF,0x83,0xFF,0xC1,0xFF,0x60,
      0x0E,0x38,0x00,0xFC,0x3F,0xFE,0x1F,0xFF,0x8F,0xFF,0x07,0x7F,
      0x80,0x3F,0x00,0x1F,0xE0,0x0F,0x1C,0x38,0x7E,0x1C,0xFE,0x07,
      0xFF,0x83,0xFF,0xC1,0xFF,0xE0,0x7F,0x70,0x1C,0x1C,0x3F,0x07,
      0x87,0x83,0xC3,0xC1,0xE1,0xE0,0xC0,0x7F,0xC0,0xE1,0x38,0x38,
      0x1C,0x38,0x0E,0x1C,0x07,0x8E,0x03,0xC7,0x81,0xE3,0xC0,0xF1,
      0x3F,0x38,0x00,0x1C,0x00,0x0E,0x00,0x07,0x80,0x03,0x00,0x1C,
      0x00,0x0E,0x00,0x07,0x80,0x03,0x1C,0x38,0xFE,0x1C,0x07,0x8E,
      0x03,0xC7,0x81,0xE3,0xC0,0x71,0xE0,0xE0,0x0F,0x9C,0x3B,0x07,
      0x87,0x83,0xC3,0xC1,0xE1,0xE0,0x80,0x3F,0xC0,0xE1,0x38,0x1E,
      0x1C,0x38,0x0E,0x1C,0x07,0x8E,0x03,0xC7,0x81,0xE3,0xC0,0xF1,
      0x3F,0x38,0x00,0x1C,0x00,0x0E,0x00,0x07,0x80,0x03,0x00,0x1C,
      0x00,0x0E,0x00,0x07,0x80,0x03,0x7E,0x38,0xEE,0x1D,0x07,0x8E,
      0x03,0xC7,0x81,0xE3,0xC0,0x71,0xE0,0xC0,0x07,0xDC,0x39,0x07,
      0x87,0x83,0xC3,0xC1,0xE1,0xE0,0x00,0x1F,0xC0,0xFF,0x38,0x3E,
      0x1C,0x38,0x0E,0x1C,0x07,0x8E,0x03,0xC7,0x81,0xE3,0xC0,0x39,
      0x0E,0x78,0x70,0xFC,0x07,0xFE,0x03,0xFF,0x81,0xFF,0x00,0x1C,
      0x00,0x0E,0x00,0x07,0x80,0x03,0x7E,0x38,0xCE,0x1F,0x07,0x8E,
      0x03,0xC7,0x81,0xE3,0xC0,0x71,0xE0,0x80,0x03,0xFC,0x38,0x07,
      0x87,0x83,0xC3,0xC1,0xE1,0xE0,0x00,0x0E,0xC0,0x7F,0x38,0x70,
      0xFC,0x3F,0xFE,0x1F,0xFF,0x8F,0xFF,0xC7,0xFF,0xE3,0xFF,0x39,
      0x0E,0xF8,0x7F,0xFC,0x07,0xFE,0x03,0xFF,0x81,0xFF,0x00,0x1C,
      0x00,0x0E,0x00,0x07,0x80,0x03,0x1C,0x38,0x8E,0x1F,0x07,0x8E,
      0x03,0xC7,0x81,0xE3,0xC0,0x71,0xE0,0xC0,0x07,0x7C,0x38,0x07,
      0x87,0x83,0xC3,0xC1,0xE1,0xE0,0x00,0x0E,0xC0,0x01,0x38,0x70,
      0xFC,0x3F,0xFE,0x1F,0xFF,0x8F,0xFF,0xC7,0xFF,0xE3,0xFF,0x39,
      0x0E,0xF0,0x7F,0x1C,0x00,0x0E,0x00,0x07,0x80,0x03,0x00,0x1C,
      0x00,0x0E,0x00,0x07,0x80,0x03,0x1C,0x38,0x0E,0x1F,0x07,0x8E,
      0x03,0xC7,0x81,0xE3,0xC0,0x71,0xE0,0xE0,0x0F,0x3C,0x38,0x07,
      0x87,0x83,0xC3,0xC1,0xE1,0xE0,0x00,0x0E,0xC0,0x01,0x38,0x70,
      0x1C,0x38,0x0E,0x1C,0x07,0x8E,0x03,0xC7,0x81,0xE3,0xC0,0x39,
      0xFE,0xE0,0x3F,0x1C,0x00,0x0E,0x00,0x07,0x80,0x03,0x00,0x1C,
      0x00,0x0E,0x00,0x07,0x80,0x03,0x1C,0x1C,0x0E,0x1E,0x07,0x8E,
      0x03,0xC7,0x81,0xE3,0xC0,0x71,0xE0,0x70,0x1C,0xFC,0x3F,0xFF,
      0x87,0xFF,0xC3,0xFF,0xE1,0xFF,0x00,0x0E,0xF0,0x07,0x38,0x7F,
      0x1C,0x38,0x0E,0x1C,0x07,0x8E,0x03,0xC7,0x81,0xE3,0xC0,0x39,
      0xFE,0x00,0x07,0xFC,0x3F,0xFE,0x1F,0xFF,0x8F,0xFF,0x07,0x7F,
      0x80,0x3F,0xC0,0x1F,0xE0,0x0F,0xFC,0x0F,0x00,0x00,0xFC,0x03,
      0xFE,0x01,0xFF,0x80,0x7F,0xC0,0x3F,0x00,0x00,0xF7,0x0F,0xFE,
      0x03,0xFF,0x81,0xFF,0xC0,0x7F,0x00,0x0E,0x00,0x00,0x38,0x00,
      0x00,0x00,0x00,0x00,0x00,0x00,0x00,0x00,0x00,0x00,0x00,0x00,
      0x00,0x80,0x03,0x00,0x00,0x00,0x00,0x00,0x00,0x00,0x00,0x00,
      0x00,0x00,0x00,0x00,0x00,0x00,0x00,0x00,0x00,0x00,0x00,0x00,
      0x00,0x00,0x00,0x00,0x00,0x00,0x00,0x00,0x00,0x03,0x00,0x00,
      0x00,0x00,0x00,0x00,0x00,0x00,0x00,0x00,0x00,0x00,0x00,0x00,
      0x00,0x00,0x00,0x00,0x00,0x00,0x00,0x00,0x00,0x00,0x00,0x00,
      0x00,0x80,0x03,0x00,0x00,0x00,0x00,0x00,0x00,0x00,0x00,0x00,
      0x00,0x00,0x00,0x00,0x00,0x00,0x00,0x00,0x00,0x00,0x00,0x00,
      0x00,0x00,0x00,0x00,0x00,0x00,0x00,0x00,0x00,0x00,0x00,0x00,
      0x00,0x00,0x00,0x00,0x00,0x00,0x00,0x00,0x00,0x00,0x00,0x00,
      0x00,0x00,0x00,0x00,0x00,0x00,0x00,0x00,0x00,0x00,0x00,0x00,
      0x00,0x00,0x00,0x00,0x00,0x00,0x00,0x00,0x00,0x00,0x00,0x00,
      0x00,0x00,0x00,0x00,0x00,0x00,0x00,0x00,0x00,0x00,0x00,0x00,
      0x00,0x00,0x00,0x00,0x00,0x00,0x00,0x00,0x00,0x00,0x00,0x00,
      0x00,0x00,0x00,0x00,0x00,0x00,0x00,0x00,0x00,0x00,0x00,0x00,
      0x00,0x00,0x00,0x00,0x00,0x00,0x00,0x00,0x00,0x00,0x00,0x00,
      0x00,0x00,0x00,0x00,0x00,0x00,0x00,0x00,0x00,0x00,0x00,0x00,
      0x00,0x00,0x00,0x00,0x00,0x00,0x00,0x00,0x00,0x00,0x00,0x00,
      0x00,0x00,0x00,0x00,0x00,0x00,0x00,0x00,0x00,0x00,0x00,0x00,
      0x00,0x00,0x00,0x00,0x00,0x00,0x00,0x00,0x00,0x00,0x00,0x00,
      0x70,0x00,0xC0,0x03,0xFC,0x00,0x9E,0x03,0x63,0x00,0x1F,0x00,
      0x00,0x00,0x00,0xE0,0x01,0xC0,0x03,0xF0,0x00,0xCE,0x01,0x0F,
      0x00,0x1E,0x00,0x0F,0xE0,0x1C,0x00,0x07,0xF8,0x1C,0x38,0x00,
      0xE0,0x00,0x3C,0x00,0xCF,0xC1,0x39,0x00,0x00,0x00,0x00,0x38,
      0x00,0x70,0x00,0x3E,0xC0,0x71,0x00,0x1C,0x00,0x00,0xE0,0x1C,
      0xF0,0x01,0xF0,0x03,0xFE,0x81,0xFF,0x03,0x63,0x80,0x31,0x00,
      0x00,0x00,0x00,0xE0,0x07,0xF0,0x03,0xF8,0x01,0xCE,0x01,0x3F,
      0x80,0x1F,0x80,0x1F,0xE0,0x1C,0x00,0x07,0xFE,0x1F,0xF8,0x00,
      0xF8,0x00,0x7E,0xC0,0xFF,0xC1,0x39,0x00,0x00,0x00,0x06,0xF8,
      0x00,0x7C,0x00,0x7F,0xC0,0x71,0x00,0x1F,0xC0,0x01,0xE0,0x1C,
      0x00,0x00,0x00,0x00,0x00,0x00,0x00,0x00,0x00,0x00,0x00,0x00,
      0x00,0xE0,0x3F,0x00,0x00,0x00,0x00,0x00,0x00,0x00,0x00,0x00,
      0x00,0x00,0x00,0x00,0x00,0x00,0xE0,0x7F,0x00,0x00,0x00,0x00,
      0x00,0x00,0x00,0x00,0x00,0x00,0x00,0x80,0x03,0xFC,0x0F,0x00,
      0x00,0x00,0x00,0x00,0x00,0x00,0x00,0x00,0xC0,0x01,0x00,0x00,
      0xFC,0x07,0xFE,0x01,0xFF,0x81,0xFF,0xC0,0x7F,0xE0,0x3F,0xF8,
      0x78,0xF0,0x7F,0xF8,0x1F,0xFC,0x0F,0xFE,0x07,0xFF,0x03,0x1E,
      0x00,0x0F,0x80,0x07,0x00,0x00,0x00,0x0E,0x00,0x00,0x00,0x00,
      0x00,0x00,0x00,0x00,0x00,0x00,0x00,0x80,0x03,0xFC,0x0F,0x07,
      0x87,0x83,0xC3,0xC1,0xE1,0xE0,0xE0,0xC0,0xC1,0x7F,0x38,0x70,
      0xFC,0x0F,0xFE,0x07,0xFF,0x83,0xFF,0xC1,0xFF,0xE0,0x3F,0xF8,
      0xFF,0xF8,0x7F,0xFC,0x3F,0xFE,0x1F,0xFF,0x8F,0xFF,0x07,0x1E,
      0x00,0x0F,0x80,0x07,0xC0,0x03,0x00,0x1C,0xEE,0x0F,0xFC,0x03,
      0xFE,0x01,0xFF,0x80,0x7F,0xC0,0x3F,0x00,0x00,0x8E,0x3B,0x07,
      0x87,0x83,0xC3,0xC1,0xE1,0xE0,0xE0,0xE1,0xC1,0xFF,0x78,0x78,
      0x00,0x0C,0x00,0x06,0x00,0x03,0x80,0x01,0xC0,0x00,0x60,0x00,
      0xC7,0x38,0x70,0x1C,0x38,0x0E,0x1C,0x07,0x8E,0x03,0x07,0x1E,
      0x00,0x0F,0x80,0x07,0xC0,0x03,0xF8,0x1F,0xFE,0x1F,0xFE,0x07,
      0xFF,0x83,0xFF,0xC1,0xFF,0xE0,0x7F,0xF8,0x1F,0xCE,0x39,0x07,
      0x87,0x83,0xC3,0xC1,0xE1,0xE0,0xC0,0xF3,0xC0,0xFF,0xF0,0x3C,
      0xFC,0x0F,0xFE,0x07,0xFF,0x83,0xFF,0xC1,0xFF,0xE0,0x7F,0xF0,
      0xFF,0x38,0x00,0xFC,0x3F,0xFE,0x1F,0xFF,0x8F,0xFF,0x07,0x1C,
      0x00,0x0E,0x00,0x07,0x80,0x03,0xFC,0x3F,0xFE,0x1F,0x07,0x8E,
      0x03,0xC7,0x81,0xE3,0xC0,0x71,0xE0,0xF8,0x1F,0xCE,0x39,0x07,
      0x87,0x83,0xC3,0xC1,0xE1,0xE0,0x80,0x7F,0xC0,0xE1,0xE0,0x1F,
      0xFE,0x0F,0xFF,0x87,0xFF,0xC3,0xFF,0xE1,0xFF,0xF0,0x7F,0xF8,
      0x7F,0x38,0x00,0xFC,0x1F,0xFE,0x0F,0xFF,0x87,0xFF,0x03,0x1C,
      0x00,0x0E,0x00,0x07,0x80,0x03,0x1C,0x38,0x1E,0x1C,0x07,0x8E,
      0x03,0xC7,0x81,0xE3,0xC0,0x71,0xE0,0x00,0x00,0x6E,0x38,0x07,
      0x87,0x83,0xC3,0xC1,0xE1,0xE0,0x00,0x3F,0xC0,0xE1,0xC0,0x0F,
      0x0E,0x0C,0x07,0x86,0x03,0xC3,0x81,0xE1,0xC0,0x70,0x60,0x18,
      0x07,0xF8,0x7F,0x1C,0x00,0x0E,0x00,0x07,0x80,0x03,0x00,0x1C,
      0x00,0x0E,0x00,0x07,0x80,0x03,0x1C,0x38,0x0E,0x1C,0x07,0x8E,
      0x03,0xC7,0x81,0xE3,0xC0,0x71,0xE0,0x00,0x00,0x6E,0x38,0x87,
      0x87,0xC3,0xC3,0xE1,0xE1,0xF0,0x00,0x1E,0xC0,0xFF,0x80,0x07,
      0xFE,0x3F,0xFF,0x9F,0xFF,0xCF,0xFF,0xE7,0xFF,0xF3,0xFF,0xF9,
      0xFF,0xF0,0x7F,0xFC,0x1F,0xFE,0x0F,0xFF,0x87,0xFF,0x03,0x7F,
      0x80,0x3F,0xC0,0x1F,0xE0,0x0F,0xFC,0x3F,0x0E,0x1C,0x07,0x8E,
      0x03,0xC7,0x81,0xE3,0xC0,0x71,0xE0,0x80,0x03,0xFC,0x0F,0xFF,
      0x87,0xFF,0xC3,0xFF,0xE1,0xFF,0x00,0x0E,0xC0,0xFF,0x80,0x03,
      0x00,0x00,0x00,0x00,0x00,0x00,0x00,0x00,0x00,0x00,0x00,0x00,
      0x00,0x00,0x0F,0x00,0x00,0x00,0x00,0x00,0x00,0x00,0x00,0x00,
      0x00,0x00,0x00,0x00,0x00,0x00,0x00,0x00,0x00,0x00,0xFC,0x03,
      0xFE,0x01,0xFF,0x80,0x7F,0xC0,0x3F,0x00,0x00,0x30,0x00,0x7E,
      0x07,0xBF,0x83,0xDF,0xC1,0xEF,0x80,0x07,0xC0,0x01,0xE0,0x01,
      0x00,0x00,0x00,0x00,0x00,0x00,0x00,0x00,0x00,0x00,0x00,0x00,
      0x00,0x80,0x07,0x00,0x00,0x00,0x00,0x00,0x00,0x00,0x00,0x00,
      0x00,0x00,0x00,0x00,0x00,0x00,0x00,0x00,0x00,0x00,0x00,0x00,
      0x00,0x00,0x00,0x00,0x00,0x00,0x00,0x00,0x00,0x00,0x00,0x00,
      0x00,0x00,0x00,0x00,0x00,0x00,0x00,0x00,0xC0,0x01,0x00,0x00,
      0x00,0x00,0x00,0x00,0x00,0x00,0x00,0x00,0x00,0x00,0x00,0x00,
      0x00,0x80,0x03,0x00,0x00,0x00,0x00,0x00,0x00,0x00,0x00,0x00,
      0x00,0x00,0x00,0x00,0x00,0x00,0x00,0x00,0x00,0x00,0x00,0x00,
      0x00,0x00,0x00,0x00,0x00,0x00,0x00,0x00,0x00,0x00,0x00,0x00,
      0x00,0x00,0x00,0x00,0x00,0x00,0x00,0x00,0xC0,0x01,0x00,0x00,
      0xF0,0x0F,0x00,0x00,0x9C,0x03,0x00,0x00,0x00,0x00,0x00,0x00,
      0x1C,0x00,0x00,0xC0,0x03,0x00,0x00,0xE0,0x00,0x00,0x00,0x66,
      0x00,0x00,0xC0,0x0E,0xC0,0x0C,0x00,0x00,0x00,0x00,0xFC,0x03,
      0xFE,0x01,0xC3,0x80,0x61,0x00,0x07,0x80,0x03,0x00,0x00,0x00,
      0x00,0x98,0x01,0xCC,0x00,0x3C,0x00,0x1E,0xC0,0x30,0x60,0x18,
      0xF0,0x0F,0x00,0x00,0xFC,0x03,0x00,0x00,0x00,0x00,0x00,0x00,
      0x1F,0x00,0x00,0xE0,0x07,0x00,0x00,0xE0,0x00,0x00,0x00,0x7E,
      0x00,0x00,0xC0,0x0E,0xC0,0x0C,0x00,0x00,0x00,0x00,0xFC,0x03,
      0xFE,0x01,0xC3,0x80,0x61,0x00,0x07,0x80,0x03,0x00,0x00,0x00,
      0x00,0x98,0x01,0xCC,0x00,0x3C,0x00,0x1E,0xC0,0x30,0x60,0x18,
      0x00,0x00,0xFC,0x01,0xF8,0x01,0xE7,0x00,0x00,0x00,0x00,0x00,
      0x0F,0x00,0x0F,0x60,0x06,0xE0,0x01,0x00,0x00,0x00,0x00,0x3C,
      0x00,0x33,0x80,0x07,0x80,0x77,0xFC,0x07,0x00,0x1C,0x00,0x00,
      0x00,0x00,0x7E,0x00,0x3F,0x00,0x00,0x00,0x00,0x00,0x00,0x00,
      0x00,0xF0,0x00,0x78,0x00,0x66,0x00,0x33,0x80,0x1F,0xC0,0x0F,
      0x00,0x00,0xFC,0x01,0x00,0x00,0xFF,0x00,0x00,0x00,0x00,0x00,
      0x00,0xC0,0x0F,0x00,0x00,0xF0,0x03,0x00,0x00,0x70,0x00,0x00,
      0x00,0x3F,0xF0,0x1F,0x00,0x70,0x1C,0x0C,0x00,0x7F,0xFF,0x0F,
      0x00,0xC0,0xFF,0x03,0x00,0xF0,0xFF,0x00,0x00,0xFC,0x3F,0x00,
      0x00,0xFF,0x0F,0x00,0x00,0xFF,0x00,0x00,0xC0,0x3F,0x00,0x00,
      0xF8,0x1F,0x00,0x00,0xFE,0x07,0x00,0x80,0xFF,0x01,0x00,0xE0,
      0xFF,0x00,0x00,0xF8,0x3F,0x00,0x00,0xFE,0x0F,0x00,0x80,0xFF,
      0x03,0x00,0x70,0x30,0xE0,0x77,0x1C,0x38,0x00,0x1C,0x07,0x00,
      0xFE,0xC1,0x01,0x80,0x7F,0x70,0x00,0xE0,0x1F,0x1C,0x00,0xF8,
      0x07,0x07,0x00,0xFE,0xC1,0x81,0x83,0xDF,0x71,0xE0,0xE0,0x77,
      0x1C,0x38,0xFE,0x03,0x07,0x8E,0xFF,0xC0,0x81,0xE3,0x3F,0xF0,
      0xFF,0xE0,0x3F,0xFC,0x3F,0xF8,0x0F,0xFF,0x0F,0xFE,0xC3,0xFF,
      0x83,0xFF,0x70,0x30,0xE0,0x77,0x1C,0x38,0x00,0x1C,0x07,0x00,
      0xFE,0xC1,0x01,0x80,0x7F,0x70,0x00,0xE0,0x1F,0x1C,0x00,0xF8,
      0x07,0x07,0x00,0xFE,0xC1,0x81,0x83,0xDF,0x71,0xE0,0xE0,0x77,
      0x1C,0x38,0xFE,0x07,0x07,0x8E,0xFF,0xC1,0x81,0xE3,0x7F,0xF0,
      0xE0,0xF0,0x7F,0x3C,0x38,0xFC,0x1F,0x0F,0x0E,0xFF,0xC7,0x83,
      0xC3,0xFF,0x71,0xE0,0x38,0x78,0x7E,0x38,0xF8,0x1F,0xFF,0x81,
      0x03,0xC7,0x7F,0xE0,0xC0,0xF1,0x1F,0x38,0x70,0xFC,0x07,0x0E,
      0x1C,0xFF,0x81,0x03,0xC7,0x01,0xE0,0xE0,0x71,0x00,0x38,0x78,
      0x1C,0x38,0x00,0x06,0x07,0x0E,0x80,0xC1,0x81,0x03,0x60,0x70,
      0x00,0x38,0x70,0x1C,0x00,0x0E,0x1C,0x07,0x80,0x03,0xC7,0x01,
      0xE0,0xC0,0x71,0xE0,0x38,0x70,0x1C,0x38,0x0E,0x1C,0x07,0x80,
      0xFF,0xC7,0x01,0xE0,0xFF,0x71,0x00,0xF8,0x7F,0x1C,0x00,0xFE,
      0x1F,0x07,0x80,0xFF,0xC7,0xE1,0xE3,0xC0,0x71,0xF8,0x38,0x70,
      0xFC,0x3F,0xFE,0x07,0xFF,0x8F,0xFF,0xC1,0xFF,0xE3,0x7F,0x70,
      0x00,0x18,0x00,0x1C,0x00,0x06,0x00,0x07,0x80,0x01,0xC0,0x01,
      0x60,0x00,0x70,0xE0,0x38,0x70,0x1C,0x38,0x0E,0x1C,0x07,0x80,
      0xFF,0xC7,0x01,0xE0,0xFF,0x71,0x00,0xF8,0x7F,0x1C,0x00,0xFE,
      0x1F,0x07,0x80,0xFF,0xC7,0xE1,0xE3,0xC0,0x71,0xF8,0x38,0x70,
      0xFC,0x3F,0xFF,0x07,0xFF,0xCF,0xFF,0xC1,0xFF,0xF3,0x7F,0xF0,
      0xE0,0x18,0x00,0x3C,0x38,0x06,0x00,0x0F,0x8E,0x01,0xC0,0x83,
      0x63,0x00,0x70,0x30,0x38,0x70,0x1C,0x0C,0x0E,0x1C,0x07,0x80,
      0x03,0xC0,0x01,0xE0,0x00,0x70,0x00,0x38,0x00,0x1C,0x00,0x0E,
      0x00,0x07,0x80,0x03,0xC0,0x81,0x83,0xFF,0x71,0xE0,0xE0,0x7F,
      0x1C,0x38,0x07,0x06,0x07,0xCE,0x81,0xC1,0x81,0x73,0x60,0xF0,
      0xFF,0x38,0x00,0xFC,0x3F,0x0E,0x00,0xFF,0x8F,0x03,0xC0,0xFF,
      0xE3,0x00,0x70,0x30,0x38,0x70,0x1C,0x0C,0x0E,0x1C,0x07,0x80,
      0x03,0xC0,0x01,0xE0,0x00,0x70,0x00,0x38,0x00,0x1C,0x00,0x0E,
      0x00,0x07,0x80,0x03,0xC0,0x81,0x83,0xFF,0x71,0xE0,0xE0,0x7F,
      0x1C,0x38,0xFF,0x1F,0x07,0xCE,0xFF,0xC7,0x81,0xF3,0xFF,0xE1,
      0xFF,0xF0,0x3F,0xF8,0x3F,0xFC,0x0F,0xFE,0x0F,0xFF,0x83,0xFF,
      0xC3,0xFF,0xF0,0x1F,0xE0,0x7F,0xFC,0x07,0xF8,0x1F,0xFF,0x0F,
      0xFE,0xC1,0xFF,0x83,0x7F,0xF0,0xFF,0xE0,0x1F,0xFC,0x3F,0xF8,
      0x07,0xFF,0x0F,0xFE,0x01,0xFF,0x00,0xC0,0xC1,0x3F,0x00,0x70,
      0x00,0x00,0x00,0x00,0x00,0x00,0x00,0x00,0xE0,0x00,0x0E,0x00,
      0x00,0x00,0x00,0x00,0x00,0x00,0x00,0x00,0x00,0x00,0x00,0x00,
      0x00,0x00,0x00,0x00,0x00,0x00,0x00,0x00,0x00,0x00,0x00,0x00,
      0x00,0x00,0x00,0x00,0x00,0x00,0x00,0x00,0x00,0x80,0x03,0xE0,
      0x00,0x00,0x00,0x00,0x00,0x00,0x80,0x7F,0x00,0x00,0xE0,0x1F,
      0x00,0x00,0x00,0x00,0x00,0x00,0x00,0x00,0xE0,0x01,0x1E,0x00,
      0x00,0x00,0x00,0x00,0x00,0x00,0x00,0x00,0x00,0x00,0x00,0x00,
      0x00,0x00,0x00,0x00,0x00,0x00,0x00,0x00,0x00,0x00,0x00,0x00,
      0x00,0x00,0x00,0x00,0x00,0x00,0x00,0x00,0x00,0x80,0x07,0xE0,
      0x01,0x00,0x00,0x00,0x00,0x00,0x00,0x00,0x00,0x00,0x00,0x00,
      0x00,0x00,0x00,0x00,0x00,0x00,0x00,0x00,0xC0,0x01,0x1C,0x00,
      0x00,0x00,0x00,0x00,0x00,0x00,0x00,0x00,0x00,0x00,0x00,0x00,
      0x00,0x00,0x00,0x00,0x00,0x00,0x00,0x00,0x00,0x00,0x00,0x00,
      0x00,0x00,0x00,0x00,0x00,0x00,0x00,0x00,0x00,0x80,0x07,0xE0,
      0x01,0x00,0x00,0x00,0x00,0x00,0x00,0x00,0x00,0x00,0x00,0x00,
      0xC0,0x01,0xE0,0x00,0x00,0x00,0x70,0x00,0x3C,0x00,0x1E,0x00,
      0x00,0x00,0x00,0x70,0x0C,0x30,0x03,0xFC,0x01,0xFE,0xC0,0xC1,
      0xE0,0x60,0x00,0x00,0x00,0x00,0xC0,0x01,0x00,0x00,0x00,0x00,
      0x00,0x00,0x3C,0x00,0x1E,0x00,0x00,0x00,0x00,0x00,0x00,0x00,
      0x03,0xE0,0x00,0x00,0x00,0x00,0x00,0x00,0x00,0x00,0x00,0x00,
      0xC0,0x01,0xE0,0x00,0x00,0x00,0x70,0x00,0x3C,0x00,0x1E,0x00,
      0x00,0x00,0x00,0x70,0x0C,0x30,0x03,0xFC,0x01,0xFE,0xC0,0xC1,
      0xE0,0x60,0x00,0x00,0x00,0x00,0xC0,0x01,0x00,0x00,0x00,0x00,
      0x00,0x00,0x3C,0x00,0x1E,0x00,0x00,0x00,0x00,0x00,0x00,0x00,
      0x03,0xE0,0x00,0x00,0x00,0x00,0x00,0x00,0x00,0x00,0x00,0x00,
      0x00,0x00,0x00,0x00,0x00,0x00,0x38,0x00,0x66,0x00,0x33,0x70,
      0xE0,0x38,0x00,0x9C,0x07,0xD8,0x01,0x00,0x00,0x00,0x00,0x7F,
      0x80,0x3F,0x00,0x00,0x80,0x03,0x00,0x00,0x00,0x80,0x0F,0x0E,
      0x06,0x07,0x66,0x00,0x33,0x70,0xF0,0x38,0x00,0x00,0x00,0xC0,
      0x01,0x70,0x80,0x03,0x00,0x1F,0xE0,0x30,0xC0,0xE7,0x38,0x00,
      0xF0,0x0F,0x00,0x00,0xFC,0x03,0x00,0xC0,0x81,0xE3,0x00,0xF8,
      0xFF,0xFD,0x00,0xF0,0x07,0x00,0x00,0xFC,0x01,0x00,0x00,0x00,
      0x00,0x00,0xC0,0x1F,0x00,0x00,0xF0,0x07,0x00,0x00,0x07,0x0E,
      0x00,0x00,0x80,0x03,0x00,0x70,0x1E,0x38,0x00,0x00,0x00,0x0E,
      0x00,0x7C,0x80,0x03,0x00,0x1C,0xE0,0x1C,0x00,0x37,0x38,0x00,
      0x1C,0x38,0xF8,0x1D,0x07,0x0E,0x7E,0xC7,0x81,0xE3,0x00,0x70,
      0xE0,0x38,0x00,0xC0,0x01,0xF0,0x00,0x70,0x00,0x3C,0x00,0x7F,
      0x00,0x0F,0x00,0x07,0xC0,0x03,0xC0,0x01,0xF0,0x00,0x07,0x8E,
      0x87,0x07,0x80,0x03,0xF0,0x71,0x0F,0x38,0x78,0x1C,0x3E,0x0E,
      0x00,0x70,0x80,0x03,0x00,0x1C,0xE0,0x00,0x00,0x07,0x38,0x0C,
      0x1C,0x38,0xF8,0x1D,0x07,0x0E,0x7E,0xC7,0x81,0xE3,0x00,0x70,
      0xE0,0x38,0x00,0xC0,0x01,0xF0,0x00,0x70,0x00,0x3C,0x00,0x7F,
      0x00,0x0F,0x00,0x07,0xC0,0x03,0xC0,0x01,0xF0,0x00,0x07,0x8E,
      0x87,0x07,0x80,0x03,0xF0,0x71,0x0F,0x38,0x78,0x1C,0x3E,0x0E,
      0x00,0x70,0x80,0x03,0x00,0x1C,0xE0,0x00,0x00,0x07,0x38,0x0C,
      0x1C,0x00,0x0E,0x1E,0x07,0x80,0x83,0xC7,0xFF,0xE3,0x7E,0xF0,
      0xFF,0xB8,0x1F,0xC0,0x01,0xE0,0x00,0x70,0x00,0x38,0x00,0x1C,
      0x00,0x0E,0x00,0x07,0x80,0x03,0xC0,0x01,0xE0,0x00,0x07,0x0E,
      0x06,0x07,0x80,0x03,0xC0,0xF1,0x01,0x38,0x0C,0x9C,0x07,0x0E,
      0x00,0x70,0x80,0x03,0x00,0x1C,0xE0,0x00,0x00,0x07,0x38,0x00,
      0x1C,0x3E,0x0E,0x1C,0x87,0x8F,0x03,0xC7,0x81,0xE3,0xC1,0x71,
      0xE0,0x78,0x70,0xC0,0x01,0xE0,0x00,0x70,0x00,0x38,0x00,0x1C,
      0x00,0x0E,0x00,0x07,0x80,0x03,0xC0,0x01,0xE0,0x00,0x07,0x0E,
      0x06,0x07,0x80,0x03,0xC0,0x71,0x0F,0xF8,0x03,0xFC,0x01,0x0E,
      0x00,0x70,0x80,0x03,0x00,0x1C,0xE0,0x00,0x00,0x07,0x38,0x00,
      0x1C,0x3E,0x0E,0x1C,0x87,0x8F,0x03,0xC7,0x81,0xE3,0xC1,0x71,
      0xE0,0x78,0x70,0xC0,0x01,0xE0,0x00,0x70,0x00,0x38,0x00,0x1C,
      0x00,0x0E,0x00,0x07,0x80,0x03,0xC0,0x01,0xE0,0x00,0x07,0x0E,
      0x06,0x07,0x80,0x03,0xC0,0x71,0x0F,0xF8,0x03,0xFC,0x01,0x0E,
      0x00,0x70,0x80,0x03,0x00,0x1C,0xE0,0x00,0x00,0x07,0x38,0x00,
      0x1C,0x38,0xF8,0x1F,0x07,0x0E,0xFE,0xC7,0x81,0xE3,0xC0,0x71,
      0xE0,0x38,0x70,0xC0,0x01,0xE0,0x00,0x70,0x00,0x38,0x00,0x1C,
      0x00,0x0E,0x00,0x07,0x80,0x03,0xC0,0x01,0xE0,0x00,0xE7,0x0E,
      0x06,0xC7,0x81,0xE3,0xC0,0x71,0x1E,0x38,0x0C,0x9C,0x07,0x0E,
      0x00,0x70,0x80,0x03,0x00,0x1C,0xE0,0x00,0x00,0x07,0x38,0x00,
      0x1C,0x38,0xF8,0x1F,0x07,0x0E,0xFE,0xC7,0x81,0xE3,0xC0,0x71,
      0xE0,0x38,0x70,0xC0,0x01,0xE0,0x00,0x70,0x00,0x38,0x00,0x1C,
      0x00,0x0E,0x00,0x07,0x80,0x03,0xC0,0x01,0xE0,0x00,0xE7,0x0E,
      0x06,0xC7,0x81,0xE3,0xC0,0x71,0x1E,0x38,0x0C,0x9C,0x07,0x0E,
      0x00,0x70,0x80,0x03,0x00,0x1C,0xE0,0x00,0x00,0x07,0x38,0x00,
      0xF0,0x0F,0x00,0x1C,0xFC,0x03,0x00,0xC7,0x81,0xE3,0xC0,0x71,
      0xE0,0x38,0x70,0xF0,0x07,0xF8,0x03,0xFC,0x01,0xFE,0x00,0x7F,
      0x80,0x3F,0xC0,0x1F,0xE0,0x0F,0xF0,0x07,0xF8,0x83,0x8F,0xC3,
      0x3F,0x07,0xFF,0x80,0x7F,0x70,0xF0,0x38,0x78,0x1C,0x3E,0xFE,
      0x1F,0xFC,0x81,0xFF,0x07,0x7F,0xE0,0xFF,0xC1,0x1F,0xF8,0x7F,
      0x00,0x00,0xF8,0x07,0x70,0x00,0xFE,0x01,0x00,0x00,0x00,0x00,
      0x00,0x00,0x00,0x00,0x00,0x00,0x00,0x00,0x00,0x00,0x00,0x00,
      0x00,0x00,0x00,0x07,0x80,0x03,0x00,0x00,0x00,0x00,0x00,0x00,
      0xC0,0x01,0x00,0x00,0x00,0x00,0x0E,0x00,0x07,0x00,0x00,0x00,
      0x00,0x00,0x00,0x38,0x00,0x1C,0x00,0x00,0x00,0x00,0x00,0x00,
      0x00,0x00,0x00,0x00,0x18,0x00,0x00,0x00,0x00,0x00,0x00,0x00,
      0x00,0x00,0x00,0x00,0x00,0x00,0x00,0x00,0x00,0x00,0x00,0x00,
      0x00,0x00,0x00,0x0F,0x80,0x07,0x00,0x00,0x00,0x00,0x00,0x00,
      0x00,0x00,0x00,0x00,0x00,0x00,0x07,0x80,0x03,0x00,0x00,0x00,
      0x00,0x00,0x00,0x0C,0x00,0x06,0x00,0x00,0x00,0x00,0x00,0x00,
      0x00,0x00,0x00,0x00,0x18,0x00,0x00,0x00,0x00,0x00,0x00,0x00,
      0x00,0x00,0x00,0x00,0x00,0x00,0x00,0x00,0x00,0x00,0x00,0x00,
      0x00,0x00,0x00,0x0F,0x80,0x07,0x00,0x00,0x00,0x00,0x00,0x00,
      0x00,0x00,0x00,0x00,0x00,0x00,0x07,0x80,0x03,0x00,0x00,0x00,
      0x00,0x00,0x00,0x0C,0x00,0x06,0x00,0x00,0x00,0x00,0x00,0x00,
      0xF0,0x01,0x00,0x00,0x00,0x00,0xC0,0x00,0x60,0x00,0x00,0x00,
      0x00,0xC0,0x0C,0x60,0x06,0x07,0x00,0x00,0x00,0x00,0x00,0xFF,
      0x80,0x7F,0xC0,0x30,0x60,0x18,0xC0,0x39,0xE0,0x1C,0x00,0x00,
      0x00,0x00,0x38,0x00,0x30,0x00,0x00,0x00,0x00,0xB0,0x03,0x30,
      0x03,0xE0,0x00,0x70,0x00,0x3C,0x00,0x1E,0x00,0x00,0x00,0x00,
      0xF0,0x01,0x00,0x00,0x00,0x00,0xC0,0x00,0x60,0x00,0x00,0x00,
      0x00,0xC0,0x0C,0x60,0x06,0x07,0x00,0x00,0x00,0x00,0x00,0xFF,
      0x80,0x7F,0xC0,0x30,0x60,0x18,0xC0,0x39,0xE0,0x1C,0x00,0x00,
      0x00,0x00,0x38,0x00,0x30,0x00,0x00,0x00,0x00,0xB0,0x03,0x30,
      0x03,0xE0,0x00,0x70,0x00,0x3C,0x00,0x1E,0x00,0x00,0x00,0x00,
      0xC0,0x01,0x0E,0x00,0x7C,0x03,0x70,0x00,0x38,0x00,0x00,0x00,
      0x00,0x80,0x07,0xC0,0x03,0x0E,0x00,0x07,0x0E,0x00,0x00,0x00,
      0x00,0x00,0x80,0x1F,0xC0,0x0F,0x60,0x0C,0x30,0x06,0xFC,0x0F,
      0x00,0x00,0x1C,0x00,0x1C,0xF0,0x3F,0x00,0x00,0xE0,0x01,0xE0,
      0x01,0x70,0x00,0x38,0x00,0x66,0x00,0x33,0xC0,0x3F,0x00,0x00,
      0xC0,0x0D,0xEE,0x00,0xF0,0x81,0x07,0x07,0x00,0xE0,0xC1,0x01,
      0x00,0x78,0x70,0x00,0x00,0x00,0x00,0x0F,0x0E,0x00,0x00,0xFF,
      0x00,0x00,0xC0,0x3F,0x00,0x00,0xF0,0x0F,0x00,0x00,0xE7,0x00,
      0x00,0xC0,0xFF,0x00,0x00,0x70,0xE0,0x00,0x00,0xFC,0x0F,0x00,
      0x00,0xFC,0x03,0x00,0x00,0xFF,0x00,0x00,0x70,0xE0,0x00,0x00,
      0xC0,0x01,0x3E,0x00,0xF0,0x80,0x0F,0xC7,0xFD,0xE0,0xC3,0x71,
      0x3F,0xF8,0x70,0xDC,0x0F,0xEE,0x07,0x1F,0x8E,0xFB,0xC1,0x81,
      0x83,0x7F,0x70,0xE0,0xE0,0x1F,0x1C,0x38,0xF8,0x87,0xE3,0x80,
      0xFF,0xC1,0x81,0xE3,0x7E,0x70,0xE0,0xB8,0x1F,0x1C,0x38,0xEE,
      0x07,0x07,0x00,0xFE,0xC1,0x01,0x80,0x7F,0x70,0x00,0xE0,0x1F,
      0xC0,0x01,0x3E,0x00,0xF0,0x80,0x0F,0xC7,0xFD,0xE0,0xC3,0x71,
      0x3F,0xF8,0x70,0xDC,0x0F,0xEE,0x07,0x1F,0x8E,0xFB,0xC1,0x81,
      0x83,0x7F,0x70,0xE0,0xE0,0x1F,0x1C,0x38,0xF8,0x87,0xE3,0x80,
      0xFF,0xC1,0x81,0xE3,0x7E,0x70,0xE0,0xB8,0x1F,0x1C,0x38,0xEE,
      0x07,0x07,0x00,0xFE,0xC1,0x01,0x80,0x7F,0x70,0x00,0xE0,0x1F,
      0xC0,0x01,0x1E,0x00,0x78,0x80,0x3B,0xC7,0x83,0xE3,0xCE,0xF1,
      0xE0,0xB8,0x73,0x3C,0x38,0x1E,0x1C,0x77,0x8E,0x07,0xC7,0x81,
      0xE3,0xC0,0x71,0xE0,0x38,0x70,0x1C,0x38,0x0E,0x9C,0xE3,0xC3,
      0x39,0xC7,0x81,0xE3,0xC1,0xF1,0x3F,0x78,0x70,0x1C,0x38,0x1E,
      0x1C,0xFC,0x83,0x03,0x00,0xFF,0xE0,0x00,0xC0,0x3F,0x38,0x00,
      0xC0,0x01,0x0F,0x00,0x7C,0x80,0x73,0xC7,0x81,0xE3,0xDC,0x71,
      0xE0,0x38,0x77,0x1C,0x38,0x0E,0x1C,0xE7,0x8E,0x03,0xC7,0x81,
      0xE3,0xC0,0x71,0xE0,0x38,0x70,0x1C,0x38,0x0E,0x9C,0xE3,0xC0,
      0xF9,0xC7,0xFF,0xE0,0x00,0x70,0x18,0x38,0x00,0xFC,0x0F,0x0E,
      0x00,0x00,0x0E,0xFE,0x01,0x80,0x83,0x7F,0x00,0xE0,0xE0,0x1F,
      0xC0,0x01,0x0F,0x00,0x7C,0x80,0x73,0xC7,0x81,0xE3,0xDC,0x71,
      0xE0,0x38,0x77,0x1C,0x38,0x0E,0x1C,0xE7,0x8E,0x03,0xC7,0x81,
      0xE3,0xC0,0x71,0xE0,0x38,0x70,0x1C,0x38,0x0E,0x9C,0xE3,0xC0,
      0xF9,0xC7,0xFF,0xE0,0x00,0x70,0x18,0x38,0x00,0xFC,0x0F,0x0E,
      0x00,0x00,0x0E,0xFE,0x01,0x80,0x83,0x7F,0x00,0xE0,0xE0,0x1F,
      0xC0,0x81,0x0F,0x00,0x70,0x80,0xC3,0xC7,0x81,0xE3,0xF0,0x71,
      0xE0,0x38,0x7C,0x1C,0x38,0x0E,0x1C,0x87,0x8F,0x03,0xC7,0x81,
      0xE3,0xC0,0x71,0xE0,0x38,0x70,0x1C,0x38,0x0E,0x1C,0xE7,0xC0,
      0x39,0xC0,0x61,0xE0,0x00,0x70,0x30,0x38,0x00,0x1C,0x06,0x0E,
      0x00,0x07,0x0E,0x00,0xC7,0x81,0x03,0xC0,0x71,0xE0,0x00,0x70,
      0xC0,0x81,0x0F,0x00,0x70,0x80,0xC3,0xC7,0x81,0xE3,0xF0,0x71,
      0xE0,0x38,0x7C,0x1C,0x38,0x0E,0x1C,0x87,0x8F,0x03,0xC7,0x81,
      0xE3,0xC0,0x71,0xE0,0x38,0x70,0x1C,0x38,0x0E,0x1C,0xE7,0xC0,
      0x39,0xC0,0x61,0xE0,0x00,0x70,0x30,0x38,0x00,0x1C,0x06,0x0E,
      0x00,0x07,0x0E,0x00,0xC7,0x81,0x03,0xC0,0x71,0xE0,0x00,0x70,
      0xF0,0x07,0xFE,0x1F,0xFC,0x81,0x83,0xC7,0x81,0xE3,0xE0,0x71,
      0xE0,0x38,0x78,0x1C,0x38,0x0E,0x1C,0x07,0x8F,0x03,0x07,0xFF,
      0x80,0x7F,0xC0,0x3F,0xE0,0x1F,0xF0,0x0F,0xF8,0x07,0xFC,0x8F,
      0xFF,0xC1,0xC1,0xE3,0x00,0x70,0xE0,0x38,0x00,0x1C,0x3C,0x0E,
      0x00,0xFC,0x03,0xFE,0x01,0xFF,0x80,0x7F,0xC0,0x3F,0xE0,0x1F,
      0x00,0x00,0x00,0x00,0x00,0x00,0x00,0x00,0x00,0x00,0x1C,0x00,
      0x07,0x00,0x00,0x00,0x00,0x00,0x00,0x00,0x0E,0x00,0x07,0x00,
      0x00,0x00,0x00,0x00,0x00,0x00,0x00,0x00,0x00,0x00,0x00,0x00,
      0x00,0x00,0x00,0x00,0x00,0x00,0x0E,0x00,0x07,0x00,0x00,0x00,
      0x00,0x00,0x00,0x00,0x00,0x00,0x00,0x00,0x00,0x0E,0x00,0x07,
      0x00,0x00,0x00,0x00,0x00,0x00,0x00,0x00,0x00,0x00,0x0E,0x80,
      0x01,0x00,0x00,0x00,0x00,0x00,0x00,0xE0,0x03,0xF0,0x01,0x00,
      0x00,0x00,0x00,0x00,0x00,0x00,0x00,0x00,0x00,0x00,0x00,0x00,
      0x00,0x00,0x00,0x00,0x00,0x00,0x07,0x80,0x03,0x00,0x00,0x00,
      0x00,0x00,0x00,0x00,0x00,0x00,0x00,0x00,0x00,0x0F,0x80,0x07,
      0x00,0x00,0x00,0x00,0x00,0x00,0x00,0x00,0x00,0x00,0x0E,0x80,
      0x01,0x00,0x00,0x00,0x00,0x00,0x00,0xE0,0x03,0xF0,0x01,0x00,
      0x00,0x00,0x00,0x00,0x00,0x00,0x00,0x00,0x00,0x00,0x00,0x00,
      0x00,0x00,0x00,0x00,0x00,0x00,0x07,0x80,0x03,0x00,0x00,0x00,
      0x00,0x00,0x00,0x00,0x00,0x00,0x00,0x00,0x00,0x0F,0x80,0x07,
      0x60,0x06,0x30,0x03,0x00,0x00,0x00,0x00,0x63,0x80,0x31,0x00,
      0x00,0x00,0x00,0xE0,0x0D,0xF0,0x06,0xFC,0x03,0xFE,0x01,0xC3,
      0x80,0x61,0x00,0x0F,0x80,0x07,0xC0,0x39,0xE0,0x1C,0x00,0x00,
      0x00,0x00,0x3E,0x00,0x1F,0x80,0x0F,0x80,0x07,0x30,0x06,0xC0,
      0x01,0xE0,0x00,0x38,0x00,0x1C,0x00,0x33,0x80,0x19,0x00,0x00,
      0x60,0x06,0x30,0x03,0x00,0x00,0x00,0x00,0x63,0x80,0x31,0x00,
      0x00,0x00,0x00,0xE0,0x0D,0xF0,0x06,0xFC,0x03,0xFE,0x01,0xC3,
      0x80,0x61,0x00,0x0F,0x80,0x07,0xC0,0x39,0xE0,0x1C,0x00,0x00,
      0x00,0x00,0x3E,0x00,0x1F,0x80,0x0F,0x80,0x07,0x30,0x06,0xC0,
      0x01,0xE0,0x00,0x38,0x00,0x1C,0x00,0x33,0x80,0x19,0x00,0x00,
      0xC0,0x03,0xE0,0x81,0xFF,0x0F,0x0C,0x00,0x3E,0x00,0x1F,0xF8,
      0xFF,0xC0,0x00,0xB0,0x07,0xD8,0x03,0x00,0x00,0x00,0x00,0x7E,
      0x00,0x3F,0x80,0x19,0xC0,0x0C,0x60,0x0C,0x30,0x06,0x07,0x0E,
      0x00,0x00,0x63,0x80,0x31,0xC0,0x18,0xC0,0x0C,0x00,0x00,0xE0,
      0x00,0x70,0x00,0x00,0x00,0x00,0x00,0x1E,0x00,0x0F,0xC0,0x07,
      0xF0,0x0F,0x00,0x00,0x70,0x00,0x0C,0xE0,0xFF,0x03,0x03,0x00,
      0x07,0xF8,0x0F,0x1C,0x38,0x00,0x00,0x07,0x0E,0x00,0xC0,0x81,
      0x03,0x00,0x70,0xEF,0x80,0x07,0x1C,0x38,0x00,0x00,0x07,0x0E,
      0x00,0xE0,0x80,0x03,0x00,0x00,0x00,0x00,0x00,0x1C,0x0C,0xFE,
      0x07,0x00,0x80,0xFF,0x01,0x00,0xE0,0x7F,0x00,0x00,0x60,0x0C,
      0x1C,0x00,0xF8,0x07,0x70,0x80,0xFF,0x00,0x1C,0xE0,0x3F,0x00,
      0x07,0xC0,0x00,0x1C,0x38,0x0E,0x1C,0x07,0x8E,0x03,0xC7,0x81,
      0xE3,0xC0,0x71,0xE0,0x38,0x70,0x1C,0x38,0x0E,0x1C,0x07,0x8E,
      0x03,0xE7,0x9C,0x73,0xC0,0x71,0x30,0x38,0x70,0x30,0x06,0xC0,
      0x01,0xFF,0x0F,0x70,0xC0,0xFF,0x03,0x1C,0xF0,0xFF,0x78,0x00,
      0x1C,0x00,0xF8,0x07,0x70,0x80,0xFF,0x00,0x1C,0xE0,0x3F,0x00,
      0x07,0xC0,0x00,0x1C,0x38,0x0E,0x1C,0x07,0x8E,0x03,0xC7,0x81,
      0xE3,0xC0,0x71,0xE0,0x38,0x70,0x1C,0x38,0x0E,0x1C,0x07,0x8E,
      0x03,0xE7,0x9C,0x73,0xC0,0x71,0x30,0x38,0x70,0x30,0x06,0xC0,
      0x01,0xFF,0x0F,0x70,0xC0,0xFF,0x03,0x1C,0xF0,0xFF,0x78,0x00,
      0xF0,0x0F,0x0E,0x00,0x70,0x00,0x0C,0x00,0x1C,0x00,0x03,0xC0,
      0x1F,0xF8,0x0F,0x1C,0x38,0x0E,0x1C,0x07,0x8E,0x03,0xC7,0x81,
      0xE3,0xC0,0x71,0xE0,0x38,0x70,0x1C,0x38,0x0E,0x1C,0x07,0x8E,
      0x03,0xE7,0x9C,0x73,0xCE,0xC1,0x18,0x60,0x18,0xE0,0x03,0xE0,
      0x00,0x80,0x01,0x38,0x00,0x60,0x00,0x0E,0x00,0x18,0x60,0x00,
      0x00,0x38,0xF8,0x07,0x70,0x00,0x0C,0x00,0x1C,0x00,0x03,0x00,
      0x07,0xC0,0x00,0x1C,0x38,0x0E,0x1C,0x07,0x8E,0x03,0xC7,0x81,
      0xE3,0xC0,0x71,0xE0,0x38,0x70,0x1C,0x38,0x0E,0x1C,0x07,0x8E,
      0x03,0xE7,0xBE,0x73,0xCE,0x81,0x0F,0xC0,0x0C,0xC0,0x01,0x30,
      0x00,0xF0,0x00,0x0C,0x00,0x3C,0x00,0x03,0x00,0x0F,0x60,0x00,
      0x00,0x38,0xF8,0x07,0x70,0x00,0x0C,0x00,0x1C,0x00,0x03,0x00,
      0x07,0xC0,0x00,0x1C,0x38,0x0E,0x1C,0x07,0x8E,0x03,0xC7,0x81,
      0xE3,0xC0,0x71,0xE0,0x38,0x70,0x1C,0x38,0x0E,0x1C,0x07,0x8E,
      0x03,0xE7,0xBE,0x73,0xCE,0x81,0x0F,0xC0,0x0C,0xC0,0x01,0x30,
      0x00,0xF0,0x00,0x0C,0x00,0x3C,0x00,0x03,0x00,0x0F,0x60,0x00,
      0x1C,0x38,0x00,0x1C,0x70,0x00,0x0C,0x07,0x1C,0x00,0xC3,0x01,
      0x07,0xC0,0x70,0x1C,0x38,0x0E,0x1E,0x07,0x8E,0x83,0xC7,0x81,
      0xE3,0xE0,0x71,0xE0,0x38,0x78,0x1C,0x38,0x0E,0x1E,0x07,0x8E,
      0x83,0xC7,0xE3,0xE0,0x6E,0x00,0x07,0x80,0x07,0xC0,0x01,0x18,
      0x00,0x18,0x00,0x06,0x00,0x06,0x80,0x01,0x80,0x01,0x60,0x00,
      0x1C,0x38,0x00,0x1C,0x70,0x00,0x0C,0x07,0x1C,0x00,0xC3,0x01,
      0x07,0xC0,0x70,0x1C,0x38,0x0E,0x1E,0x07,0x8E,0x83,0xC7,0x81,
      0xE3,0xE0,0x71,0xE0,0x38,0x78,0x1C,0x38,0x0E,0x1E,0x07,0x8E,
      0x83,0xC7,0xE3,0xE0,0x6E,0x00,0x07,0x80,0x07,0xC0,0x01,0x18,
      0x00,0x18,0x00,0x06,0x00,0x06,0x80,0x01,0x80,0x01,0x60,0x00,
      0xF0,0x0F,0xF8,0x07,0x70,0x00,0xF8,0x01,0x1C,0x00,0x7E,0x00,
      0x07,0x80,0x1F,0xF0,0x0F,0xF8,0x1D,0xFC,0x03,0x7E,0x07,0xFF,
      0x80,0xDF,0xC1,0x3F,0xE0,0x77,0xF0,0x0F,0xF8,0x1D,0xFC,0x03,
      0x7E,0xC7,0xC1,0x80,0x31,0x00,0x07,0x80,0x03,0xC0,0x01,0xFE,
      0x07,0xFF,0x8F,0xFF,0xC1,0xFF,0xE3,0x7F,0xF0,0xFF,0xF8,0x00,
      0x00,0x00,0x00,0x00,0xE0,0x00,0xC0,0x00,0x00,0x00,0x00,0x00,
      0x00,0x00,0x00,0x00,0x00,0x00,0x00,0x00,0x00,0x00,0x00,0x00,
      0x00,0x00,0x00,0x00,0x00,0x00,0x00,0x00,0x00,0x00,0x70,0x00,
      0x38,0x00,0x00,0x00,0x00,0x00,0x00,0xE0,0x00,0x00,0x00,0x00,
      0x00,0x00,0x00,0x00,0x00,0x00,0x00,0x00,0x00,0x00,0x00,0x00,
      0x00,0x00,0x00,0x00,0xF8,0x00,0xF0,0x00,0x00,0x00,0x00,0x00,
      0x00,0x00,0x00,0x00,0x00,0x00,0x00,0x00,0x00,0x00,0x00,0x00,
      0x00,0x00,0x00,0x00,0x00,0x00,0x00,0x00,0x00,0x00,0xF0,0x00,
      0x78,0x00,0x00,0x00,0x00,0x00,0x00,0x00,0x00,0x00,0x00,0x00,
      0x00,0x00,0x00,0x00,0x00,0x00,0x00,0x00,0x00,0x00,0x00,0x00,
      0x00,0x00,0x00,0x00,0xF8,0x00,0xF0,0x00,0x00,0x00,0x00,0x00,
      0x00,0x00,0x00,0x00,0x00,0x00,0x00,0x00,0x00,0x00,0x00,0x00,
      0x00,0x00,0x00,0x00,0x00,0x00,0x00,0x00,0x00,0x00,0xF0,0x00,
      0x78,0x00,0x00,0x00,0x00,0x00,0x00,0x00,0x00,0x00,0x00,0x00,
      0x00,0x00,0x00,0x00,0x00,0x00,0x00,0x00,0x00,0x00,0x00,0x00,
      0x00,0x00,0x00,0x00,0x98,0x01,0x76,0x00,0x00,0x00,0x00,0x80,
      0x31,0x80,0x07,0x60,0x06,0xF8,0x07,0xE0,0x00,0x0C,0x00,0x00,
      0x00,0x00,0xC0,0x30,0x80,0x03,0xE0,0x03,0x00,0x00,0x78,0x03,
      0x00,0x00,0x38,0x00,0x1E,0x80,0x31,0xE0,0x1C,0xFE,0x01,0x1F,
      0x06,0x00,0xC0,0x3F,0x06,0x7F,0x00,0x00,0x00,0x00,0x00,0x00,
      0x00,0x00,0x00,0x00,0x98,0x01,0x76,0x00,0x00,0x00,0x00,0x80,
      0x31,0x80,0x07,0x60,0x06,0xF8,0x07,0xE0,0x00,0x0C,0x00,0x00,
      0x00,0x00,0xC0,0x30,0x80,0x03,0xE0,0x03,0x00,0x00,0x78,0x03,
      0x00,0x00,0x38,0x00,0x1E,0x80,0x31,0xE0,0x1C,0xFE,0x01,0x1F,
      0x06,0x00,0xC0,0x3F,0x06,0x7F,0x00,0x00,0x00,0x00,0x00,0x00,
      0xFC,0x0F,0x18,0x03,0xF0,0x00,0x3C,0x00,0x00,0x00,0x00,0xC0,
      0x18,0xC0,0x0C,0xC0,0x03,0x00,0x00,0x70,0x00,0x38,0x00,0x00,
      0x00,0x00,0x80,0x1F,0x00,0x00,0x30,0x06,0x00,0x00,0xEC,0x01,
      0x00,0x00,0x1C,0x00,0x1C,0xC0,0x18,0xC0,0x18,0x0E,0x00,0x11,
      0x03,0x00,0x00,0x72,0xC7,0xC1,0xF0,0x40,0xF8,0x20,0x7C,0x10,
      0x00,0x06,0x18,0x03,0xF8,0x01,0x00,0x00,0x00,0x00,0x00,0x00,
      0x00,0x00,0x00,0x00,0x00,0x00,0x00,0x00,0x00,0x00,0x00,0x00,
      0x00,0x00,0x00,0x00,0x00,0x00,0xE0,0x03,0x00,0x00,0x00,0x00,
      0x00,0x00,0x3C,0x00,0x0E,0xC0,0x39,0x60,0x0C,0xCE,0x3F,0xDF,
      0x01,0xFC,0x02,0xF2,0xE7,0x80,0xE3,0x20,0x80,0x11,0x04,0x08,
      0x80,0x03,0x18,0x03,0x0C,0x83,0xFF,0x00,0xFF,0x80,0xDF,0x01,
      0x00,0x00,0x00,0x00,0x00,0x00,0x00,0x00,0x00,0x00,0x00,0x00,
      0x00,0x00,0x00,0x00,0x00,0x00,0x00,0x00,0x00,0x00,0x00,0x00,
      0x00,0x00,0x00,0x00,0x00,0x00,0x00,0x00,0x00,0xCE,0x01,0xE0,
      0x00,0x84,0x02,0xB2,0xE6,0x80,0xE3,0x10,0xF0,0x08,0x7C,0x04,
      0x80,0x03,0x18,0x03,0x0C,0x83,0xFF,0x00,0xFF,0x80,0xDF,0x01,
      0x00,0x00,0x00,0x00,0x00,0x00,0x00,0x00,0x00,0x00,0x00,0x00,
      0x00,0x00,0x00,0x00,0x00,0x00,0x00,0x00,0x00,0x00,0x00,0x00,
      0x00,0x00,0x00,0x00,0x00,0x00,0x00,0x00,0x00,0xCE,0x01,0xE0,
      0x00,0x84,0x02,0xB2,0xE6,0x80,0xE3,0x10,0xF0,0x08,0x7C,0x04,
      0xF0,0x07,0x18,0x03,0x07,0x0E,0x80,0xC1,0x81,0xE3,0x70,0x00,
      0x00,0x00,0x00,0x00,0x00,0x00,0x00,0x00,0x00,0x00,0x00,0x00,
      0x00,0x00,0x00,0x00,0x00,0x00,0x00,0x00,0x00,0x00,0x00,0x00,
      0x00,0x00,0x00,0x00,0x00,0x00,0x00,0x00,0x00,0xFE,0x0F,0x30,
      0x00,0x94,0x02,0x32,0xE6,0x80,0xE3,0xFC,0x81,0xF7,0x61,0x7F,
      0x60,0x00,0x18,0x03,0xFF,0x8F,0xFF,0xC1,0xFF,0x73,0x20,0x00,
      0x00,0x00,0x00,0x00,0x00,0x00,0x00,0x00,0x00,0x00,0x00,0x00,
      0x00,0x00,0x00,0x00,0x00,0x00,0x00,0x00,0x00,0x00,0x00,0xE0,
      0xFF,0x0F,0x00,0x00,0x00,0x00,0x00,0x00,0x00,0xC0,0x01,0xF8,
      0x3E,0x94,0x02,0x32,0xC6,0xC1,0xE0,0x92,0xF9,0x11,0xBD,0x64,
      0x60,0x00,0x18,0x03,0xFF,0x8F,0xFF,0xC1,0xFF,0x73,0x20,0x00,
      0x00,0x00,0x00,0x00,0x00,0x00,0x00,0x00,0x00,0x00,0x00,0x00,
      0x00,0x00,0x00,0x00,0x00,0x00,0x00,0x00,0x00,0x00,0x00,0xE0,
      0xFF,0x0F,0x00,0x00,0x00,0x00,0x00,0x00,0x00,0xC0,0x01,0xF8,
      0x3E,0x94,0x02,0x32,0xC6,0xC1,0xE0,0x92,0xF9,0x11,0xBD,0x64,
      0x30,0x00,0x18,0x03,0x07,0xCE,0x81,0xC1,0x01,0xE0,0x70,0x00,
      0x00,0x00,0x00,0x00,0x00,0x00,0x00,0x00,0x00,0x00,0x00,0x00,
      0x00,0x00,0x00,0x00,0x00,0x00,0x00,0x00,0x00,0x00,0x00,0x00,
      0x00,0x00,0x00,0x00,0x00,0x00,0x00,0x00,0x00,0xC0,0x01,0xDE,
      0x22,0x14,0x02,0x00,0x00,0x63,0x00,0xF1,0x81,0xF0,0x41,0x7C,
      0x30,0x00,0x18,0x03,0x07,0xCE,0x81,0xC1,0x01,0xE0,0x70,0x00,
      0x00,0x00,0x00,0x00,0x00,0x00,0x00,0x00,0x00,0x00,0x00,0x00,
      0x00,0x00,0x00,0x00,0x00,0x00,0x00,0x00,0x00,0x00,0x00,0x00,
      0x00,0x00,0x00,0x00,0x00,0x00,0x00,0x00,0x00,0xC0,0x01,0xDE,
      0x22,0x14,0x02,0x00,0x00,0x63,0x00,0xF1,0x81,0xF0,0x41,0x7C,
      0xFC,0x0F,0x18,0x03,0x07,0x8E,0xFF,0x07,0xFF,0x80,0xDF,0x01,
      0x00,0x00,0x00,0x00,0x00,0x00,0x00,0x00,0x00,0x00,0x00,0x00,
      0x00,0x00,0x00,0x00,0x00,0x00,0x00,0x00,0x00,0x00,0x00,0x00,
      0x00,0x00,0x00,0x00,0x00,0x00,0x00,0x00,0x00,0xC0,0x3F,0xF7,
      0x3E,0xF4,0x03,0x00,0xE0,0xE3,0x83,0x90,0x41,0x10,0x21,0x64,
      0x00,0x00,0x18,0x03,0x00,0x00,0x00,0x00,0x38,0x00,0x00,0x00,
      0x00,0x00,0x00,0x00,0x00,0x00,0x00,0x00,0x00,0x00,0x00,0x00,
      0x00,0x0E,0x00,0x00,0x00,0x00,0x00,0x00,0xE0,0x00,0x00,0x00,
      0x00,0x00,0x00,0x00,0x00,0x00,0x00,0x00,0x00,0x00,0x00,0x00,
      0x00,0x00,0x00,0x00,0x00,0x00,0x60,0xF0,0x31,0xF0,0x19,0x7C,
      0x00,0x00,0x00,0x00,0x00,0x00,0x00,0x00,0x1C,0x00,0x00,0x00,
      0x00,0x00,0x00,0x00,0x00,0x00,0x00,0x00,0x00,0x00,0x00,0xFF,
      0x00,0x03,0x00,0x00,0x00,0x00,0x00,0x00,0xE0,0x01,0x00,0x00,
      0x00,0x00,0x00,0x00,0x00,0x00,0x00,0x00,0x00,0x00,0x00,0x00,
      0x00,0x00,0x00,0x00,0x00,0x00,0x00,0x00,0x00,0x00,0x00,0x00,
      0x00,0x00,0x00,0x00,0x00,0x00,0x00,0x00,0x1C,0x00,0x00,0x00,
      0x00,0x00,0x00,0x00,0x00,0x00,0x00,0x00,0x00,0x00,0x00,0xFF,
      0x00,0x03,0x00,0x00,0x00,0x00,0x00,0x00,0xE0,0x01,0x00,0x00,
      0x00,0x00,0x00,0x00,0x00,0x00,0x00,0x00,0x00,0x00,0x00,0x00,
      0x00,0x00,0x00,0x00,0x00,0x00,0x00,0x00,0x00,0x00,0x00,0x00,
      0x00,0x00,0x00,0x00,0x00,0x00,0x00,0x00,0x1C,0x00,0x00,0x00,
      0x06,0x00,0x00,0x00,0x00,0x00,0x00,0x00,0x00,0x00,0x00,0x00,
      0x00,0x00,0x00,0x00,0x00,0x00,0x00,0x00,0x00,0x00,0x00,0x00,
      0x00,0x00,0x00,0x00,0x00,0x00,0x00,0x00,0x00,0x00,0x00,0x00,
      0x00,0x00,0x00,0x00,0x00,0x00,0x00,0x00,0x00,0x00,0x00,0x00,
      0x00,0x00,0x00,0x00,0x00,0x00,0x00,0x00,0x1C,0x00,0x00,0x00,
      0x06,0x00,0x00,0x00,0x00,0x00,0x00,0x00,0x00,0x00,0x00,0x00,
      0x00,0x00,0x00,0x00,0x00,0x00,0x00,0x00,0x00,0x00,0x00,0x00,
      0x00,0x00,0x00,0x00,0x00,0x00,0x00,0x00,0x00,0x00,0x00,0x00,
      0x00,0x00,0x00,0x00,0x00,0x00,0x00,0x00,0x00,0x00,0x00,0x00,
      0x7E,0x08,0x00,0x00,0x70,0x00,0x00,0x00,0x1C,0xF0,0xFF,0x01,
      0x1E,0x00,0x00,0x00,0x00,0x00,0x00,0x00,0x00,0x00,0x00,0x00,
      0x00,0x00,0x00,0x00,0x00,0x00,0x00,0x00,0x00,0x00,0x00,0x00,
      0x00,0x00,0x00,0x00,0x00,0x00,0x00,0x00,0x00,0x00,0x00,0x00,
      0x00,0x00,0x00,0x00,0x00,0x00,0x00,0x00,0x00,0x00,0x00,0x00,
      0x30,0x04,0xE0,0x00,0xF8,0x00,0x38,0x00,0x1C,0xF0,0xFF,0x01,
      0x36,0xF8,0x07,0x00,0x00,0x00,0x00,0x00,0x00,0x00,0x00,0x00,
      0x00,0x00,0x00,0x00,0x00,0x00,0x00,0x00,0x00,0x00,0x00,0x00,
      0x00,0x00,0x00,0x00,0x00,0x00,0x00,0x00,0x00,0x00,0x00,0x00,
      0x00,0x00,0x00,0x00,0x00,0x00,0x00,0x00,0x00,0x00,0x00,0x00,
      0x1C,0x02,0x38,0x00,0xFC,0x01,0xF0,0x00,0x1C,0xF0,0xFF,0x01,
      0x26,0xC0,0x00,0xF0,0x0F,0x00,0x00,0x00,0x00,0x00,0x00,0x00,
      0x00,0x00,0x00,0x00,0x00,0x00,0x00,0x00,0x00,0x00,0x00,0x00,
      0x00,0x00,0x00,0x00,0x00,0x00,0x00,0x00,0x00,0x00,0x00,0x00,
      0x00,0x00,0x00,0x00,0x00,0x00,0x00,0x00,0x00,0x00,0x00,0x00,
      0x1C,0x02,0x38,0x00,0xFC,0x01,0xF0,0x00,0x1C,0xF0,0xFF,0x01,
      0x26,0xC0,0x00,0xF0,0x0F,0x00,0x00,0x00,0x00,0x00,0x00,0x00,
      0x00,0x00,0x00,0x00,0x00,0x00,0x00,0x00,0x00,0x00,0x00,0x00,
      0x00,0x00,0x00,0x00,0x00,0x00,0x00,0x00,0x00,0x00,0x00,0x00,
      0x00,0x00,0x00,0x00,0x00,0x00,0x00,0x00,0x00,0x00,0x00,0x00,
      0x8E,0x3F,0xFF,0x3F,0x77,0xE3,0xFF,0x07,0x1C,0xF0,0xFF,0x01,
      0x06,0xC0,0x0C,0xE0,0x07,0x00,0x00,0x00,0x00,0x00,0x00,0x00,
      0x00,0x00,0x00,0x00,0x00,0x00,0x00,0x00,0x00,0x00,0x00,0x00,
      0x00,0x00,0x00,0x00,0x00,0x00,0x00,0x00,0x00,0x00,0x00,0x00,
      0x00,0x00,0x00,0x00,0x00,0x00,0x00,0x00,0x00,0x00,0x00,0x00,
      0x4E,0x32,0x38,0x00,0x70,0x00,0xF0,0xC0,0xDD,0xF0,0xFF,0xC1,
      0x07,0xC0,0x0C,0xC0,0x3D,0x00,0x00,0x00,0x00,0x00,0x00,0x00,
      0x00,0x00,0x00,0x00,0x00,0x00,0x00,0x00,0x00,0x00,0x00,0x00,
      0x00,0x00,0x00,0x00,0x00,0x00,0x00,0x00,0x00,0x00,0x00,0x00,
      0x00,0x00,0x00,0x00,0x00,0x00,0x00,0x00,0x00,0x00,0x00,0x00,
      0x4E,0x32,0x38,0x00,0x70,0x00,0xF0,0xC0,0xDD,0xF0,0xFF,0xC1,
      0x07,0xC0,0x0C,0xC0,0x3D,0x00,0x00,0x00,0x00,0x00,0x00,0x00,
      0x00,0x00,0x00,0x00,0x00,0x00,0x00,0x00,0x00,0x00,0x00,0x00,
      0x00,0x00,0x00,0x00,0x00,0x00,0x00,0x00,0x00,0x00,0x00,0x00,
      0x00,0x00,0x00,0x00,0x00,0x00,0x00,0x00,0x00,0x00,0x00,0x00,
      0x20,0x3E,0xE0,0x00,0x70,0x00,0x38,0x00,0x7F,0xF0,0xFF,0xF1,
      0x07,0xC0,0x0C,0x60,0x70,0x00,0x00,0x00,0x00,0x00,0x00,0x00,
      0x00,0x00,0x00,0x00,0x00,0x00,0x00,0x00,0x00,0x00,0x00,0x00,
      0x00,0x00,0x00,0x00,0x00,0x00,0x00,0x00,0x00,0x00,0x00,0x00,
      0x00,0x00,0x00,0x00,0x00,0x00,0x00,0x00,0x00,0x00,0x00,0x00,
      0x20,0x3E,0xE0,0x00,0x70,0x00,0x38,0x00,0x7F,0xF0,0xFF,0xF1,
      0x07,0xC0,0x0C,0x60,0x70,0x00,0x00,0x00,0x00,0x00,0x00,0x00,
      0x00,0x00,0x00,0x00,0x00,0x00,0x00,0x00,0x00,0x00,0x00,0x00,
      0x00,0x00,0x00,0x00,0x00,0x00,0x00,0x00,0x00,0x00,0x00,0x00,
      0x00,0x00,0x00,0x00,0x00,0x00,0x00,0x00,0x00,0x00,0x00,0x00,
      0x10,0x32,0x00,0x00,0x70,0x00,0x00,0x00,0x3E,0xF0,0xFF,0xC1,
      0x01,0xC0,0x7C,0x30,0x00,0x00,0x00,0x00,0x00,0x00,0x00,0x00,
      0x00,0x00,0x00,0x00,0x00,0x00,0x00,0x00,0x00,0x00,0x00,0x00,
      0x00,0x00,0x00,0x00,0x00,0x00,0x00,0x00,0x00,0x00,0x00,0x00,
      0x00,0x00,0x00,0x00,0x00,0x00,0x00,0x00,0x00,0x00,0x00,0x00,
      0x0C,0x3E,0x00,0x00,0x70,0x00,0x00,0x00,0x1C,0x00,0x00,0x00,
      0x00,0x00,0x00,0x30,0x00,0x00,0x00,0x00,0x00,0x00,0x00,0x00,
      0x00,0x00,0x00,0x00,0x00,0x00,0x00,0x00,0x00,0x00,0x00,0x00,
      0x00,0x00,0x00,0x00,0x00,0x00,0x00,0x00,0x00,0x00,0x00,0x00,
      0x00,0x00,0x00,0x00,0x00,0x00,0x00,0x00,0x00,0x00,0x00,0x00,
      0x00,0x00,0x00,0x00,0x70,0x00,0x00,0x00,0x00,0x00,0x00,0x00,
      0x00,0x00,0x00,0xE0,0x3F,0x00,0x00,0x00,0x00,0x00,0x00,0x00,
      0x00,0x00,0x00,0x00,0x00,0x00,0x00,0x00,0x00,0x00,0x00,0x00,
      0x00,0x00,0x00,0x00,0x00,0x00,0x00,0x00,0x00,0x00,0x00,0x00,
      0x00,0x00,0x00,0x00,0x00,0x00,0x00,0x00,0x00,0x00,0x00,0x00,
      0x00,0x00,0x00,0x00,0x70,0x00,0x00,0x00,0x00,0x00,0x00,0x00,
      0x00,0x00,0x00,0xE0,0x3F,0x00,0x00,0x00,0x00,0x00,0x00,0x00,
      0x00,0x00,0x00,0x00,0x00,0x00,0x00,0x00,0x00,0x00,0x00,0x00,
      0x00,0x00,0x00,0x00,0x00,0x00,0x00,0x00,0x00,0x00,0x00,0x00,
      0x00,0x00,0x00,0x00,0x00,0x00,0x00,0x00,0x00,0x00,0x00,0x00,
      0x00,0x00,0x00,0x00,0x00,0x00,0x00,0x00,0x00,0x00,0x00,0x00,
      0x00,0x00,0x00,0x00,0x00,0x00,0x00,0x00,0x00,0x00,0x00,0x00,
      0x00,0x00,0x00,0x00,0x00,0x00,0x00,0x00,0x00,0x00,0x00,0x00,
      0x00,0x00,0x00,0x00,0x00,0x00,0x00,0x00,0x00,0x00,0x00,0x00,
      0x00,0x00,0x00,0x00,0x00,0x00,0x00,0x00,0x00,0x00,0x00,0x00,
      0x00,0x00,0x00,0x00,0x00,0x00,0x00,0x00,0x00,0x00,0x00,0x00,
      0x00,0x00,0x00,0x00,0x00,0x00,0x00,0x00,0x00,0x00,0x00,0x00,
      0x00,0x00,0x00,0x00,0x00,0x00,0x00,0x00,0x00,0x00,0x00,0x00,
      0x00,0x00,0x00,0x00,0x00,0x00,0x00,0x00,0x00,0x00,0x00,0x00,
      0x00,0x00,0x00,0x00,0x00,0x00,0x00,0x00,0x00,0x00,0x00,0x00,
      0x00,0x00,0x00,0x00,0x00,0x00,0x00,0x00,0x00,0x07,0x00,0x00,
      0x00,0x00,0x00,0x00,0x00,0x00,0x00,0x00,0x00,0x00,0x00,0x00,
      0x00,0x00,0x00,0x00,0x00,0x00,0x00,0x00,0x00,0x00,0x00,0x00,
      0x00,0x00,0x00,0x00,0x00,0x0C,0x1F,0x00,0x00,0xF3,0xBF,0x19,
      0xDC,0xFC,0x0F,0x00,0x30,0x7E,0x00,0x00,0xCC,0xE0,0xC6,0x1F,
      0x00,0x00,0x00,0x00,0x00,0x00,0x00,0x00,0x00,0x07,0x00,0x00,
      0x00,0x00,0x00,0x00,0x00,0x00,0x00,0x00,0x00,0x00,0x00,0x00,
      0x00,0x00,0x00,0x00,0x00,0x00,0x00,0x00,0x00,0x00,0x00,0x00,
      0x00,0x00,0x00,0x00,0x00,0x8C,0x31,0x00,0x00,0x33,0xB0,0x19,
      0xDC,0xE0,0x00,0x00,0x30,0xC3,0x00,0x00,0x8C,0x31,0x66,0x70,
      0x00,0x00,0x00,0x00,0x00,0x00,0x00,0x00,0x00,0x00,0x00,0x00,
      0x00,0x00,0x00,0x00,0x00,0x00,0x00,0x00,0x00,0x00,0x00,0x00,
      0x00,0x00,0x00,0x00,0x00,0x00,0x00,0x00,0x00,0x00,0x00,0x00,
      0x00,0x00,0x00,0x00,0x00,0xC0,0xE0,0x00,0x00,0x30,0x00,0x18,
      0x1C,0xE0,0x00,0x00,0xC0,0x81,0x03,0x00,0x00,0x1F,0x38,0xE0,
      0x00,0x00,0x00,0x00,0x00,0x00,0x00,0x00,0x00,0x00,0x00,0x00,
      0x00,0x00,0x00,0x00,0x00,0x00,0x00,0x00,0x00,0x00,0x00,0x00,
      0x00,0x00,0x00,0x00,0x00,0x00,0x00,0x00,0x00,0x00,0x00,0x00,
      0x00,0x00,0x00,0x00,0x00,0xC0,0xE0,0x00,0x00,0x30,0x00,0x18,
      0x1C,0xE0,0x00,0x00,0xC0,0x81,0x03,0x00,0x00,0x1F,0x38,0xE0,
      0x00,0x00,0x00,0x00,0x00,0x00,0x00,0x00,0x00,0x00,0x00,0x00,
      0x00,0x00,0x00,0x00,0x00,0x00,0x00,0x00,0x00,0x00,0x00,0x00,
      0x00,0x00,0x00,0x00,0x00,0x00,0x00,0x00,0x00,0x00,0x00,0x00,
      0x00,0x00,0x00,0x00,0x00,0x70,0xC0,0x01,0x00,0xF0,0x07,0xF8,
      0x1F,0xE0,0x00,0x00,0xC0,0x81,0x03,0x00,0x00,0x0E,0x38,0xE0,
      0x00,0x00,0x00,0x00,0x00,0x00,0x00,0x00,0x00,0x00,0x00,0x00,
      0x00,0x00,0x00,0x00,0x00,0x00,0x00,0x00,0x00,0x00,0x00,0x00,
      0x00,0x00,0x00,0x00,0x00,0x00,0x00,0x00,0x00,0x00,0x00,0x00,
      0x00,0x00,0x00,0x00,0x00,0xF0,0xFF,0x01,0x00,0x30,0x00,0x18,
      0x1C,0xE0,0x00,0x00,0xC0,0x81,0x03,0x00,0x00,0x0E,0x60,0x70,
      0x00,0x00,0x00,0x00,0x00,0x00,0x00,0x00,0x00,0x00,0x00,0x00,
      0x00,0x00,0x00,0x00,0x00,0x00,0x00,0x00,0x00,0x00,0x00,0x00,
      0x00,0x00,0x00,0x00,0x00,0x00,0x00,0x00,0x00,0x00,0x00,0x00,
      0x00,0x00,0x00,0x00,0x00,0xF0,0xFF,0x01,0x00,0x30,0x00,0x18,
      0x1C,0xE0,0x00,0x00,0xC0,0x81,0x03,0x00,0x00,0x0E,0x60,0x70,
      0x00,0x00,0x00,0x00,0x00,0x00,0x00,0x00,0x00,0x00,0x00,0x00,
      0x00,0x00,0x00,0x00,0x00,0x00,0x00,0x00,0x00,0x00,0x00,0x00,
      0x00,0x00,0x00,0x00,0x00,0x00,0x00,0x00,0x00,0x00,0x00,0x00,
      0x00,0x00,0x00,0x00,0x00,0x70,0xC0,0x01,0x00,0x30,0x30,0x18,
      0x1C,0xE0,0x00,0x00,0x00,0xC3,0x00,0x00,0x00,0x0E,0xC0,0x18,
      0x00,0x00,0x00,0x00,0x00,0x00,0x00,0x00,0x00,0x00,0x00,0x00,
      0x00,0x00,0x00,0x00,0x00,0x00,0x00,0x00,0x00,0x00,0x00,0x00,
      0x00,0x00,0x00,0x00,0x00,0x00,0x00,0x00,0x00,0x00,0x00,0x00,
      0x00,0x00,0x00,0x00,0x00,0x70,0xC0,0x01,0x00,0x30,0x30,0x18,
      0x1C,0xE0,0x00,0x00,0x00,0xC3,0x00,0x00,0x00,0x0E,0xC0,0x18,
      0x00,0x00,0x00,0x00,0x00,0x00,0x00,0x00,0x00,0x00,0x00,0x00,
      0x00,0x00,0x00,0x00,0x00,0x00,0x00,0x00,0x00,0x00,0x00,0x00,
      0x00,0x00,0x00,0x00,0x00,0x00,0x00,0x00,0x00,0x00,0x00,0x00,
      0x00,0x00,0x00,0x00,0x00,0x70,0xC0,0x01,0x00,0xF0,0x3F,0x18,
      0x1C,0xFC,0x0F,0x00,0x00,0x7E,0x00,0x00,0x00,0x1F,0xF8,0xF8,
      0x00,0x00,0x00,0x00,0x00,0x00,0x00,0x00,0x00,0x00,0x00,0x00,
      0x00,0x00,0x00,0x00,0x00,0x00,0x00,0x00,0x00,0x00,0x00,0x00,
      0x00,0x00,0x00,0x00,0x00,0x00,0x00,0x00,0x00,0x00,0x00,0x00,
      0x00,0x00,0x00,0x00,0x00,0x00,0x00,0x00,0x00,0x00,0x00,0x00,
      0x00,0x00,0x00,0x00,0x00,0x00,0x00,0x00,0x00,0x00,0x00,0x00,
      0x00,0x00,0x00,0x00,0x00,0x00,0x00,0x00,0x00,0x00,0x00,0x00,
      0x00,0x00,0x00,0x00,0x00,0x00,0x00,0x00,0x00,0x00,0x00,0x00,
      0x00,0x00,0x00,0x00,0x00,0x00,0x00,0x00,0x00,0x00,0x00,0x00,
      0x00,0x00,0x00,0x00,0x00,0x00,0x00,0x00,0x00,0x00,0x00,0x00,
      0x00,0x00,0x00,0x00,0x00,0x00,0x00,0x00,0x00,0x00,0x00,0x00,
      0x00,0x00,0x00,0x00,0x00,0x00,0x00,0x00,0x00,0x00,0x00,0x00,
      0x00,0x00,0x00,0x00,0x00,0x00,0x00,0x00,0x00,0x00,0x00,0x00,
      0x00,0x00,0x00,0x00,0x00,0x00,0x00,0x00,0x00,0x00,0x00,0x00,
      0x00,0x00,0x00,0x00,0x00,0x00,0x00,0x00,0x00,0x00,0x00,0x00,
      0x00,0x00,0x00,0x00,0x00,0x00,0x00,0x00,0x00,0x00,0x00,0x00,
      0xC0,0x01,0x00,0x00,0x00,0x00,0x00,0x00,0x00,0x00,0x00,0x00,
      0x00,0x00,0x00,0x00,0x00,0x00,0x00,0x00,0x00,0x00,0x00,0x00,
      0x00,0x00,0x00,0x00,0x00,0x00,0x00,0x00,0x00,0x00,0x00,0x00,
      0x00,0x00,0x00,0x00,0x00,0x00,0x00,0x00,0x00,0x00,0x00,0xF8,
      0x03,0x8C,0x01,0xC6,0x00,0x38,0x00,0x30,0x00,0x0E,0x00,0x07,
      0xC0,0x01,0x00,0x00,0x00,0x00,0x00,0x00,0x00,0x00,0x00,0x00,
      0x00,0x00,0x00,0x00,0x00,0x00,0x00,0x00,0x00,0x00,0x00,0x00,
      0x00,0x00,0x00,0x00,0x00,0x00,0x00,0x00,0x00,0x00,0x00,0x00,
      0x00,0x00,0x00,0x00,0x00,0x00,0x00,0x00,0x00,0x00,0x00,0xF8,
      0x03,0x8C,0x01,0xC6,0x00,0x38,0x00,0x30,0x00,0x0E,0x00,0x07,
      0xDC,0x0D,0xF0,0x81,0xFF,0xC1,0xFF,0x07,0x3E,0xF0,0x7F,0xF8,
      0x3F,0x3C,0x78,0xFC,0x0F,0xF8,0x83,0x0F,0x0F,0x7C,0xE0,0xC1,
      0xF3,0xE0,0xF9,0xFF,0xF8,0x1F,0xFE,0x3F,0xFE,0x07,0x00,0xC0,
      0xFF,0xE7,0xFF,0x73,0xC0,0xF1,0x3F,0x3C,0x78,0xCE,0x39,0x0E,
      0x06,0x00,0x00,0x00,0x00,0x1C,0x00,0x1C,0x00,0x07,0x80,0x03,
      0x00,0x00,0x18,0x03,0x07,0x83,0x03,0x06,0x63,0xE0,0x40,0x08,
      0x1E,0x38,0x18,0x0E,0x38,0xE0,0x00,0x87,0x01,0xC6,0xE0,0xE3,
      0xE3,0x61,0x08,0xC0,0x1C,0x70,0x1C,0x0C,0x0E,0x1C,0x00,0x80,
      0x07,0x26,0x1C,0xE3,0x60,0x38,0xE7,0x38,0x18,0xCE,0x39,0x07,
      0x1C,0xFC,0x81,0x83,0x01,0x00,0x00,0x00,0x00,0x00,0x00,0x00,
      0xE0,0x01,0x0E,0x06,0x07,0x83,0x03,0xC0,0xC1,0xE0,0x00,0x00,
      0x0F,0x38,0x18,0x0E,0x38,0xE0,0x00,0xE7,0x80,0x83,0xE1,0xBE,
      0xE3,0x63,0x00,0x00,0x1C,0x70,0x1C,0x0C,0x0E,0x1C,0x00,0x00,
      0x0C,0x00,0x1C,0x80,0x31,0x38,0xE7,0x60,0x0C,0xCE,0x39,0x07,
      0x1C,0x70,0x00,0xC6,0x00,0x9F,0x83,0x7F,0xB8,0x1F,0xC0,0x03,
      0xE0,0x01,0x0E,0x06,0x07,0x83,0x03,0xC0,0xC1,0xE0,0x00,0x00,
      0x0F,0x38,0x18,0x0E,0x38,0xE0,0x00,0xE7,0x80,0x83,0xE1,0xBE,
      0xE3,0x63,0x00,0x00,0x1C,0x70,0x1C,0x0C,0x0E,0x1C,0x00,0x00,
      0x0C,0x00,0x1C,0x80,0x31,0x38,0xE7,0x60,0x0C,0xCE,0x39,0x07,
      0x1C,0x70,0x00,0xC6,0x00,0x9F,0x83,0x7F,0xB8,0x1F,0xC0,0x03,
      0xC0,0x01,0x07,0x1C,0xFF,0x81,0x03,0xE0,0x80,0xE3,0x0F,0x80,
      0x07,0xF8,0x1F,0xFE,0x3F,0xE0,0x00,0x7F,0xC0,0x01,0xE7,0x9C,
      0xE3,0x6E,0xC0,0x1F,0x1C,0x70,0x1C,0x0C,0xFE,0x07,0x00,0x00,
      0x38,0x00,0x1C,0x00,0x1F,0x38,0xE7,0xC0,0x07,0xCE,0x39,0x07,
      0x1C,0x70,0x00,0x7C,0xC0,0xE1,0xE0,0x00,0xF0,0x30,0x80,0x03,
      0xC0,0x01,0xFF,0x1F,0x07,0x83,0x03,0xE0,0x80,0xE3,0x00,0xC0,
      0x01,0x38,0x18,0x0E,0x38,0xE0,0x00,0xE7,0xC0,0x01,0xE7,0x80,
      0xE3,0x7C,0x00,0x00,0x1C,0x70,0x1C,0x0C,0x0E,0x00,0x00,0x00,
      0x0C,0x00,0x1C,0x00,0x0E,0xF0,0x3F,0x60,0x0C,0xFC,0x0F,0x0E,
      0x06,0x70,0x00,0x38,0xC0,0x61,0x80,0x1F,0x70,0x30,0x80,0x03,
      0xC0,0x01,0xFF,0x1F,0x07,0x83,0x03,0xE0,0x80,0xE3,0x00,0xC0,
      0x01,0x38,0x18,0x0E,0x38,0xE0,0x00,0xE7,0xC0,0x01,0xE7,0x80,
      0xE3,0x7C,0x00,0x00,0x1C,0x70,0x1C,0x0C,0x0E,0x00,0x00,0x00,
      0x0C,0x00,0x1C,0x00,0x0E,0xF0,0x3F,0x60,0x0C,0xFC,0x0F,0x0E,
      0x06,0x70,0x00,0x38,0xC0,0x61,0x80,0x1F,0x70,0x30,0x80,0x03,
      0xC0,0x01,0x07,0x1C,0x07,0x83,0x03,0xE0,0x80,0xE3,0x40,0xF0,
      0x20,0x38,0x18,0x0E,0x38,0xE0,0x00,0x87,0xC1,0x01,0xE7,0x80,
      0xE3,0x70,0x08,0xC0,0x1C,0x70,0x1C,0x0C,0x0E,0x00,0x00,0x80,
      0x07,0x06,0x1C,0x00,0x0E,0x00,0x07,0x38,0x18,0xC0,0x01,0x18,
      0x03,0x70,0x00,0x38,0xC0,0xE1,0xE0,0x00,0x70,0x30,0x80,0x03,
      0xC0,0x01,0x07,0x1C,0x07,0x83,0x03,0xE0,0x80,0xE3,0x40,0xF0,
      0x20,0x38,0x18,0x0E,0x38,0xE0,0x00,0x87,0xC1,0x01,0xE7,0x80,
      0xE3,0x70,0x08,0xC0,0x1C,0x70,0x1C,0x0C,0x0E,0x00,0x00,0x80,
      0x07,0x06,0x1C,0x00,0x0E,0x00,0x07,0x38,0x18,0xC0,0x01,0x18,
      0x03,0x70,0x00,0x38,0xC0,0xE1,0xE0,0x00,0x70,0x30,0x80,0x03,
      0xF0,0x07,0x07,0x9C,0xFF,0xC1,0x03,0xE0,0xFF,0xF3,0x7F,0xF8,
      0x3F,0x3C,0x78,0xFC,0x0F,0xF8,0x83,0x0F,0xCF,0x01,0xE7,0x80,
      0xF3,0xE0,0xF9,0xFF,0xF8,0x1F,0x1E,0x3C,0x1F,0x00,0x00,0xC0,
      0xFF,0x07,0x3E,0x00,0x1F,0x80,0x0F,0x3C,0x78,0xE0,0x03,0x1F,
      0x1F,0xFC,0x01,0x7C,0x00,0x9F,0x83,0x7F,0x78,0x30,0xE0,0x0F,
      0x00,0x00,0x00,0x00,0x00,0x00,0x00,0x00,0x00,0x00,0x00,0x00,
      0x00,0x00,0x00,0x00,0x00,0x00,0x00,0x00,0x00,0x00,0x00,0x00,
      0x00,0x00,0x00,0x00,0x00,0x00,0x00,0x00,0x00,0x00,0x00,0x00,
      0x00,0x00,0x00,0x00,0x00,0x00,0x00,0x00,0x00,0x00,0x00,0x00,
      0x00,0x00,0x00,0x00,0x00,0x00,0x00,0x00,0x00,0x30,0x00,0x00,
      0x00,0x00,0x00,0x00,0x00,0x00,0x00,0x00,0x00,0x00,0x00,0x00,
      0x00,0x00,0x00,0x00,0x00,0x00,0x00,0x00,0x00,0x00,0x00,0x00,
      0x00,0x00,0x00,0x00,0x00,0x00,0x00,0x00,0x00,0x00,0x00,0x00,
      0x00,0x00,0x00,0x00,0x00,0x00,0x00,0x00,0x00,0x00,0x00,0x00,
      0x00,0x00,0x00,0x00,0x00,0x00,0x00,0x00,0x00,0x00,0x00,0x00,
      0x00,0x00,0x00,0x00,0x00,0x00,0x00,0x00,0x00,0x00,0x00,0x00,
      0x00,0x00,0x00,0x00,0x00,0x00,0x00,0x00,0x00,0x00,0x00,0x00,
      0x00,0x00,0x00,0x00,0x00,0x00,0x00,0x00,0x00,0x00,0x00,0x00,
      0x00,0x00,0x00,0x00,0x00,0x00,0x00,0x00,0x00,0x00,0x00,0x00,
      0x00,0x00,0x00,0x00,0x00,0x00,0x00,0x00,0x00,0x00,0x00,0x00,
      0xC0,0x01,0x00,0x00,0x00,0x00,0x00,0x00,0x00,0x00,0x00,0x00,
      0x00,0x00,0x00,0x00,0x00,0x00,0x00,0x00,0x00,0x00,0x00,0x00,
      0x00,0x00,0x00,0x00,0x00,0x00,0x00,0x00,0x00,0x00,0x00,0x00,
      0x00,0x00,0x00,0x00,0x00,0x00,0x00,0x00,0x00,0x00,0x00,0x00,
      0x00,0x00,0x00,0x00,0x00,0x60,0x00,0x30,0x00,0x0E,0x00,0x00,
      0xC0,0x01,0x00,0x00,0x00,0x00,0x00,0x00,0x00,0x00,0x00,0x00,
      0x00,0x00,0x00,0x00,0x00,0x00,0x00,0x00,0x00,0x00,0x00,0x00,
      0x00,0x00,0x00,0x00,0x00,0x00,0x00,0x00,0x00,0x00,0x00,0x00,
      0x00,0x00,0x00,0x00,0x00,0x00,0x00,0x00,0x00,0x00,0x00,0x00,
      0x00,0x00,0x00,0x00,0x00,0x60,0x00,0x30,0x00,0x0E,0x00,0x00,
      0xDC,0x39,0x00,0x00,0xFC,0x00,0x00,0xE0,0xFF,0x00,0x00,0x00,
      0x00,0x00,0x00,0xF0,0x07,0x00,0x00,0x00,0xC0,0x07,0x00,0x00,
      0x00,0x00,0xC0,0x00,0x00,0x00,0x00,0x00,0x00,0x00,0x00,0x00,
      0x00,0x00,0x00,0x00,0x00,0x00,0x00,0x00,0x00,0x00,0x00,0x00,
      0x00,0x8C,0x01,0x86,0x01,0x38,0x00,0x1C,0x00,0x07,0x00,0x00,
      0x00,0x00,0x00,0x00,0x87,0x01,0x00,0xC0,0x01,0x00,0x00,0xC0,
      0x01,0x00,0x00,0x1C,0x0C,0x00,0x00,0x00,0x00,0x0C,0x00,0x00,
      0x00,0x00,0x80,0x0F,0x00,0x00,0x00,0x00,0x00,0x00,0x00,0x00,
      0x00,0x00,0x00,0x00,0x00,0x00,0x07,0x00,0x00,0x00,0x00,0x00,
      0x00,0x00,0x00,0x00,0x00,0x00,0x00,0x00,0x00,0x00,0x00,0x00,
      0x1E,0x38,0xFE,0x06,0x87,0xC1,0x03,0x07,0x03,0x80,0x7F,0x00,
      0x3F,0xDC,0x0F,0x1C,0x0C,0xF0,0x80,0x07,0x03,0x38,0xE0,0xC1,
      0xF0,0xE0,0xC1,0x00,0xE0,0x1F,0xFE,0x3F,0xF0,0x07,0xFC,0x01,
      0xFE,0xC7,0xFF,0xF0,0xC0,0xC1,0x1F,0x3C,0x78,0x0E,0x38,0x0E,
      0x06,0x78,0xC0,0x03,0x07,0xFF,0xF0,0xC0,0x71,0x30,0x00,0x00,
      0x1E,0x38,0xFE,0x06,0x87,0xC1,0x03,0x07,0x03,0x80,0x7F,0x00,
      0x3F,0xDC,0x0F,0x1C,0x0C,0xF0,0x80,0x07,0x03,0x38,0xE0,0xC1,
      0xF0,0xE0,0xC1,0x00,0xE0,0x1F,0xFE,0x3F,0xF0,0x07,0xFC,0x01,
      0xFE,0xC7,0xFF,0xF0,0xC0,0xC1,0x1F,0x3C,0x78,0x0E,0x38,0x0E,
      0x06,0x78,0xC0,0x03,0x07,0xFF,0xF0,0xC0,0x71,0x30,0x00,0x00,
      0x1C,0x38,0xC7,0x03,0xF7,0x40,0x86,0xC1,0x7F,0xE0,0x00,0x80,
      0x01,0x78,0x18,0xF0,0x0F,0xE0,0x00,0xE7,0x01,0x7C,0xC0,0xC1,
      0xE0,0x60,0x80,0x0F,0x38,0x70,0x1C,0x0C,0x18,0x1C,0x07,0x80,
      0xC3,0x00,0x1C,0xE0,0xC0,0x71,0x37,0x78,0x1C,0xCE,0x39,0x07,
      0x1C,0x70,0x80,0x03,0xC7,0x81,0xE3,0xC0,0x39,0xE0,0x00,0x00,
      0x1C,0x38,0x07,0x03,0x87,0x03,0xCC,0xE0,0xC0,0xE0,0x1F,0xC0,
      0x00,0x38,0x18,0x1C,0x0C,0xE0,0x00,0x7F,0x00,0xC6,0xC0,0xC3,
      0x80,0x31,0xC0,0x00,0x38,0x70,0x1C,0x0C,0x18,0x1C,0xFC,0x81,
      0x83,0x01,0x1C,0xE0,0xC0,0x71,0x37,0xC0,0x07,0xCE,0x39,0xE7,
      0x1C,0x70,0x80,0x03,0xC7,0x81,0xE3,0xC0,0x39,0xE7,0x00,0x00,
      0x1C,0x38,0x07,0x03,0x87,0x03,0xCC,0xE0,0xC0,0xE0,0x1F,0xC0,
      0x00,0x38,0x18,0x1C,0x0C,0xE0,0x00,0x7F,0x00,0xC6,0xC0,0xC3,
      0x80,0x31,0xC0,0x00,0x38,0x70,0x1C,0x0C,0x18,0x1C,0xFC,0x81,
      0x83,0x01,0x1C,0xE0,0xC0,0x71,0x37,0xC0,0x07,0xCE,0x39,0xE7,
      0x1C,0x70,0x80,0x03,0xC7,0x81,0xE3,0xC0,0x39,0xE7,0x00,0x00,
      0x1C,0x38,0xC7,0x07,0x07,0x03,0x78,0xE0,0xC0,0xE0,0x00,0x80,
      0x01,0x38,0x18,0x1C,0x0C,0xE0,0x00,0xE7,0x81,0x83,0xC1,0x7D,
      0x03,0x1F,0x70,0x00,0x38,0x70,0x1C,0x0C,0xF8,0x07,0x00,0x83,
      0x83,0x01,0x1C,0xE0,0xC0,0xC1,0x1F,0x78,0x1C,0xFC,0x0F,0xF7,
      0x1D,0x70,0x80,0x03,0xC7,0x81,0xE3,0xC0,0xB9,0xEF,0x00,0x00,
      0x1C,0x38,0xC7,0x07,0x07,0x03,0x78,0xE0,0xC0,0xE0,0x00,0x80,
      0x01,0x38,0x18,0x1C,0x0C,0xE0,0x00,0xE7,0x81,0x83,0xC1,0x7D,
      0x03,0x1F,0x70,0x00,0x38,0x70,0x1C,0x0C,0xF8,0x07,0x00,0x83,
      0x83,0x01,0x1C,0xE0,0xC0,0xC1,0x1F,0x78,0x1C,0xFC,0x0F,0xF7,
      0x1D,0x70,0x80,0x03,0xC7,0x81,0xE3,0xC0,0xB9,0xEF,0x00,0x00,
      0xF0,0x0F,0xFE,0x1C,0xF7,0x01,0x3C,0xC0,0x7F,0x80,0x7F,0x00,
      0x3F,0x3C,0x18,0xF0,0x07,0xF8,0x83,0x07,0xCF,0x83,0xC7,0x01,
      0x00,0x0E,0xC0,0x0F,0xE0,0x1F,0x1C,0x0C,0x18,0x00,0xFC,0x01,
      0xFE,0x00,0x3C,0x80,0x7F,0x00,0x07,0x3C,0x78,0xC0,0x01,0x1E,
      0x07,0xFC,0x01,0xFE,0x01,0xFF,0x80,0x7F,0xF0,0x38,0x00,0x00,
      0x00,0x00,0x00,0x00,0x07,0x00,0x0E,0x00,0x00,0x00,0x00,0x00,
      0xE0,0x00,0x18,0x00,0x00,0x00,0x00,0x00,0x00,0x00,0xC0,0x01,
      0x00,0x00,0x00,0x18,0x00,0x00,0x00,0x00,0x18,0x00,0x00,0x00,
      0x00,0x00,0x00,0x00,0x00,0x00,0x07,0x00,0x00,0xC0,0x01,0x00,
      0x00,0x00,0x00,0x00,0x00,0x00,0x00,0x00,0x00,0x00,0x00,0x00,
      0x00,0x00,0x00,0x00,0x00,0x00,0x00,0x00,0x00,0x00,0x00,0x00,
      0x3E,0x00,0x00,0x00,0x00,0x00,0x00,0x00,0x00,0x00,0x00,0x00,
      0x00,0x00,0x00,0x00,0x00,0x00,0x00,0x00,0x00,0x00,0x00,0x00,
      0x00,0x00,0x00,0x00,0x00,0x00,0x00,0x00,0x00,0x00,0x00,0x00,
      0x00,0x00,0x00,0x00,0x00,0x00,0x00,0x00,0x00,0x00,0x00,0x00,
      0x00,0x00,0x00,0x00,0x00,0x00,0x00,0x00,0x00,0x00,0x00,0x00,
      0x3E,0x00,0x00,0x00,0x00,0x00,0x00,0x00,0x00,0x00,0x00,0x00,
      0x00,0x00,0x00,0x00,0x00,0x00,0x00,0x00,0x00,0x00,0x00,0x00,
      0x00,0x00,0x00,0x00,0x00,0x00,0x00,0x00,0x00,0x00,0x00,0x00,
      0x00,0x00,0x00,0x00,0x00,0x00,0x00,0x00,0x00,0x00,0x00,0x00,
      0x60,0x00,0x18,0x06,0x00,0x00,0xC0,0x00,0x00,0x00,0x00,0x00,
      0x00,0x60,0x0C,0x00,0x00,0x00,0x00,0x00,0x00,0x00,0x00,0x78,
      0x00,0x03,0x70,0x30,0x00,0x00,0x00,0x00,0x00,0x00,0x00,0x00,
      0x00,0x00,0x00,0x00,0x00,0x00,0x00,0x00,0x00,0x00,0x00,0x18,
      0x06,0x00,0x00,0x00,0x00,0x00,0x00,0x00,0x00,0x00,0x00,0x00,
      0x60,0x00,0x18,0x06,0x00,0x00,0xC0,0x00,0x00,0x00,0x00,0x00,
      0x00,0x60,0x0C,0x00,0x00,0x00,0x00,0x00,0x00,0x00,0x00,0x78,
      0x00,0x03,0x70,0x30,0x00,0x00,0x00,0x00,0x00,0x00,0x00,0x00,
      0x00,0x00,0x00,0x00,0x00,0x00,0x00,0x00,0x00,0x00,0x00,0x18,
      0x06,0x00,0x00,0x00,0x00,0x00,0x00,0x00,0x00,0x00,0x00,0x00,
      0xC0,0x01,0x00,0xC0,0x1F,0x00,0x70,0x00,0xFF,0x80,0x7F,0xF0,
      0x3F,0x00,0x00,0x00,0x38,0xF8,0x81,0xE3,0xE0,0x0F,0xC0,0x1D,
      0x00,0x0E,0xC0,0x1F,0x38,0x18,0xE0,0x03,0xFE,0x07,0xFF,0x83,
      0xFF,0x01,0x7E,0xE0,0xFF,0x39,0xE7,0xE0,0x1F,0x0E,0x3C,0xF0,
      0x03,0x07,0x0F,0xFC,0xE0,0xC1,0x73,0xC0,0xC1,0x3F,0xF8,0x1F,
      0xFC,0x3F,0xFE,0x1F,0x07,0x80,0xFF,0xC7,0x81,0xE3,0xC0,0x01,
      0x07,0xE0,0x0F,0x00,0x38,0xCE,0x81,0xE3,0x80,0x03,0xC0,0xC1,
      0x73,0xF0,0x01,0x00,0x38,0x18,0x30,0x06,0x0E,0x00,0x07,0x8E,
      0x03,0x00,0x63,0xE0,0x00,0x38,0xE7,0x38,0x70,0x0E,0x3E,0x07,
      0x1F,0x87,0x01,0xC6,0xE0,0xE3,0x73,0xC0,0x71,0xE0,0x38,0x18,
      0x1C,0x00,0x0E,0x00,0xF7,0x83,0x03,0xE0,0x00,0xE0,0x00,0x00,
      0x07,0x80,0x03,0x00,0x38,0xCE,0x81,0xE3,0x80,0xFB,0xC1,0x61,
      0x70,0xDC,0x71,0x30,0x38,0x18,0x1C,0x0C,0x0E,0x00,0x07,0x8E,
      0x03,0x00,0x63,0xE0,0x00,0x38,0xE7,0x00,0x70,0x8E,0x3B,0xC7,
      0x1D,0xF7,0x00,0xC6,0xE0,0xBE,0x73,0xC0,0x71,0xE0,0x38,0x18,
      0x1C,0x00,0x0E,0x00,0xF7,0x83,0x03,0xE0,0x00,0xE0,0x00,0x00,
      0x07,0x80,0x03,0x00,0x38,0xCE,0x81,0xE3,0x80,0xFB,0xC1,0x61,
      0x70,0xDC,0x71,0x30,0x38,0x18,0x1C,0x0C,0x0E,0x00,0x07,0x8E,
      0x03,0x00,0x63,0xE0,0x00,0x38,0xE7,0x00,0x70,0x8E,0x3B,0xC7,
      0x1D,0xF7,0x00,0xC6,0xE0,0xBE,0x73,0xC0,0x71,0xE0,0x38,0x18,
      0xFC,0x07,0xFE,0x03,0x0F,0x8E,0x03,0xC0,0x3F,0x80,0x7F,0x00,
      0x07,0x80,0x03,0x00,0x38,0xCE,0x9F,0xFF,0x8F,0x07,0xC7,0x3D,
      0x70,0xCE,0xC1,0x18,0x38,0x18,0x0E,0x38,0xFE,0x07,0xFF,0x83,
      0x03,0x00,0x63,0xE0,0x1F,0xC0,0x1F,0x80,0x1F,0xCE,0x39,0xE7,
      0x1C,0x1F,0x00,0xC6,0xE0,0x9C,0xF3,0xFF,0x71,0xE0,0x38,0x18,
      0x1C,0x00,0x0E,0x00,0x07,0x8E,0x03,0xE0,0x00,0x00,0xC0,0x01,
      0x07,0x80,0x03,0x00,0x38,0xCE,0xB9,0xE3,0x9C,0x03,0xC7,0x07,
      0x70,0xC3,0x81,0x0F,0x38,0x18,0xFE,0x3F,0x0E,0x1C,0x07,0x8E,
      0x03,0x00,0x63,0xE0,0x00,0x38,0xE7,0x00,0x70,0x6E,0x38,0x37,
      0x1C,0xF7,0x00,0xC6,0xE0,0x80,0x73,0xC0,0x71,0xE0,0x38,0x18,
      0x1C,0x00,0x0E,0x00,0x07,0x8E,0x03,0xE0,0x00,0x00,0xC0,0x01,
      0x07,0x80,0x03,0x00,0x38,0xCE,0xB9,0xE3,0x9C,0x03,0xC7,0x07,
      0x70,0xC3,0x81,0x0F,0x38,0x18,0xFE,0x3F,0x0E,0x1C,0x07,0x8E,
      0x03,0x00,0x63,0xE0,0x00,0x38,0xE7,0x00,0x70,0x6E,0x38,0x37,
      0x1C,0xF7,0x00,0xC6,0xE0,0x80,0x73,0xC0,0x71,0xE0,0x38,0x18,
      0x1C,0x00,0x0E,0x00,0x07,0x8E,0x03,0xC0,0x81,0xE3,0xC0,0x01,
      0x07,0x80,0x03,0x1C,0x38,0xCE,0xB9,0xE3,0x9C,0x03,0xC7,0x79,
      0xF0,0xC1,0x01,0x07,0x38,0x18,0x0E,0x38,0x0E,0x1C,0x07,0x8E,
      0x03,0x00,0x63,0xE0,0x00,0x38,0xE7,0x38,0x70,0x3E,0x38,0x1F,
      0x1C,0x87,0x01,0xC6,0xE0,0x80,0x73,0xC0,0x71,0xE0,0x38,0x18,
      0x1C,0x00,0x0E,0x00,0x07,0x8E,0x03,0xC0,0x81,0xE3,0xC0,0x01,
      0x07,0x80,0x03,0x1C,0x38,0xCE,0xB9,0xE3,0x9C,0x03,0xC7,0x79,
      0xF0,0xC1,0x01,0x07,0x38,0x18,0x0E,0x38,0x0E,0x1C,0x07,0x8E,
      0x03,0x00,0x63,0xE0,0x00,0x38,0xE7,0x38,0x70,0x3E,0x38,0x1F,
      0x1C,0x87,0x01,0xC6,0xE0,0x80,0x73,0xC0,0x71,0xE0,0x38,0x18,
      0xFC,0x3F,0xFE,0x1F,0x07,0x83,0x03,0x00,0xFF,0x80,0x7F,0xF0,
      0x3F,0xE0,0x0F,0xF0,0x0F,0xCF,0x9F,0xE3,0x8F,0x03,0xC7,0xC1,
      0xF3,0xC0,0x01,0x07,0xF8,0x1F,0x0E,0x38,0xFE,0x07,0xFF,0x83,
      0x03,0xE0,0xFF,0xE3,0xFF,0x39,0xE7,0xE0,0x1F,0x1E,0x38,0x0F,
      0x1C,0x07,0xCF,0xC7,0xE0,0x80,0x73,0xC0,0xC1,0x3F,0x38,0x18,
      0x00,0x00,0x00,0x00,0x80,0x01,0x00,0x00,0x00,0x00,0x00,0x00,
      0x00,0x00,0x00,0x00,0x00,0x00,0x00,0x00,0x00,0x00,0x00,0x00,
      0x00,0x00,0x00,0x00,0x80,0x03,0x00,0x00,0x00,0x00,0x00,0x00,
      0x00,0xE0,0x80,0x03,0x00,0x00,0x00,0x00,0x00,0x00,0x00,0x00,
      0x00,0x00,0x00,0x00,0x00,0x00,0x00,0x00,0x00,0x00,0x00,0x00,
      0x00,0x00,0x00,0x00,0x00,0x00,0x00,0x00,0x00,0x00,0x00,0x00,
      0x00,0x00,0x00,0x00,0x00,0x00,0x00,0x00,0x00,0x00,0x00,0x00,
      0x00,0x00,0x00,0x00,0x80,0x03,0x00,0x00,0x00,0x00,0x00,0x00,
      0x00,0x00,0x00,0x00,0x00,0x00,0x00,0x00,0x00,0x00,0x00,0x00,
      0x00,0x00,0x00,0x00,0x00,0x00,0x00,0x00,0x00,0x00,0x00,0x00,
      0x00,0x00,0x00,0x00,0x00,0x00,0x00,0x00,0x00,0x00,0x00,0x00,
      0x00,0x00,0x00,0x00,0x00,0x00,0x00,0x00,0x00,0x00,0x00,0x00,
      0x00,0x00,0x00,0x00,0x80,0x03,0x00,0x00,0x00,0x00,0x00,0x00,
      0x00,0x00,0x00,0x00,0x00,0x00,0x00,0x00,0x00,0x00,0x00,0x00,
      0x00,0x00,0x00,0x00,0x00,0x00,0x00,0x00,0x00,0x00,0x00,0x00,
      0x00,0x00,0x00,0x00,0x00,0x00,0x00,0x00,0x00,0x00,0x00,0x00,
      0x00,0x00,0x00,0x00,0x00,0x00,0x00,0x00,0x00,0x00,0x00,0x00,
      0x00,0x00,0x00,0x00,0x00,0x00,0x00,0x00,0x00,0x00,0x00,0x00,
      0x00,0x00,0x00,0x00,0x00,0x00,0x00,0x00,0x00,0x00,0x00,0x00,
      0x00,0x00,0x00,0x00,0x00,0x00,0x00,0x00,0x00,0x00,0x00,0x00,
      0x00,0x00,0x00,0x00,0x00,0x00,0x00,0x00,0x00,0x00,0x00,0x00,
      0x00,0x00,0x00,0x00,0x00,0x00,0x00,0x00,0x00,0x00,0x00,0x00,
      0x00,0x00,0x00,0x00,0x00,0x00,0x00,0x00,0x00,0x00,0x00,0x00,
      0x00,0x00,0x00,0x00,0x00,0x00,0x00,0x00,0x00,0x00,0x00,0x00,
      0x00,0x00,0x00,0x00,0x00,0x00,0x00,0x00,0x00,0x00,0x00,0x00,
      0xFC,0x0F,0xF0,0x07,0xFF,0x83,0x03,0x07,0x1C,0xE0,0x60,0x70,
      0x18,0x38,0x70,0xCE,0x39,0x37,0x83,0x07,0xC0,0x01,0xC7,0x01,
      0xE0,0x3F,0x70,0x3E,0xE0,0x7F,0x00,0x00,0xF8,0x1F,0x00,0x00,
      0x00,0x00,0x00,0x00,0x00,0x00,0x00,0x00,0x00,0x00,0x00,0x18,
      0x06,0x00,0x00,0x00,0x00,0x00,0x00,0x00,0x00,0x00,0x00,0x00,
      0x1C,0x38,0x18,0x1C,0x70,0x80,0x03,0xC7,0xFF,0x80,0x31,0x70,
      0x18,0x38,0x70,0xCE,0x39,0x37,0x03,0x07,0xC0,0x01,0xC7,0x01,
      0x70,0x60,0x70,0xE7,0x38,0x70,0x00,0x00,0x30,0x00,0x00,0x00,
      0x00,0x00,0x00,0x00,0x00,0x00,0x00,0x00,0x00,0x00,0x00,0xF0,
      0x03,0x00,0x00,0x00,0x00,0x00,0x00,0x00,0x00,0x00,0x00,0x00,
      0x1C,0x38,0x0E,0x00,0x70,0x80,0x03,0xE7,0x9C,0x03,0x1F,0x70,
      0x18,0x38,0x70,0xCE,0x39,0x37,0x03,0x07,0xC0,0x01,0xC7,0x01,
      0x00,0xC0,0x71,0xE7,0x38,0x70,0xFC,0x07,0xC0,0x03,0xFF,0x83,
      0xFF,0x00,0x7E,0x80,0x7F,0x70,0x37,0xE0,0x1F,0x1C,0x3C,0x0E,
      0x1E,0x07,0x0F,0xFC,0xE1,0xC1,0xE3,0xC0,0xC1,0x3F,0xF8,0x1F,
      0x1C,0x38,0x0E,0x00,0x70,0x80,0x03,0xE7,0x9C,0x03,0x1F,0x70,
      0x18,0x38,0x70,0xCE,0x39,0x37,0x03,0x07,0xC0,0x01,0xC7,0x01,
      0x00,0xC0,0x71,0xE7,0x38,0x70,0xFC,0x07,0xC0,0x03,0xFF,0x83,
      0xFF,0x00,0x7E,0x80,0x7F,0x70,0x37,0xE0,0x1F,0x1C,0x3C,0x0E,
      0x1E,0x07,0x0F,0xFC,0xE1,0xC1,0xE3,0xC0,0xC1,0x3F,0xF8,0x1F,
      0xFC,0x0F,0x0E,0x00,0x70,0x00,0xFE,0xE7,0x9C,0x03,0x0E,0x70,
      0x18,0xE0,0x7F,0xCE,0x39,0x37,0x03,0xFF,0xC3,0x3F,0xC7,0xFF,
      0x00,0x7F,0xF0,0xE7,0xE0,0x7F,0x00,0x0C,0xF8,0x07,0x07,0x8E,
      0x03,0x00,0x63,0xE0,0xC0,0x71,0x37,0x38,0x70,0x1C,0x3A,0x0E,
      0x1D,0x87,0x01,0x86,0xE1,0xE3,0xE3,0xC0,0x71,0xE0,0x38,0x18,
      0x1C,0x00,0x0E,0x00,0x70,0x00,0x00,0xE7,0x9C,0x03,0x1F,0x70,
      0x18,0x00,0x70,0xCE,0x39,0x37,0x03,0x07,0xCE,0x71,0xC7,0x81,
      0x03,0xC0,0x71,0xE7,0x00,0x77,0xFC,0x0F,0x0E,0x1C,0xFF,0x83,
      0x03,0x00,0x63,0xE0,0xFF,0x81,0x0F,0x00,0x1F,0x9C,0x39,0xCE,
      0x1C,0x7F,0x00,0x86,0xE1,0xBE,0xE3,0xFF,0x71,0xE0,0x38,0x18,
      0x1C,0x00,0x0E,0x00,0x70,0x00,0x00,0xE7,0x9C,0x03,0x1F,0x70,
      0x18,0x00,0x70,0xCE,0x39,0x37,0x03,0x07,0xCE,0x71,0xC7,0x81,
      0x03,0xC0,0x71,0xE7,0x00,0x77,0xFC,0x0F,0x0E,0x1C,0xFF,0x83,
      0x03,0x00,0x63,0xE0,0xFF,0x81,0x0F,0x00,0x1F,0x9C,0x39,0xCE,
      0x1C,0x7F,0x00,0x86,0xE1,0xBE,0xE3,0xFF,0x71,0xE0,0x38,0x18,
      0x1C,0x00,0x18,0x1C,0x70,0x00,0x00,0xE7,0x9C,0x83,0x31,0x70,
      0x18,0x00,0x70,0xCE,0x39,0x37,0x03,0x07,0xCE,0x71,0xC7,0x81,
      0x73,0x60,0x70,0xE7,0x80,0x73,0x0E,0x0C,0x0E,0x1C,0x07,0x8E,
      0x03,0x00,0x63,0xE0,0x00,0x70,0x37,0x38,0x70,0x5C,0x38,0x2E,
      0x1C,0x87,0x01,0x86,0xE1,0x9C,0xE3,0xC0,0x71,0xE0,0x38,0x18,
      0x1C,0x00,0x18,0x1C,0x70,0x00,0x00,0xE7,0x9C,0x83,0x31,0x70,
      0x18,0x00,0x70,0xCE,0x39,0x37,0x03,0x07,0xCE,0x71,0xC7,0x81,
      0x73,0x60,0x70,0xE7,0x80,0x73,0x0E,0x0C,0x0E,0x1C,0x07,0x8E,
      0x03,0x00,0x63,0xE0,0x00,0x70,0x37,0x38,0x70,0x5C,0x38,0x2E,
      0x1C,0x87,0x01,0x86,0xE1,0x9C,0xE3,0xC0,0x71,0xE0,0x38,0x18,
      0x1C,0x00,0xF0,0x07,0x70,0x80,0xFF,0xC7,0xFF,0xE0,0x60,0xF0,
      0xFF,0x00,0x70,0xFE,0x3F,0xFF,0x1F,0xFF,0xCF,0x3F,0xC7,0xFF,
      0xE3,0x3F,0x70,0x3E,0xF8,0x70,0xFC,0x3F,0xF8,0x07,0xFF,0x83,
      0x03,0xE0,0xFF,0x83,0x7F,0x70,0x37,0xE0,0x1F,0x3C,0x38,0x1E,
      0x1C,0x07,0xCF,0x87,0xE1,0x80,0xE3,0xC0,0xC1,0x3F,0x38,0x18,
      0x00,0x00,0x00,0x00,0x00,0x00,0x00,0x00,0x1C,0x00,0x00,0x00,
      0xE0,0x00,0x00,0x00,0x00,0x00,0x1C,0x00,0x00,0x00,0x00,0x00,
      0x00,0x00,0x00,0x00,0x00,0x00,0x00,0x00,0x00,0x00,0x00,0x00,
      0x00,0xE0,0x80,0x03,0x00,0x00,0x00,0x00,0x00,0x00,0x00,0x00,
      0x00,0x00,0x00,0x00,0x00,0x00,0x00,0x00,0x00,0x00,0x00,0x00,
      0x00,0x00,0x00,0x00,0x00,0x00,0x00,0x00,0x00,0x00,0x00,0x00,
      0x00,0x00,0x00,0x00,0x00,0x00,0x00,0x00,0x00,0x00,0x00,0x00,
      0x00,0x00,0x00,0x00,0x00,0x00,0x00,0x00,0x00,0x00,0x00,0x00,
      0x00,0x00,0x00,0x00,0x00,0x00,0x00,0x00,0x00,0x00,0x00,0x00,
      0x00,0x00,0x00,0x00,0x00,0x00,0x00,0x00,0x00,0x00,0x00,0x00,
      0x00,0x00,0x00,0x00,0x00,0x00,0x00,0x00,0x00,0x00,0x00,0x00,
      0x00,0x00,0x00,0x00,0x00,0x00,0x00,0x00,0x00,0x00,0x00,0x00,
      0x00,0x00,0x00,0x00,0x00,0x00,0x00,0x00,0x00,0x00,0x00,0x00,
      0x00,0x00,0x00,0x00,0x00,0x00,0x00,0x00,0x00,0x00,0x00,0x00,
      0x00,0x00,0x00,0x00,0x00,0x00,0x00,0x00,0x00,0x00,0x00,0x00,
      0x00,0x00,0x00,0x00,0x00,0x00,0x00,0x00,0x00,0x00,0x00,0x00,
      0x00,0x00,0x00,0x00,0x00,0x00,0x00,0x00,0x00,0x00,0x00,0x00,
      0x00,0x00,0x00,0x00,0x00,0x00,0xC0,0x01,0x18,0x06,0x00,0x00,
      0xC0,0x00,0x00,0x00,0x00,0x00,0x00,0x60,0x0C,0x00,0x00,0x00,
      0x00,0x00,0x00,0x00,0x00,0x38,0x00,0x0E,0xC0,0x30,0x00,0x00,
      0x00,0x00,0x00,0x00,0x00,0x00,0x00,0x00,0x00,0x00,0x00,0x00,
      0x00,0x00,0x00,0x00,0x00,0x00,0x00,0x00,0x00,0x00,0x00,0x00,
      0x00,0x00,0x00,0x00,0x00,0x00,0xC0,0x01,0x18,0x06,0x00,0x00,
      0xC0,0x00,0x00,0x00,0x00,0x00,0x00,0x60,0x0C,0x00,0x00,0x00,
      0x00,0x00,0x00,0x00,0x00,0x38,0x00,0x0E,0xC0,0x30,0x00,0x00,
      0x00,0x00,0x00,0x00,0x00,0x00,0x00,0x00,0x00,0x00,0x00,0x00,
      0x00,0x00,0x00,0x00,0x00,0x00,0x00,0x00,0x00,0x00,0x00,0x00,
      0x00,0x00,0x00,0x00,0x00,0x00,0x80,0x03,0x00,0x00,0x07,0x00,
      0x70,0x00,0x00,0x00,0x00,0x00,0x07,0x00,0x00,0x00,0x38,0x00,
      0x00,0x00,0x00,0x06,0x00,0x1C,0x00,0x1C,0x80,0x1F,0x00,0x00,
      0x00,0x00,0x00,0x00,0x00,0x00,0x00,0x00,0x1C,0x00,0x00,0x00,
      0x00,0x00,0x00,0x00,0x00,0x00,0x00,0x00,0x00,0x00,0x00,0x00,
      0x00,0x00,0x00,0x00,0x00,0x00,0x00,0x00,0x00,0xC0,0x1F,0x00,
      0x00,0x00,0x00,0x00,0x00,0x00,0x00,0x00,0x00,0x00,0x00,0x00,
      0x00,0x00,0xC0,0x3F,0x00,0x00,0x00,0x00,0x00,0x00,0x00,0x00,
      0xDC,0x0F,0xF8,0x07,0xFF,0x83,0x03,0x07,0x7F,0x80,0x31,0x70,
      0x18,0x38,0x70,0xCE,0x39,0x37,0x83,0x07,0x80,0x03,0xC7,0x01,
      0xE0,0x1F,0x70,0x3E,0xE0,0x7F,0xF0,0x0F,0xF8,0x07,0x07,0x80,
      0xFF,0x07,0xFE,0x80,0x7F,0x80,0x07,0xC0,0x03,0x00,0x3E,0xF8,
      0x81,0xE3,0x00,0x06,0xC0,0xC1,0xE3,0xE0,0x71,0xE0,0x38,0x18,
      0xDC,0x0F,0xF8,0x07,0xFF,0x83,0x03,0x07,0x7F,0x80,0x31,0x70,
      0x18,0x38,0x70,0xCE,0x39,0x37,0x83,0x07,0x80,0x03,0xC7,0x01,
      0xE0,0x1F,0x70,0x3E,0xE0,0x7F,0xF0,0x0F,0xF8,0x07,0x07,0x80,
      0xFF,0x07,0xFE,0x80,0x7F,0x80,0x07,0xC0,0x03,0x00,0x3E,0xF8,
      0x81,0xE3,0x00,0x06,0xC0,0xC1,0xE3,0xE0,0x71,0xE0,0x38,0x18,
      0x3C,0x38,0x0E,0x1C,0x70,0x00,0x86,0xC1,0xDD,0x00,0x1F,0x70,
      0x18,0x38,0x70,0xCE,0x39,0x37,0x03,0x07,0x80,0x03,0xC7,0x01,
      0x70,0x60,0x70,0xE7,0x38,0x70,0x1C,0x38,0x0E,0x1C,0xF7,0x81,
      0x03,0xC0,0x81,0xE3,0x00,0x00,0x07,0x80,0x03,0x00,0x38,0xCE,
      0x81,0xE3,0x00,0xF6,0xC1,0x61,0xE0,0xD0,0xC1,0x30,0x38,0x18,
      0x1C,0x38,0x0E,0x00,0x70,0x00,0xCC,0xC0,0xDD,0x00,0x0E,0x70,
      0x18,0xE0,0x7F,0xCE,0x39,0x37,0x03,0xFF,0x83,0x3F,0xC7,0xFF,
      0x00,0x7E,0xF0,0xE7,0xE0,0x7F,0xFC,0x3F,0xFE,0x1F,0x0F,0x83,
      0x03,0xC0,0x1F,0x80,0x7F,0x00,0x07,0x80,0x03,0x00,0x38,0xCE,
      0x9F,0xFF,0x0F,0x0E,0xC7,0x1F,0xE0,0xCC,0x81,0x19,0x38,0x18,
      0x1C,0x38,0x0E,0x00,0x70,0x00,0xCC,0xC0,0xDD,0x00,0x0E,0x70,
      0x18,0xE0,0x7F,0xCE,0x39,0x37,0x03,0xFF,0x83,0x3F,0xC7,0xFF,
      0x00,0x7E,0xF0,0xE7,0xE0,0x7F,0xFC,0x3F,0xFE,0x1F,0x0F,0x83,
      0x03,0xC0,0x1F,0x80,0x7F,0x00,0x07,0x80,0x03,0x00,0x38,0xCE,
      0x9F,0xFF,0x0F,0x0E,0xC7,0x1F,0xE0,0xCC,0x81,0x19,0x38,0x18,
      0x3C,0x38,0x0E,0x00,0x70,0x00,0x78,0xC0,0xDD,0x00,0x1F,0x70,
      0x18,0x00,0x70,0xCE,0x39,0x37,0x03,0x07,0x8E,0x73,0xC7,0x81,
      0x73,0x60,0x70,0xE7,0x00,0x77,0x1C,0x00,0x0E,0x00,0x07,0x83,
      0x03,0xC0,0x81,0x03,0xC0,0x01,0x07,0x80,0x03,0x00,0x38,0xCE,
      0xB9,0xE3,0x1C,0x06,0xC7,0x61,0xE0,0xC2,0x01,0x0F,0x38,0x18,
      0x3C,0x38,0x0E,0x00,0x70,0x00,0x78,0xC0,0xDD,0x00,0x1F,0x70,
      0x18,0x00,0x70,0xCE,0x39,0x37,0x03,0x07,0x8E,0x73,0xC7,0x81,
      0x73,0x60,0x70,0xE7,0x00,0x77,0x1C,0x00,0x0E,0x00,0x07,0x83,
      0x03,0xC0,0x81,0x03,0xC0,0x01,0x07,0x80,0x03,0x00,0x38,0xCE,
      0xB9,0xE3,0x1C,0x06,0xC7,0x61,0xE0,0xC2,0x01,0x0F,0x38,0x18,
      0xDC,0x0F,0xF8,0x1F,0x70,0x00,0x38,0x00,0x7F,0x80,0x31,0xF0,
      0xFF,0x00,0x70,0xFE,0x3F,0xFF,0x1F,0xFF,0x83,0x3F,0xC7,0xFF,
      0xE0,0x1F,0x70,0x3E,0xE0,0x70,0xF0,0x0F,0xF8,0x07,0x87,0x81,
      0x03,0x00,0xFE,0x80,0x7F,0xC0,0x1F,0xE0,0x0F,0x1C,0x38,0xCF,
      0x9F,0xE3,0x0F,0x06,0xC7,0xC1,0xE3,0xC1,0x01,0x07,0xF8,0x1F,
      0x1C,0x00,0x00,0x00,0x00,0x00,0x0E,0x00,0x1C,0x00,0x00,0x00,
      0xE0,0x00,0x00,0x00,0x00,0x00,0x1C,0x00,0x00,0x00,0x00,0x00,
      0x00,0x00,0x00,0x00,0x00,0x00,0x00,0x00,0x00,0x00,0x80,0x01,
      0x00,0x00,0x00,0x00,0x00,0x00,0x00,0x00,0x00,0xF0,0x0F,0x00,
      0x00,0x00,0x00,0x00,0x00,0x00,0x00,0x00,0xC0,0x01,0x80,0x03,
      0x1C,0x00,0x00,0x00,0x00,0x00,0x00,0x00,0x00,0x00,0x00,0x00,
      0x00,0x00,0x00,0x00,0x00,0x00,0x00,0x00,0x00,0x00,0x00,0x00,
      0x00,0x00,0x00,0x00,0x00,0x00,0x00,0x00,0x00,0x00,0x00,0x00,
      0x00,0x00,0x00,0x00,0x00,0x00,0x00,0x00,0x00,0x00,0x00,0x00,
      0x00,0x00,0x00,0x00,0x00,0x00,0x00,0x00,0x00,0x00,0x00,0x00,
      0x1C,0x00,0x00,0x00,0x00,0x00,0x00,0x00,0x00,0x00,0x00,0x00,
      0x00,0x00,0x00,0x00,0x00,0x00,0x00,0x00,0x00,0x00,0x00,0x00,
      0x00,0x00,0x00,0x00,0x00,0x00,0x00,0x00,0x00,0x00,0x00,0x00,
      0x00,0x00,0x00,0x00,0x00,0x00,0x00,0x00,0x00,0x00,0x00,0x00,
      0x00,0x00,0x00,0x00,0x00,0x00,0x00,0x00,0x00,0x00,0x00,0x00,
      0x00,0x00,0x00,0x00,0x00,0x00,0x00,0x00,0x00,0x00,0x00,0x00,
      0x00,0x00,0x00,0x00,0x00,0x00,0x00,0x00,0x00,0x00,0xE0,0x00,
      0x00,0x00,0x00,0x00,0x00,0x00,0x00,0x00,0x00,0x00,0x00,0x00,
      0x00,0x00,0x00,0x00,0x00,0x00,0x00,0x00,0x00,0x00,0x00,0x00,
      0x00,0x00,0x00,0x00,0x00,0x00,0x00,0x00,0x00,0x00,0x00,0x00,
      0x00,0x00,0x00,0x00,0x00,0x00,0x00,0x00,0x00,0x00,0x00,0x00,
      0x00,0x00,0x00,0x00,0x00,0x00,0x00,0x00,0x00,0x00,0xE0,0x00,
      0x00,0x00,0x00,0x00,0x00,0x00,0x00,0x00,0x00,0x00,0x00,0x00,
      0x00,0x00,0x00,0x00,0x00,0x00,0x00,0x00,0x00,0x00,0x00,0x00,
      0x00,0x00,0x00,0x00,0x00,0x00,0x00,0x00,0x00,0x00,0x00,0x00,
      0x1C,0x0E,0x00,0x00,0xFC,0xC1,0xFF,0xE7,0xFF,0x00,0x1F,0x80,
      0x1F,0xFC,0x1F,0x0E,0x0E,0xF0,0x01,0xFF,0xC3,0xFF,0xE1,0xFF,
      0xF0,0x7F,0xB8,0x0F,0x00,0x1C,0xC0,0x07,0xFF,0x03,0x8F,0xC3,
      0xFF,0xE1,0xFF,0xF0,0x70,0x70,0x38,0xFC,0x1F,0xFE,0x0F,0xE7,
      0x1C,0xFF,0x0F,0x00,0x00,0x00,0x00,0x00,0x00,0x00,0x00,0x00,
      0x30,0x0C,0xFF,0x03,0x80,0x01,0xC0,0x00,0xC0,0x00,0x1C,0x00,
      0x07,0x1C,0x18,0x8E,0x0F,0xC0,0x01,0x00,0x03,0x80,0x01,0xC0,
      0x70,0x60,0xF0,0x18,0x00,0x18,0x00,0x06,0x0E,0x06,0x0C,0xC3,
      0x81,0xE1,0xC0,0xE0,0x60,0xC0,0x30,0x00,0x18,0x00,0x0C,0xE7,
      0x1C,0x0C,0x0E,0x00,0x00,0x00,0x00,0x00,0x00,0x00,0x00,0x00,
      0x70,0x0C,0x00,0x03,0x80,0x01,0xC0,0x00,0xC0,0x00,0x1C,0x00,
      0x07,0x1C,0x18,0x0E,0x0C,0xC0,0x01,0x00,0x03,0x80,0x01,0xC0,
      0x70,0x60,0x78,0x30,0x00,0x18,0x00,0x06,0x07,0x06,0x0C,0xC3,
      0x81,0xE1,0xC0,0x80,0x61,0x80,0x31,0x38,0x18,0x00,0x0C,0xE7,
      0x1C,0x0C,0x0E,0x00,0x00,0x00,0x00,0x00,0x00,0x00,0x00,0x00,
      0x70,0x0C,0x00,0x03,0x80,0x01,0xC0,0x00,0xC0,0x00,0x1C,0x00,
      0x07,0x1C,0x18,0x0E,0x0C,0xC0,0x01,0x00,0x03,0x80,0x01,0xC0,
      0x70,0x60,0x78,0x30,0x00,0x18,0x00,0x06,0x07,0x06,0x0C,0xC3,
      0x81,0xE1,0xC0,0x80,0x61,0x80,0x31,0x38,0x18,0x00,0x0C,0xE7,
      0x1C,0x0C,0x0E,0x00,0x00,0x00,0x00,0x00,0x00,0x00,0x00,0x00,
      0xDC,0x0D,0x00,0x03,0xF0,0x01,0xC0,0xE0,0xC0,0x00,0x1C,0x00,
      0x07,0x1C,0x18,0x0E,0x0C,0xC0,0x01,0x00,0x03,0x80,0x01,0xC0,
      0x70,0x60,0x38,0x30,0x00,0x18,0x00,0x06,0x07,0x06,0x0C,0xC3,
      0x87,0xE1,0xC3,0x80,0x71,0x00,0x1F,0x38,0x18,0x00,0x0C,0xE7,
      0x1C,0x0C,0x0E,0x00,0x00,0x00,0x00,0x00,0x00,0x00,0x00,0x00,
      0x9C,0x07,0x00,0x03,0x98,0x01,0xC0,0xE0,0xC0,0x00,0x1C,0x00,
      0x07,0x1C,0x18,0x0E,0x0C,0x00,0x00,0x00,0x03,0x80,0x01,0xC0,
      0x70,0x60,0x38,0x30,0x00,0x18,0x00,0x06,0x07,0x06,0x0C,0x03,
      0x80,0x01,0xC0,0x80,0x3F,0x00,0x0E,0x38,0x18,0x00,0x0C,0xE7,
      0x1C,0x0C,0x0E,0x00,0x00,0x00,0x00,0x00,0x00,0x00,0x00,0x00,
      0x9C,0x07,0x00,0x03,0x98,0x01,0xC0,0xE0,0xC0,0x00,0x1C,0x00,
      0x07,0x1C,0x18,0x0E,0x0C,0x00,0x00,0x00,0x03,0x80,0x01,0xC0,
      0x70,0x60,0x38,0x30,0x00,0x18,0x00,0x06,0x07,0x06,0x0C,0x03,
      0x80,0x01,0xC0,0x80,0x3F,0x00,0x0E,0x38,0x18,0x00,0x0C,0xE7,
      0x1C,0x0C,0x0E,0x00,0x00,0x00,0x00,0x00,0x00,0x00,0x00,0x00,
      0x1C,0x06,0x00,0x03,0x8C,0x01,0xC0,0xE0,0xC0,0x00,0x1C,0x00,
      0x07,0x1C,0x18,0x0E,0x0C,0x00,0x00,0x00,0x03,0x80,0x01,0x60,
      0x70,0x60,0x38,0x30,0x00,0x18,0x00,0x06,0x0E,0x03,0x8C,0x01,
      0x80,0x01,0xC0,0x80,0x01,0x00,0x18,0x38,0x0C,0x00,0x0C,0xE7,
      0x1C,0x0C,0x0E,0x00,0x00,0x00,0x00,0x00,0x00,0x00,0x00,0x00,
      0x1C,0x06,0x00,0x03,0x8C,0x01,0xC0,0xE0,0xC0,0x00,0x1C,0x00,
      0x07,0x1C,0x18,0x0E,0x0C,0x00,0x00,0x00,0x03,0x80,0x01,0x60,
      0x70,0x60,0x38,0x30,0x00,0x18,0x00,0x06,0x0E,0x03,0x8C,0x01,
      0x80,0x01,0xC0,0x80,0x01,0x00,0x18,0x38,0x0C,0x00,0x0C,0xE7,
      0x1C,0x0C,0x0E,0x00,0x00,0x00,0x00,0x00,0x00,0x00,0x00,0x00,
      0x1C,0x0C,0xFF,0x1F,0x8C,0x01,0xC0,0xE0,0xC0,0x00,0x1C,0x00,
      0x07,0x1C,0x18,0xFE,0x0F,0x00,0x00,0x00,0xC3,0xFF,0x00,0x3C,
      0xF0,0x7F,0x38,0x3F,0x00,0x18,0xE0,0x07,0xF8,0x81,0xFF,0x00,
      0x80,0xE1,0xFF,0x80,0x01,0xF0,0x3F,0xB8,0x07,0x00,0x0C,0xFE,
      0x87,0x0F,0x0E,0x00,0x00,0x00,0x00,0x00,0x00,0x00,0x00,0x00,
      0x00,0x00,0x00,0x00,0x00,0x00,0x00,0x00,0x00,0x00,0x00,0x00,
      0x00,0x00,0x00,0x00,0x00,0x00,0x00,0x00,0x03,0x00,0x00,0x00,
      0x00,0x00,0x00,0x00,0x00,0x18,0x00,0x00,0x00,0x00,0x00,0x00,
      0x80,0x01,0x00,0x80,0x01,0x00,0x00,0x38,0x00,0x00,0x00,0x00,
      0x00,0x00,0x00,0x00,0x00,0x00,0x00,0x00,0x00,0x00,0x00,0x00,
      0x00,0x00,0x00,0x00,0x00,0x00,0x00,0x00,0x00,0x00,0x00,0x00,
      0x00,0x00,0x00,0x00,0x00,0x00,0x00,0x00,0x03,0x00,0x00,0x00,
      0x00,0x00,0x00,0x00,0x00,0x18,0x00,0x00,0x00,0x00,0x00,0x00,
      0x80,0x01,0x00,0x80,0x01,0x00,0x00,0x38,0x00,0x00,0x00,0x00,
      0x00,0x00,0x00,0x00,0x00,0x00,0x00,0x00,0x00,0x00,0x00,0x00,
      0x00,0x00,0x00,0x00,0x00,0x00,0x00,0x00,0x00,0x00,0x00,0x00,
      0x00,0x00,0x00,0x00,0x00,0x00,0x00,0x00,0x03,0x00,0x00,0x00,
      0x00,0x00,0x00,0x00,0x00,0x18,0x00,0x00,0x00,0x00,0x00,0x00,
      0x80,0x01,0x00,0x80,0x01,0x00,0x00,0x38,0x00,0x00,0x00,0x00,
      0x00,0x00,0x00,0x00,0x00,0x00,0x00,0x00,0x00,0x00,0x00,0x00,
      0x00,0x00,0x00,0x00,0x00,0x00,0x00,0x00,0x00,0x00,0x00,0x00,
      0x00,0x00,0x00,0x00,0x00,0x00,0x00,0x00,0x00,0x00,0x00,0x00,
      0x00,0x00,0x00,0x00,0x00,0x00,0x00,0x00,0x00,0x00,0x00,0x00,
      0x00,0x00,0x00,0x00,0x00,0x00,0x00,0x00,0x00,0x00,0x00,0x00,
      0x00,0x00,0x00,0x00,0x00,0x00,0x00,0x00,0x00,0x00,0x00,0x00,
      0x00,0x00,0x00,0x00,0x00,0x00,0x00,0x00,0x00,0x00,0x00,0x00,
      0x00,0x00,0x00,0x00,0x00,0x00,0x00,0x00,0x00,0x00,0x00,0x00,
      0x00,0x00,0x00,0x00,0x00,0x00,0x00,0x00,0x00,0x00,0x00,0x00,
      0x00,0x00,0x00,0x00,0x00,0x00,0x00,0x00,0x00,0x00,0x00,0x00,
      0x00,0x00,0x00,0x00,0x00,0x00,0x00,0x00,0x00,0x00,0x00,0x00,
      0x00,0x00,0x00,0x00,0x00,0x00,0x00,0x00,0x00,0x00,0x00,0x00,
      0x00,0x00,0x00,0x00,0x00,0x00,0x00,0x00,0x00,0x00,0x00,0x00,
      0x00,0x00,0x00,0x00,0x00,0x00,0x00,0x00,0x00,0x00,0x00,0x00,
      0x00,0x00,0x00,0x00,0x00,0x00,0x00,0x00,0x00,0x00,0x00,0x00,
      0x00,0x00,0x00,0x00,0x00,0x00,0x00,0x00,0x00,0x00,0xE0,0x0F,
      0x00,0x00,0x00,0x00,0x00,0x00,0x00,0x00,0x00,0x00,0x00,0x00,
      0x00,0x00,0x00,0x00,0x00,0x00,0x00,0x00,0x00,0x00,0x00,0x00,
      0x00,0x00,0x00,0x00,0x00,0x00,0x00,0x00,0x00,0x00,0x00,0x00,
      0x00,0x00,0x00,0x00,0x00,0x00,0x00,0x00,0x00,0x00,0x00,0x00,
      0x00,0x00,0x00,0x70,0x00,0x00,0x00,0x00,0x00,0x00,0x38,0x18,
      0x00,0x00,0x00,0x00,0x00,0x00,0x00,0x00,0x00,0x00,0x00,0x00,
      0x00,0x00,0x00,0x00,0x00,0x00,0x00,0x00,0x00,0x00,0x00,0x00,
      0x00,0x00,0x00,0x00,0x00,0x00,0x00,0x00,0x00,0x00,0x00,0x00,
      0x00,0x00,0x00,0x00,0x00,0x00,0x00,0x00,0x00,0x00,0x00,0x00,
      0x00,0x00,0x00,0x38,0x00,0x00,0x00,0x00,0x00,0x00,0x38,0x00,
      0x00,0x00,0x00,0x00,0x00,0x00,0x00,0x00,0x00,0x00,0x00,0x00,
      0x00,0x00,0x00,0x00,0x00,0x00,0x00,0x00,0x00,0x00,0x00,0x00,
      0x00,0x00,0x00,0x00,0x00,0x00,0x00,0x00,0x00,0x00,0x00,0x00,
      0x00,0x00,0x00,0x00,0x00,0x00,0x00,0x00,0x00,0x00,0x00,0x00,
      0x00,0x00,0x00,0x38,0x00,0x00,0x00,0x00,0x00,0x00,0x38,0x00,
      0x00,0x00,0x00,0x00,0x00,0x00,0x00,0x00,0x00,0x00,0x00,0x00,
      0x00,0x00,0x7C,0x00,0x00,0x00,0x00,0x00,0x00,0x00,0x00,0x00,
      0x00,0x00,0x00,0x00,0x00,0x00,0x00,0x00,0x00,0x00,0x00,0x00,
      0x00,0x00,0x00,0x00,0x00,0x00,0x00,0x00,0x00,0x00,0x00,0x00,
      0x00,0x00,0x00,0x38,0x00,0x00,0x00,0x00,0x00,0x00,0x60,0x00,
      0x00,0x00,0x00,0x00,0x00,0x00,0x00,0x00,0x00,0x00,0x00,0x00,
      0x00,0x07,0xE7,0x00,0x00,0x00,0x00,0x00,0x00,0x00,0x00,0x00,
      0x00,0x00,0x00,0x00,0x00,0x00,0x00,0x00,0x00,0x00,0x00,0x00,
      0x00,0x00,0x00,0x00,0x00,0x00,0x00,0x00,0x00,0x00,0x00,0x00,
      0x00,0x00,0x00,0x00,0x00,0x00,0x00,0x00,0x00,0x00,0x80,0x03,
      0x00,0x00,0x00,0x00,0x00,0x00,0x00,0x00,0x00,0x00,0x00,0x00,
      0x00,0x07,0xE7,0x00,0x00,0x00,0x00,0x00,0x00,0x00,0x00,0x00,
      0x00,0x00,0x00,0x00,0x00,0x00,0x00,0x00,0x00,0x00,0x00,0x00,
      0x00,0x00,0x00,0x00,0x00,0x00,0x00,0x00,0x00,0x00,0x00,0x00,
      0x00,0x00,0x00,0x00,0x00,0x00,0x00,0x00,0x00,0x00,0x80,0x03,
      0x00,0x00,0x00,0x00,0x00,0x00,0x00,0x00,0x00,0x00,0x00,0xC0,
      0x00,0x07,0x8C,0x00,0x00,0x00,0x00,0x00,0x00,0x00,0x00,0x00,
      0x00,0x00,0x00,0x00,0x00,0x00,0x00,0x00,0x00,0x00,0x00,0x00,
      0x00,0x00,0x00,0x00,0x00,0x00,0x00,0x00,0x00,0x00,0x00,0x00,
      0x00,0x00,0x00,0x38,0x00,0x00,0x00,0x00,0x00,0x00,0x00,0x00,
      0x00,0x00,0x00,0x00,0x00,0x00,0x00,0x00,0x00,0x00,0x00,0xC0,
      0x00,0x07,0x8C,0x00,0x00,0x00,0x00,0x00,0x00,0x00,0x00,0x00,
      0x00,0x00,0x00,0x00,0x00,0x00,0x00,0x00,0x00,0x00,0x00,0x00,
      0x00,0x00,0x00,0x00,0x00,0x00,0x00,0x00,0x00,0x00,0x00,0x00,
      0x00,0x00,0x00,0x38,0x00,0x00,0x00,0x00,0x00,0x00,0x00,0x00,
      0x00,0x00,0x00,0x00,0x00,0x00,0x00,0x00,0x00,0x00,0x00,0xF8,
      0xC0,0xFD,0x07,0x00,0x00,0x00,0x00,0x00,0x00,0x00,0x00,0x06,
      0x00,0x00,0x00,0x00,0x00,0x00,0x00,0x00,0x00,0x00,0x00,0x00,
      0x00,0x00,0x00,0x00,0x00,0x00,0x00,0x00,0x00,0x00,0x00,0x00,
      0x00,0x00,0x00,0x38,0x00,0x00,0x00,0x00,0x00,0x00,0x80,0x03,
      0x00,0x00,0x00,0x00,0x00,0x00,0x00,0x00,0x00,0x00,0x00,0xF8,
      0xC0,0x01,0x00,0x00,0x00,0x00,0x00,0x00,0x00,0x00,0x00,0x03,
      0x00,0x00,0x00,0x00,0x00,0x00,0x00,0x00,0x00,0x00,0x00,0x00,
      0x00,0x00,0x00,0x00,0x00,0x00,0x00,0x00,0x00,0x00,0x00,0x00,
      0x00,0x00,0x00,0x00,0x00,0x00,0x00,0x00,0x00,0x00,0x00,0x00,
      0x00,0x00,0x00,0x00,0x00,0x00,0x00,0x00,0x00,0x00,0x00,0xC0,
      0x3F,0x38,0x07,0x00,0x00,0x00,0x00,0x00,0x00,0x00,0xC0,0x01,
      0x00,0x00,0x00,0x00,0x00,0x00,0x00,0x00,0x00,0x00,0x00,0x00,
      0x00,0x00,0x00,0x00,0x00,0x00,0x00,0x00,0x00,0x00,0x00,0x00,
      0x00,0x00,0x00,0x00,0x00,0x00,0x00,0x00,0x00,0x00,0x00,0x00,
      0x00,0x00,0x00,0x00,0x00,0x00,0x00,0x00,0x00,0x00,0x00,0xC0,
      0x3F,0x38,0x07,0x00,0x00,0x00,0x00,0x00,0x00,0x00,0xC0,0x01,
      0x00,0x00,0x00,0x00,0x00,0x00,0x00,0x00,0x00,0x00,0x00,0x00,
      0x00,0x00,0x00,0x00,0x00,0x00,0x00,0x00,0x00,0x00,0x00,0x00,
      0x00,0x00,0x00,0x00,0x00,0x00,0x00,0x00,0x00,0x00,0x00,0x00,
      0x00,0x00,0x00,0x00,0x00,0x00,0x00,0x00,0x00,0x00,0x00,0x00,
      0x00,0x00,0x00,0x00,0x00,0x00,0x00,0x00,0x00,0x00,0x00,0x00,
      0x00,0x00,0x00,0x00,0x00,0x00,0x00,0x00,0x00,0x00,0x00,0x00,
      0x00,0x00,0x00,0x00,0x00,0x00,0x00,0x00,0x00,0x00,0x00,0x00,
      0x00,0x00,0x00,0x00,0x00,0x00,0x00,0x00,0x00,0x00,0x00,0x00,
      0x00,0x00,0x00,0x00,0x00,0x00,0x00,0x00,0x00,0x00,0x00,0x00,
      0x00,0x00,0x00,0x00,0x00,0x00,0x00,0x00,0x00,0x00,0x00,0x00,
      0x00,0x00,0x00,0x00,0x00,0x00,0x00,0x00,0x00,0x00,0x00,0x00,
      0x00,0x00,0x00,0x00,0x00,0x00,0x00,0x00,0x00,0x00,0x00,0x00,
      0x00,0x00,0x00,0x00,0x00,0x00,0x00,0x00,0x00,0x00,0x00,0x00,
      0xDC,0x01,0x00,0x00,0x00,0x00,0x00,0x00,0x00,0x00,0x00,0x00,
      0x07,0x80,0x03,0x00,0x00,0x18,0x03,0x00,0x00,0x06,0x00,0x00,
      0x00,0x00,0x80,0x01,0x00,0x00,0x80,0x03,0x00,0x00,0x00,0x00,
      0x00,0x00,0x1C,0x00,0x00,0x00,0x30,0x60,0x00,0x30,0x0C,0x00,
      0x00,0x70,0x00,0x0C,0x00,0x00,0x00,0x00,0x80,0x01,0x60,0x0C,
      0x00,0x0C,0x00,0x00,0x00,0x00,0x00,0xE0,0x1C,0x00,0x00,0x00,
      0x07,0x80,0x03,0x00,0x00,0x00,0x80,0x73,0xC0,0x39,0x00,0x00,
      0x00,0x00,0x00,0x00,0x00,0x00,0x00,0x00,0x00,0x00,0x00,0x03,
      0x00,0x00,0x63,0x00,0x00,0x00,0x00,0x60,0x00,0x30,0x00,0x00,
      0x00,0x00,0x80,0x73,0x00,0x00,0x00,0x00,0x00,0x00,0x60,0x0C,
      0xE0,0x0F,0x00,0x00,0x00,0x00,0x00,0x00,0x00,0x80,0x31,0x00,
      0x07,0x80,0x03,0x00,0x00,0xF8,0x03,0x00,0x00,0x00,0xC0,0x3F,
      0xE0,0x1F,0xF0,0x0F,0x00,0x0C,0x00,0x06,0x00,0x00,0x00,0x00,
      0x00,0x00,0x00,0x00,0xF0,0x01,0xF8,0x60,0x7F,0xB0,0x3F,0xF0,
      0x03,0xF8,0x01,0x00,0xC0,0x3F,0xE0,0x1F,0xF0,0x0F,0xFC,0x7F,
      0xE0,0x0F,0x00,0x00,0x00,0x00,0x00,0x00,0x00,0x80,0x31,0x00,
      0x07,0x80,0x03,0x00,0x00,0xF8,0x03,0x00,0x00,0x00,0xC0,0x3F,
      0xE0,0x1F,0xF0,0x0F,0x00,0x0C,0x00,0x06,0x00,0x00,0x00,0x00,
      0x00,0x00,0x00,0x00,0xF0,0x01,0xF8,0x60,0x7F,0xB0,0x3F,0xF0,
      0x03,0xF8,0x01,0x00,0xC0,0x3F,0xE0,0x1F,0xF0,0x0F,0xFC,0x7F,
      0x30,0x0C,0xF0,0x00,0x70,0x60,0x00,0x0E,0x1C,0x18,0x80,0x03,
      0x07,0x80,0x03,0xC0,0x01,0x0E,0x06,0x70,0x00,0x38,0xE0,0x60,
      0x70,0x30,0x38,0x18,0x00,0x18,0x00,0x0C,0x00,0x00,0x00,0x00,
      0x00,0x00,0x00,0x00,0x8E,0x03,0xC7,0xE1,0xE3,0xF0,0x71,0x1E,
      0x06,0x0F,0x03,0x38,0x00,0xE0,0x00,0x70,0x00,0x38,0x60,0x0C,
      0x1C,0x3E,0x18,0x00,0xF8,0x60,0x00,0x0E,0x3E,0x18,0x80,0x03,
      0x07,0x80,0x03,0x80,0x03,0x07,0x1C,0xE0,0x00,0x70,0x00,0xC0,
      0x00,0x60,0x00,0x30,0x00,0x70,0x00,0x38,0x00,0x1E,0x00,0x6F,
      0x78,0x3E,0x3C,0x1F,0x83,0x8F,0xC1,0xF9,0xE0,0x7C,0x70,0x0E,
      0x00,0x07,0x00,0x7C,0x00,0x7C,0x00,0x3E,0x00,0x1F,0x60,0x0C,
      0x1C,0x3E,0x18,0x00,0xF8,0x60,0x00,0x0E,0x3E,0x18,0x80,0x03,
      0x07,0x80,0x03,0x80,0x03,0x07,0x1C,0xE0,0x00,0x70,0x00,0xC0,
      0x00,0x60,0x00,0x30,0x00,0x70,0x00,0x38,0x00,0x1E,0x00,0x6F,
      0x78,0x3E,0x3C,0x1F,0x83,0x8F,0xC1,0xF9,0xE0,0x7C,0x70,0x0E,
      0x00,0x07,0x00,0x7C,0x00,0x7C,0x00,0x3E,0x00,0x1F,0x60,0x0C,
      0xF0,0x77,0xFE,0xC0,0x8F,0xDF,0xFF,0xF7,0xE3,0xF7,0xFF,0x01,
      0xFE,0x81,0x03,0xFF,0x01,0xF8,0xC3,0x7F,0xE0,0x3F,0xF0,0xFF,
      0xFF,0xFF,0xFF,0xFF,0xC1,0xFF,0xE0,0x7F,0x00,0x3E,0x00,0xDF,
      0xCF,0xE7,0xE7,0xF3,0xFF,0xF9,0xFF,0xFE,0x7F,0xFF,0xBF,0xFF,
      0xDF,0xFF,0xEF,0xC7,0xFF,0xC7,0xFF,0xE3,0xFF,0xF1,0xFD,0x7F,
      0xF0,0x77,0xFE,0xC0,0x8F,0xDF,0xFF,0xF7,0xE3,0xF7,0xFF,0x01,
      0xFE,0x81,0x03,0xFF,0x01,0xF8,0xC3,0x7F,0xE0,0x3F,0xF0,0xFF,
      0xFF,0xFF,0xFF,0xFF,0xC1,0xFF,0xE0,0x7F,0x00,0x3E,0x00,0xDF,
      0xCF,0xE7,0xE7,0xF3,0xFF,0xF9,0xFF,0xFE,0x7F,0xFF,0xBF,0xFF,
      0xDF,0xFF,0xEF,0xC7,0xFF,0xC7,0xFF,0xE3,0xFF,0xF1,0xFD,0x7F,
      0x00,0x00,0x00,0x00,0x00,0x00,0x00,0x00,0x00,0x00,0x00,0x00,
      0x00,0x00,0x00,0x00,0x00,0x00,0x00,0x00,0x00,0x00,0x00,0x00,
      0x00,0x00,0x00,0x00,0x00,0x00,0x00,0x00,0x00,0x1C,0x00,0x0E,
      0x00,0x00,0x00,0x00,0x00,0x00,0x00,0x00,0x00,0x00,0x00,0x00,
      0x00,0x00,0x00,0x00,0x00,0x00,0x00,0x00,0x00,0x00,0x60,0x0C,
      0x00,0x00,0x00,0x00,0x07,0x00,0x38,0x00,0x00,0x00,0x00,0x00,
      0x00,0x00,0x00,0x1C,0x00,0x00,0x00,0x00,0x00,0x00,0x00,0x06,
      0x00,0x00,0x00,0x00,0x00,0x00,0x00,0x00,0x00,0x06,0x00,0x03,
      0x00,0x00,0x00,0x00,0x00,0x00,0x00,0x00,0x00,0x00,0x00,0x00,
      0x00,0x00,0x00,0x00,0xC0,0x01,0x00,0x00,0x00,0x00,0x60,0x0C,
      0x00,0x00,0x00,0x00,0x00,0x00,0x00,0x00,0x00,0x00,0x00,0x00,
      0x00,0x00,0x00,0x00,0x00,0x00,0x00,0x00,0x00,0x00,0x00,0x00,
      0x00,0x00,0x00,0x00,0x00,0x00,0x00,0x00,0xFE,0x03,0xFF,0x01,
      0x00,0x00,0x00,0x00,0x00,0x00,0x00,0x00,0x00,0x00,0x00,0x00,
      0x00,0x00,0x00,0x00,0x00,0x00,0x00,0x00,0x00,0x00,0x00,0x00,
      0x00,0x00,0x00,0x00,0x00,0x00,0x00,0x00,0x00,0x00,0x00,0x00,
      0x00,0x00,0x00,0x00,0x00,0x00,0x00,0x00,0x00,0x00,0x00,0x00,
      0x00,0x00,0x00,0x00,0x00,0x00,0x00,0x00,0xFE,0x03,0xFF,0x01,
      0x00,0x00,0x00,0x00,0x00,0x00,0x00,0x00,0x00,0x00,0x00,0x00,
      0x00,0x00,0x00,0x00,0x00,0x00,0x00,0x00,0x00,0x00,0x00,0x00,
      0x00,0x00,0x00,0x00,0x00,0x00,0x00,0x00,0x00,0x00,0x00,0x00,
      0x00,0x00,0x00,0x00,0x00,0x00,0x00,0x00,0x00,0x00,0x00,0x00,
      0x00,0x00,0x00,0x07,0x00,0x00,0x00,0x00,0x00,0x00,0x00,0x00,
      0x00,0x00,0x00,0x00,0x00,0x00,0x00,0x00,0x00,0x00,0x00,0x00,
      0x00,0x00,0x00,0x00,0x00,0x00,0x00,0x00,0x00,0x00,0x00,0x00,
      0x00,0x00,0x00,0x00,0x00,0x00,0x00,0x00,0x00,0x00,0x00,0x00,
      0x00,0x00,0x00,0x00,0x00,0x00,0x00,0x00,0x00,0x00,0x00,0x00,
      0x00,0x00,0x00,0x07,0x00,0x00,0x00,0x00,0x00,0x00,0x00,0x00,
      0x00,0x00,0x00,0x00,0x00,0x00,0x00,0x00,0x00,0x00,0x00,0x00,
      0x00,0x00,0x00,0x00,0x00,0x00,0x00,0x00,0x00,0x00,0x00,0x00,
      0x00,0x00,0xC0,0x01,0x18,0x03,0xC0,0x0F,0x1C,0x00,0x00,0x00,
      0x00,0x00,0x00,0x00,0x00,0x00,0x00,0x00,0x00,0x38,0x00,0x00,
      0x00,0x00,0x00,0x00,0x00,0x00,0x00,0x00,0x00,0x00,0x70,0x00,
      0x38,0x00,0xC0,0x80,0x31,0x00,0xEE,0x00,0xE0,0xC0,0x01,0x00,
      0x38,0x00,0x00,0x00,0x00,0x00,0x00,0x00,0xC0,0xE0,0xFC,0x7F,
      0x00,0x00,0x00,0x00,0x00,0x00,0xF8,0x00,0x1C,0x00,0x00,0x70,
      0x00,0xC0,0x03,0x00,0x00,0x00,0x00,0x00,0x00,0xC6,0xE0,0x3F,
      0xF0,0x1F,0xF8,0x0F,0x00,0x00,0x00,0x00,0x00,0x00,0x00,0x00,
      0x00,0x00,0x00,0x00,0x00,0x00,0x00,0xC0,0xE3,0xC0,0x01,0x00,
      0x38,0x00,0x00,0x00,0xC0,0x01,0x00,0x00,0x80,0xE1,0xFC,0x7F,
      0x00,0x00,0xE0,0x03,0xF0,0x01,0x0E,0x00,0x1C,0x00,0x00,0x00,
      0x00,0x3C,0x0F,0x00,0x00,0x00,0x00,0x00,0x00,0x00,0xE0,0xF8,
      0x70,0x7C,0x38,0x3E,0x00,0x00,0x00,0x00,0xFE,0x03,0xFF,0x01,
      0x7C,0x00,0xE0,0x03,0x1F,0x00,0xF8,0x60,0xE0,0xC0,0x01,0x00,
      0x38,0x00,0x00,0x00,0x00,0x00,0x00,0x30,0x00,0xE7,0xFC,0x7F,
      0x00,0x00,0xE0,0x03,0xF0,0x01,0x0E,0x00,0x1C,0x00,0x00,0x00,
      0x00,0x3C,0x0F,0x00,0x00,0x00,0x00,0x00,0x00,0x00,0xE0,0xF8,
      0x70,0x7C,0x38,0x3E,0x00,0x00,0x00,0x00,0xFE,0x03,0xFF,0x01,
      0x7C,0x00,0xE0,0x03,0x1F,0x00,0xF8,0x60,0xE0,0xC0,0x01,0x00,
      0x38,0x00,0x00,0x00,0x00,0x00,0x00,0x30,0x00,0xE7,0xFC,0x7F,
      0x00,0x00,0x30,0x06,0x18,0x03,0xF8,0x00,0x1C,0x00,0x3F,0x00,
      0x07,0xBC,0x1B,0x80,0x3F,0x00,0x00,0x70,0x60,0x00,0x0E,0xFE,
      0x07,0xFF,0x83,0xFF,0x81,0x03,0xC0,0x07,0xD8,0x01,0xEC,0x00,
      0xC6,0x00,0x38,0x87,0x31,0x00,0xCE,0xF9,0xE3,0xC0,0x01,0x06,
      0x38,0xFC,0x01,0xC0,0x07,0x1C,0x00,0x80,0x01,0xEE,0xFC,0x7F,
      0x00,0x00,0xE0,0x07,0xF0,0x03,0xC0,0x07,0x1C,0xE0,0x61,0x00,
      0x0E,0xF8,0x70,0xC0,0x71,0x00,0x1F,0xE0,0x60,0x00,0xCE,0x07,
      0xE4,0x03,0xF2,0x01,0xC1,0x07,0x62,0x00,0xF0,0x00,0x78,0x00,
      0x7C,0x30,0xE0,0x07,0x1F,0x08,0xF8,0x03,0xE0,0xC0,0x01,0x07,
      0x38,0x8F,0x03,0x70,0x0E,0x3E,0x60,0x80,0x03,0x38,0xFC,0x7F,
      0x00,0x00,0xE0,0x07,0xF0,0x03,0xC0,0x07,0x1C,0xE0,0x61,0x00,
      0x0E,0xF8,0x70,0xC0,0x71,0x00,0x1F,0xE0,0x60,0x00,0xCE,0x07,
      0xE4,0x03,0xF2,0x01,0xC1,0x07,0x62,0x00,0xF0,0x00,0x78,0x00,
      0x7C,0x30,0xE0,0x07,0x1F,0x08,0xF8,0x03,0xE0,0xC0,0x01,0x07,
      0x38,0x8F,0x03,0x70,0x0E,0x3E,0x60,0x80,0x03,0x38,0xFC,0x7F,
      0xFF,0xFF,0xFF,0xC1,0xFF,0xE0,0xFF,0xFF,0x07,0x78,0x7F,0xFC,
      0x07,0xBE,0x1F,0x80,0x7F,0xC1,0xF9,0x7F,0xC0,0xFF,0xE7,0x00,
      0x70,0x00,0x38,0x00,0x7E,0xFC,0xC3,0x81,0xDF,0xFF,0xEF,0xFF,
      0xC7,0x1F,0x00,0xFF,0xF1,0x0F,0xC0,0xFF,0xFF,0x7F,0x7E,0x07,
      0xF8,0xFB,0x1E,0xFC,0xF7,0xE3,0x77,0x80,0x03,0xE7,0xFC,0x7F,
      0xFF,0xFF,0xFF,0xC1,0xFF,0xE0,0xFF,0xFF,0x07,0x78,0x7F,0xFC,
      0x07,0xBE,0x1F,0x80,0x7F,0xC1,0xF9,0x7F,0xC0,0xFF,0xE7,0x00,
      0x70,0x00,0x38,0x00,0x7E,0xFC,0xC3,0x81,0xDF,0xFF,0xEF,0xFF,
      0xC7,0x1F,0x00,0xFF,0xF1,0x0F,0xC0,0xFF,0xFF,0x7F,0x7E,0x07,
      0xF8,0xFB,0x1E,0xFC,0xF7,0xE3,0x77,0x80,0x03,0xE7,0xFC,0x7F,
      0x00,0x00,0x00,0x00,0x00,0x00,0x00,0x00,0x00,0x00,0x00,0x00,
      0x00,0x00,0x00,0x00,0xB8,0x01,0x03,0x00,0x00,0x00,0xE0,0x38,
      0x70,0x00,0x38,0x00,0x00,0x00,0x83,0x07,0x00,0x00,0x00,0x00,
      0x00,0xF0,0xFF,0x07,0x00,0x38,0xE0,0x00,0x00,0x00,0x00,0xF8,
      0x1F,0x00,0x00,0x0C,0x00,0x00,0xE0,0xC0,0x81,0xFF,0xFC,0x7F,
      0x00,0x00,0x00,0x00,0x00,0x00,0x00,0x00,0x00,0x00,0x00,0x00,
      0x00,0x00,0x00,0x00,0x8C,0x01,0x86,0x73,0x00,0x00,0xE0,0x00,
      0x77,0x80,0x3B,0xC0,0x9D,0x03,0xFE,0x03,0x00,0x00,0x00,0x00,
      0x00,0x00,0x00,0x00,0x00,0xF0,0x3F,0x00,0x00,0x00,0x00,0x00,
      0x00,0x00,0x00,0x0C,0x00,0x00,0x80,0x7F,0x00,0x00,0xFC,0x7F,
      0x00,0x00,0x00,0x00,0x00,0x00,0x00,0x00,0x00,0x00,0x00,0x00,
      0x00,0x00,0x00,0xFC,0x07,0xFF,0x03,0x00,0x00,0x00,0xC0,0xFF,
      0xE3,0xFF,0xF1,0xFF,0x00,0x00,0x00,0x00,0x00,0x00,0x00,0x00,
      0x00,0x00,0x00,0x00,0x00,0x00,0x00,0x00,0x00,0x00,0x00,0x00,
      0x00,0x00,0x00,0x0C,0x00,0x00,0x00,0x00,0x00,0x00,0x00,0x00,
      0x00,0x00,0x00,0x00,0x00,0x00,0x00,0x00,0x00,0x00,0x00,0x00,
      0x00,0x00,0x00,0xFC,0x07,0xFF,0x03,0x00,0x00,0x00,0xC0,0xFF,
      0xE3,0xFF,0xF1,0xFF,0x00,0x00,0x00,0x00,0x00,0x00,0x00,0x00,
      0x00,0x00,0x00,0x00,0x00,0x00,0x00,0x00,0x00,0x00,0x00,0x00,
      0x00,0x00,0x00,0x0C,0x00,0x00,0x00,0x00,0x00,0x00,0x00,0x00,
      0x00,0x00,0x00,0x00,0x00,0x00,0x78,0x00,0xC0,0x03,0x00,0x80,
      0x07,0x00,0x78,0x00,0x00,0x00,0x00,0x00,0x00,0x00,0x00,0x00,
      0x00,0x00,0x00,0x00,0x00,0x00,0x00,0x00,0x00,0x00,0x00,0x00,
      0x00,0x00,0x00,0x00,0x00,0x00,0x00,0x00,0x00,0x00,0x00,0x00,
      0x00,0x00,0x00,0x70,0x00,0x00,0x00,0x00,0x00,0x00,0x00,0x00,
      0x00,0x00,0x00,0x00,0x00,0x00,0x78,0x00,0xC0,0x03,0x00,0x80,
      0x07,0x00,0x78,0x00,0x00,0x00,0x00,0x00,0x00,0x00,0x00,0x00,
      0x00,0x00,0x00,0x00,0x00,0x00,0x00,0x00,0x00,0x00,0x00,0x00,
      0x00,0x00,0x00,0x00,0x00,0x00,0x00,0x00,0x00,0x00,0x00,0x00,
      0x00,0x00,0x00,0x70,0x00,0x00,0x00,0x00,0x00,0x00,0x00,0x00,
      0x00,0x00,0x00,0x00,0xFF,0x01,0x0C,0x00,0x60,0x00,0x0E,0xC0,
      0x00,0x00,0x0C,0x00,0x00,0x00,0x00,0x00,0x00,0x00,0x00,0x00,
      0x00,0x00,0x00,0x07,0x78,0xF8,0x00,0x00,0xE0,0x00,0xFF,0xC1,
      0x39,0x07,0x3F,0x00,0x00,0xF0,0x3F,0x1C,0x70,0xC0,0x01,0xF8,
      0x01,0xE0,0x00,0x00,0xE0,0xC0,0x00,0x00,0x00,0x00,0x00,0x00,
      0x00,0x00,0xE0,0x03,0x00,0x00,0x7E,0x00,0xF8,0x03,0x0E,0xF0,
      0x07,0x00,0x7F,0x00,0x00,0x00,0x80,0xFF,0x00,0x00,0x00,0x00,
      0x00,0x00,0x70,0x30,0x1E,0x0F,0x00,0x00,0xE0,0x80,0x07,0xC0,
      0xFF,0xC7,0x01,0x00,0x00,0x00,0x30,0x38,0x18,0xE0,0x03,0x0E,
      0x03,0x00,0x00,0xF8,0xC0,0xE1,0x00,0x00,0x00,0x30,0x00,0x00,
      0x00,0x00,0x30,0x00,0x70,0x00,0x00,0x00,0x00,0x00,0x0E,0x00,
      0x00,0x00,0x00,0xF0,0x03,0xFE,0x80,0xE3,0x03,0x00,0x00,0x00,
      0x00,0x00,0x00,0x00,0xC0,0x03,0xE0,0x01,0xE0,0x80,0x03,0xC0,
      0x01,0x00,0x03,0x80,0x3F,0x00,0x30,0x38,0x18,0x30,0x06,0xF8,
      0x03,0xFC,0x03,0x0C,0x00,0xFB,0x00,0x3F,0x80,0x3F,0xE0,0x0F,
      0x00,0x00,0x30,0x00,0x70,0x00,0x00,0x00,0x00,0x00,0x0E,0x00,
      0x00,0x00,0x00,0xF0,0x03,0xFE,0x80,0xE3,0x03,0x00,0x00,0x00,
      0x00,0x00,0x00,0x00,0xC0,0x03,0xE0,0x01,0xE0,0x80,0x03,0xC0,
      0x01,0x00,0x03,0x80,0x3F,0x00,0x30,0x38,0x18,0x30,0x06,0xF8,
      0x03,0xFC,0x03,0x0C,0x00,0xFB,0x00,0x3F,0x80,0x3F,0xE0,0x0F,
      0x00,0x00,0x30,0x00,0x70,0x00,0x38,0x00,0xF8,0x03,0x0E,0x00,
      0x07,0x00,0x7C,0x1C,0x06,0xC7,0x01,0xF8,0x1F,0x38,0x00,0x1C,
      0x18,0x80,0x03,0x00,0x00,0x0F,0xE0,0x01,0xE0,0x80,0x03,0xC0,
      0x01,0x00,0x1E,0xE0,0x60,0x00,0x30,0x60,0x0C,0x30,0x06,0x00,
      0x03,0xF8,0x01,0x0C,0x00,0xDE,0x80,0x61,0xC0,0x30,0x38,0x18,
      0x00,0x00,0xE0,0x07,0x70,0x00,0x38,0x00,0x1C,0x07,0x0E,0x00,
      0x0E,0x06,0xE7,0x00,0x0C,0x00,0x07,0x1F,0x10,0x70,0x00,0x3E,
      0x18,0x80,0x03,0xF0,0x00,0x78,0xE0,0x01,0xE0,0x00,0x07,0xC0,
      0x01,0x00,0x06,0x70,0xC0,0x01,0x30,0x60,0x0C,0x1C,0x0C,0x00,
      0x03,0x70,0x0F,0xF8,0x01,0xC6,0x80,0x31,0x70,0xF8,0x1C,0x70,
      0x00,0x00,0xE0,0x07,0x70,0x00,0x38,0x00,0x1C,0x07,0x0E,0x00,
      0x0E,0x06,0xE7,0x00,0x0C,0x00,0x07,0x1F,0x10,0x70,0x00,0x3E,
      0x18,0x80,0x03,0xF0,0x00,0x78,0xE0,0x01,0xE0,0x00,0x07,0xC0,
      0x01,0x00,0x06,0x70,0xC0,0x01,0x30,0x60,0x0C,0x1C,0x0C,0x00,
      0x03,0x70,0x0F,0xF8,0x01,0xC6,0x80,0x31,0x70,0xF8,0x1C,0x70,
      0x00,0x00,0x30,0x00,0x70,0x00,0x38,0x00,0xF8,0x07,0x00,0xFC,
      0x07,0x06,0x8C,0xFF,0x8F,0xFF,0xBF,0x83,0xE2,0x3F,0xF0,0xE3,
      0xF7,0xFF,0x01,0xF0,0xFF,0xFF,0x00,0x00,0xE0,0x00,0x0C,0xC0,
      0x01,0x00,0x03,0xE0,0x60,0x00,0x30,0xC0,0x07,0x1C,0x0C,0x00,
      0x03,0x18,0x1C,0x0C,0x00,0x83,0xFB,0xFF,0xC3,0xDF,0xF9,0x1F,
      0x00,0x00,0x30,0x00,0x70,0x00,0x38,0x00,0xF8,0x07,0x00,0xFC,
      0x07,0x06,0x8C,0xFF,0x8F,0xFF,0xBF,0x83,0xE2,0x3F,0xF0,0xE3,
      0xF7,0xFF,0x01,0xF0,0xFF,0xFF,0x00,0x00,0xE0,0x00,0x0C,0xC0,
      0x01,0x00,0x03,0xE0,0x60,0x00,0x30,0xC0,0x07,0x1C,0x0C,0x00,
      0x03,0x18,0x1C,0x0C,0x00,0x83,0xFB,0xFF,0xC3,0xDF,0xF9,0x1F,
      0x00,0x00,0x18,0x00,0x70,0x00,0x38,0x00,0x80,0x03,0x1E,0x00,
      0x00,0xFC,0x07,0x00,0x00,0x00,0x80,0x03,0x01,0x00,0x00,0x00,
      0x00,0x00,0x00,0xE0,0x00,0x00,0x00,0x00,0xE0,0x00,0x18,0xC0,
      0x01,0x00,0xFF,0x80,0x3F,0x00,0x30,0x80,0x03,0x0E,0x38,0x00,
      0x03,0x0C,0x00,0x06,0xE0,0x01,0x80,0x31,0x00,0x00,0x00,0x00,
      0x00,0x00,0x18,0x00,0x00,0x00,0x00,0x00,0xC0,0x00,0x03,0x00,
      0x00,0x00,0x00,0x1C,0x0C,0x0E,0x86,0x03,0xDC,0xC1,0xC0,0xC1,
      0xE0,0x60,0x00,0x30,0x00,0x00,0x00,0x00,0x00,0x00,0x00,0x00,
      0x00,0x00,0x00,0x00,0x00,0x00,0x00,0x00,0x00,0x00,0x00,0x00,
      0x00,0x0C,0x00,0x06,0x00,0x00,0x80,0x61,0x00,0x00,0x00,0x00,
      0x00,0x00,0xF0,0x1F,0x00,0x00,0x00,0x00,0x7F,0x80,0x1F,0x00,
      0x00,0x00,0x00,0xC0,0x01,0xE0,0x00,0xFF,0x0F,0x0C,0x00,0x1C,
      0x00,0x0E,0xF0,0x1F,0x00,0x00,0x00,0x00,0x00,0x00,0x00,0x00,
      0x00,0x00,0x00,0x00,0x00,0x00,0x00,0x00,0x00,0x00,0x00,0x00,
      0x00,0xF8,0x0F,0xFC,0x07,0x00,0x00,0x3F,0x00,0x00,0x00,0x00,
      0x00,0x00,0xF0,0x1F,0x00,0x00,0x00,0x00,0x7F,0x80,0x1F,0x00,
      0x00,0x00,0x00,0xC0,0x01,0xE0,0x00,0xFF,0x0F,0x0C,0x00,0x1C,
      0x00,0x0E,0xF0,0x1F,0x00,0x00,0x00,0x00,0x00,0x00,0x00,0x00,
      0x00,0x00,0x00,0x00,0x00,0x00,0x00,0x00,0x00,0x00,0x00,0x00,
      0x00,0xF8,0x0F,0xFC,0x07,0x00,0x00,0x3F,0x00,0x00,0x00,0x00,
      0x00,0x80,0x3F,0x00,0xE0,0xFF,0xFF,0x0F,0x00,0xF8,0x03,0x00,
      0xFE,0xFF,0xFF,0x00,0x80,0x3F,0x00,0xE0,0xFF,0xFF,0x0F,0x00,
      0xF8,0x03,0x00,0xFE,0xFF,0xFF,0x00,0x80,0x3F,0x00,0xE0,0xFF,
      0xFF,0x0F,0x00,0xF8,0x03,0x00,0xFE,0xFF,0xFF,0x00,0x80,0x3F,
      0x00,0xE0,0xFF,0xFF,0x0F,0x00,0xF8,0x03,0x00,0xFE,0xFF,0xFF,
      0x00,0x80,0x3F,0x00,0xE0,0xFF,0xFF,0x0F,0x00,0xF8,0x03,0x00,
      0xFE,0xFF,0xFF,0x00,0x80,0x3F,0x00,0xE0,0xFF,0xFF,0x0F,0x00,
      0xF8,0x03,0x00,0xFE,0xFF,0xFF,0x00,0x80,0x3F,0x00,0xE0,0xFF,
      0xFF,0x0F,0x00,0xF8,0x03,0x00,0xFE,0xFF,0xFF,0x00,0x80,0x3F,
      0x00,0xE0,0xFF,0xFF,0x0F,0x00,0xF8,0x03,0x00,0xFE,0xFF,0xFF,
      0x00,0x80,0x3F,0x00,0xE0,0xFF,0xFF,0x0F,0x00,0xF8,0x03,0x00,
      0xFE,0xFF,0xFF,0x00,0x80,0x3F,0x00,0xE0,0xFF,0xFF,0x0F,0x00,
      0xF8,0x03,0x00,0xFE,0xFF,0xFF,0x00,0x80,0x3F,0x00,0xE0,0xFF,
      0xFF,0x0F,0x00,0xF8,0x03,0x00,0xFE,0xFF,0xFF,0x00,0x80,0x3F,
      0x00,0xE0,0xFF,0xFF,0x0F,0x00,0xF8,0x03,0x00,0xFE,0xFF,0xFF,
      0x00,0x80,0x3F,0x00,0xE0,0xFF,0xFF,0x0F,0x00,0xF8,0x03,0x00,
      0xFE,0xFF,0xFF,0x00,0x80,0x3F,0x00,0xE0,0xFF,0xFF,0x0F,0x00,
      0xF8,0x03,0x00,0xFE,0xFF,0xFF,0x00,0x80,0x3F,0x00,0xE0,0xFF,
      0xFF,0x0F,0x00,0xF8,0x03,0x00,0xFE,0xFF,0xFF,0x00,0x80,0x3F,
      0x00,0xE0,0xFF,0xFF,0x0F,0x00,0xF8,0x03,0x00,0xFE,0xFF,0xFF,
      0x00,0x00,0x00,0x00,0x00,0x00,0x00,0xF0,0x07,0xF8,0x03,0xFC,
      0x01,0xFE,0x00,0x80,0x7F,0xC0,0x3F,0xE0,0x1F,0xF0,0xFF,0xFF,
      0xFF,0xFF,0xFF,0xFF,0xFF,0xFF,0x00,0x00,0x00,0x00,0x00,0x00,
      0x00,0xF0,0x07,0xF8,0x03,0xFC,0x01,0xFE,0x00,0x80,0x7F,0xC0,
      0x3F,0xE0,0x1F,0xF0,0xFF,0xFF,0xFF,0xFF,0xFF,0xFF,0xFF,0xFF,
      0x00,0x00,0x00,0x00,0x00,0x00,0x00,0xF0,0x07,0xF8,0x03,0xFC,
      0x01,0xFE,0x00,0x80,0x7F,0xC0,0x3F,0xE0,0x1F,0xF0,0xFF,0xFF,
      0xFF,0xFF,0xFF,0xFF,0xFF,0xFF,0x00,0x00,0x00,0x00,0x00,0x00,
      0x00,0xF0,0x07,0xF8,0x03,0xFC,0x01,0xFE,0x00,0x80,0x7F,0xC0,
      0x3F,0xE0,0x1F,0xF0,0xFF,0xFF,0xFF,0xFF,0xFF,0xFF,0xFF,0xFF,
      0x00,0x00,0x00,0x00,0x00,0x00,0x00,0xF0,0x07,0xF8,0x03,0xFC,
      0x01,0xFE,0x00,0x80,0x7F,0xC0,0x3F,0xE0,0x1F,0xF0,0xFF,0xFF,
      0xFF,0xFF,0xFF,0xFF,0xFF,0xFF,0x00,0x00,0x00,0x00,0x00,0x00,
      0x00,0xF0,0x07,0xF8,0x03,0xFC,0x01,0xFE,0x00,0x80,0x7F,0xC0,
      0x3F,0xE0,0x1F,0xF0,0xFF,0xFF,0xFF,0xFF,0xFF,0xFF,0xFF,0xFF,
      0x00,0x00,0x00,0x00,0x00,0x00,0x00,0xF0,0x07,0xF8,0x03,0xFC,
      0x01,0xFE,0x00,0x80,0x7F,0xC0,0x3F,0xE0,0x1F,0xF0,0xFF,0xFF,
      0xFF,0xFF,0xFF,0xFF,0xFF,0xFF,0x00,0x00,0x00,0x00,0x00,0x00,
      0x00,0xF0,0x07,0xF8,0x03,0xFC,0x01,0xFE,0x00,0x80,0x7F,0xC0,
      0x3F,0xE0,0x1F,0xF0,0xFF,0xFF,0xFF,0xFF,0xFF,0xFF,0xFF,0xFF,
      0x00,0x00,0x00,0x00,0x00,0x00,0x00,0xF0,0x07,0xF8,0x03,0xFC,
      0x01,0xFE,0x00,0x80,0x7F,0xC0,0x3F,0xE0,0x1F,0xF0,0xFF,0xFF,
      0xFF,0xFF,0xFF,0xFF,0xFF,0xFF,0x00,0x00,0x00,0x00,0x00,0x00,
      0x00,0xF0,0x07,0xF8,0x03,0xFC,0x01,0xFE,0x00,0x80,0x7F,0xC0,
      0x3F,0xE0,0x1F,0xF0,0xFF,0xFF,0xFF,0xFF,0xFF,0xFF,0xFF,0xFF,
      0x00,0x00,0x00,0x00,0x00,0x00,0x00,0xF0,0x07,0xF8,0x03,0xFC,
      0x01,0xFE,0x00,0x80,0x7F,0xC0,0x3F,0xE0,0x1F,0xF0,0xFF,0xFF,
      0xFF,0xFF,0xFF,0xFF,0xFF,0xFF,0x00,0x00,0x00,0x00,0x00,0x00,
      0x00,0xF0,0x07,0xF8,0x03,0xFC,0x01,0xFE,0x00,0x80,0x7F,0xC0,
      0x3F,0xE0,0x1F,0xF0,0xFF,0xFF,0xFF,0xFF,0xFF,0xFF,0xFF,0xFF,
      0x00,0x00,0x00,0x00,0x00,0x00,0x00,0xF0,0x07,0xF8,0x03,0xFC,
      0x01,0xFE,0x00,0x80,0x7F,0xC0,0x3F,0xE0,0x1F,0xF0,0xFF,0xFF,
      0xFF,0xFF,0xFF,0xFF,0xFF,0xFF,0x00,0x00,0x00,0x00,0x00,0x00,
      0x00,0xF0,0x07,0xF8,0x03,0xFC,0x01,0xFE,0x00,0x80,0x7F,0xC0,
      0x3F,0xE0,0x1F,0xF0,0xFF,0xFF,0xFF,0xFF,0xFF,0xFF,0xFF,0xFF,
      0x00,0x00,0x00,0x00,0x00,0x00,0x00,0x00,0x00,0x00,0x00,0x00,
      0x00,0x00,0x00,0x00,0x00,0x00,0x00,0x00,0x00,0x00,0x00,0x00,
      0x00,0x00,0x00,0x00,0x00,0x00,0x7F,0x80,0x3F,0xC0,0x1F,0xE0,
      0x0F,0xF0,0x07,0xF8,0x03,0xFC,0x01,0xFE,0x00,0x7F,0x80,0x3F,
      0xC0,0x1F,0xE0,0x0F,0xF0,0x07,0xF8,0x03,0xFC,0x01,0xFE,0x00,
      0x00,0x00,0x00,0x00,0x00,0x00,0x00,0x00,0x00,0x00,0x00,0x00,
      0x00,0x00,0x00,0x00,0x00,0x00,0x00,0x00,0x00,0x00,0x00,0x00,
      0x00,0x00,0x00,0x00,0x00,0x00,0x7F,0x80,0x3F,0xC0,0x1F,0xE0,
      0x0F,0xF0,0x07,0xF8,0x03,0xFC,0x01,0xFE,0x00,0x7F,0x80,0x3F,
      0xC0,0x1F,0xE0,0x0F,0xF0,0x07,0xF8,0x03,0xFC,0x01,0xFE,0x00,
      0x00,0x00,0x00,0x00,0x00,0x00,0x00,0x00,0x00,0x00,0x00,0x00,
      0x00,0x00,0x00,0x00,0x00,0x00,0x00,0x00,0x00,0x00,0x00,0x00,
      0x00,0x00,0x00,0x00,0x00,0x00,0x7F,0x80,0x3F,0xC0,0x1F,0xE0,
      0x0F,0xF0,0x07,0xF8,0x03,0xFC,0x01,0xFE,0x00,0x7F,0x80,0x3F,
      0xC0,0x1F,0xE0,0x0F,0xF0,0x07,0xF8,0x03,0xFC,0x01,0xFE,0x00,
      0x00,0x00,0x00,0x00,0x00,0x00,0x00,0x00,0x00,0x00,0x00,0x00,
      0x00,0x00,0x00,0x00,0x00,0x00,0x00,0x00,0x00,0x00,0x00,0x00,
      0x00,0x00,0x00,0x00,0x00,0x00,0x7F,0x80,0x3F,0xC0,0x1F,0xE0,
      0x0F,0xF0,0x07,0xF8,0x03,0xFC,0x01,0xFE,0x00,0x7F,0x80,0x3F,
      0xC0,0x1F,0xE0,0x0F,0xF0,0x07,0xF8,0x03,0xFC,0x01,0xFE,0x00,
      0x00,0x80,0x1F,0x00,0xE0,0xEF,0xF7,0x07,0x00,0xF8,0x01,0x00,
      0xFE,0x7E,0x7F,0x00,0x80,0x1F,0x00,0xE0,0xEF,0xF7,0x07,0x00,
      0xF8,0x01,0x00,0xFE,0x7E,0xFF,0x00,0x80,0x1F,0x00,0xE0,0xEF,
      0xF7,0x07,0x00,0xF8,0x01,0x00,0xFE,0x7E,0x7F,0x00,0x80,0x1F,
      0x00,0xE0,0xEF,0xF7,0x07,0x00,0xF8,0x01,0x00,0xFE,0x7E,0x7F,
      0x00,0x80,0x1F,0x00,0xE0,0xEF,0xF7,0x07,0x00,0xF8,0x01,0x00,
      0xFE,0x7E,0x7F,0x00,0x80,0x1F,0x00,0xE0,0xEF,0xF7,0x07,0x00,
      0xF8,0x01,0x00,0xFE,0x7E,0xFF,0x00,0x80,0x1F,0x00,0xE0,0xEF,
      0xF7,0x07,0x00,0xF8,0x01,0x00,0xFE,0x7E,0x7F,0x00,0x80,0x1F,
      0x00,0xE0,0xEF,0xF7,0x07,0x00,0xF8,0x01,0x00,0xFE,0x7E,0x7F,
      0x00,0x80,0x1F,0x00,0xE0,0xEF,0xF7,0x07,0x00,0xF8,0x01,0x00,
      0xFE,0x7E,0x7F,0x00,0x80,0x1F,0x00,0xE0,0xEF,0xF7,0x07,0x00,
      0xF8,0x01,0x00,0xFE,0x7E,0xFF,0x00,0x80,0x1F,0x00,0xE0,0xEF,
      0xF7,0x07,0x00,0xF8,0x01,0x00,0xFE,0x7E,0x7F,0x00,0x80,0x1F,
      0x00,0xE0,0xEF,0xF7,0x07,0x00,0xF8,0x01,0x00,0xFE,0x7E,0x7F,
      0x00,0x00,0x00,0x00,0x00,0x00,0x00,0x00,0x00,0x00,0x00,0x00,
      0x00,0x00,0x00,0x00,0x00,0x00,0x00,0x00,0x00,0x00,0x00,0x00,
      0x00,0x00,0x00,0x00,0x00,0x00,0x00,0x00,0x00,0x00,0x00,0x00,
      0x00,0x00,0x00,0x00,0x00,0x00,0x00,0x00,0x00,0x00,0x00,0x00,
      0x00,0x00,0x00,0x00,0x00,0x00,0x00,0x00,0x00,0x00,0x00,0x00,
      0x00,0x00,0x00,0x00,0x00,0x00,0x00,0xF0,0x03,0xF8,0x01,0xFC,
      0x00,0x7E,0x00,0x80,0x3F,0xC0,0x1F,0xE0,0x0F,0xF0,0xF7,0xFB,
      0xFB,0xFD,0xFD,0xFE,0x7E,0x7F,0x00,0x00,0x00,0x00,0x00,0x00,
      0x00,0xF0,0x03,0xF8,0x01,0xFC,0x00,0x7E,0x00,0x80,0x3F,0xC0,
      0x1F,0xE0,0x0F,0xF0,0xF7,0xFB,0xFB,0xFD,0xFD,0xFE,0x7E,0x7F,
      0x00,0x00,0x00,0x00,0x00,0x00,0x00,0xF0,0x03,0xF8,0x01,0xFC,
      0x00,0x7E,0x00,0x80,0x3F,0xC0,0x1F,0xE0,0x0F,0xF0,0xF7,0xFB,
      0xFB,0xFD,0xFD,0xFE,0x7E,0x7F,0x00,0x00,0x00,0x00,0x00,0x00,
      0x00,0xF0,0x03,0xF8,0x01,0xFC,0x00,0x7E,0x00,0x80,0x3F,0xC0,
      0x1F,0xE0,0x0F,0xF0,0xF7,0xFB,0xFB,0xFD,0xFD,0xFE,0x7E,0x7F,
      0x00,0x00,0x00,0x00,0x00,0x00,0x00,0xF0,0x03,0xF8,0x01,0xFC,
      0x00,0x7E,0x00,0x80,0x3F,0xC0,0x1F,0xE0,0x0F,0xF0,0xF7,0xFB,
      0xFB,0xFD,0xFD,0xFE,0x7E,0x7F,0x00,0x00,0x00,0x00,0x00,0x00,
      0x00,0xF0,0x03,0xF8,0x01,0xFC,0x00,0x7E,0x00,0x80,0x3F,0xC0,
      0x1F,0xE0,0x0F,0xF0,0xF7,0xFB,0xFB,0xFD,0xFD,0xFE,0x7E,0x7F,
      0x00,0x00,0x00,0x00,0x00,0x00,0x00,0xF0,0x03,0xF8,0x01,0xFC,
      0x00,0x7E,0x00,0x80,0x3F,0xC0,0x1F,0xE0,0x0F,0xF0,0xF7,0xFB,
      0xFB,0xFD,0xFD,0xFE,0x7E,0x7F,0x00,0x00,0x00,0x00,0x00,0x00,
      0x00,0xF0,0x03,0xF8,0x01,0xFC,0x00,0x7E,0x00,0x80,0x3F,0xC0,
      0x1F,0xE0,0x0F,0xF0,0xF7,0xFB,0xFB,0xFD,0xFD,0xFE,0x7E,0x7F,
      0x00,0x00,0x00,0x00,0x00,0x00,0x00,0xF0,0x03,0xF8,0x01,0xFC,
      0x00,0x7E,0x00,0x80,0x3F,0xC0,0x1F,0xE0,0x0F,0xF0,0xF7,0xFB,
      0xFB,0xFD,0xFD,0xFE,0x7E,0x7F,0x00,0x00,0x00,0x00,0x00,0x00,
      0x00,0xF0,0x03,0xF8,0x01,0xFC,0x00,0x7E,0x00,0x80,0x3F,0xC0,
      0x1F,0xE0,0x0F,0xF0,0xF7,0xFB,0xFB,0xFD,0xFD,0xFE,0x7E,0x7F,
      0x00,0x00,0x00,0x00,0x00,0x00,0x00,0x00,0x00,0x00,0x00,0x00,
      0x00,0x00,0x00,0x00,0x00,0x00,0x00,0x00,0x00,0x00,0x00,0x00,
      0x00,0x00,0x00,0x00,0x00,0x00,0x00,0x00,0x00,0x00,0x00,0x00,
      0x00,0x00,0x00,0x00,0x00,0x00,0x00,0x00,0x00,0x00,0x00,0x00,
      0x00,0x00,0x00,0x00,0x00,0x00,0x00,0x00,0x00,0x00,0x00,0x00,
      0x00,0x00,0x00,0x00,0x00,0x00,0x00,0x00,0x00,0x00,0x00,0x00,
      0x00,0x00,0x00,0x00,0x00,0x00,0x00,0x00,0x00,0x00,0x00,0x00,
      0x00,0x00,0x00,0x00,0x00,0x00,0x00,0x00,0x00,0x00,0x00,0x00,
      0x00,0x00,0x00,0x00,0x00,0x00,0x00,0x00,0x00,0x00,0x00,0x00,
      0x00,0x00,0x00,0x00,0x00,0x00,0x00,0x00,0x00,0x00,0x00,0x00,
      0x00,0x00,0x00,0x00,0x00,0x00,0x00,0x00,0x00,0x00,0x00,0x00,
      0x00,0x00,0x00,0x00,0x00,0x00,0x00,0x00,0x00,0x00,0x00,0x00,
      0x00,0x00,0x00,0x00,0x00,0x00,0x3F,0x80,0x1F,0xC0,0x0F,0xE0,
      0x07,0xF0,0x03,0xF8,0x01,0xFC,0x00,0x7E,0x00,0x3F,0x80,0x1F,
      0xC0,0x0F,0xE0,0x07,0xF0,0x03,0xF8,0x01,0xFC,0x00,0x7E,0x00,
      0x00,0x00,0x00,0x00,0x00,0x00,0x00,0x00,0x00,0x00,0x00,0x00,
      0x00,0x00,0x00,0x00,0x00,0x00,0x00,0x00,0x00,0x00,0x00,0x00,
      0x00,0x00,0x00,0x00,0x00,0x00,0x3F,0x80,0x1F,0xC0,0x0F,0xE0,
      0x07,0xF0,0x03,0xF8,0x01,0xFC,0x00,0x7E,0x00,0x3F,0x80,0x1F,
      0xC0,0x0F,0xE0,0x07,0xF0,0x03,0xF8,0x01,0xFC,0x00,0x7E,0x00,
      0x00,0x00,0x00,0x00,0x00,0x00,0x00,0x00,0x00,0x00,0x00,0x00,
      0x00,0x00,0x00,0x00,0x00,0x00,0x00,0x00,0x00,0x00,0x00,0x00,
      0x00,0x00,0x00,0x00,0x00,0x00,0x00,0x00,0x00,0x00,0x00,0x00,
      0x00,0x00,0x00,0x00,0x00,0x00,0x00,0x00,0x00,0x00,0x00,0x00,
      0x00,0x00,0x00,0x00,0x00,0x00,0x00,0x00,0x00,0x00,0x00,0x00,
      0x00,0x00,0x00,0x00,0x00,0x00,0x00,0x00,0x00,0x00,0x00,0x00,
      0x00,0x00,0x00,0x00,0x00,0x00,0x00,0x00,0x00,0x00,0x00,0x00,
      0x00,0x00,0x00,0x00,0x00,0x00,0x00,0x00,0x00,0x00,0x00,0x00,
      0x00,0x00,0x00,0x00,0x00,0x00,0x00,0x00,0x00,0x00,0x00,0x00,
      0x00,0x00,0x00,0x00,0x00,0x00,0x00,0x00,0x00,0x00,0x00,0x00,
      0x00,0x80,0x3F,0x00,0xE0,0xFF,0xFF,0x0F,0x00,0xF8,0x03,0x00,
      0xFE,0xFF,0xFF,0x00,0x80,0x3F,0x00,0xE0,0xFF,0xFF,0x0F,0x00,
      0xF8,0x03,0x00,0xFE,0xFF,0xFF,0x00,0x80,0x3F,0x00,0xE0,0xFF,
      0xFF,0x0F,0x00,0xF8,0x03,0x00,0xFE,0xFF,0xFF,0x00,0x80,0x3F,
      0x00,0xE0,0xFF,0xFF,0x0F,0x00,0xF8,0x03,0x00,0xFE,0xFF,0xFF,
      0x00,0x80,0x3F,0x00,0xE0,0xFF,0xFF,0x0F,0x00,0xF8,0x03,0x00,
      0xFE,0xFF,0xFF,0x00,0x80,0x3F,0x00,0xE0,0xFF,0xFF,0x0F,0x00,
      0xF8,0x03,0x00,0xFE,0xFF,0xFF,0x00,0x80,0x3F,0x00,0xE0,0xFF,
      0xFF,0x0F,0x00,0xF8,0x03,0x00,0xFE,0xFF,0xFF,0x00,0x80,0x3F,
      0x00,0xE0,0xFF,0xFF,0x0F,0x00,0xF8,0x03,0x00,0xFE,0xFF,0xFF,
      0x00,0x80,0x3F,0x00,0xE0,0xFF,0xFF,0x0F,0x00,0xF8,0x03,0x00,
      0xFE,0xFF,0xFF,0x00,0x80,0x3F,0x00,0xE0,0xFF,0xFF,0x0F,0x00,
      0xF8,0x03,0x00,0xFE,0xFF,0xFF,0x00,0x80,0x3F,0x00,0xE0,0xFF,
      0xFF,0x0F,0x00,0xF8,0x03,0x00,0xFE,0xFF,0xFF,0x00,0x80,0x3F,
      0x00,0xE0,0xFF,0xFF,0x0F,0x00,0xF8,0x03,0x00,0xFE,0xFF,0xFF,
      0x00,0x80,0x3F,0x00,0xE0,0xFF,0xFF,0x0F,0x00,0xF8,0x03,0x00,
      0xFE,0xFF,0xFF,0x00,0x80,0x3F,0x00,0xE0,0xFF,0xFF,0x0F,0x00,
      0xF8,0x03,0x00,0xFE,0xFF,0xFF,0x00,0x80,0x3F,0x00,0xE0,0xFF,
      0xFF,0x0F,0x00,0xF8,0x03,0x00,0xFE,0xFF,0xFF,0x00,0x80,0x3F,
      0x00,0xE0,0xFF,0xFF,0x0F,0x00,0xF8,0x03,0x00,0xFE,0xFF,0xFF,
      0x00,0x00,0x00,0x00,0x00,0x00,0x00,0xF0,0x07,0xF8,0x03,0xFC,
      0x01,0xFE,0x00,0x80,0x7F,0xC0,0x3F,0xE0,0x1F,0xF0,0xFF,0xFF,
      0xFF,0xFF,0xFF,0xFF,0xFF,0xFF,0x00,0x00,0x00,0x00,0x00,0x00,
      0x00,0xF0,0x07,0xF8,0x03,0xFC,0x01,0xFE,0x00,0x80,0x7F,0xC0,
      0x3F,0xE0,0x1F,0xF0,0xFF,0xFF,0xFF,0xFF,0xFF,0xFF,0xFF,0xFF,
      0x00,0x00,0x00,0x00,0x00,0x00,0x00,0xF0,0x07,0xF8,0x03,0xFC,
      0x01,0xFE,0x00,0x80,0x7F,0xC0,0x3F,0xE0,0x1F,0xF0,0xFF,0xFF,
      0xFF,0xFF,0xFF,0xFF,0xFF,0xFF,0x00,0x00,0x00,0x00,0x00,0x00,
      0x00,0xF0,0x07,0xF8,0x03,0xFC,0x01,0xFE,0x00,0x80,0x7F,0xC0,
      0x3F,0xE0,0x1F,0xF0,0xFF,0xFF,0xFF,0xFF,0xFF,0xFF,0xFF,0xFF,
      0x00,0x00,0x00,0x00,0x00,0x00,0x00,0xF0,0x07,0xF8,0x03,0xFC,
      0x01,0xFE,0x00,0x80,0x7F,0xC0,0x3F,0xE0,0x1F,0xF0,0xFF,0xFF,
      0xFF,0xFF,0xFF,0xFF,0xFF,0xFF,0x00,0x00,0x00,0x00,0x00,0x00,
      0x00,0xF0,0x07,0xF8,0x03,0xFC,0x01,0xFE,0x00,0x80,0x7F,0xC0,
      0x3F,0xE0,0x1F,0xF0,0xFF,0xFF,0xFF,0xFF,0xFF,0xFF,0xFF,0xFF,
      0x00,0x00,0x00,0x00,0x00,0x00,0x00,0xF0,0x07,0xF8,0x03,0xFC,
      0x01,0xFE,0x00,0x80,0x7F,0xC0,0x3F,0xE0,0x1F,0xF0,0xFF,0xFF,
      0xFF,0xFF,0xFF,0xFF,0xFF,0xFF,0x00,0x00,0x00,0x00,0x00,0x00,
      0x00,0xF0,0x07,0xF8,0x03,0xFC,0x01,0xFE,0x00,0x80,0x7F,0xC0,
      0x3F,0xE0,0x1F,0xF0,0xFF,0xFF,0xFF,0xFF,0xFF,0xFF,0xFF,0xFF,
      0x00,0x00,0x00,0x00,0x00,0x00,0x00,0xF0,0x07,0xF8,0x03,0xFC,
      0x01,0xFE,0x00,0x80,0x7F,0xC0,0x3F,0xE0,0x1F,0xF0,0xFF,0xFF,
      0xFF,0xFF,0xFF,0xFF,0xFF,0xFF,0x00,0x00,0x00,0x00,0x00,0x00,
      0x00,0xF0,0x07,0xF8,0x03,0xFC,0x01,0xFE,0x00,0x80,0x7F,0xC0,
      0x3F,0xE0,0x1F,0xF0,0xFF,0xFF,0xFF,0xFF,0xFF,0xFF,0xFF,0xFF,
      0x00,0x00,0x00,0x00,0x00,0x00,0x00,0xF0,0x07,0xF8,0x03,0xFC,
      0x01,0xFE,0x00,0x80,0x7F,0xC0,0x3F,0xE0,0x1F,0xF0,0xFF,0xFF,
      0xFF,0xFF,0xFF,0xFF,0xFF,0xFF,0x00,0x00,0x00,0x00,0x00,0x00,
      0x00,0xF0,0x07,0xF8,0x03,0xFC,0x01,0xFE,0x00,0x80,0x7F,0xC0,
      0x3F,0xE0,0x1F,0xF0,0xFF,0xFF,0xFF,0xFF,0xFF,0xFF,0xFF,0xFF,
      0x00,0x00,0x00,0x00,0x00,0x00,0x00,0xF0,0x07,0xF8,0x03,0xFC,
      0x01,0xFE,0x00,0x80,0x7F,0xC0,0x3F,0xE0,0x1F,0xF0,0xFF,0xFF,
      0xFF,0xFF,0xFF,0xFF,0xFF,0xFF,0x00,0x00,0x00,0x00,0x00,0x00,
      0x00,0xF0,0x07,0xF8,0x03,0xFC,0x01,0xFE,0x00,0x80,0x7F,0xC0,
      0x3F,0xE0,0x1F,0xF0,0xFF,0xFF,0xFF,0xFF,0xFF,0xFF,0xFF,0xFF,
      0x80,0x7F,0xC0,0x3F,0xE0,0x1F,0xF0,0x0F,0xF8,0x07,0xFC,0x03,
      0xFE,0x01,0xFF,0x80,0x7F,0xC0,0x3F,0xE0,0x1F,0xF0,0x0F,0xF8,
      0x07,0xFC,0x03,0xFE,0x01,0xFF,0xFF,0xFF,0xFF,0xFF,0xFF,0xFF,
      0xFF,0xFF,0xFF,0xFF,0xFF,0xFF,0xFF,0xFF,0xFF,0xFF,0xFF,0xFF,
      0xFF,0xFF,0xFF,0xFF,0xFF,0xFF,0xFF,0xFF,0xFF,0xFF,0xFF,0xFF,
      0x80,0x7F,0xC0,0x3F,0xE0,0x1F,0xF0,0x0F,0xF8,0x07,0xFC,0x03,
      0xFE,0x01,0xFF,0x80,0x7F,0xC0,0x3F,0xE0,0x1F,0xF0,0x0F,0xF8,
      0x07,0xFC,0x03,0xFE,0x01,0xFF,0xFF,0xFF,0xFF,0xFF,0xFF,0xFF,
      0xFF,0xFF,0xFF,0xFF,0xFF,0xFF,0xFF,0xFF,0xFF,0xFF,0xFF,0xFF,
      0xFF,0xFF,0xFF,0xFF,0xFF,0xFF,0xFF,0xFF,0xFF,0xFF,0xFF,0xFF,
      0x80,0x7F,0xC0,0x3F,0xE0,0x1F,0xF0,0x0F,0xF8,0x07,0xFC,0x03,
      0xFE,0x01,0xFF,0x80,0x7F,0xC0,0x3F,0xE0,0x1F,0xF0,0x0F,0xF8,
      0x07,0xFC,0x03,0xFE,0x01,0xFF,0xFF,0xFF,0xFF,0xFF,0xFF,0xFF,
      0xFF,0xFF,0xFF,0xFF,0xFF,0xFF,0xFF,0xFF,0xFF,0xFF,0xFF,0xFF,
      0xFF,0xFF,0xFF,0xFF,0xFF,0xFF,0xFF,0xFF,0xFF,0xFF,0xFF,0xFF,
      0x80,0x7F,0xC0,0x3F,0xE0,0x1F,0xF0,0x0F,0xF8,0x07,0xFC,0x03,
      0xFE,0x01,0xFF,0x80,0x7F,0xC0,0x3F,0xE0,0x1F,0xF0,0x0F,0xF8,
      0x07,0xFC,0x03,0xFE,0x01,0xFF,0xFF,0xFF,0xFF,0xFF,0xFF,0xFF,
      0xFF,0xFF,0xFF,0xFF,0xFF,0xFF,0xFF,0xFF,0xFF,0xFF,0xFF,0xFF,
      0xFF,0xFF,0xFF,0xFF,0xFF,0xFF,0xFF,0xFF,0xFF,0xFF,0xFF,0xFF,
      0x00,0x80,0x1F,0x00,0xE0,0xEF,0xF7,0x07,0x00,0xF8,0x01,0x00,
      0xFE,0x7E,0x7F,0x00,0x80,0x1F,0x00,0xE0,0xEF,0xF7,0x07,0x00,
      0xF8,0x01,0x00,0xFE,0x7E,0x7F,0x00,0x80,0x1F,0x00,0xE0,0xEF,
      0xF7,0x07,0x00,0xF8,0x01,0x00,0xFE,0x7E,0x7F,0x00,0x80,0x1F,
      0x00,0xE0,0xEF,0xF7,0x07,0x00,0xF8,0x01,0x00,0xFE,0x7E,0x7F,
      0x00,0x80,0x1F,0x00,0xE0,0xEF,0xF7,0x07,0x00,0xF8,0x01,0x00,
      0xFE,0x7E,0x7F,0x00,0x80,0x1F,0x00,0xE0,0xEF,0xF7,0x07,0x00,
      0xF8,0x01,0x00,0xFE,0x7E,0x7F,0x00,0x80,0x1F,0x00,0xE0,0xEF,
      0xF7,0x07,0x00,0xF8,0x01,0x00,0xFE,0x7E,0x7F,0x00,0x80,0x1F,
      0x00,0xE0,0xEF,0xF7,0x07,0x00,0xF8,0x01,0x00,0xFE,0x7E,0x7F,
      0x00,0x80,0x1F,0x00,0xE0,0xEF,0xF7,0x07,0x00,0xF8,0x01,0x00,
      0xFE,0x7E,0x7F,0x00,0x80,0x1F,0x00,0xE0,0xEF,0xF7,0x07,0x00,
      0xF8,0x01,0x00,0xFE,0x7E,0x7F,0x00,0x80,0x1F,0x00,0xE0,0xEF,
      0xF7,0x07,0x00,0xF8,0x01,0x00,0xFE,0x7E,0x7F,0x00,0x80,0x1F,
      0x00,0xE0,0xEF,0xF7,0x07,0x00,0xF8,0x01,0x00,0xFE,0x7E,0x7F,
      0x00,0x00,0x00,0x00,0x00,0x00,0x00,0x00,0x00,0x00,0x00,0x00,
      0x00,0x00,0x00,0x00,0x00,0x00,0x00,0x00,0x00,0x00,0x00,0x00,
      0x00,0x00,0x00,0x00,0x00,0x00,0x00,0x00,0x00,0x00,0x00,0x00,
      0x00,0x00,0x00,0x00,0x00,0x00,0x00,0x00,0x00,0x00,0x00,0x00,
      0x00,0x00,0x00,0x00,0x00,0x00,0x00,0x00,0x00,0x00,0x00,0x00,
      0x00,0x00,0x00,0x00,0x00,0x00,0x00,0xF0,0x03,0xF8,0x01,0xFC,
      0x00,0x7E,0x00,0x80,0x3F,0xC0,0x1F,0xE0,0x0F,0xF0,0xF7,0xFB,
      0xFB,0xFD,0xFD,0xFE,0x7E,0x7F,0x00,0x00,0x00,0x00,0x00,0x00,
      0x00,0xF0,0x03,0xF8,0x01,0xFC,0x00,0x7E,0x00,0x80,0x3F,0xC0,
      0x1F,0xE0,0x0F,0xF0,0xF7,0xFB,0xFB,0xFD,0xFD,0xFE,0x7E,0x7F,
      0x00,0x00,0x00,0x00,0x00,0x00,0x00,0xF0,0x03,0xF8,0x01,0xFC,
      0x00,0x7E,0x00,0x80,0x3F,0xC0,0x1F,0xE0,0x0F,0xF0,0xF7,0xFB,
      0xFB,0xFD,0xFD,0xFE,0x7E,0x7F,0x00,0x00,0x00,0x00,0x00,0x00,
      0x00,0xF0,0x03,0xF8,0x01,0xFC,0x00,0x7E,0x00,0x80,0x3F,0xC0,
      0x1F,0xE0,0x0F,0xF0,0xF7,0xFB,0xFB,0xFD,0xFD,0xFE,0x7E,0x7F,
      0x00,0x00,0x00,0x00,0x00,0x00,0x00,0xF0,0x03,0xF8,0x01,0xFC,
      0x00,0x7E,0x00,0x80,0x3F,0xC0,0x1F,0xE0,0x0F,0xF0,0xF7,0xFB,
      0xFB,0xFD,0xFD,0xFE,0x7E,0x7F,0x00,0x00,0x00,0x00,0x00,0x00,
      0x00,0xF0,0x03,0xF8,0x01,0xFC,0x00,0x7E,0x00,0x80,0x3F,0xC0,
      0x1F,0xE0,0x0F,0xF0,0xF7,0xFB,0xFB,0xFD,0xFD,0xFE,0x7E,0x7F,
      0x00,0x00,0x00,0x00,0x00,0x00,0x00,0xF0,0x03,0xF8,0x01,0xFC,
      0x00,0x7E,0x00,0x80,0x3F,0xC0,0x1F,0xE0,0x0F,0xF0,0xF7,0xFB,
      0xFB,0xFD,0xFD,0xFE,0x7E,0x7F,0x00,0x00,0x00,0x00,0x00,0x00,
      0x00,0xF0,0x03,0xF8,0x01,0xFC,0x00,0x7E,0x00,0x80,0x3F,0xC0,
      0x1F,0xE0,0x0F,0xF0,0xF7,0xFB,0xFB,0xFD,0xFD,0xFE,0x7E,0x7F,
      0x00,0x00,0x00,0x00,0x00,0x00,0x00,0xF0,0x03,0xF8,0x01,0xFC,
      0x00,0x7E,0x00,0x80,0x3F,0xC0,0x1F,0xE0,0x0F,0xF0,0xF7,0xFB,
      0xFB,0xFD,0xFD,0xFE,0x7E,0x7F,0x00,0x00,0x00,0x00,0x00,0x00,
      0x00,0xF0,0x03,0xF8,0x01,0xFC,0x00,0x7E,0x00,0x80,0x3F,0xC0,
      0x1F,0xE0,0x0F,0xF0,0xF7,0xFB,0xFB,0xFD,0xFD,0xFE,0x7E,0x7F,
      0x00,0x00,0x00,0x00,0x00,0x00,0x00,0x00,0x00,0x00,0x00,0x00,
      0x00,0x00,0x00,0x00,0x00,0x00,0x00,0x00,0x00,0x00,0x00,0x00,
      0x00,0x00,0x00,0x00,0x00,0x00,0x00,0x00,0x00,0x00,0x00,0x00,
      0x00,0x00,0x00,0x00,0x00,0x00,0x00,0x00,0x00,0x00,0x00,0x00,
      0x00,0x00,0x00,0x00,0x00,0x00,0x00,0x00,0x00,0x00,0x00,0x00,
      0x00,0x00,0x00,0x00,0x00,0x00,0x00,0x00,0x00,0x00,0x00,0x00,
      0x00,0x00,0x00,0x00,0x00,0x00,0x00,0x00,0x00,0x00,0x00,0x00,
      0x00,0x00,0x00,0x00,0x00,0x00,0x00,0x00,0x00,0x00,0x00,0x00,
      0x00,0x00,0x00,0x00,0x00,0x00,0x00,0x00,0x00,0x00,0x00,0x00,
      0x00,0x00,0x00,0x00,0x00,0x00,0x00,0x00,0x00,0x00,0x00,0x00,
      0x80,0x3F,0xC0,0x1F,0xE0,0x0F,0xF0,0x07,0xF8,0x03,0xFC,0x01,
      0xFE,0x00,0x7F,0x80,0x3F,0xC0,0x1F,0xE0,0x0F,0xF0,0x07,0xF8,
      0x03,0xFC,0x01,0xFE,0x00,0x7F,0xBF,0xBF,0xDF,0xDF,0xEF,0xEF,
      0xF7,0xF7,0xFB,0xFB,0xFD,0xFD,0xFE,0x7E,0x7F,0xBF,0xBF,0xDF,
      0xDF,0xEF,0xEF,0xF7,0xF7,0xFB,0xFB,0xFD,0xFD,0xFE,0x7E,0x7F,
      0x80,0x3F,0xC0,0x1F,0xE0,0x0F,0xF0,0x07,0xF8,0x03,0xFC,0x01,
      0xFE,0x00,0x7F,0x80,0x3F,0xC0,0x1F,0xE0,0x0F,0xF0,0x07,0xF8,
      0x03,0xFC,0x01,0xFE,0x00,0x7F,0xBF,0xBF,0xDF,0xDF,0xEF,0xEF,
      0xF7,0xF7,0xFB,0xFB,0xFD,0xFD,0xFE,0x7E,0x7F,0xBF,0xBF,0xDF,
      0xDF,0xEF,0xEF,0xF7,0xF7,0xFB,0xFB,0xFD,0xFD,0xFE,0x7E,0x7F,
      0x00,0x00,0x00,0x00,0x00,0x00,0x00,0x00,0x00,0x00,0x00,0x00,
      0x00,0x00,0x00,0x00,0x00,0x00,0x00,0x00,0x00,0x00,0x00,0x00,
      0x00,0x00,0x00,0x00,0x00,0x00,0x00,0x00,0x00,0x00,0x00,0x00,
      0x00,0x00,0x00,0x00,0x00,0x00,0x00,0x00,0x00,0x00,0x00,0x00,
      0x00,0x00,0x00,0x00,0x00,0x00,0x00,0x00,0x00,0x00,0x00,0x00,
      0x00,0x00,0x00,0x00,0x00,0x00,0x00,0x00,0x00,0x00,0x00,0x00,
      0x00,0x00,0x00,0x00,0x00,0x00,0x00,0x00,0x00,0x00,0x00,0x00,
      0x00,0x00,0x00,0x00,0x00,0x00,0x00,0x00,0x00,0x00,0x00,0x00,
      0x00,0x00,0x00,0x00,0x00,0x00,0x00,0x00,0x00,0x00,0x00,0x00,
      0x00,0x00,0x00,0x00,0x00,0x00,0x00,0x00,0x00,0x00,0x00,0x00,
      0x00,0x00,0x00,0x00,0x00,0x00,0x00,0x00,0x00,0x08,0x00,0x00,
      0xFF,0x01,0xE0,0x80,0x7F,0x00,0x20,0xE0,0x1F,0x00,0xE0,0xFF,
      0x0F,0x00,0x72,0x00,0xC6,0x18,0x00,0x00,0x00,0x00,0x00,0x00,
      0x00,0x00,0x00,0x00,0x00,0xFE,0x07,0x06,0x00,0x7F,0x80,0x00,
      0xC0,0x1F,0x00,0x00,0xF0,0xFF,0xFB,0xFF,0x03,0x30,0xFE,0xFF,
      0x00,0x00,0x00,0x00,0x00,0x00,0x00,0x00,0x00,0x08,0x00,0x00,
      0xFF,0x01,0xE0,0x80,0x7F,0x00,0x20,0xE0,0x1F,0x00,0xE0,0xFF,
      0x0F,0x00,0x72,0x00,0xC6,0x18,0x00,0x00,0x00,0x00,0x00,0x00,
      0x00,0x00,0x00,0x00,0x00,0xFE,0x07,0x06,0x00,0x7F,0x80,0x00,
      0xC0,0x1F,0x00,0x00,0xF0,0xFF,0xFB,0xFF,0x03,0x30,0xFE,0xFF,
      0x00,0x00,0x00,0x00,0x00,0x00,0x00,0x10,0x00,0x18,0x00,0xC0,
      0xFF,0x01,0xFF,0xC0,0x7F,0x00,0x3C,0xF0,0x1F,0x00,0xC0,0xFF,
      0x1F,0x80,0x73,0x00,0x38,0xE7,0x00,0x00,0x00,0x00,0x00,0x00,
      0x00,0x00,0x00,0x04,0x80,0xFF,0x1F,0xFE,0x00,0xFF,0x81,0x07,
      0xC0,0x7F,0x00,0x00,0xF0,0xFF,0xF8,0xFF,0x03,0x30,0xFE,0xFF,
      0x00,0x00,0x00,0x00,0x00,0x00,0x00,0x10,0x00,0x78,0x00,0xF8,
      0xFF,0xE1,0xFF,0xE0,0x7F,0x00,0x3F,0xF0,0x1F,0x00,0x00,0xFF,
      0x7F,0xC0,0x73,0x00,0xC6,0x18,0x00,0x00,0x00,0x00,0x00,0x00,
      0x00,0x00,0x00,0x04,0xC0,0xFF,0xFF,0xFE,0x0F,0xFF,0x83,0x1F,
      0xC0,0x7F,0x00,0x00,0xF0,0x7F,0xF8,0xFF,0x03,0x30,0xFE,0xFF,
      0x00,0x00,0x00,0x00,0x00,0x00,0x00,0x30,0x00,0xF8,0x00,0xFC,
      0xFF,0xFF,0xFF,0xF0,0x7F,0xC0,0x3F,0xF8,0x1F,0x00,0x08,0xFE,
      0xFF,0xE0,0x73,0x00,0x38,0xE7,0x00,0x00,0x00,0x00,0x00,0x00,
      0x00,0x00,0x00,0x07,0xE0,0xFF,0xFF,0xFF,0xFF,0xFF,0x87,0xFF,
      0xC0,0xFF,0x20,0x00,0xF0,0x3F,0xF8,0xFF,0x03,0x30,0xFE,0xFF,
      0x00,0x00,0x00,0x00,0x00,0x00,0x00,0x30,0x00,0xF8,0x00,0xFC,
      0xFF,0xFF,0xFF,0xF0,0x7F,0xC0,0x3F,0xF8,0x1F,0x00,0x08,0xFE,
      0xFF,0xE0,0x73,0x00,0x38,0xE7,0x00,0x00,0x00,0x00,0x00,0x00,
      0x00,0x00,0x00,0x07,0xE0,0xFF,0xFF,0xFF,0xFF,0xFF,0x87,0xFF,
      0xC0,0xFF,0x20,0x00,0xF0,0x3F,0xF8,0xFF,0x03,0x30,0xFE,0xFF,
      0x00,0x00,0x00,0x40,0x00,0x20,0x00,0xF0,0x00,0xF8,0x01,0xFC,
      0xFF,0xFF,0xFF,0xFC,0x7F,0xF0,0x3F,0xFC,0x1F,0x80,0x0F,0xFC,
      0xFF,0xF1,0x73,0x00,0xC6,0x18,0x00,0x00,0x00,0x00,0x00,0x10,
      0x00,0x08,0x80,0x07,0xF0,0xFF,0xFF,0xFF,0xFF,0xFF,0x8F,0xFF,
      0xC3,0xFF,0xE1,0x03,0xF0,0x1F,0xF8,0xFF,0x03,0x30,0xFE,0xFF,
      0x00,0x00,0x00,0xC0,0x00,0xE0,0x01,0xF0,0x00,0xF8,0x0F,0xFC,
      0xFF,0xFF,0xFF,0xFE,0x7F,0xFE,0x3F,0xFC,0x1F,0xFC,0x0F,0xFC,
      0xFF,0xFF,0x73,0x00,0x38,0xE7,0x00,0x00,0x00,0x00,0x00,0x1C,
      0x00,0x0F,0x80,0x07,0xFE,0xFF,0xFF,0xFF,0xFF,0xFF,0xBF,0xFF,
      0xDF,0xFF,0xE1,0x7F,0xF0,0x1F,0xF8,0xF1,0x03,0x30,0xFE,0xFF,
      0x00,0x00,0x00,0xC0,0x00,0xE0,0x01,0xF0,0x00,0xF8,0x0F,0xFC,
      0xFF,0xFF,0xFF,0xFE,0x7F,0xFE,0x3F,0xFC,0x1F,0xFC,0x0F,0xFC,
      0xFF,0xFF,0x73,0x00,0x38,0xE7,0x00,0x00,0x00,0x00,0x00,0x1C,
      0x00,0x0F,0x80,0x07,0xFE,0xFF,0xFF,0xFF,0xFF,0xFF,0xBF,0xFF,
      0xDF,0xFF,0xE1,0x7F,0xF0,0x1F,0xF8,0xF1,0x03,0x30,0xFE,0xFF,
      0x00,0x00,0x00,0xC0,0x03,0xE0,0x07,0xF0,0x01,0xF8,0x1F,0xFC,
      0xFF,0xFF,0xFF,0xFF,0xFF,0xFF,0x3F,0xFF,0xDF,0xFF,0x0F,0xFE,
      0xFF,0xFF,0x73,0x00,0xC6,0x18,0x00,0x00,0x00,0x00,0x00,0x1E,
      0xC0,0x0F,0xC0,0x07,0xFF,0xFF,0xFF,0xFF,0xFF,0xFF,0xFF,0xFF,
      0xFF,0xFF,0xE3,0xFF,0xF7,0x3F,0xF8,0xE0,0x03,0x30,0xFE,0xFF,
      0x00,0x00,0x00,0xC0,0x03,0xE0,0x07,0xF0,0x01,0xF8,0x1F,0xFC,
      0xFF,0xFF,0xFF,0xFF,0xFF,0xFF,0x3F,0xFF,0xDF,0xFF,0x0F,0xFE,
      0xFF,0xFF,0x73,0x00,0xC6,0x18,0x00,0x00,0x00,0x00,0x00,0x1E,
      0xC0,0x0F,0xC0,0x07,0xFF,0xFF,0xFF,0xFF,0xFF,0xFF,0xFF,0xFF,
      0xFF,0xFF,0xE3,0xFF,0xF7,0x3F,0xF8,0xE0,0x03,0x30,0xFE,0xFF,
      0x03,0x80,0x07,0xC0,0x07,0xE0,0x3F,0xF0,0x01,0xF8,0x3F,0xFC,
      0xFF,0xFF,0xFF,0xFF,0xFF,0xFF,0x3F,0xFF,0xFF,0xFF,0x0F,0xFF,
      0xFF,0xFF,0x73,0x00,0x38,0xE7,0x00,0x40,0x00,0x3C,0x00,0x1F,
      0xF8,0x0F,0xC0,0x87,0xFF,0xFF,0xFF,0xFF,0xFF,0xFF,0xFF,0xFF,
      0xFF,0xFF,0xE3,0xFF,0xFF,0x7F,0x78,0xC0,0x03,0x30,0xFE,0xFF,
      0x0F,0x80,0x3F,0xC0,0x0F,0xE0,0xFF,0xF0,0x03,0xF8,0x7F,0xFC,
      0xFF,0xFF,0xFF,0xFF,0xFF,0xFF,0xBF,0xFF,0xFF,0xFF,0xCF,0xFF,
      0xFF,0xFF,0x73,0x00,0xC6,0x18,0x00,0x78,0xC0,0x3F,0x80,0x1F,
      0xFE,0x0F,0xE0,0xE7,0xFF,0xFF,0xFF,0xFF,0xFF,0xFF,0xFF,0xFF,
      0xFF,0xFF,0xEF,0xFF,0xFF,0xFF,0x18,0x80,0x03,0x30,0xFE,0xFF,
      0x3F,0x80,0xFF,0xC7,0x1F,0xE0,0xFF,0xF7,0x07,0xF8,0xFF,0xFD,
      0xFF,0xFF,0xFF,0xFF,0xFF,0xFF,0xFF,0xFF,0xFF,0xFF,0xEF,0xFF,
      0xFF,0xFF,0x73,0x00,0x38,0xE7,0x00,0x7E,0xFE,0x3F,0xE0,0xDF,
      0xFF,0x0F,0xF8,0xF7,0xFF,0xFF,0xFF,0xFF,0xFF,0xFF,0xFF,0xFF,
      0xFF,0xFF,0xFF,0xFF,0xFF,0xFF,0x0B,0x00,0x02,0x30,0xFE,0xFF,
      0x3F,0x80,0xFF,0xC7,0x1F,0xE0,0xFF,0xF7,0x07,0xF8,0xFF,0xFD,
      0xFF,0xFF,0xFF,0xFF,0xFF,0xFF,0xFF,0xFF,0xFF,0xFF,0xEF,0xFF,
      0xFF,0xFF,0x73,0x00,0x38,0xE7,0x00,0x7E,0xFE,0x3F,0xE0,0xDF,
      0xFF,0x0F,0xF8,0xF7,0xFF,0xFF,0xFF,0xFF,0xFF,0xFF,0xFF,0xFF,
      0xFF,0xFF,0xFF,0xFF,0xFF,0xFF,0x0B,0x00,0x02,0x30,0xFE,0xFF,
      0xC0,0x01,0x00,0x00,0x70,0x00,0x38,0x00,0x1E,0x00,0x1E,0x00,
      0x00,0xC0,0x07,0xE0,0x01,0xE0,0x01,0x00,0x00,0x00,0x00,0x1C,
      0x00,0x00,0x00,0x00,0x00,0x00,0xC0,0x01,0x00,0x00,0x00,0x00,
      0x00,0x00,0x1C,0x00,0x0E,0x00,0x07,0x80,0x03,0x00,0x00,0xE0,
      0x00,0x70,0x00,0x00,0x00,0x00,0x00,0x00,0x00,0x00,0x00,0x00,
      0xC0,0x01,0x00,0x00,0x70,0x00,0x38,0x00,0x1E,0x00,0x1E,0x00,
      0x00,0xC0,0x07,0xE0,0x01,0xE0,0x01,0x00,0x00,0x00,0x00,0x1C,
      0x00,0x00,0x00,0x00,0x00,0x00,0xC0,0x01,0x00,0x00,0x00,0x00,
      0x00,0x00,0x1C,0x00,0x0E,0x00,0x07,0x80,0x03,0x00,0x00,0xE0,
      0x00,0x70,0x00,0x00,0x00,0x00,0x00,0x00,0x00,0x00,0x00,0x00,
      0xC0,0x01,0x00,0x00,0x70,0x00,0x38,0x00,0x03,0x00,0x30,0x00,
      0x00,0x60,0x0C,0x30,0x00,0x00,0x03,0x00,0x00,0x00,0x00,0x1C,
      0x00,0x00,0xC0,0x1F,0xE0,0x0F,0xC0,0x01,0x00,0x00,0x00,0x00,
      0x00,0x00,0x1C,0x00,0x0E,0x00,0x07,0x80,0x03,0x00,0x00,0xE0,
      0x00,0x70,0x00,0x00,0x00,0x00,0x00,0x0E,0x00,0x07,0x00,0x00,
      0xC0,0x01,0x00,0x00,0x70,0x00,0x38,0xC0,0x01,0x00,0x60,0x00,
      0x00,0x38,0x18,0x1C,0x00,0x00,0x06,0x00,0x00,0x00,0x00,0x1C,
      0x00,0x00,0xF8,0xFF,0x3C,0x78,0xC0,0x01,0x00,0x00,0x00,0x00,
      0x00,0x00,0x1C,0x00,0x0E,0x00,0x07,0x80,0x03,0x00,0x00,0xE0,
      0x00,0x70,0x00,0x0C,0x00,0x38,0x00,0x1F,0x00,0x07,0x00,0x00,
      0xFE,0xFF,0xFF,0x3F,0xF0,0xFF,0x3F,0xE0,0x00,0x00,0xC0,0x01,
      0x00,0x1C,0x70,0x0E,0x00,0x00,0x1C,0x00,0x00,0x00,0xF0,0xFF,
      0x07,0x1F,0xFC,0xFF,0x07,0xE0,0xC0,0x01,0x00,0x00,0x00,0x00,
      0x00,0x00,0x1C,0x00,0x0E,0x00,0x07,0x80,0x03,0x00,0x00,0xE0,
      0x00,0x70,0x00,0x7C,0x00,0x3E,0x80,0x3F,0x00,0x07,0x00,0x00,
      0xFE,0xFF,0xFF,0x3F,0xF0,0xFF,0x3F,0xE0,0x00,0x00,0xC0,0x01,
      0x00,0x1C,0x70,0x0E,0x00,0x00,0x1C,0x00,0x00,0x00,0xF0,0xFF,
      0x07,0x1F,0xFC,0xFF,0x07,0xE0,0xC0,0x01,0x00,0x00,0x00,0x00,
      0x00,0x00,0x1C,0x00,0x0E,0x00,0x07,0x80,0x03,0x00,0x00,0xE0,
      0x00,0x70,0x00,0x7C,0x00,0x3E,0x80,0x3F,0x00,0x07,0x00,0x00,
      0xFE,0xFF,0xFF,0x3F,0xF0,0xFF,0x3F,0x30,0x00,0x00,0x80,0x07,
      0x00,0x07,0xE0,0x03,0x00,0x00,0x78,0x00,0x00,0x00,0xF8,0xFF,
      0x87,0x3F,0xFC,0xFF,0x07,0xE0,0xC0,0x81,0xFF,0x3F,0xF0,0xFF,
      0x3F,0x00,0xFC,0xFF,0x0F,0x00,0xFF,0xFF,0x03,0xFF,0xFF,0xFF,
      0xFF,0xFF,0xFF,0xFF,0xC1,0xFF,0xE7,0x7F,0x00,0x07,0x00,0x00,
      0xFE,0xFF,0xFF,0x3F,0xF0,0xFF,0x3F,0x30,0x00,0x00,0x80,0x0F,
      0xC0,0x03,0x80,0x01,0x00,0x00,0xE0,0x00,0x00,0x00,0xFE,0xFF,
      0x87,0x3F,0xFC,0xFF,0x07,0xE0,0xC0,0x81,0xFF,0x3F,0xF0,0xFF,
      0x3F,0x00,0xFC,0xFF,0x0F,0x00,0xFF,0xFF,0x03,0xFF,0xFF,0xFF,
      0xFF,0xFF,0xFF,0xFF,0xC1,0xFF,0x07,0x0E,0x00,0x07,0x00,0x00,
      0xFE,0xFF,0xFF,0x3F,0xF0,0xFF,0x3F,0x30,0x00,0x00,0x80,0x0F,
      0xC0,0x03,0x80,0x01,0x00,0x00,0xE0,0x00,0x00,0x00,0xFE,0xFF,
      0x87,0x3F,0xFC,0xFF,0x07,0xE0,0xC0,0x81,0xFF,0x3F,0xF0,0xFF,
      0x3F,0x00,0xFC,0xFF,0x0F,0x00,0xFF,0xFF,0x03,0xFF,0xFF,0xFF,
      0xFF,0xFF,0xFF,0xFF,0xC1,0xFF,0x07,0x0E,0x00,0x07,0x00,0x00,
      0xFE,0xFF,0xFF,0x3F,0xF0,0xFF,0x3F,0xE0,0x00,0x00,0xC0,0x39,
      0xE0,0x00,0x00,0x00,0x00,0x00,0x80,0x03,0x00,0x00,0xF7,0xFF,
      0x07,0x1F,0xFC,0xFF,0x07,0xE0,0xC0,0x01,0x00,0x00,0x70,0x00,
      0x38,0x00,0x00,0x00,0x00,0x00,0x07,0x80,0x03,0xC0,0x01,0x00,
      0x00,0x70,0x00,0x7C,0x00,0x3E,0x00,0x0E,0xF0,0x3F,0x00,0x00,
      0xFE,0xFF,0xFF,0x3F,0xF0,0xFF,0x3F,0xE0,0x00,0x00,0xC0,0x39,
      0xE0,0x00,0x00,0x00,0x00,0x00,0x80,0x03,0x00,0x00,0xF7,0xFF,
      0x07,0x1F,0xFC,0xFF,0x07,0xE0,0xC0,0x01,0x00,0x00,0x70,0x00,
      0x38,0x00,0x00,0x00,0x00,0x00,0x07,0x80,0x03,0xC0,0x01,0x00,
      0x00,0x70,0x00,0x7C,0x00,0x3E,0x00,0x0E,0xF0,0x3F,0x00,0x00,
      0x00,0x00,0xE0,0x00,0x70,0x00,0x38,0xC0,0x01,0x00,0x60,0x70,
      0x30,0x00,0x00,0x00,0x00,0x00,0x00,0x07,0x00,0x80,0x01,0x1C,
      0x00,0x00,0xF8,0xFF,0x3C,0x78,0xC0,0x01,0x00,0x00,0x70,0x00,
      0x38,0x00,0x00,0x00,0x00,0x00,0x07,0x80,0x03,0xC0,0x01,0x00,
      0x00,0x70,0x00,0x0C,0x00,0x38,0x00,0x0E,0xC0,0x1F,0x00,0x00,
      0x00,0x00,0xE0,0x00,0x70,0x00,0x38,0x00,0x03,0x00,0x30,0xC0,
      0x18,0x00,0x00,0x00,0x00,0x00,0x00,0x0C,0x00,0xC0,0x00,0x1C,
      0x00,0x00,0xC0,0x1F,0xE0,0x0F,0xC0,0x01,0x00,0x00,0x70,0x00,
      0x38,0x00,0x00,0x00,0x00,0x00,0x07,0x80,0x03,0xC0,0x01,0x00,
      0x00,0x70,0x00,0x00,0x00,0x00,0x00,0x0E,0x80,0x0F,0x00,0x00,
      0x00,0x00,0xE0,0x00,0x70,0x00,0x38,0x00,0x1E,0x00,0x1E,0x80,
      0x0F,0x00,0x00,0x00,0x00,0x00,0x00,0x78,0x00,0x78,0x00,0x1C,
      0x00,0x00,0x00,0x00,0x00,0x00,0xC0,0x01,0x00,0x00,0x70,0x00,
      0x38,0x00,0x00,0x00,0x00,0x00,0x07,0x80,0x03,0xC0,0x01,0x00,
      0x00,0x70,0x00,0x00,0x00,0x00,0x00,0x0E,0x00,0x07,0x00,0x00,
      0x00,0x00,0xE0,0x00,0x70,0x00,0x38,0x00,0x1E,0x00,0x1E,0x80,
      0x0F,0x00,0x00,0x00,0x00,0x00,0x00,0x78,0x00,0x78,0x00,0x1C,
      0x00,0x00,0x00,0x00,0x00,0x00,0xC0,0x01,0x00,0x00,0x70,0x00,
      0x38,0x00,0x00,0x00,0x00,0x00,0x07,0x80,0x03,0xC0,0x01,0x00,
      0x00,0x70,0x00,0x00,0x00,0x00,0x00,0x0E,0x00,0x07,0x00,0x00,
      0xFF,0xFF,0xFF,0xFF,0xFF,0xFF,0xFF,0xFF,0xFF,0xF7,0xFF,0xFF,
      0x00,0xFE,0x1F,0x7F,0x80,0xFF,0xDF,0x1F,0xE0,0xFF,0x1F,0x00,
      0xF0,0xFF,0x01,0x00,0x00,0x00,0xFF,0xFF,0xFF,0xFF,0xFF,0xFF,
      0xFF,0xFF,0xFF,0xFF,0xFF,0x01,0xF8,0xF9,0xFF,0x80,0x7F,0xFF,
      0x3F,0xE0,0xFF,0xFF,0x0F,0x00,0x04,0x00,0x00,0x00,0x00,0x00,
      0xFF,0xFF,0xFF,0xFF,0xFF,0xFF,0xFF,0xFF,0xFF,0xF7,0xFF,0xFF,
      0x00,0xFE,0x1F,0x7F,0x80,0xFF,0xDF,0x1F,0xE0,0xFF,0x1F,0x00,
      0xF0,0xFF,0x01,0x00,0x00,0x00,0xFF,0xFF,0xFF,0xFF,0xFF,0xFF,
      0xFF,0xFF,0xFF,0xFF,0xFF,0x01,0xF8,0xF9,0xFF,0x80,0x7F,0xFF,
      0x3F,0xE0,0xFF,0xFF,0x0F,0x00,0x04,0x00,0x00,0x00,0x00,0x00,
      0xFF,0xFF,0xFF,0xFF,0xFF,0xFF,0xFF,0xEF,0xFF,0xE7,0xFF,0x3F,
      0x00,0xFE,0x00,0x3F,0x80,0xFF,0xC3,0x0F,0xE0,0xFF,0x3F,0x00,
      0xE0,0x7F,0x00,0x00,0x00,0x00,0xFF,0xFF,0xFF,0xFF,0xFF,0xFF,
      0xFF,0xFF,0xFF,0xFB,0x7F,0x00,0xE0,0x01,0xFF,0x00,0x7E,0xF8,
      0x3F,0x80,0xFF,0xFF,0x0F,0x00,0x07,0x00,0x00,0x00,0x00,0x00,
      0xFF,0xFF,0xFF,0xFF,0xFF,0xFF,0xFF,0xEF,0xFF,0x87,0xFF,0x07,
      0x00,0x1E,0x00,0x1F,0x80,0xFF,0xC0,0x0F,0xE0,0xFF,0xFF,0x00,
      0x80,0x3F,0x00,0x00,0x00,0x00,0xFF,0xFF,0xFF,0xFF,0xFF,0xFF,
      0xFF,0xFF,0xFF,0xFB,0x3F,0x00,0x00,0x01,0xF0,0x00,0x7C,0xE0,
      0x3F,0x80,0xFF,0xFF,0x0F,0x80,0x07,0x00,0x00,0x00,0x00,0x00,
      0xFF,0xFF,0xFF,0xFF,0xFF,0xFF,0xFF,0xCF,0xFF,0x07,0xFF,0x03,
      0x00,0x00,0x00,0x0F,0x80,0x3F,0xC0,0x07,0xE0,0xFF,0xFF,0x01,
      0x00,0x1F,0x00,0x00,0x00,0x00,0xFF,0xFF,0xFF,0xFF,0xFF,0xFF,
      0xFF,0xFF,0xFF,0xF8,0x1F,0x00,0x00,0x00,0x00,0x00,0x78,0x00,
      0x3F,0x00,0xDF,0xFF,0x0F,0xC0,0x07,0x00,0x00,0x00,0x00,0x00,
      0xFF,0xFF,0xFF,0xFF,0xFF,0xFF,0xFF,0xCF,0xFF,0x07,0xFF,0x03,
      0x00,0x00,0x00,0x0F,0x80,0x3F,0xC0,0x07,0xE0,0xFF,0xFF,0x01,
      0x00,0x1F,0x00,0x00,0x00,0x00,0xFF,0xFF,0xFF,0xFF,0xFF,0xFF,
      0xFF,0xFF,0xFF,0xF8,0x1F,0x00,0x00,0x00,0x00,0x00,0x78,0x00,
      0x3F,0x00,0xDF,0xFF,0x0F,0xC0,0x07,0x00,0x00,0x00,0x00,0x00,
      0xFF,0xFF,0xFF,0xBF,0xFF,0xDF,0xFF,0x0F,0xFF,0x07,0xFE,0x03,
      0x00,0x00,0x00,0x03,0x80,0x0F,0xC0,0x03,0xE0,0x7F,0xF0,0x03,
      0x00,0x0E,0x00,0x00,0x00,0x00,0xFF,0xFF,0xFF,0xFF,0xFF,0xEF,
      0xFF,0xF7,0x7F,0xF8,0x0F,0x00,0x00,0x00,0x00,0x00,0x70,0x00,
      0x3C,0x00,0x1E,0xFC,0x0F,0xE0,0x07,0x00,0x00,0x00,0x00,0x00,
      0xFF,0xFF,0xFF,0x3F,0xFF,0x1F,0xFE,0x0F,0xFF,0x07,0xF0,0x03,
      0x00,0x00,0x00,0x01,0x80,0x01,0xC0,0x03,0xE0,0x03,0xF0,0x03,
      0x00,0x00,0x00,0x00,0x00,0x00,0xFF,0xFF,0xFF,0xFF,0xFF,0xE3,
      0xFF,0xF0,0x7F,0xF8,0x01,0x00,0x00,0x00,0x00,0x00,0x40,0x00,
      0x20,0x00,0x1E,0x80,0x0F,0xE0,0x07,0x0E,0x00,0x00,0x00,0x00,
      0xFF,0xFF,0xFF,0x3F,0xFF,0x1F,0xFE,0x0F,0xFF,0x07,0xF0,0x03,
      0x00,0x00,0x00,0x01,0x80,0x01,0xC0,0x03,0xE0,0x03,0xF0,0x03,
      0x00,0x00,0x00,0x00,0x00,0x00,0xFF,0xFF,0xFF,0xFF,0xFF,0xE3,
      0xFF,0xF0,0x7F,0xF8,0x01,0x00,0x00,0x00,0x00,0x00,0x40,0x00,
      0x20,0x00,0x1E,0x80,0x0F,0xE0,0x07,0x0E,0x00,0x00,0x00,0x00,
      0xFF,0xFF,0xFF,0x3F,0xFC,0x1F,0xF8,0x0F,0xFE,0x07,0xE0,0x03,
      0x00,0x00,0x00,0x00,0x00,0x00,0xC0,0x00,0x20,0x00,0xF0,0x01,
      0x00,0x00,0x00,0x00,0x00,0x00,0xFF,0xFF,0xFF,0xFF,0xFF,0xE1,
      0x3F,0xF0,0x3F,0xF8,0x00,0x00,0x00,0x00,0x00,0x00,0x00,0x00,
      0x00,0x00,0x1C,0x00,0x08,0xC0,0x07,0x1F,0x00,0x00,0x00,0x00,
      0xFF,0xFF,0xFF,0x3F,0xFC,0x1F,0xF8,0x0F,0xFE,0x07,0xE0,0x03,
      0x00,0x00,0x00,0x00,0x00,0x00,0xC0,0x00,0x20,0x00,0xF0,0x01,
      0x00,0x00,0x00,0x00,0x00,0x00,0xFF,0xFF,0xFF,0xFF,0xFF,0xE1,
      0x3F,0xF0,0x3F,0xF8,0x00,0x00,0x00,0x00,0x00,0x00,0x00,0x00,
      0x00,0x00,0x1C,0x00,0x08,0xC0,0x07,0x1F,0x00,0x00,0x00,0x00,
      0xFC,0x7F,0xF8,0x3F,0xF8,0x1F,0xC0,0x0F,0xFE,0x07,0xC0,0x03,
      0x00,0x00,0x00,0x00,0x00,0x00,0xC0,0x00,0x00,0x00,0xF0,0x00,
      0x00,0x00,0x00,0x00,0x00,0x00,0xFF,0xBF,0xFF,0xC3,0xFF,0xE0,
      0x07,0xF0,0x3F,0x78,0x00,0x00,0x00,0x00,0x00,0x00,0x00,0x00,
      0x00,0x00,0x1C,0x00,0x00,0x80,0x87,0x3F,0x00,0x00,0x00,0x00,
      0xF0,0x7F,0xC0,0x3F,0xF0,0x1F,0x00,0x0F,0xFC,0x07,0x80,0x03,
      0x00,0x00,0x00,0x00,0x00,0x00,0x40,0x00,0x00,0x00,0x30,0x00,
      0x00,0x00,0x00,0x00,0x00,0x00,0xFF,0x87,0x3F,0xC0,0x7F,0xE0,
      0x01,0xF0,0x1F,0x18,0x00,0x00,0x00,0x00,0x00,0x00,0x00,0x00,
      0x00,0x00,0x10,0x00,0x00,0x00,0xE7,0x7F,0x00,0x00,0x00,0x00,
      0xC0,0x7F,0x00,0x38,0xE0,0x1F,0x00,0x08,0xF8,0x07,0x00,0x02,
      0x00,0x00,0x00,0x00,0x00,0x00,0x00,0x00,0x00,0x00,0x10,0x00,
      0x00,0x00,0x00,0x00,0x00,0x00,0xFF,0x81,0x01,0xC0,0x1F,0x20,
      0x00,0xF0,0x07,0x08,0x00,0x00,0x00,0x00,0x00,0x00,0x00,0x00,
      0x00,0x00,0x00,0x00,0x00,0x00,0xF4,0xFF,0x01,0x00,0x00,0x00,
      0xC0,0x7F,0x00,0x38,0xE0,0x1F,0x00,0x08,0xF8,0x07,0x00,0x02,
      0x00,0x00,0x00,0x00,0x00,0x00,0x00,0x00,0x00,0x00,0x10,0x00,
      0x00,0x00,0x00,0x00,0x00,0x00,0xFF,0x81,0x01,0xC0,0x1F,0x20,
      0x00,0xF0,0x07,0x08,0x00,0x00,0x00,0x00,0x00,0x00,0x00,0x00,
      0x00,0x00,0x00,0x00,0x00,0x00,0xF4,0xFF,0x01,0x00,0x00,0x00,
      0x00,0x00,0x00,0x00,0x00,0x00,0x00,0x00,0x38,0x00,0x00,0x00,
      0x00,0x00,0x00,0x00,0x00,0x00,0x00,0x00,0x00,0x00,0x00,0x00,
      0x00,0x00,0x00,0x00,0x00,0x00,0x00,0x00,0x00,0x00,0x00,0x00,
      0x00,0x00,0x00,0x00,0x00,0x00,0x00,0x00,0x00,0x00,0x00,0x00,
      0x00,0x00,0x00,0x00,0x00,0x00,0x00,0x00,0x00,0x00,0x00,0x00,
      0x00,0x00,0x00,0x00,0x00,0x00,0x00,0x00,0x38,0x00,0x00,0x00,
      0x00,0x00,0x00,0x00,0x00,0x00,0x00,0x00,0x00,0x00,0x00,0x00,
      0x00,0x00,0x00,0x00,0x00,0x00,0x00,0x00,0x00,0x00,0x00,0x00,
      0x00,0x00,0x00,0x00,0x00,0x00,0x00,0x00,0x00,0x00,0x00,0x00,
      0x00,0x00,0x00,0x00,0x00,0x00,0x00,0x00,0x00,0x00,0x00,0x00,
      0x00,0x00,0xC0,0x01,0x1C,0x0F,0x8C,0x01,0xFF,0xE3,0xC1,0x81,
      0x0F,0x00,0x0F,0x80,0x07,0xE0,0x01,0xE0,0x00,0x00,0x00,0x00,
      0x00,0x00,0x00,0x00,0x00,0x70,0xE0,0x3F,0x00,0x03,0xF8,0x0F,
      0xFE,0x0F,0x60,0x80,0xFF,0x03,0x0E,0xE0,0xFF,0xE0,0x3F,0xF0,
      0x1F,0x00,0x00,0x00,0x00,0x80,0x07,0x00,0xF0,0x00,0xC0,0x1F,
      0x00,0x00,0xC0,0x01,0x18,0x0E,0x8C,0xC1,0x39,0x77,0x63,0xC0,
      0x18,0x00,0x0C,0xC0,0x01,0x00,0x03,0xE7,0x1C,0x70,0x00,0x00,
      0x00,0x00,0x00,0x00,0x00,0x18,0x30,0x70,0xE0,0x03,0x0C,0x1C,
      0x00,0x07,0x38,0x80,0x01,0x00,0x07,0x00,0xE0,0x30,0x70,0x18,
      0x38,0x00,0x00,0x00,0x00,0xE0,0x00,0x00,0x80,0x07,0x60,0x70,
      0x00,0x00,0xE0,0x00,0x87,0xC1,0xFF,0xE7,0x1C,0xF0,0x1C,0x70,
      0x0E,0x80,0x03,0x30,0x00,0x00,0x03,0x77,0x03,0x38,0x00,0x00,
      0x00,0x00,0x00,0x00,0x00,0x07,0x1C,0x38,0xC0,0x01,0x00,0x0E,
      0xC0,0x00,0x06,0xE0,0x7F,0xC0,0x00,0x00,0x18,0x1C,0x38,0x0E,
      0x1C,0x18,0x00,0x0C,0x00,0x1E,0xE0,0x7F,0x00,0x0F,0x00,0x18,
      0x00,0x00,0xE0,0x00,0x87,0xC1,0xFF,0xE7,0x1C,0xF0,0x1C,0x70,
      0x0E,0x80,0x03,0x30,0x00,0x00,0x03,0x77,0x03,0x38,0x00,0x00,
      0x00,0x00,0x00,0x00,0x00,0x07,0x1C,0x38,0xC0,0x01,0x00,0x0E,
      0xC0,0x00,0x06,0xE0,0x7F,0xC0,0x00,0x00,0x18,0x1C,0x38,0x0E,
      0x1C,0x18,0x00,0x0C,0x00,0x1E,0xE0,0x7F,0x00,0x0F,0x00,0x18,
      0x00,0x00,0xE0,0x00,0x00,0x00,0xC6,0xC0,0xFF,0x00,0x0E,0xC0,
      0x07,0x00,0x00,0x30,0x00,0x00,0x03,0xF8,0x80,0xFF,0x01,0x00,
      0xE0,0x7F,0x00,0x00,0x80,0x03,0x1C,0x38,0xC0,0x01,0x80,0x03,
      0xF0,0x01,0xC3,0x00,0xC0,0xF1,0x3F,0x00,0x0C,0xF0,0x0F,0xF8,
      0x07,0x18,0x00,0x0C,0xC0,0x03,0x00,0x00,0x00,0x38,0x00,0x0C,
      0x00,0x00,0xE0,0x00,0x00,0xC0,0xFF,0x07,0x9C,0x03,0xE3,0x71,
      0xCE,0x01,0x00,0x30,0x00,0x00,0x03,0x77,0x03,0x38,0x00,0x00,
      0x00,0x00,0x00,0x00,0xC0,0x00,0x1C,0x38,0xC0,0x01,0xF0,0x00,
      0x00,0xC7,0xC1,0x00,0xC0,0x71,0xE0,0x00,0x07,0x1C,0x38,0x00,
      0x03,0x00,0x00,0x00,0x00,0x1E,0xE0,0x7F,0x00,0x0F,0x80,0x03,
      0x00,0x00,0xE0,0x00,0x00,0xC0,0xFF,0x07,0x9C,0x03,0xE3,0x71,
      0xCE,0x01,0x00,0x30,0x00,0x00,0x03,0x77,0x03,0x38,0x00,0x00,
      0x00,0x00,0x00,0x00,0xC0,0x00,0x1C,0x38,0xC0,0x01,0xF0,0x00,
      0x00,0xC7,0xC1,0x00,0xC0,0x71,0xE0,0x00,0x07,0x1C,0x38,0x00,
      0x03,0x00,0x00,0x00,0x00,0x1E,0xE0,0x7F,0x00,0x0F,0x80,0x03,
      0x00,0x00,0x00,0x00,0x00,0x80,0x73,0x30,0xC6,0xE0,0xDC,0x0D,
      0x1E,0x00,0x00,0x30,0x00,0xE0,0xC0,0x18,0x03,0x0C,0xE0,0x01,
      0x00,0x00,0x38,0x00,0x38,0x00,0x0E,0x0C,0xE0,0x00,0x0F,0x00,
      0x80,0xE1,0xFF,0x70,0x60,0x38,0x30,0xC0,0x00,0x0E,0x0C,0xE0,
      0x00,0x0C,0x00,0x06,0x00,0x3C,0x00,0x00,0xF0,0x00,0x00,0x00,
      0x00,0x00,0x00,0x00,0x00,0x80,0x73,0x30,0xC6,0xE0,0xDC,0x0D,
      0x1E,0x00,0x00,0x30,0x00,0xE0,0xC0,0x18,0x03,0x0C,0xE0,0x01,
      0x00,0x00,0x38,0x00,0x38,0x00,0x0E,0x0C,0xE0,0x00,0x0F,0x00,
      0x80,0xE1,0xFF,0x70,0x60,0x38,0x30,0xC0,0x00,0x0E,0x0C,0xE0,
      0x00,0x0C,0x00,0x06,0x00,0x3C,0x00,0x00,0xF0,0x00,0x00,0x00,
      0x00,0x00,0x30,0x00,0x00,0x80,0x73,0xE0,0x7F,0x70,0x70,0xF8,
      0xE7,0x00,0x00,0xE0,0x01,0x38,0x00,0x18,0x00,0x00,0xC0,0x01,
      0x00,0x00,0x38,0x00,0x1C,0x00,0xFC,0x07,0xE0,0x80,0xFF,0xC3,
      0xFF,0x00,0x60,0xE0,0x3F,0xF0,0x1F,0x60,0x00,0xFC,0x07,0x30,
      0x00,0x0C,0x00,0x06,0x00,0xE0,0x00,0x00,0x3C,0x00,0xC0,0x00,
      0x00,0x00,0x00,0x00,0x00,0x00,0x00,0x00,0x06,0x00,0x00,0x00,
      0x00,0x00,0x00,0x00,0x00,0x00,0x00,0x00,0x00,0x00,0xE0,0x00,
      0x00,0x00,0x00,0x00,0x00,0x00,0x00,0x00,0x00,0x00,0x00,0x00,
      0x00,0x00,0x00,0x00,0x00,0x00,0x00,0x00,0x00,0x00,0x00,0x00,
      0x00,0x00,0x80,0x03,0x00,0x00,0x00,0x00,0x00,0x00,0x00,0x00,
      0x00,0x00,0x00,0x00,0x00,0x00,0x00,0x00,0x00,0x00,0x00,0x00,
      0x00,0x00,0x00,0x00,0x00,0x00,0x00,0x00,0x00,0x00,0x00,0x00,
      0x00,0x00,0x00,0x00,0x00,0x00,0x00,0x00,0x00,0x00,0x00,0x00,
      0x00,0x00,0x00,0x00,0x00,0x00,0x00,0x00,0x00,0x00,0x00,0x00,
      0x00,0x00,0x00,0x00,0x00,0x00,0x00,0x00,0x00,0x00,0x00,0x00,
      0x00,0x00,0x00,0x00,0x00,0x00,0x00,0x00,0x00,0x00,0x00,0x00,
      0x00,0x00,0x00,0x00,0x00,0x00,0x00,0x00,0x00,0x00,0x00,0x00,
      0x00,0x00,0x00,0x00,0x00,0x00,0x00,0x00,0x00,0x00,0x00,0x00,
      0x00,0x00,0x00,0x00,0x00,0x00,0x00,0x00,0x00,0x00,0x00,0x00,
      0x00,0x00,0x00,0x00,0x00,0x00,0x00,0x00,0x00,0x00,0x00,0x00,
      0x00,0x00,0x00,0x00,0x00,0x00,0x00,0x00,0x00,0x00,0x00,0x00,
      0x00,0x00,0x00,0x00,0x00,0x00,0x00,0x00,0x00,0x00,0x00,0x00,
      0x00,0x00,0x00,0x00,0x00,0x00,0x00,0x00,0x00,0x00,0x00,0x00,
      0x00,0x00,0x00,0x00,0x00,0x00,0x00,0x00,0x00,0x00,0x00,0x00,
      0x00,0x00,0x00,0xF0,0x01,0x00,0x00,0x1F,0x00,0x00,0x00,0x00,
      0x00,0x00,0x00,0x00,0x00,0x00,0x00,0x00,0x00,0x00,0x00,0x00,
      0x00,0x00,0x00,0x00,0x00,0x00,0x00,0x00,0x00,0x00,0x00,0x00,
      0x00,0x00,0x00,0x00,0x00,0x00,0x00,0x00,0x00,0x00,0x00,0x00,
      0x00,0x00,0x00,0x00,0x00,0x00,0x00,0x00,0x00,0x00,0x00,0x00,
      0x00,0x00,0x00,0xF0,0x01,0x00,0x00,0x1F,0x00,0x00,0x00,0x00,
      0xE0,0x3F,0xE0,0x03,0xFC,0x0F,0xF8,0x07,0xFF,0x80,0xFF,0xC3,
      0xFF,0xC1,0x7F,0x30,0x70,0xF8,0x1F,0x00,0x1C,0x06,0x0F,0x03,
      0xE0,0xC1,0xF3,0xC0,0xC1,0x7F,0xF0,0x3F,0xF0,0x1F,0xFC,0x0F,
      0xFC,0xC7,0xFF,0x87,0x81,0x73,0xC0,0x39,0xE0,0x30,0x38,0x0E,
      0x38,0xFC,0x0F,0x70,0x00,0x03,0x00,0x1C,0x00,0x0F,0x00,0x00,
      0x30,0x70,0x30,0x06,0x0C,0x1C,0x0C,0x0E,0x83,0x83,0x01,0xC0,
      0x00,0x60,0xE0,0x30,0x70,0xC0,0x01,0x00,0x1C,0xC6,0x01,0x03,
      0xE0,0xE3,0xF3,0xC1,0x61,0xE0,0x30,0x70,0x18,0x38,0x0C,0x1C,
      0x06,0x0E,0x38,0x80,0x81,0x73,0xC0,0x39,0xE0,0x60,0x0C,0x18,
      0x1C,0x00,0x03,0x70,0x00,0x06,0x00,0x1C,0x80,0x19,0x00,0x00,
      0x8E,0x3F,0x0E,0x06,0x07,0x8E,0x03,0xC0,0x81,0xE3,0x00,0x70,
      0x00,0x38,0x00,0x1C,0x38,0xE0,0x00,0x00,0x8E,0x7B,0xC0,0x01,
      0x70,0xDF,0xB9,0xE1,0x38,0x70,0x1C,0x38,0x0E,0x1C,0x07,0x8E,
      0x03,0x00,0x1C,0xE0,0xC0,0x71,0x30,0x9C,0x73,0xE0,0x03,0x18,
      0x03,0xE0,0x00,0x38,0x00,0x06,0x00,0x0E,0x70,0x18,0x00,0x00,
      0x8E,0x3F,0x0E,0x06,0x07,0x8E,0x03,0xC0,0x81,0xE3,0x00,0x70,
      0x00,0x38,0x00,0x1C,0x38,0xE0,0x00,0x00,0x8E,0x7B,0xC0,0x01,
      0x70,0xDF,0xB9,0xE1,0x38,0x70,0x1C,0x38,0x0E,0x1C,0x07,0x8E,
      0x03,0x00,0x1C,0xE0,0xC0,0x71,0x30,0x9C,0x73,0xE0,0x03,0x18,
      0x03,0xE0,0x00,0x38,0x00,0x06,0x00,0x0E,0x70,0x18,0x00,0x00,
      0xCE,0x39,0x07,0x1C,0xFF,0x83,0x03,0xC0,0x81,0xE3,0x3F,0xF0,
      0x1F,0x38,0x7C,0xFC,0x3F,0xE0,0x00,0x00,0x8E,0x0F,0xC0,0x01,
      0x70,0xCE,0x39,0xE7,0x38,0x70,0xFC,0x0F,0x0E,0x1C,0xFF,0x03,
      0xFE,0x01,0x1C,0xE0,0xC0,0x71,0x30,0x9C,0x73,0xC0,0x01,0xF0,
      0x01,0x70,0x00,0x38,0x00,0x1C,0x00,0x0E,0x00,0x00,0x00,0x00,
      0xCE,0x39,0xFF,0x1F,0x07,0x8E,0x03,0xC0,0x81,0xE3,0x00,0x70,
      0x00,0x38,0x70,0x1C,0x38,0xE0,0x00,0x00,0x8E,0x7B,0xC0,0x01,
      0x70,0xC0,0x39,0xEE,0x38,0x70,0x1C,0x00,0x0E,0x1C,0x87,0x01,
      0x00,0x07,0x1C,0xE0,0xC0,0xC1,0x18,0xDC,0x77,0xE0,0x03,0xE0,
      0x00,0x18,0x00,0x38,0x00,0x38,0x00,0x0E,0x00,0x00,0x00,0x00,
      0xCE,0x39,0xFF,0x1F,0x07,0x8E,0x03,0xC0,0x81,0xE3,0x00,0x70,
      0x00,0x38,0x70,0x1C,0x38,0xE0,0x00,0x00,0x8E,0x7B,0xC0,0x01,
      0x70,0xC0,0x39,0xEE,0x38,0x70,0x1C,0x00,0x0E,0x1C,0x87,0x01,
      0x00,0x07,0x1C,0xE0,0xC0,0xC1,0x18,0xDC,0x77,0xE0,0x03,0xE0,
      0x00,0x18,0x00,0x38,0x00,0x38,0x00,0x0E,0x00,0x00,0x00,0x00,
      0xC3,0x8F,0x01,0x86,0x03,0x83,0x83,0xE1,0x60,0x70,0x00,0x38,
      0x00,0x1C,0x18,0x0E,0x0C,0x30,0x80,0x03,0xC3,0x79,0xE0,0x00,
      0x18,0x60,0x0C,0x3E,0x1C,0x18,0x0E,0x00,0xE7,0x86,0x83,0xC1,
      0x81,0x01,0x06,0x70,0x60,0xC0,0x07,0x3C,0x0F,0x9C,0x03,0x30,
      0x00,0x07,0x00,0x0C,0x00,0x38,0x00,0x03,0x00,0x00,0x00,0x00,
      0xC3,0x8F,0x01,0x86,0x03,0x83,0x83,0xE1,0x60,0x70,0x00,0x38,
      0x00,0x1C,0x18,0x0E,0x0C,0x30,0x80,0x03,0xC3,0x79,0xE0,0x00,
      0x18,0x60,0x0C,0x3E,0x1C,0x18,0x0E,0x00,0xE7,0x86,0x83,0xC1,
      0x81,0x01,0x06,0x70,0x60,0xC0,0x07,0x3C,0x0F,0x9C,0x03,0x30,
      0x00,0x07,0x00,0x0C,0x00,0x38,0x00,0x03,0x00,0x00,0x00,0x00,
      0x0E,0x80,0x01,0x86,0xFF,0x01,0xFE,0xE0,0x3F,0xF0,0x7F,0x38,
      0x00,0xF8,0x0F,0x0E,0x0C,0xFF,0x03,0xFF,0xC1,0xC1,0xE1,0xFF,
      0x18,0x60,0x0C,0x38,0xF8,0x0F,0x0E,0x00,0xFE,0x83,0x03,0x83,
      0xFF,0x00,0x06,0xE0,0x3F,0x80,0x01,0x1C,0x0C,0x0E,0x06,0x30,
      0x80,0xFF,0x01,0x0C,0x00,0x60,0x00,0x03,0x00,0x00,0x00,0x00,
      0xFC,0x07,0x00,0x00,0x00,0x00,0x00,0x00,0x00,0x00,0x00,0x00,
      0x00,0x00,0x00,0x00,0x00,0x00,0x00,0x00,0x00,0x00,0x00,0x00,
      0x00,0x00,0x00,0x00,0x00,0x00,0x00,0x00,0xC0,0x01,0x00,0x00,
      0x00,0x00,0x00,0x00,0x00,0x00,0x00,0x00,0x00,0x00,0x00,0x00,
      0x00,0x00,0x00,0x7C,0x00,0x00,0xE0,0x03,0x00,0x00,0xFE,0x1F,
      0x00,0x00,0x00,0x00,0x00,0x00,0x00,0x00,0x00,0x00,0x00,0x00,
      0x00,0x00,0x00,0x00,0x00,0x00,0x00,0x00,0x00,0x00,0x00,0x00,
      0x00,0x00,0x00,0x00,0x00,0x00,0x00,0x00,0x00,0x07,0x00,0x00,
      0x00,0x00,0x00,0x00,0x00,0x00,0x00,0x00,0x00,0x00,0x00,0x00,
      0x00,0x00,0x00,0x00,0x00,0x00,0x00,0x00,0x00,0x00,0x00,0x00,
      0x00,0x00,0x00,0x00,0x00,0x00,0x00,0x00,0x00,0x00,0x00,0x00,
      0x00,0x00,0x00,0x00,0x00,0x00,0x00,0x00,0x00,0x00,0x00,0x00,
      0x00,0x00,0x00,0x00,0x00,0x00,0x00,0x00,0x00,0x07,0x00,0x00,
      0x00,0x00,0x00,0x00,0x00,0x00,0x00,0x00,0x00,0x00,0x00,0x00,
      0x00,0x00,0x00,0x00,0x00,0x00,0x00,0x00,0x00,0x00,0x00,0x00,
      0x00,0x00,0x00,0x00,0x00,0x00,0x00,0x00,0x00,0x00,0x00,0x00,
      0x00,0x00,0x00,0x00,0x00,0x00,0x00,0x00,0x00,0x00,0x00,0x00,
      0x00,0x00,0x00,0x00,0x00,0x00,0x00,0x00,0x00,0x00,0x00,0x00,
      0x00,0x00,0x00,0x00,0x00,0x00,0x00,0x00,0x00,0x00,0x00,0x00,
      0x00,0x00,0x00,0xC0,0x01,0x00,0x00,0x0F,0x00,0x00,0x00,0x00,
      0x00,0x00,0x00,0x00,0x00,0x00,0x00,0x00,0x00,0x00,0x00,0x00,
      0x00,0x00,0x00,0x00,0x00,0x00,0x00,0x00,0x00,0x00,0x00,0x00,
      0x00,0x00,0x00,0x00,0x00,0x00,0x00,0x00,0x00,0x00,0x00,0x00,
      0x00,0x00,0x00,0x00,0x00,0x00,0x00,0x00,0x00,0x00,0x00,0x00,
      0x00,0x00,0x00,0xC0,0x01,0x00,0x00,0x0F,0x00,0x00,0x00,0x00,
      0x80,0x03,0x00,0x00,0x0C,0x00,0x00,0x00,0x00,0x07,0x00,0x00,
      0x3E,0x00,0x00,0x30,0x00,0xC0,0x01,0x00,0x1C,0x06,0x00,0x3E,
      0x00,0x00,0x00,0x00,0x00,0x00,0x00,0x00,0x00,0x00,0x00,0x00,
      0x00,0x00,0x1C,0x00,0x00,0x00,0x00,0x00,0x00,0x00,0x00,0x00,
      0x00,0x00,0x00,0x70,0x00,0x38,0x00,0x1C,0x80,0xCF,0x01,0x00,
      0x00,0x06,0x00,0x00,0x0C,0x00,0x00,0x00,0x00,0x07,0x00,0x00,
      0xE7,0x00,0x00,0x30,0x00,0x00,0x00,0x00,0x00,0x06,0x00,0x38,
      0x00,0x00,0x00,0x00,0x00,0x00,0x00,0x00,0x00,0x00,0x00,0x00,
      0x00,0x00,0x1C,0x00,0x00,0x00,0x00,0x00,0x00,0x00,0x00,0x00,
      0x00,0x00,0x00,0x70,0x00,0x38,0x00,0x1C,0xC0,0xF8,0x00,0x00,
      0x00,0x06,0xFE,0x03,0xF7,0x03,0xFE,0x01,0xBF,0x83,0x7F,0x80,
      0x01,0xE0,0x77,0xDC,0x0F,0xF0,0x00,0x80,0x8F,0x83,0x07,0x1C,
      0xF0,0x73,0x70,0x3F,0xE0,0x1F,0xDC,0x0F,0xF8,0x1D,0xF7,0x03,
      0xFE,0xC1,0x7F,0xE0,0xC0,0x39,0xE0,0x1C,0x70,0x1E,0x3C,0x0E,
      0x1C,0xFF,0x0F,0x38,0x00,0x1C,0x00,0x0E,0x00,0x00,0x00,0x00,
      0x00,0x06,0xFE,0x03,0xF7,0x03,0xFE,0x01,0xBF,0x83,0x7F,0x80,
      0x01,0xE0,0x77,0xDC,0x0F,0xF0,0x00,0x80,0x8F,0x83,0x07,0x1C,
      0xF0,0x73,0x70,0x3F,0xE0,0x1F,0xDC,0x0F,0xF8,0x1D,0xF7,0x03,
      0xFE,0xC1,0x7F,0xE0,0xC0,0x39,0xE0,0x1C,0x70,0x1E,0x3C,0x0E,
      0x1C,0xFF,0x0F,0x38,0x00,0x1C,0x00,0x0E,0x00,0x00,0x00,0x00,
      0x00,0x00,0x00,0x06,0x0F,0x8E,0x03,0xC7,0xC1,0xE3,0xC0,0xF1,
      0x0F,0x38,0x78,0x3C,0x38,0xE0,0x00,0x00,0x8E,0xC3,0x00,0x1C,
      0x70,0xCE,0xF1,0xE0,0x38,0x70,0x3C,0x38,0x0E,0x1E,0x0F,0x8E,
      0x03,0x00,0x06,0xE0,0xC0,0x71,0x30,0x9C,0x73,0x30,0x06,0x18,
      0x06,0x80,0x01,0x0C,0x00,0x1C,0x00,0x1C,0x00,0x00,0x00,0x00,
      0x00,0x00,0xFE,0x07,0x07,0x8E,0x03,0xC0,0x81,0xE3,0xFF,0x81,
      0x01,0x38,0x70,0x1C,0x38,0xE0,0x00,0x00,0x8E,0x3F,0x00,0x1C,
      0x70,0xCE,0x71,0xE0,0x38,0x70,0x1C,0x38,0x0E,0x1C,0x07,0x00,
      0xFE,0x01,0x06,0xE0,0xC0,0xC1,0x18,0x9C,0x73,0xE0,0x03,0x30,
      0x03,0xF0,0x00,0x38,0x00,0x1C,0x00,0x0E,0x00,0x00,0x00,0x00,
      0x00,0x00,0xFE,0x07,0x07,0x8E,0x03,0xC0,0x81,0xE3,0xFF,0x81,
      0x01,0x38,0x70,0x1C,0x38,0xE0,0x00,0x00,0x8E,0x3F,0x00,0x1C,
      0x70,0xCE,0x71,0xE0,0x38,0x70,0x1C,0x38,0x0E,0x1C,0x07,0x00,
      0xFE,0x01,0x06,0xE0,0xC0,0xC1,0x18,0x9C,0x73,0xE0,0x03,0x30,
      0x03,0xF0,0x00,0x38,0x00,0x1C,0x00,0x0E,0x00,0x00,0x00,0x00,
      0x00,0x80,0x01,0x83,0x03,0xC3,0x01,0xE0,0xC0,0x70,0x00,0xC0,
      0x00,0xF8,0x1F,0x0E,0x0C,0x30,0x00,0x00,0xC3,0x71,0x00,0x06,
      0x18,0x63,0x38,0x30,0x1C,0x18,0x1E,0x0C,0x07,0x87,0x03,0x00,
      0x80,0x01,0xC3,0x70,0x70,0xC0,0x07,0xDC,0x0C,0x9C,0x03,0xF0,
      0x00,0x0C,0x00,0x0C,0x00,0x06,0x00,0x03,0x00,0x00,0x00,0x00,
      0x00,0x80,0x01,0x83,0x03,0xC3,0x01,0xE0,0xC0,0x70,0x00,0xC0,
      0x00,0xF8,0x1F,0x0E,0x0C,0x30,0x00,0x00,0xC3,0x71,0x00,0x06,
      0x18,0x63,0x38,0x30,0x1C,0x18,0x1E,0x0C,0x07,0x87,0x03,0x00,
      0x80,0x01,0xC3,0x70,0x70,0xC0,0x07,0xDC,0x0C,0x9C,0x03,0xF0,
      0x00,0x0C,0x00,0x0C,0x00,0x06,0x00,0x03,0x00,0x00,0x00,0x00,
      0x00,0x00,0xFF,0x87,0xFF,0x81,0xFF,0xC1,0xFF,0xE0,0x3F,0xC0,
      0x00,0x00,0x18,0x0E,0x0C,0xFE,0x81,0x03,0xC3,0xC1,0xC1,0x3F,
      0x18,0x63,0x38,0x30,0xF8,0x0F,0xEE,0x07,0xFE,0x86,0x03,0x80,
      0xFF,0x00,0x7E,0xE0,0x6F,0x80,0x01,0x38,0x07,0x0F,0x0E,0x30,
      0x80,0xFF,0x03,0x0C,0x00,0x06,0x00,0x03,0x00,0x00,0x00,0x00,
      0x00,0x00,0x00,0x00,0x00,0x00,0x00,0x00,0x00,0x00,0x00,0x00,
      0x00,0xF8,0x0F,0x00,0x00,0x00,0x00,0xFF,0x01,0x00,0x00,0x00,
      0x00,0x00,0x00,0x00,0x00,0x00,0x0E,0x00,0x00,0x06,0x00,0x00,
      0x00,0x00,0x00,0x00,0x00,0x00,0x00,0x00,0x00,0x00,0x00,0x1E,
      0x00,0x00,0x00,0x78,0x00,0x00,0xE0,0x01,0x00,0x00,0x00,0x00,
      0x00,0x00,0x00,0x00,0x00,0x00,0x00,0x00,0x00,0x00,0x00,0x00,
      0x00,0x00,0x00,0x00,0x00,0x00,0x00,0x00,0x00,0x00,0x00,0x00,
      0x00,0x00,0x00,0x00,0x00,0x00,0x00,0x00,0x00,0x00,0x00,0x00,
      0x00,0x00,0x00,0x00,0x00,0x00,0x00,0x00,0x00,0x00,0x00,0x00,
      0x00,0x00,0x00,0x00,0x00,0x00,0x00,0x00,0x00,0x00,0x00,0x00,
      0x00,0x00,0x00,0x00,0x00,0x00,0x00,0x00,0x00,0x00,0x00,0x00,
      0x00,0x00,0x00,0x00,0x00,0x00,0x00,0x00,0x00,0x00,0x00,0x00,
      0x00,0x00,0x00,0x00,0x00,0x00,0x00,0x00,0x00,0x00,0x00,0x00,
      0x00,0x00,0x00,0x00,0x00,0x00,0x00,0x00,0x00,0x00,0x00,0x00,
      0x00,0x00,0x00,0x00,0x00,0x00,0x00,0x00,0x00,0x00,0x00,0x00,
      0x00,0x00,0x00,0x00,0x00,0x00,0x00,0x00,0x00,0x00,0x00,0x00,
      0x00,0xC0,0x1F,0x60,0x38,0xF0,0x1F,0x00,0x00,0x00,0x00,0x00,
      0x00,0x00,0x80,0xFF,0xC0,0x7F,0x00,0x00,0x00,0x00,0x00,0x00,
      0x00,0x00,0x00,0x00,0x00,0x00,0x00,0x00,0x00,0x00,0x00,0x00,
      0x00,0x00,0x00,0x00,0x00,0x00,0x00,0x00,0x00,0x00,0x00,0x00,
      0x00,0x00,0x00,0x00,0x00,0x00,0x00,0x00,0x00,0x00,0x00,0x00,
      0x00,0xC0,0x1F,0x60,0x38,0xF0,0x1F,0x00,0x00,0x00,0x00,0x00,
      0x00,0x00,0x80,0xFF,0xC0,0x7F,0x00,0x00,0x00,0x00,0x00,0x00,
      0x00,0x00,0x00,0x00,0x00,0x00,0x00,0x00,0x00,0x00,0x00,0x00,
      0x00,0x00,0x00,0x00,0x00,0x00,0x00,0x00,0x00,0x00,0x00,0x00,
      0x00,0x00,0xC0,0x01,0xE0,0x00,0xF8,0x07,0x00,0x80,0xC1,0x01,
      0x0E,0x60,0x70,0x00,0x00,0x08,0x20,0xF8,0x03,0x00,0x00,0x00,
      0x00,0x00,0x40,0x00,0x01,0x00,0xE0,0x03,0xC0,0x01,0x1F,0x80,
      0x0F,0x00,0x60,0x00,0x00,0xC0,0xFF,0x03,0x00,0x00,0x00,0xC0,
      0x01,0xF0,0x0F,0x00,0xC0,0x03,0xE3,0x81,0xF1,0xC1,0x00,0x07,
      0x00,0x00,0x00,0x00,0xE0,0x00,0x0C,0x0E,0x83,0x03,0x63,0x00,
      0x0E,0x60,0x00,0x00,0x00,0xC6,0x43,0x00,0x0E,0x8C,0x01,0x00,
      0x00,0x00,0x30,0x3F,0x02,0x00,0x30,0x06,0xC0,0x01,0x70,0x00,
      0x38,0x00,0x38,0x00,0x00,0x70,0xCE,0x03,0x00,0x00,0x00,0xE0,
      0x01,0x18,0x1C,0xC6,0x00,0x83,0x80,0x41,0x00,0x27,0x00,0x00,
      0x00,0x00,0xE0,0x00,0xFF,0x03,0x0C,0x00,0x7F,0x00,0x1F,0x00,
      0x07,0xE0,0x0F,0x00,0x00,0x11,0x22,0xFC,0x83,0x73,0x00,0x00,
      0x00,0x00,0x88,0x30,0x01,0x00,0xF0,0x01,0xFE,0x07,0x0C,0x80,
      0x07,0x00,0x00,0x70,0x30,0x38,0xE7,0x00,0x00,0x00,0x00,0xE0,
      0x00,0x0C,0x0E,0xC6,0xC0,0x21,0xE0,0x10,0xF0,0x08,0x80,0x03,
      0x00,0x00,0xE0,0x00,0xFF,0x03,0x0C,0x00,0x7F,0x00,0x1F,0x00,
      0x07,0xE0,0x0F,0x00,0x00,0x11,0x22,0xFC,0x83,0x73,0x00,0x00,
      0x00,0x00,0x88,0x30,0x01,0x00,0xF0,0x01,0xFE,0x07,0x0C,0x80,
      0x07,0x00,0x00,0x70,0x30,0x38,0xE7,0x00,0x00,0x00,0x00,0xE0,
      0x00,0x0C,0x0E,0xC6,0xC0,0x21,0xE0,0x10,0xF0,0x08,0x80,0x03,
      0x00,0x00,0xE0,0x80,0x73,0x8E,0x7F,0xC0,0xC1,0x00,0x0E,0x00,
      0x00,0x38,0x18,0x00,0x00,0x11,0x20,0x07,0xC3,0x39,0xC0,0xFF,
      0xE0,0x7F,0x88,0x1F,0x01,0x00,0x00,0x00,0xE0,0x00,0x07,0x00,
      0x0C,0x00,0x00,0x70,0x30,0xF0,0xE7,0x80,0x03,0x00,0x00,0xE0,
      0x00,0x0C,0x0E,0x8C,0xC1,0x99,0xE7,0xFC,0x81,0xF7,0x60,0x00,
      0x00,0x00,0xE0,0x80,0x73,0x00,0x0C,0xC0,0xC1,0x80,0x3F,0x00,
      0x07,0xE0,0x0F,0x00,0x00,0x11,0x22,0xFC,0x8F,0x73,0x00,0xC0,
      0x00,0x00,0x88,0x10,0x01,0x00,0x00,0x00,0xE0,0x80,0x7F,0xC0,
      0x07,0x00,0x00,0x70,0x30,0x00,0xE7,0x00,0x00,0x00,0x00,0xE0,
      0x00,0xF8,0x03,0xC6,0xC0,0x45,0xE7,0x82,0xFB,0xE9,0x38,0x00,
      0x00,0x00,0xE0,0x80,0x73,0x00,0x0C,0xC0,0xC1,0x80,0x3F,0x00,
      0x07,0xE0,0x0F,0x00,0x00,0x11,0x22,0xFC,0x8F,0x73,0x00,0xC0,
      0x00,0x00,0x88,0x10,0x01,0x00,0x00,0x00,0xE0,0x80,0x7F,0xC0,
      0x07,0x00,0x00,0x70,0x30,0x00,0xE7,0x00,0x00,0x00,0x00,0xE0,
      0x00,0xF8,0x03,0xC6,0xC0,0x45,0xE7,0x82,0xFB,0xE9,0x38,0x00,
      0x00,0x00,0x30,0xC0,0x18,0xC0,0x8F,0xC1,0x3F,0x00,0x03,0x80,
      0x01,0x00,0x0C,0x00,0x80,0xF0,0x18,0x00,0x80,0x73,0x00,0x00,
      0x00,0x00,0x44,0xD8,0x00,0x00,0x00,0x00,0x00,0x00,0x00,0x00,
      0x00,0x00,0x00,0x18,0x1C,0x80,0x31,0x00,0x00,0x00,0x00,0x00,
      0x00,0x00,0xC0,0x39,0x00,0x99,0x83,0x60,0x40,0x31,0x1C,0x0C,
      0x00,0x00,0x30,0xC0,0x18,0xC0,0x8F,0xC1,0x3F,0x00,0x03,0x80,
      0x01,0x00,0x0C,0x00,0x80,0xF0,0x18,0x00,0x80,0x73,0x00,0x00,
      0x00,0x00,0x44,0xD8,0x00,0x00,0x00,0x00,0x00,0x00,0x00,0x00,
      0x00,0x00,0x00,0x18,0x1C,0x80,0x31,0x00,0x00,0x00,0x00,0x00,
      0x00,0x00,0xC0,0x39,0x00,0x99,0x83,0x60,0x40,0x31,0x1C,0x0C,
      0x00,0x00,0x30,0x80,0xFF,0xC3,0xF9,0xE0,0x60,0x00,0x03,0x80,
      0x01,0x1C,0x0C,0x00,0x00,0x01,0x84,0xFF,0x03,0x00,0x00,0x00,
      0x00,0x00,0x08,0x20,0x00,0x00,0x00,0x00,0xFF,0x03,0x00,0x00,
      0x00,0x00,0x00,0xF8,0x33,0x80,0x31,0x00,0x00,0x00,0x00,0x00,
      0x00,0xFF,0x03,0x00,0xC0,0xFC,0x63,0x30,0xB0,0x3F,0xF8,0x07,
      0x00,0x00,0x00,0x00,0x18,0x00,0x00,0x00,0x00,0x00,0x00,0x00,
      0x00,0xF8,0x07,0x00,0x00,0xFE,0x03,0x00,0x00,0x00,0x00,0x00,
      0x00,0x00,0xF0,0x1F,0x00,0x00,0x00,0x00,0x00,0x00,0x00,0x00,
      0x00,0x00,0x00,0x18,0x00,0x80,0x31,0x00,0x00,0x60,0x00,0x00,
      0x00,0x00,0x00,0x00,0x20,0x80,0x13,0xFC,0x09,0x30,0x00,0x00,
      0x00,0x00,0x00,0x00,0x18,0x00,0x00,0x00,0x00,0x00,0x00,0x00,
      0x00,0x00,0x00,0x00,0x00,0x00,0x00,0x00,0x00,0x00,0x00,0x00,
      0x00,0x00,0x00,0x00,0x00,0x00,0x00,0x00,0x00,0x00,0x00,0x00,
      0x00,0x00,0x00,0x18,0x00,0x80,0x31,0x00,0x00,0x70,0x00,0x00,
      0x00,0x00,0x00,0x00,0x00,0x00,0x00,0x00,0x00,0x00,0x00,0x00,
      0x00,0x00,0x00,0x00,0x18,0x00,0x00,0x00,0x00,0x00,0x00,0x00,
      0x00,0x00,0x00,0x00,0x00,0x00,0x00,0x00,0x00,0x00,0x00,0x00,
      0x00,0x00,0x00,0x00,0x00,0x00,0x00,0x00,0x00,0x00,0x00,0x00,
      0x00,0x00,0x00,0x18,0x00,0x80,0x31,0x00,0x00,0x70,0x00,0x00,
      0x00,0x00,0x00,0x00,0x00,0x00,0x00,0x00,0x00,0x00,0x00,0x00,
      0xC0,0x01,0x00,0x06,0xE0,0x01,0x7C,0x0E,0x86,0x03,0x7E,0x00,
      0x00,0x00,0x00,0x80,0x03,0x00,0x06,0xE0,0x01,0x0C,0x07,0x1C,
      0x00,0x30,0x00,0x1F,0xC0,0x18,0x00,0x00,0xF0,0x39,0x70,0x00,
      0x80,0x01,0x78,0x00,0x9F,0x83,0xE1,0x00,0x00,0x00,0x00,0xC0,
      0x01,0x80,0x01,0xF0,0x00,0x86,0x03,0x30,0xC0,0x07,0x00,0x00,
      0xC0,0x01,0x00,0x06,0xE0,0x01,0x7C,0x0E,0x86,0x03,0x7E,0x00,
      0x00,0x00,0x00,0x80,0x03,0x00,0x06,0xE0,0x01,0x0C,0x07,0x1C,
      0x00,0x30,0x00,0x1F,0xC0,0x18,0x00,0x00,0xF0,0x39,0x70,0x00,
      0x80,0x01,0x78,0x00,0x9F,0x83,0xE1,0x00,0x00,0x00,0x00,0xC0,
      0x01,0x80,0x01,0xF0,0x00,0x86,0x03,0x30,0xC0,0x07,0x00,0x00,
      0x80,0x03,0x00,0x03,0x70,0x03,0xC6,0x07,0x00,0x00,0xC3,0x81,
      0xFF,0x81,0x7F,0x00,0x06,0x00,0x03,0x70,0x03,0x00,0x00,0x38,
      0x00,0x1C,0x80,0x31,0x00,0x00,0xF0,0x0F,0x18,0x1F,0xE0,0x00,
      0xC0,0x00,0xDC,0x80,0xF1,0x01,0x00,0x00,0x00,0x00,0x70,0x00,
      0x03,0xE0,0x00,0xB8,0x01,0x00,0xE0,0x9C,0x83,0x01,0x80,0x1F,
      0xC0,0x0F,0xE0,0x07,0x00,0x00,0x00,0x00,0xFC,0x00,0x7E,0xC0,
      0x0E,0xC0,0xE0,0xF0,0x7F,0xF8,0x3F,0xFC,0x1F,0xFE,0x0F,0xFE,
      0x00,0x7F,0x00,0x00,0xC0,0x1F,0x30,0x38,0x38,0x38,0xF8,0x0F,
      0xFC,0x07,0xFE,0x03,0xFF,0x81,0xFF,0x00,0x00,0xE0,0x3F,0x18,
      0x38,0x0C,0x1C,0x06,0x0E,0x03,0x87,0xC1,0x81,0xFF,0xC0,0x70,
      0x30,0x0C,0x18,0x06,0xFC,0x03,0xFE,0x01,0xC3,0x80,0x61,0x38,
      0x07,0x38,0x00,0x1C,0x00,0x0E,0x00,0x07,0x80,0x03,0x00,0x1C,
      0x00,0x0E,0xC0,0x1F,0x80,0x03,0x1C,0x38,0x3E,0x1C,0x07,0x8E,
      0x03,0xC7,0x81,0xE3,0xC0,0x71,0xE0,0x60,0x0C,0x1C,0x3E,0x0E,
      0x1C,0x07,0x8E,0x03,0xC7,0x81,0x83,0x31,0xC0,0xE0,0x38,0x18,
      0x30,0x0C,0x18,0x06,0xFC,0x03,0xFE,0x01,0xC3,0x80,0x61,0x38,
      0x07,0x38,0x00,0x1C,0x00,0x0E,0x00,0x07,0x80,0x03,0x00,0x1C,
      0x00,0x0E,0xC0,0x1F,0x80,0x03,0x1C,0x38,0x3E,0x1C,0x07,0x8E,
      0x03,0xC7,0x81,0xE3,0xC0,0x71,0xE0,0x60,0x0C,0x1C,0x3E,0x0E,
      0x1C,0x07,0x8E,0x03,0xC7,0x81,0x83,0x31,0xC0,0xE0,0x38,0x18,
      0x1C,0x38,0x0E,0x1C,0x07,0x8E,0x03,0xC7,0x81,0xE3,0xC0,0xF9,
      0x3F,0x38,0x00,0xFC,0x07,0xFE,0x03,0xFF,0x81,0xFF,0x00,0x1C,
      0x00,0x0E,0x00,0x07,0x80,0x03,0x7E,0x38,0xEE,0x1C,0x07,0x8E,
      0x03,0xC7,0x81,0xE3,0xC0,0x71,0xE0,0xC0,0x07,0x9C,0x3B,0x0E,
      0x1C,0x07,0x8E,0x03,0xC7,0x81,0x03,0x1F,0xC0,0xE0,0x38,0x0C,
      0xFC,0x3F,0xFE,0x1F,0xFF,0x8F,0xFF,0xC7,0xFF,0xE3,0xFF,0x39,
      0x07,0x38,0x00,0x1C,0x00,0x0E,0x00,0x07,0x80,0x03,0x00,0x1C,
      0x00,0x0E,0x00,0x07,0x80,0x03,0x1C,0x38,0xCE,0x1D,0x07,0x8E,
      0x03,0xC7,0x81,0xE3,0xC0,0x71,0xE0,0x80,0x03,0xDC,0x39,0x0E,
      0x1C,0x07,0x8E,0x03,0xC7,0x81,0x03,0x0E,0xC0,0x3F,0x38,0x70,
      0xFC,0x3F,0xFE,0x1F,0xFF,0x8F,0xFF,0xC7,0xFF,0xE3,0xFF,0x39,
      0x07,0x38,0x00,0x1C,0x00,0x0E,0x00,0x07,0x80,0x03,0x00,0x1C,
      0x00,0x0E,0x00,0x07,0x80,0x03,0x1C,0x38,0xCE,0x1D,0x07,0x8E,
      0x03,0xC7,0x81,0xE3,0xC0,0x71,0xE0,0x80,0x03,0xDC,0x39,0x0E,
      0x1C,0x07,0x8E,0x03,0xC7,0x81,0x03,0x0E,0xC0,0x3F,0x38,0x70,
      0x0E,0x0C,0x07,0x86,0x03,0xC3,0x81,0xE1,0xC0,0x70,0x60,0x8C,
      0x01,0x38,0x18,0x0E,0x00,0x07,0x80,0x03,0xC0,0x01,0x00,0x06,
      0x00,0x03,0x80,0x01,0xC0,0x00,0x0E,0x06,0xC7,0x87,0x03,0xC3,
      0x81,0xE1,0xC0,0x70,0x60,0x38,0x30,0xE0,0x03,0x3E,0x0C,0x07,
      0x86,0x03,0xC3,0x81,0xE1,0xC0,0x00,0x03,0x70,0x00,0x1C,0x18,
      0x0E,0x0C,0x07,0x86,0x03,0xC3,0x81,0xE1,0xC0,0x70,0x60,0x8C,
      0x01,0x38,0x18,0x0E,0x00,0x07,0x80,0x03,0xC0,0x01,0x00,0x06,
      0x00,0x03,0x80,0x01,0xC0,0x00,0x0E,0x06,0xC7,0x87,0x03,0xC3,
      0x81,0xE1,0xC0,0x70,0x60,0x38,0x30,0xE0,0x03,0x3E,0x0C,0x07,
      0x86,0x03,0xC3,0x81,0xE1,0xC0,0x00,0x03,0x70,0x00,0x1C,0x18,
      0x0E,0x0C,0x07,0x86,0x03,0xC3,0x81,0xE1,0xC0,0x70,0x60,0x8C,
      0x3F,0xE0,0x0F,0xFE,0x0F,0xFF,0x87,0xFF,0xC3,0xFF,0xC1,0x3F,
      0xE0,0x1F,0xF0,0x0F,0xF8,0x07,0xFE,0x03,0x07,0x07,0xFF,0x81,
      0xFF,0xC0,0x7F,0xE0,0x3F,0xF0,0x1F,0x38,0x07,0xFC,0x07,0xFE,
      0x03,0xFF,0x81,0xFF,0xC0,0x7F,0x00,0x03,0xF8,0x00,0x9C,0x0F,
      0x00,0x00,0x00,0x00,0x00,0x00,0x00,0x00,0x00,0x00,0x00,0x00,
      0x00,0x80,0x03,0x00,0x00,0x00,0x00,0x00,0x00,0x00,0x00,0x00,
      0x00,0x00,0x00,0x00,0x00,0x00,0x00,0x00,0x00,0x00,0x00,0x00,
      0x00,0x00,0x00,0x00,0x00,0x00,0x00,0x00,0x00,0x0E,0x00,0x00,
      0x00,0x00,0x00,0x00,0x00,0x00,0x00,0x00,0x00,0x00,0x1C,0x00,
      0x00,0x00,0x00,0x00,0x00,0x00,0x00,0x00,0x00,0x00,0x00,0x00,
      0x00,0xC0,0x00,0x00,0x00,0x00,0x00,0x00,0x00,0x00,0x00,0x00,
      0x00,0x00,0x00,0x00,0x00,0x00,0x00,0x00,0x00,0x00,0x00,0x00,
      0x00,0x00,0x00,0x00,0x00,0x00,0x00,0x00,0x00,0x00,0x00,0x00,
      0x00,0x00,0x00,0x00,0x00,0x00,0x00,0x00,0x00,0x00,0x00,0x00,
      0x00,0x00,0x00,0x00,0x00,0x00,0x00,0x00,0x00,0x00,0x00,0x00,
      0x00,0xC0,0x00,0x00,0x00,0x00,0x00,0x00,0x00,0x00,0x00,0x00,
      0x00,0x00,0x00,0x00,0x00,0x00,0x00,0x00,0x00,0x00,0x00,0x00,
      0x00,0x00,0x00,0x00,0x00,0x00,0x00,0x00,0x00,0x00,0x00,0x00,
      0x00,0x00,0x00,0x00,0x00,0x00,0x00,0x00,0x00,0x00,0x00,0x00,
      0xC0,0x01,0x00,0x03,0xF0,0x00,0x3C,0x07,0xC6,0x00,0x3E,0x00,
      0x00,0x00,0x00,0x80,0x03,0x00,0x03,0xE0,0x01,0x0C,0x07,0x1C,
      0x00,0x30,0x00,0x1E,0xC0,0x18,0x00,0x0C,0xF0,0x39,0x70,0x00,
      0x80,0x01,0x78,0x00,0x9F,0x83,0xE1,0x00,0x00,0x00,0x00,0xC0,
      0x01,0x80,0x01,0xF0,0x00,0x86,0x03,0x60,0x00,0x00,0x60,0x18,
      0xC0,0x01,0x00,0x03,0xF0,0x00,0x3C,0x07,0xC6,0x00,0x3E,0x00,
      0x00,0x00,0x00,0x80,0x03,0x00,0x03,0xE0,0x01,0x0C,0x07,0x1C,
      0x00,0x30,0x00,0x1E,0xC0,0x18,0x00,0x0C,0xF0,0x39,0x70,0x00,
      0x80,0x01,0x78,0x00,0x9F,0x83,0xE1,0x00,0x00,0x00,0x00,0xC0,
      0x01,0x80,0x01,0xF0,0x00,0x86,0x03,0x60,0x00,0x00,0x60,0x18,
      0x80,0x03,0xC0,0x01,0x98,0x01,0xC6,0x01,0x00,0x00,0x63,0x00,
      0x00,0x00,0x00,0x00,0x06,0xC0,0x01,0x70,0x03,0x00,0x00,0x38,
      0x00,0x1C,0x00,0x37,0x00,0x00,0x80,0xFF,0x18,0x1F,0xE0,0x00,
      0xC0,0x00,0xDC,0x80,0xF1,0x01,0x00,0x00,0x00,0x00,0x00,0x00,
      0x03,0xE0,0x00,0xB8,0x01,0x00,0x00,0x30,0x80,0x01,0x00,0x00,
      0x00,0x00,0x00,0x00,0x00,0x00,0x00,0x00,0x00,0x00,0x3E,0x00,
      0x00,0x00,0x00,0x00,0x00,0x00,0x00,0x00,0x00,0x00,0x00,0x00,
      0x00,0x00,0x00,0x00,0x00,0x00,0x00,0x38,0x00,0x00,0x00,0x00,
      0x00,0x00,0x00,0x00,0x00,0x00,0x00,0x00,0x00,0x00,0x0C,0x00,
      0x00,0x00,0x00,0x00,0x00,0x00,0x00,0x00,0x80,0x01,0x00,0x00,
      0xFC,0x07,0xFE,0x03,0xFF,0x81,0xFF,0xC0,0x7F,0xE0,0x3F,0xF0,
      0x39,0xE0,0x1F,0xF0,0x0F,0xF8,0x07,0xFC,0x03,0xFE,0x01,0x1E,
      0x00,0x0F,0x80,0x07,0xC0,0x03,0xF0,0x3F,0xEE,0x07,0xFC,0x03,
      0xFE,0x01,0xFF,0x80,0x7F,0xC0,0x3F,0x80,0x03,0xFC,0x0F,0x0E,
      0x1C,0x07,0x8E,0x03,0xC7,0x81,0xE3,0xC0,0xC1,0x3F,0x1C,0x18,
      0xFC,0x07,0xFE,0x03,0xFF,0x81,0xFF,0xC0,0x7F,0xE0,0x3F,0xF0,
      0x39,0xE0,0x1F,0xF0,0x0F,0xF8,0x07,0xFC,0x03,0xFE,0x01,0x1E,
      0x00,0x0F,0x80,0x07,0xC0,0x03,0xF0,0x3F,0xEE,0x07,0xFC,0x03,
      0xFE,0x01,0xFF,0x80,0x7F,0xC0,0x3F,0x80,0x03,0xFC,0x0F,0x0E,
      0x1C,0x07,0x8E,0x03,0xC7,0x81,0xE3,0xC0,0xC1,0x3F,0x1C,0x18,
      0x00,0x0C,0x00,0x06,0x00,0x03,0x80,0x01,0xC0,0x00,0x60,0x00,
      0xE7,0x38,0x70,0x1C,0x38,0x0E,0x1C,0x07,0x8E,0x03,0x07,0x1C,
      0x00,0x0E,0x00,0x07,0x80,0x03,0x1C,0x38,0x1E,0x1C,0x07,0x8E,
      0x03,0xC7,0x81,0xE3,0xC0,0x71,0xE0,0x00,0x00,0x8E,0x3B,0x0E,
      0x1C,0x07,0x8E,0x03,0xC7,0x81,0x83,0x61,0xC0,0xE0,0x38,0x0C,
      0xFC,0x0F,0xFE,0x07,0xFF,0x83,0xFF,0xC1,0xFF,0xE0,0x7F,0xF0,
      0xFF,0x38,0x00,0xFC,0x3F,0xFE,0x1F,0xFF,0x8F,0xFF,0x07,0x1C,
      0x00,0x0E,0x00,0x07,0x80,0x03,0x1C,0x38,0x0E,0x1C,0x07,0x8E,
      0x03,0xC7,0x81,0xE3,0xC0,0x71,0xE0,0xF8,0x1F,0xCE,0x39,0x0E,
      0x1C,0x07,0x8E,0x03,0xC7,0x81,0x03,0x33,0xC0,0xE0,0x60,0x07,
      0xFC,0x0F,0xFE,0x07,0xFF,0x83,0xFF,0xC1,0xFF,0xE0,0x7F,0xF0,
      0xFF,0x38,0x00,0xFC,0x3F,0xFE,0x1F,0xFF,0x8F,0xFF,0x07,0x1C,
      0x00,0x0E,0x00,0x07,0x80,0x03,0x1C,0x38,0x0E,0x1C,0x07,0x8E,
      0x03,0xC7,0x81,0xE3,0xC0,0x71,0xE0,0xF8,0x1F,0xCE,0x39,0x0E,
      0x1C,0x07,0x8E,0x03,0xC7,0x81,0x03,0x33,0xC0,0xE0,0x60,0x07,
      0x03,0x86,0x01,0xC3,0x80,0x61,0xC0,0x30,0x60,0x18,0x30,0x8C,
      0x01,0x1C,0x00,0x0E,0x00,0x07,0x80,0x03,0xC0,0x01,0x00,0x06,
      0x00,0x03,0x80,0x01,0xC0,0x00,0x0E,0x0C,0x07,0x86,0x03,0xC3,
      0x81,0xE1,0xC0,0x70,0x60,0x38,0x30,0x00,0x00,0x33,0x0C,0x07,
      0x87,0x83,0xC3,0xC1,0xE1,0xE0,0x00,0x0F,0x70,0x30,0xE0,0x00,
      0x03,0x86,0x01,0xC3,0x80,0x61,0xC0,0x30,0x60,0x18,0x30,0x8C,
      0x01,0x1C,0x00,0x0E,0x00,0x07,0x80,0x03,0xC0,0x01,0x00,0x06,
      0x00,0x03,0x80,0x01,0xC0,0x00,0x0E,0x0C,0x07,0x86,0x03,0xC3,
      0x81,0xE1,0xC0,0x70,0x60,0x38,0x30,0x00,0x00,0x33,0x0C,0x07,
      0x87,0x83,0xC3,0xC1,0xE1,0xE0,0x00,0x0F,0x70,0x30,0xE0,0x00,
      0xFE,0x0F,0xFF,0x87,0xFF,0xC3,0xFF,0xE1,0xFF,0xF0,0x7F,0xF8,
      0x1F,0xF8,0x1F,0xFC,0x07,0xFE,0x03,0xFF,0x81,0xFF,0xC0,0x3F,
      0xE0,0x1F,0xF0,0x0F,0xF8,0x07,0xFC,0x0F,0x07,0x06,0xFF,0x81,
      0xFF,0xC0,0x7F,0xE0,0x3F,0xF0,0x1F,0xC0,0x00,0xFE,0x07,0xFE,
      0x06,0x7F,0x83,0xBF,0xC1,0xDF,0x00,0x03,0xF0,0x1F,0x60,0x00,
      0x00,0x00,0x00,0x00,0x00,0x00,0x00,0x00,0x00,0x00,0x00,0x00,
      0x00,0xC0,0x00,0x00,0x00,0x00,0x00,0x00,0x00,0x00,0x00,0x00,
      0x00,0x00,0x00,0x00,0x00,0x00,0x00,0x00,0x00,0x00,0x00,0x00,
      0x00,0x00,0x00,0x00,0x00,0x00,0x00,0x00,0x00,0x1C,0x00,0x00,
      0x00,0x00,0x00,0x00,0x00,0x00,0xE0,0x01,0x70,0x00,0x3C,0x00,
      0x00,0x00,0x00,0x00,0x00,0x00,0x00,0x00,0x00,0x00,0x00,0x00,
      0x00,0x60,0x00,0x00,0x00,0x00,0x00,0x00,0x00,0x00,0x00,0x00,
      0x00,0x00,0x00,0x00,0x00,0x00,0x00,0x00,0x00,0x00,0x00,0x00,
      0x00,0x00,0x00,0x00,0x00,0x00,0x00,0x00,0x00,0x00,0x00,0x00,
      0x00,0x00,0x00,0x00,0x00,0x00,0x00,0x00,0x70,0x00,0x00,0x00,
      0x00,0x00,0x00,0x00,0x00,0x00,0x00,0x00,0x00,0x00,0x00,0x00,
      0x00,0x60,0x00,0x00,0x00,0x00,0x00,0x00,0x00,0x00,0x00,0x00,
      0x00,0x00,0x00,0x00,0x00,0x00,0x00,0x00,0x00,0x00,0x00,0x00,
      0x00,0x00,0x00,0x00,0x00,0x00,0x00,0x00,0x00,0x00,0x00,0x00,
      0x00,0x00,0x00,0x00,0x00,0x00,0x00,0x00,0x70,0x00,0x00,0x00,
      0xE0,0x3F,0xF8,0x07,0x18,0x0E,0x86,0x01,0x00,0x00,0x00,0x00,
      0x30,0x00,0x0C,0x00,0x0E,0xC0,0x03,0x80,0x01,0x70,0x00,0xDC,
      0x00,0x6E,0x80,0x19,0x80,0x1B,0x00,0x00,0x00,0x00,0xF8,0x0F,
      0xFC,0x07,0x86,0x03,0xC3,0x01,0x0E,0x00,0x07,0x00,0x00,0x00,
      0x00,0x70,0x03,0xB8,0x01,0x78,0x00,0x3C,0x80,0xE1,0xC0,0x70,
      0xE0,0x3F,0xF8,0x07,0x18,0x0E,0x86,0x01,0x00,0x00,0x00,0x00,
      0x30,0x00,0x0C,0x00,0x0E,0xC0,0x03,0x80,0x01,0x70,0x00,0xDC,
      0x00,0x6E,0x80,0x19,0x80,0x1B,0x00,0x00,0x00,0x00,0xF8,0x0F,
      0xFC,0x07,0x86,0x03,0xC3,0x01,0x0E,0x00,0x07,0x00,0x00,0x00,
      0x00,0x70,0x03,0xB8,0x01,0x78,0x00,0x3C,0x80,0xE1,0xC0,0x70,
      0x00,0x00,0x00,0x00,0xF0,0x03,0xFC,0x00,0x00,0x00,0x00,0x00,
      0x18,0x00,0x07,0x80,0x3B,0xE0,0x06,0x00,0x00,0x00,0x00,0x78,
      0x00,0x3C,0x00,0x0F,0x00,0xEF,0xF0,0x0F,0x00,0x38,0x00,0x00,
      0x00,0x00,0xFC,0x00,0x7E,0x00,0x00,0x00,0x00,0x00,0x00,0x00,
      0x00,0xE0,0x01,0xF0,0x00,0xDC,0x00,0x6E,0x00,0x3F,0x80,0x1F,
      0xC0,0x0F,0x00,0x00,0x00,0x00,0x00,0x00,0xFC,0x00,0x00,0x00,
      0xFF,0x00,0x00,0xC0,0x3F,0x00,0x00,0xF0,0x0F,0x00,0x00,0xFC,
      0x03,0x00,0xC0,0x3F,0x00,0xE0,0x30,0x38,0x00,0xFE,0xFC,0x1F,
      0x00,0x00,0xFF,0x07,0x00,0xC0,0xFF,0x01,0x00,0xF0,0x7F,0x00,
      0x00,0xFC,0x1F,0x00,0x00,0xFE,0x03,0x00,0x80,0xFF,0x00,0x00,
      0x30,0x0C,0xFE,0x03,0xFC,0x83,0xFF,0x00,0xC3,0xE0,0x3F,0xC0,
      0xE0,0xE0,0x1F,0x30,0x38,0xF8,0x07,0x0C,0x0E,0xFE,0x01,0x83,
      0x83,0x7F,0x70,0x30,0xE0,0x77,0x1C,0x38,0x00,0x1C,0x07,0x00,
      0xFE,0xC1,0x01,0x80,0x7F,0x70,0x00,0xE0,0x1F,0x1C,0x00,0xF8,
      0x07,0x07,0x00,0xFE,0xC1,0x81,0x83,0xDF,0x71,0xE0,0xE0,0x77,
      0x30,0x0C,0xFE,0x03,0xFC,0x83,0xFF,0x00,0xC3,0xE0,0x3F,0xC0,
      0xE0,0xE0,0x1F,0x30,0x38,0xF8,0x07,0x0C,0x0E,0xFE,0x01,0x83,
      0x83,0x7F,0x70,0x30,0xE0,0x77,0x1C,0x38,0x00,0x1C,0x07,0x00,
      0xFE,0xC1,0x01,0x80,0x7F,0x70,0x00,0xE0,0x1F,0x1C,0x00,0xF8,
      0x07,0x07,0x00,0xFE,0xC1,0x81,0x83,0xDF,0x71,0xE0,0xE0,0x77,
      0x1C,0x38,0x00,0x06,0x07,0x0E,0x80,0xC1,0x81,0x03,0x60,0x70,
      0x00,0x38,0x70,0x1C,0x00,0x0E,0x1C,0x07,0x80,0x03,0xC7,0x01,
      0xE0,0xC0,0x71,0xE0,0x38,0x78,0x7E,0x38,0xF8,0x1F,0xFF,0x81,
      0x03,0xC7,0x7F,0xE0,0xC0,0xF1,0x1F,0x38,0x70,0xFC,0x07,0x0E,
      0x1C,0xFF,0x81,0x03,0xC7,0x01,0xE0,0xE0,0x71,0x00,0x38,0x78,
      0xFC,0x3F,0xFE,0x07,0xFF,0x8F,0xFF,0xC1,0xFF,0xE3,0x7F,0x70,
      0x00,0x38,0x00,0x1C,0x00,0x0E,0x00,0x07,0x80,0x03,0xC0,0x01,
      0xE0,0x00,0x70,0xE0,0x38,0x70,0x1C,0x38,0x0E,0x1C,0x07,0x80,
      0xFF,0xC7,0x01,0xE0,0xFF,0x71,0x00,0xF8,0x7F,0x1C,0x00,0xFE,
      0x1F,0x07,0x80,0xFF,0xC7,0xE1,0xE3,0xC0,0x71,0xF8,0x38,0x70,
      0xFC,0x3F,0xFE,0x07,0xFF,0x8F,0xFF,0xC1,0xFF,0xE3,0x7F,0x70,
      0x00,0x38,0x00,0x1C,0x00,0x0E,0x00,0x07,0x80,0x03,0xC0,0x01,
      0xE0,0x00,0x70,0xE0,0x38,0x70,0x1C,0x38,0x0E,0x1C,0x07,0x80,
      0xFF,0xC7,0x01,0xE0,0xFF,0x71,0x00,0xF8,0x7F,0x1C,0x00,0xFE,
      0x1F,0x07,0x80,0xFF,0xC7,0xE1,0xE3,0xC0,0x71,0xF8,0x38,0x70,
      0x0E,0x8C,0x01,0x83,0x03,0x63,0xC0,0xE0,0xC0,0x18,0x30,0x70,
      0x30,0x1C,0x00,0x1C,0x0C,0x07,0x00,0x07,0xC3,0x01,0xC0,0xC1,
      0x70,0x00,0x38,0x18,0x1C,0x18,0x0E,0x06,0x07,0x86,0x03,0xC0,
      0x01,0xE0,0x00,0x70,0x00,0x38,0x00,0x1C,0x00,0x0E,0x00,0x07,
      0x80,0x03,0xC0,0x01,0xE0,0xC0,0xE0,0x7F,0x38,0x30,0xF8,0x1F,
      0x0E,0x8C,0x01,0x83,0x03,0x63,0xC0,0xE0,0xC0,0x18,0x30,0x70,
      0x30,0x1C,0x00,0x1C,0x0C,0x07,0x00,0x07,0xC3,0x01,0xC0,0xC1,
      0x70,0x00,0x38,0x18,0x1C,0x18,0x0E,0x06,0x07,0x86,0x03,0xC0,
      0x01,0xE0,0x00,0x70,0x00,0x38,0x00,0x1C,0x00,0x0E,0x00,0x07,
      0x80,0x03,0xC0,0x01,0xE0,0xC0,0xE0,0x7F,0x38,0x30,0xF8,0x1F,
      0x0E,0x0C,0xFF,0x87,0x03,0xC3,0xFF,0xE1,0xC0,0xF0,0x7F,0xC0,
      0x1F,0xF8,0x1F,0xF0,0x07,0xFE,0x07,0xFC,0x81,0xFF,0x01,0x7F,
      0xE0,0x7F,0xF8,0x0F,0xF8,0x1F,0xFE,0x03,0xFE,0x87,0xFF,0x83,
      0xFF,0xE0,0xFF,0xE0,0x3F,0xF8,0x3F,0xF8,0x0F,0xFE,0x0F,0xFE,
      0x83,0xFF,0x83,0xFF,0xC0,0x7F,0x00,0x60,0xF0,0x1F,0x00,0x18,
      0x00,0x00,0x00,0x00,0x00,0x00,0x00,0x00,0x60,0x00,0x03,0x00,
      0x00,0x00,0x00,0x00,0x00,0x00,0x00,0x00,0x00,0x00,0x00,0x00,
      0x00,0x00,0x00,0x00,0x00,0x00,0x00,0x00,0x00,0x00,0x00,0x00,
      0x00,0x00,0x00,0x00,0x00,0x00,0x00,0x00,0x00,0xC0,0x01,0x30,
      0x00,0x00,0x00,0x00,0x00,0x00,0xE0,0x3F,0x00,0x00,0xF8,0x0F,
      0x00,0x00,0x00,0x00,0x00,0x00,0x00,0x00,0xE0,0x00,0x0F,0x00,
      0x00,0x00,0x00,0x00,0x00,0x00,0x00,0x00,0x00,0x00,0x00,0x00,
      0x00,0x00,0x00,0x00,0x00,0x00,0x00,0x00,0x00,0x00,0x00,0x00,
      0x00,0x00,0x1E,0x00,0x0F,0x00,0x00,0x00,0x00,0xC0,0x03,0xF0,
      0x00,0x00,0x00,0x00,0x00,0x00,0x00,0x00,0x00,0x00,0x00,0x00,
      0x00,0x00,0x00,0x00,0x00,0x00,0x00,0x00,0xE0,0x00,0x0F,0x00,
      0x00,0x00,0x00,0x00,0x00,0x00,0x00,0x00,0x00,0x00,0x00,0x00,
      0x00,0x00,0x00,0x00,0x00,0x00,0x00,0x00,0x00,0x00,0x00,0x00,
      0x00,0x00,0x1E,0x00,0x0F,0x00,0x00,0x00,0x00,0xC0,0x03,0xF0,
      0x00,0x00,0x00,0x00,0x00,0x00,0x00,0x00,0x00,0x00,0x00,0x00,
      0x80,0x03,0xC0,0x01,0x00,0x00,0xC0,0x00,0x78,0x00,0x3C,0x00,
      0x00,0x00,0x00,0xE0,0x39,0xE0,0x06,0xF8,0x03,0xFC,0x01,0x83,
      0x83,0xC1,0x01,0x00,0x00,0x00,0x80,0x03,0x00,0x00,0x00,0x00,
      0x00,0x00,0xDC,0x00,0x6E,0x00,0x00,0x00,0x00,0x00,0x00,0x00,
      0x06,0x80,0x01,0x00,0x00,0x00,0x00,0x00,0x00,0x00,0x00,0x00,
      0x80,0x03,0xC0,0x01,0x00,0x00,0xC0,0x00,0x78,0x00,0x3C,0x00,
      0x00,0x00,0x00,0xE0,0x39,0xE0,0x06,0xF8,0x03,0xFC,0x01,0x83,
      0x83,0xC1,0x01,0x00,0x00,0x00,0x80,0x03,0x00,0x00,0x00,0x00,
      0x00,0x00,0xDC,0x00,0x6E,0x00,0x00,0x00,0x00,0x00,0x00,0x00,
      0x06,0x80,0x01,0x00,0x00,0x00,0x00,0x00,0x00,0x00,0x00,0x00,
      0x00,0x00,0x00,0x00,0x00,0x00,0x70,0x00,0xDC,0x00,0x6E,0xC0,
      0xC0,0x61,0x00,0x30,0x0E,0x30,0x03,0x00,0x00,0x00,0x00,0xFE,
      0x00,0x7F,0x00,0x00,0x00,0x07,0x00,0x00,0x00,0x00,0x1F,0x1C,
      0x0C,0x0E,0x00,0x07,0x00,0xC0,0xE0,0x61,0x00,0x00,0x00,0x00,
      0x03,0xE0,0x00,0x06,0x00,0x3E,0x80,0x61,0x80,0xCF,0x61,0x00,
      0xE0,0x3F,0x00,0x00,0xF8,0x0F,0x00,0x00,0x03,0x87,0x01,0xF0,
      0xFF,0xFB,0x03,0xE0,0x0F,0x00,0x00,0xF8,0x03,0x00,0x00,0x00,
      0x00,0x00,0x80,0x3F,0x00,0x00,0xE0,0x0F,0x00,0x00,0x0C,0x1C,
      0x00,0x00,0x00,0x07,0xE0,0xC3,0x38,0x60,0x00,0x00,0x00,0x18,
      0x00,0xF8,0x00,0x06,0x00,0x38,0x80,0x31,0x00,0xEE,0x60,0x00,
      0x1C,0x38,0xF8,0x1D,0x07,0x0E,0x7E,0xC7,0x81,0xE3,0x00,0x70,
      0xE0,0x38,0x00,0xC0,0x01,0xF0,0x00,0x70,0x00,0x3C,0x00,0x7F,
      0x00,0x0F,0x00,0x07,0xC0,0x03,0xC0,0x01,0xF0,0x00,0x07,0x8E,
      0x87,0x07,0x80,0x03,0xC0,0x71,0x0F,0x38,0x78,0x1C,0x3E,0x0E,
      0x00,0x70,0x80,0x03,0x00,0x1C,0xE0,0x00,0x00,0x07,0x38,0x0C,
      0x1C,0x38,0xF8,0x1D,0x07,0x0E,0x7E,0xC7,0x81,0xE3,0x00,0x70,
      0xE0,0x38,0x00,0xC0,0x01,0xF0,0x00,0x70,0x00,0x3C,0x00,0x7F,
      0x00,0x0F,0x00,0x07,0xC0,0x03,0xC0,0x01,0xF0,0x00,0x07,0x8E,
      0x87,0x07,0x80,0x03,0xC0,0x71,0x0F,0x38,0x78,0x1C,0x3E,0x0E,
      0x00,0x70,0x80,0x03,0x00,0x1C,0xE0,0x00,0x00,0x07,0x38,0x0C,
      0x1C,0x00,0x0E,0x1E,0x07,0x80,0x83,0xC7,0xFF,0xE3,0x7E,0xF0,
      0xFF,0xB8,0x1F,0xC0,0x01,0xE0,0x00,0x70,0x00,0x38,0x00,0x1C,
      0x00,0x0E,0x00,0x07,0x80,0x03,0xC0,0x01,0xE0,0x00,0x07,0x0E,
      0x06,0x07,0x80,0x03,0xC0,0xF1,0x01,0x38,0x0C,0x9C,0x07,0x0E,
      0x00,0x70,0x80,0x03,0x00,0x1C,0xE0,0x00,0x00,0x07,0x38,0x00,
      0x1C,0x3E,0x0E,0x1C,0x87,0x8F,0x03,0xC7,0x81,0xE3,0xC1,0x71,
      0xE0,0x78,0x70,0xC0,0x01,0xE0,0x00,0x70,0x00,0x38,0x00,0x1C,
      0x00,0x0E,0x00,0x07,0x80,0x03,0xC0,0x01,0xE0,0x00,0x07,0x0E,
      0x06,0x07,0x80,0x03,0xC0,0x71,0x0F,0xF8,0x03,0xFC,0x01,0x0E,
      0x00,0x70,0x80,0x03,0x00,0x1C,0xE0,0x00,0x00,0x07,0x38,0x00,
      0x1C,0x3E,0x0E,0x1C,0x87,0x8F,0x03,0xC7,0x81,0xE3,0xC1,0x71,
      0xE0,0x78,0x70,0xC0,0x01,0xE0,0x00,0x70,0x00,0x38,0x00,0x1C,
      0x00,0x0E,0x00,0x07,0x80,0x03,0xC0,0x01,0xE0,0x00,0x07,0x0E,
      0x06,0x07,0x80,0x03,0xC0,0x71,0x0F,0xF8,0x03,0xFC,0x01,0x0E,
      0x00,0x70,0x80,0x03,0x00,0x1C,0xE0,0x00,0x00,0x07,0x38,0x00,
      0x0E,0x0C,0xFE,0x87,0x03,0x83,0xFF,0xE1,0xC0,0x70,0x60,0x38,
      0x30,0x1C,0x18,0x60,0x00,0x30,0x00,0x18,0x00,0x0C,0x00,0x06,
      0x00,0x03,0x80,0x01,0xC0,0x00,0x60,0x00,0x30,0x80,0x73,0x83,
      0x83,0xE1,0xC0,0x70,0x60,0x38,0x0F,0x1C,0x07,0xCE,0x03,0x07,
      0x00,0x18,0xC0,0x01,0x00,0x06,0x70,0x00,0x80,0x01,0x1C,0x00,
      0x0E,0x0C,0xFE,0x87,0x03,0x83,0xFF,0xE1,0xC0,0x70,0x60,0x38,
      0x30,0x1C,0x18,0x60,0x00,0x30,0x00,0x18,0x00,0x0C,0x00,0x06,
      0x00,0x03,0x80,0x01,0xC0,0x00,0x60,0x00,0x30,0x80,0x73,0x83,
      0x83,0xE1,0xC0,0x70,0x60,0x38,0x0F,0x1C,0x07,0xCE,0x03,0x07,
      0x00,0x18,0xC0,0x01,0x00,0x06,0x70,0x00,0x80,0x01,0x1C,0x00,
      0xFC,0x07,0x00,0x06,0xFF,0x01,0x80,0xE1,0xC0,0x70,0x60,0x38,
      0x30,0x1C,0x18,0xFC,0x03,0xFE,0x01,0xFF,0x80,0x7F,0xC0,0x3F,
      0xE0,0x1F,0xF0,0x0F,0xF8,0x07,0xFC,0x03,0xFE,0xC1,0xE7,0xE1,
      0x8F,0xC1,0x7F,0xE0,0x3F,0x38,0x38,0x1C,0x1C,0x8E,0x0F,0xFF,
      0x07,0xFF,0xC0,0xFF,0xC1,0x3F,0xF0,0x7F,0xF0,0x0F,0xFC,0x1F,
      0x00,0x00,0xFE,0x03,0x18,0x80,0xFF,0x00,0x00,0x00,0x00,0x00,
      0x00,0x00,0x00,0x00,0x00,0x00,0x00,0x00,0x00,0x00,0x00,0x00,
      0x00,0x00,0x80,0x01,0xC0,0x00,0x00,0x00,0x00,0x00,0x00,0x00,
      0xF0,0x00,0x00,0x00,0x00,0x00,0x07,0x80,0x03,0x00,0x00,0x00,
      0x00,0x00,0x00,0x0C,0x00,0x06,0x00,0x00,0x00,0x00,0x00,0x00,
      0x00,0x00,0x00,0x00,0x0C,0x00,0x00,0x00,0x00,0x00,0x00,0x00,
      0x00,0x00,0x00,0x00,0x00,0x00,0x00,0x00,0x00,0x00,0x00,0x00,
      0x00,0x00,0x80,0x07,0xC0,0x03,0x00,0x00,0x00,0x00,0x00,0x00,
      0x00,0x00,0x00,0x00,0x00,0x80,0x01,0xC0,0x00,0x00,0x00,0x00,
      0x00,0x00,0x00,0x06,0x00,0x03,0x00,0x00,0x00,0x00,0x00,0x00,
      0x00,0x00,0x00,0x00,0x0C,0x00,0x00,0x00,0x00,0x00,0x00,0x00,
      0x00,0x00,0x00,0x00,0x00,0x00,0x00,0x00,0x00,0x00,0x00,0x00,
      0x00,0x00,0x80,0x07,0xC0,0x03,0x00,0x00,0x00,0x00,0x00,0x00,
      0x00,0x00,0x00,0x00,0x00,0x80,0x01,0xC0,0x00,0x00,0x00,0x00,
      0x00,0x00,0x00,0x06,0x00,0x03,0x00,0x00,0x00,0x00,0x00,0x00,
      0xE0,0x03,0x00,0x00,0x00,0x00,0x80,0x01,0xC0,0x00,0x00,0x00,
      0x00,0x80,0x1B,0xC0,0x0D,0x0E,0x00,0x00,0x00,0x00,0x00,0xFE,
      0x03,0xFF,0x81,0xE1,0xC0,0x70,0x80,0x73,0xC0,0x39,0x00,0x00,
      0x00,0x00,0x60,0x00,0x60,0x00,0x00,0x00,0x00,0x60,0x06,0xE0,
      0x06,0x80,0x01,0xC0,0x00,0x78,0x00,0x3C,0x00,0x00,0x00,0x00,
      0xE0,0x03,0x00,0x00,0x00,0x00,0x80,0x01,0xC0,0x00,0x00,0x00,
      0x00,0x80,0x1B,0xC0,0x0D,0x0E,0x00,0x00,0x00,0x00,0x00,0xFE,
      0x03,0xFF,0x81,0xE1,0xC0,0x70,0x80,0x73,0xC0,0x39,0x00,0x00,
      0x00,0x00,0x60,0x00,0x60,0x00,0x00,0x00,0x00,0x60,0x06,0xE0,
      0x06,0x80,0x01,0xC0,0x00,0x78,0x00,0x3C,0x00,0x00,0x00,0x00,
      0x80,0x03,0x18,0x00,0xF8,0x0E,0xC0,0x00,0x60,0x00,0x00,0x00,
      0x00,0x00,0x0F,0x80,0x07,0x18,0x00,0x0C,0x1C,0x00,0x00,0x00,
      0x00,0x00,0x00,0x3F,0x80,0x1F,0xC0,0x39,0xE0,0x1C,0xF8,0x1F,
      0x00,0x00,0x38,0x00,0x30,0xC0,0xFF,0x00,0x00,0xC0,0x03,0xC0,
      0x03,0xE0,0x00,0x70,0x00,0xDC,0x00,0x6E,0x80,0xFF,0x00,0x00,
      0x80,0x3B,0xD8,0x01,0xE0,0x03,0x0E,0x0E,0x00,0x80,0x83,0x03,
      0x00,0xE0,0xE0,0x00,0x00,0x00,0x00,0x1C,0x1C,0x00,0x00,0xFE,
      0x03,0x00,0x80,0xFF,0x00,0x00,0xE0,0x3F,0x00,0x00,0x8C,0x01,
      0x00,0x00,0xFF,0x03,0x00,0xC0,0xC0,0x01,0x00,0xF0,0x3F,0x00,
      0x00,0xF8,0x0F,0x00,0x00,0xFE,0x03,0x00,0xC0,0xC0,0x01,0x00,
      0xC0,0x01,0x3E,0x00,0xF0,0x80,0x0F,0xC7,0xFD,0xE0,0xC3,0x71,
      0x3F,0xF8,0x70,0xDC,0x0F,0xEE,0x07,0x1F,0x8E,0xFB,0xC1,0x81,
      0x83,0x7F,0x70,0xE0,0xE0,0x1F,0x1C,0x38,0xF8,0x87,0xE3,0x80,
      0xFF,0xC1,0x81,0xE3,0x7E,0x70,0xE0,0xB8,0x1F,0x1C,0x38,0xEE,
      0x07,0x07,0x00,0xFE,0xC1,0x01,0x80,0x7F,0x70,0x00,0xE0,0x1F,
      0xC0,0x01,0x3E,0x00,0xF0,0x80,0x0F,0xC7,0xFD,0xE0,0xC3,0x71,
      0x3F,0xF8,0x70,0xDC,0x0F,0xEE,0x07,0x1F,0x8E,0xFB,0xC1,0x81,
      0x83,0x7F,0x70,0xE0,0xE0,0x1F,0x1C,0x38,0xF8,0x87,0xE3,0x80,
      0xFF,0xC1,0x81,0xE3,0x7E,0x70,0xE0,0xB8,0x1F,0x1C,0x38,0xEE,
      0x07,0x07,0x00,0xFE,0xC1,0x01,0x80,0x7F,0x70,0x00,0xE0,0x1F,
      0xC0,0x01,0x1E,0x00,0x78,0x80,0x3B,0xC7,0x83,0xE3,0xCE,0xF1,
      0xE0,0xB8,0x73,0x3C,0x38,0x1E,0x1C,0x77,0x8E,0x07,0xC7,0x81,
      0xE3,0xC0,0x71,0xE0,0x38,0x70,0x1C,0x38,0x0E,0x9C,0xE3,0xC3,
      0x39,0xC7,0x81,0xE3,0xC1,0xF1,0x3F,0x78,0x70,0x1C,0x38,0x1E,
      0x1C,0xFC,0x83,0x03,0x00,0xFF,0xE0,0x00,0xC0,0x3F,0x38,0x00,
      0xC0,0x01,0x0F,0x00,0x7C,0x80,0x73,0xC7,0x81,0xE3,0xDC,0x71,
      0xE0,0x38,0x77,0x1C,0x38,0x0E,0x1C,0xE7,0x8E,0x03,0xC7,0x81,
      0xE3,0xC0,0x71,0xE0,0x38,0x70,0x1C,0x38,0x0E,0x9C,0xE3,0xC0,
      0xF9,0xC7,0xFF,0xE0,0x00,0x70,0x18,0x38,0x00,0xFC,0x0F,0x0E,
      0x00,0x00,0x0E,0xFE,0x01,0x80,0x83,0x7F,0x00,0xE0,0xE0,0x1F,
      0xC0,0x01,0x0F,0x00,0x7C,0x80,0x73,0xC7,0x81,0xE3,0xDC,0x71,
      0xE0,0x38,0x77,0x1C,0x38,0x0E,0x1C,0xE7,0x8E,0x03,0xC7,0x81,
      0xE3,0xC0,0x71,0xE0,0x38,0x70,0x1C,0x38,0x0E,0x9C,0xE3,0xC0,
      0xF9,0xC7,0xFF,0xE0,0x00,0x70,0x18,0x38,0x00,0xFC,0x0F,0x0E,
      0x00,0x00,0x0E,0xFE,0x01,0x80,0x83,0x7F,0x00,0xE0,0xE0,0x1F,
      0x60,0xC0,0x07,0x00,0x18,0xC0,0xF1,0xE1,0xC0,0x70,0x7C,0x38,
      0x30,0x1C,0x1F,0x0E,0x0C,0x07,0x86,0xE3,0xC3,0x81,0xE1,0xC0,
      0x70,0x60,0x38,0x30,0x1C,0x18,0x0E,0x0C,0x07,0x86,0x73,0x60,
      0x0C,0xE0,0x38,0x70,0x00,0x38,0x18,0x1C,0x00,0x8E,0x03,0x07,
      0x80,0x03,0x03,0x80,0xE1,0xC0,0x00,0x60,0x38,0x30,0x00,0x18,
      0x60,0xC0,0x07,0x00,0x18,0xC0,0xF1,0xE1,0xC0,0x70,0x7C,0x38,
      0x30,0x1C,0x1F,0x0E,0x0C,0x07,0x86,0xE3,0xC3,0x81,0xE1,0xC0,
      0x70,0x60,0x38,0x30,0x1C,0x18,0x0E,0x0C,0x07,0x86,0x73,0x60,
      0x0C,0xE0,0x38,0x70,0x00,0x38,0x18,0x1C,0x00,0x8E,0x03,0x07,
      0x80,0x03,0x03,0x80,0xE1,0xC0,0x00,0x60,0x38,0x30,0x00,0x18,
      0xFC,0x03,0xFF,0x07,0xFF,0xC0,0xC1,0xE1,0xC0,0x70,0x70,0x38,
      0x30,0x1C,0x1C,0x0E,0x0C,0x07,0x86,0x83,0xC3,0x81,0xC1,0x7F,
      0xE0,0x3F,0xF0,0x1F,0xF8,0x0F,0xFC,0x07,0xFE,0x03,0xFF,0xC3,
      0xFF,0xE0,0xE0,0x70,0x00,0x38,0x30,0x1C,0x00,0x0E,0x0E,0x07,
      0x00,0xFF,0x81,0xFF,0xC0,0x7F,0xE0,0x3F,0xF0,0x1F,0xF8,0x0F,
      0x00,0x00,0x00,0x00,0x00,0x00,0x00,0x00,0x00,0x00,0x0E,0x80,
      0x01,0x00,0x00,0x00,0x00,0x00,0x00,0x00,0x03,0x80,0x01,0x00,
      0x00,0x00,0x00,0x00,0x00,0x00,0x00,0x00,0x00,0x00,0x00,0x00,
      0x00,0x00,0x00,0x00,0x00,0x00,0x07,0x80,0x03,0x00,0x00,0x00,
      0x00,0x00,0x00,0x00,0x00,0x00,0x00,0x00,0x00,0x07,0x80,0x03,
      0x00,0x00,0x00,0x00,0x00,0x00,0x00,0x00,0x00,0x00,0x03,0xC0,
      0x00,0x00,0x00,0x00,0x00,0x00,0x00,0xF0,0x01,0xF8,0x00,0x00,
      0x00,0x00,0x00,0x00,0x00,0x00,0x00,0x00,0x00,0x00,0x00,0x00,
      0x00,0x00,0x00,0x00,0x00,0x80,0x01,0xC0,0x00,0x00,0x00,0x00,
      0x00,0x00,0x00,0x00,0x00,0x00,0x00,0x00,0x80,0x07,0xC0,0x03,
      0x00,0x00,0x00,0x00,0x00,0x00,0x00,0x00,0x00,0x00,0x03,0xC0,
      0x00,0x00,0x00,0x00,0x00,0x00,0x00,0xF0,0x01,0xF8,0x00,0x00,
      0x00,0x00,0x00,0x00,0x00,0x00,0x00,0x00,0x00,0x00,0x00,0x00,
      0x00,0x00,0x00,0x00,0x00,0x80,0x01,0xC0,0x00,0x00,0x00,0x00,
      0x00,0x00,0x00,0x00,0x00,0x00,0x00,0x00,0x80,0x07,0xC0,0x03,
      0xC0,0x0D,0xE0,0x06,0x00,0x00,0x00,0x00,0xC6,0x00,0x63,0x00,
      0x00,0x00,0x00,0xC0,0x3B,0xE0,0x1D,0xF8,0x0F,0xFC,0x07,0x86,
      0x03,0xC3,0x01,0x1E,0x00,0x0F,0x80,0x73,0xC0,0x39,0x00,0x00,
      0x00,0x00,0x7C,0x00,0x3E,0x00,0x1F,0x00,0x0F,0x60,0x0C,0x00,
      0x03,0x80,0x01,0x70,0x00,0x38,0x00,0x6E,0x00,0x37,0x00,0x00,
      0xC0,0x0D,0xE0,0x06,0x00,0x00,0x00,0x00,0xC6,0x00,0x63,0x00,
      0x00,0x00,0x00,0xC0,0x3B,0xE0,0x1D,0xF8,0x0F,0xFC,0x07,0x86,
      0x03,0xC3,0x01,0x1E,0x00,0x0F,0x80,0x73,0xC0,0x39,0x00,0x00,
      0x00,0x00,0x7C,0x00,0x3E,0x00,0x1F,0x00,0x0F,0x60,0x0C,0x00,
      0x03,0x80,0x01,0x70,0x00,0x38,0x00,0x6E,0x00,0x37,0x00,0x00,
      0x80,0x07,0xC0,0x03,0xFF,0x1F,0x38,0x00,0x7C,0x00,0x3E,0xF0,
      0xFF,0x81,0x03,0x60,0x0E,0x30,0x07,0x00,0x00,0x00,0x00,0xFC,
      0x00,0x7E,0x00,0x37,0x80,0x1B,0xC0,0x39,0xE0,0x1C,0x0C,0x1C,
      0x00,0x00,0xC6,0x00,0x63,0x80,0x31,0x80,0x1B,0x00,0x00,0xC0,
      0x01,0xE0,0x00,0x00,0x00,0x00,0x00,0x3C,0x00,0x1E,0x80,0x0F,
      0xE0,0x3F,0x00,0x00,0xE0,0x00,0x38,0xC0,0xFF,0x07,0x0E,0x00,
      0x0E,0xE0,0x1F,0x30,0x70,0x00,0x00,0x0C,0x1C,0x00,0x00,0x03,
      0x07,0x00,0xC0,0xDE,0x01,0x0F,0x30,0x70,0x00,0x00,0x0C,0x1C,
      0x00,0xC0,0x01,0x07,0x00,0x00,0x00,0x00,0x00,0x30,0x38,0xF8,
      0x1F,0x00,0x00,0xFE,0x07,0x00,0x80,0xFF,0x01,0x00,0xC0,0x18,
      0x1C,0x00,0xF8,0x07,0x70,0x80,0xFF,0x00,0x1C,0xE0,0x3F,0x00,
      0x07,0xC0,0x00,0x1C,0x38,0x0E,0x1C,0x07,0x8E,0x03,0xC7,0x81,
      0xE3,0xC0,0x71,0xE0,0x38,0x70,0x1C,0x38,0x0E,0x1C,0x07,0x8E,
      0x03,0xE7,0x9C,0x73,0xC0,0x71,0x30,0x38,0x70,0x30,0x06,0xC0,
      0x01,0xFF,0x0F,0x70,0xC0,0xFF,0x03,0x1C,0xF0,0xFF,0x78,0x00,
      0x1C,0x00,0xF8,0x07,0x70,0x80,0xFF,0x00,0x1C,0xE0,0x3F,0x00,
      0x07,0xC0,0x00,0x1C,0x38,0x0E,0x1C,0x07,0x8E,0x03,0xC7,0x81,
      0xE3,0xC0,0x71,0xE0,0x38,0x70,0x1C,0x38,0x0E,0x1C,0x07,0x8E,
      0x03,0xE7,0x9C,0x73,0xC0,0x71,0x30,0x38,0x70,0x30,0x06,0xC0,
      0x01,0xFF,0x0F,0x70,0xC0,0xFF,0x03,0x1C,0xF0,0xFF,0x78,0x00,
      0xF0,0x0F,0x0E,0x00,0x70,0x00,0x0C,0x00,0x1C,0x00,0x03,0xC0,
      0x1F,0xF8,0x0F,0x1C,0x38,0x0E,0x1C,0x07,0x8E,0x03,0xC7,0x81,
      0xE3,0xC0,0x71,0xE0,0x38,0x70,0x1C,0x38,0x0E,0x1C,0x07,0x8E,
      0x03,0xE7,0x9C,0x73,0xCE,0xC1,0x18,0x60,0x18,0xE0,0x03,0xE0,
      0x00,0x80,0x01,0x38,0x00,0x60,0x00,0x0E,0x00,0x18,0x60,0x00,
      0x00,0x38,0xF8,0x07,0x70,0x00,0x0C,0x00,0x1C,0x00,0x03,0x00,
      0x07,0xC0,0x00,0x1C,0x38,0x0E,0x1C,0x07,0x8E,0x03,0xC7,0x81,
      0xE3,0xC0,0x71,0xE0,0x38,0x70,0x1C,0x38,0x0E,0x1C,0x07,0x8E,
      0x03,0xE7,0xBE,0x73,0xCE,0x81,0x0F,0xC0,0x0C,0xC0,0x01,0x30,
      0x00,0xF0,0x00,0x0C,0x00,0x3C,0x00,0x03,0x00,0x0F,0x60,0x00,
      0x00,0x38,0xF8,0x07,0x70,0x00,0x0C,0x00,0x1C,0x00,0x03,0x00,
      0x07,0xC0,0x00,0x1C,0x38,0x0E,0x1C,0x07,0x8E,0x03,0xC7,0x81,
      0xE3,0xC0,0x71,0xE0,0x38,0x70,0x1C,0x38,0x0E,0x1C,0x07,0x8E,
      0x03,0xE7,0xBE,0x73,0xCE,0x81,0x0F,0xC0,0x0C,0xC0,0x01,0x30,
      0x00,0xF0,0x00,0x0C,0x00,0x3C,0x00,0x03,0x00,0x0F,0x60,0x00,
      0x0E,0x0C,0x00,0x06,0x18,0x00,0x86,0x01,0x06,0x80,0x61,0x80,
      0x01,0x60,0x18,0x0E,0x0C,0x07,0x87,0x03,0xC3,0xC1,0xE1,0xC0,
      0x70,0x70,0x38,0x30,0x1C,0x1C,0x0E,0x0C,0x07,0x87,0x03,0xC3,
      0xC1,0xE1,0x79,0x70,0x33,0x80,0x01,0xC0,0x03,0x60,0x00,0x0E,
      0x00,0x0C,0x80,0x03,0x00,0x03,0xE0,0x00,0xC0,0x00,0x38,0x00,
      0x0E,0x0C,0x00,0x06,0x18,0x00,0x86,0x01,0x06,0x80,0x61,0x80,
      0x01,0x60,0x18,0x0E,0x0C,0x07,0x87,0x03,0xC3,0xC1,0xE1,0xC0,
      0x70,0x70,0x38,0x30,0x1C,0x1C,0x0E,0x0C,0x07,0x87,0x03,0xC3,
      0xC1,0xE1,0x79,0x70,0x33,0x80,0x01,0xC0,0x03,0x60,0x00,0x0E,
      0x00,0x0C,0x80,0x03,0x00,0x03,0xE0,0x00,0xC0,0x00,0x38,0x00,
      0xFC,0x07,0xFE,0x03,0x18,0x00,0xFC,0x00,0x06,0x00,0x3F,0x80,
      0x01,0xC0,0x0F,0xFC,0x07,0xFE,0x06,0xFF,0x81,0xBF,0xC1,0x7F,
      0xE0,0x6F,0xF0,0x1F,0xF8,0x1B,0xFC,0x07,0xFE,0x06,0xFF,0x81,
      0xBF,0xE1,0x60,0xE0,0x1C,0x80,0x01,0xC0,0x00,0x60,0x00,0xFF,
      0x83,0xFF,0xC3,0xFF,0xE0,0xFF,0xF0,0x3F,0xF8,0x3F,0x7C,0x00,
      0x00,0x00,0x00,0x00,0x70,0x00,0x70,0x00,0x00,0x00,0x00,0x00,
      0x00,0x00,0x00,0x00,0x00,0x00,0x00,0x00,0x00,0x00,0x00,0x00,
      0x00,0x00,0x00,0x00,0x00,0x00,0x00,0x00,0x00,0x00,0x18,0x00,
      0x0C,0x00,0x00,0x00,0x00,0x00,0x00,0x78,0x00,0x00,0x00,0x00,
      0x00,0x00,0x00,0x00,0x00,0x00,0x00,0x00,0x00,0x00,0x00,0x00,
      0x00,0x00,0x00,0x00,0x7C,0x00,0x78,0x00,0x00,0x00,0x00,0x00,
      0x00,0x00,0x00,0x00,0x00,0x00,0x00,0x00,0x00,0x00,0x00,0x00,
      0x00,0x00,0x00,0x00,0x00,0x00,0x00,0x00,0x00,0x00,0x78,0x00,
      0x3C,0x00,0x00,0x00,0x00,0x00,0x00,0x00,0x00,0x00,0x00,0x00,
      0x00,0x00,0x00,0x00,0x00,0x00,0x00,0x00,0x00,0x00,0x00,0x00,
      0x00,0x00,0x00,0x00,0x7C,0x00,0x78,0x00,0x00,0x00,0x00,0x00,
      0x00,0x00,0x00,0x00,0x00,0x00,0x00,0x00,0x00,0x00,0x00,0x00,
      0x00,0x00,0x00,0x00,0x00,0x00,0x00,0x00,0x00,0x00,0x78,0x00,
      0x3C,0x00,0x00,0x00,0x00,0x00,0x00,0x00,0x00,0x00,0x00,0x00,
      0x00,0x00,0x00,0x00,0x00,0x00,0x00,0x00,0x00,0x00,0x00,0x00,
      0x00,0x00,0x00,0x00,0x70,0x03,0xCC,0x00,0x00,0x00,0x00,0x00,
      0xE7,0x00,0x0F,0xC0,0x0D,0xF0,0x1F,0x80,0x01,0x38,0x00,0x00,
      0x00,0x00,0x80,0xE1,0x00,0x07,0xC0,0x07,0x00,0x00,0xF0,0x0E,
      0x00,0x00,0x60,0x00,0x3C,0x00,0xE7,0xC0,0x7B,0xFC,0x03,0x3E,
      0x1C,0x00,0x80,0x7F,0x08,0xFE,0x00,0x00,0x00,0x00,0x00,0x00,
      0x00,0x00,0x00,0x00,0x70,0x03,0xCC,0x00,0x00,0x00,0x00,0x00,
      0xE7,0x00,0x0F,0xC0,0x0D,0xF0,0x1F,0x80,0x01,0x38,0x00,0x00,
      0x00,0x00,0x80,0xE1,0x00,0x07,0xC0,0x07,0x00,0x00,0xF0,0x0E,
      0x00,0x00,0x60,0x00,0x3C,0x00,0xE7,0xC0,0x7B,0xFC,0x03,0x3E,
      0x1C,0x00,0x80,0x7F,0x08,0xFE,0x00,0x00,0x00,0x00,0x00,0x00,
      0xF0,0x3F,0x30,0x06,0xE0,0x01,0x78,0x00,0x00,0x00,0x00,0x80,
      0x31,0x80,0x1B,0x80,0x07,0x00,0x00,0xE0,0x00,0x70,0x00,0x00,
      0x00,0x00,0x00,0x3F,0x00,0x00,0x60,0x0C,0x00,0x00,0x98,0x03,
      0x00,0x00,0x38,0x00,0x30,0x80,0x31,0x80,0x73,0x1C,0x00,0x26,
      0x06,0x00,0x00,0xC4,0x0E,0x83,0xE3,0x81,0xF1,0xC1,0xF8,0x60,
      0x00,0x0C,0x30,0x06,0xF0,0x03,0x00,0x00,0x00,0x00,0x00,0x00,
      0x00,0x00,0x00,0x00,0x00,0x00,0x00,0x00,0x00,0x00,0x00,0x00,
      0x00,0x00,0x00,0x00,0x00,0x00,0xC0,0x07,0x00,0x00,0x00,0x00,
      0x00,0x00,0x78,0x00,0x1C,0x80,0xF7,0xC0,0x18,0x9C,0x7F,0x3E,
      0x03,0xF8,0x0D,0xC4,0xCF,0x01,0x87,0x41,0x00,0x27,0x18,0x10,
      0x80,0x03,0x18,0x03,0x0C,0x83,0xFF,0x00,0xFF,0x80,0xDF,0x01,
      0x00,0x00,0x00,0x00,0x00,0x00,0x00,0x00,0x00,0x00,0x00,0x00,
      0x00,0x00,0x00,0x00,0x00,0x00,0x00,0x00,0x00,0x00,0x00,0x00,
      0x00,0x00,0x00,0x00,0x00,0x00,0x00,0x00,0x00,0xCE,0x01,0xE0,
      0x00,0x84,0x02,0xB2,0xE6,0x80,0xE3,0x10,0xF0,0x08,0x7C,0x04,
      0x80,0x03,0x18,0x03,0x0C,0x83,0xFF,0x00,0xFF,0x80,0xDF,0x01,
      0x00,0x00,0x00,0x00,0x00,0x00,0x00,0x00,0x00,0x00,0x00,0x00,
      0x00,0x00,0x00,0x00,0x00,0x00,0x00,0x00,0x00,0x00,0x00,0x00,
      0x00,0x00,0x00,0x00,0x00,0x00,0x00,0x00,0x00,0xCE,0x01,0xE0,
      0x00,0x84,0x02,0xB2,0xE6,0x80,0xE3,0x10,0xF0,0x08,0x7C,0x04,
      0xF0,0x07,0x18,0x03,0x07,0x0E,0x80,0xC1,0x81,0xE3,0x70,0x00,
      0x00,0x00,0x00,0x00,0x00,0x00,0x00,0x00,0x00,0x00,0x00,0x00,
      0x00,0x00,0x00,0x00,0x00,0x00,0x00,0x00,0x00,0x00,0x00,0x00,
      0x00,0x00,0x00,0x00,0x00,0x00,0x00,0x00,0x00,0xFE,0x0F,0x30,
      0x00,0x94,0x02,0x32,0xE6,0x80,0xE3,0xFC,0x81,0xF7,0x61,0x7F,
      0x60,0x00,0x18,0x03,0xFF,0x8F,0xFF,0xC1,0xFF,0x73,0x20,0x00,
      0x00,0x00,0x00,0x00,0x00,0x00,0x00,0x00,0x00,0x00,0x00,0x00,
      0x00,0x00,0x00,0x00,0x00,0x00,0x00,0x00,0x00,0x00,0x00,0xE0,
      0xFF,0x0F,0x00,0x00,0x00,0x00,0x00,0x00,0x00,0xC0,0x01,0xF8,
      0x3E,0x94,0x02,0x32,0xC6,0xC1,0xE0,0x92,0xF9,0x11,0xBD,0x64,
      0x60,0x00,0x18,0x03,0xFF,0x8F,0xFF,0xC1,0xFF,0x73,0x20,0x00,
      0x00,0x00,0x00,0x00,0x00,0x00,0x00,0x00,0x00,0x00,0x00,0x00,
      0x00,0x00,0x00,0x00,0x00,0x00,0x00,0x00,0x00,0x00,0x00,0xE0,
      0xFF,0x0F,0x00,0x00,0x00,0x00,0x00,0x00,0x00,0xC0,0x01,0xF8,
      0x3E,0x94,0x02,0x32,0xC6,0xC1,0xE0,0x92,0xF9,0x11,0xBD,0x64,
      0x1C,0x00,0xCE,0x81,0x03,0x63,0xC0,0xE0,0x00,0x70,0x3C,0x00,
      0x00,0x00,0x00,0x00,0x00,0x00,0x00,0x00,0x00,0x00,0x00,0x00,
      0x00,0x00,0x00,0x00,0x00,0x00,0x00,0x00,0x00,0x00,0x00,0x00,
      0x00,0x00,0x00,0x00,0x00,0x00,0x00,0x00,0x00,0x60,0x00,0x2F,
      0x19,0x0B,0x01,0x00,0xC0,0x39,0x80,0x7C,0x40,0xF8,0x20,0x1F,
      0x1C,0x00,0xCE,0x81,0x03,0x63,0xC0,0xE0,0x00,0x70,0x3C,0x00,
      0x00,0x00,0x00,0x00,0x00,0x00,0x00,0x00,0x00,0x00,0x00,0x00,
      0x00,0x00,0x00,0x00,0x00,0x00,0x00,0x00,0x00,0x00,0x00,0x00,
      0x00,0x00,0x00,0x00,0x00,0x00,0x00,0x00,0x00,0x60,0x00,0x2F,
      0x19,0x0B,0x01,0x00,0xC0,0x39,0x80,0x7C,0x40,0xF8,0x20,0x1F,
      0xFE,0x07,0xCE,0x81,0x03,0xC3,0xFF,0xC1,0x7F,0xE0,0x6F,0x00,
      0x00,0x00,0x00,0x00,0x00,0x00,0x00,0x00,0x00,0x00,0x00,0x00,
      0x00,0x00,0x00,0x00,0x00,0x00,0x00,0x00,0x00,0x00,0x00,0x00,
      0x00,0x00,0x00,0x00,0x00,0x00,0x00,0x00,0x00,0xE0,0x8F,0x39,
      0x1F,0xFB,0x01,0x00,0xF0,0xF9,0x60,0x4C,0x30,0xC8,0x18,0x13,
      0x00,0x00,0xCE,0x01,0x00,0x00,0x00,0x00,0x1C,0x00,0x00,0x00,
      0x00,0x00,0x00,0x00,0x00,0x00,0x00,0x00,0x00,0x00,0x00,0x00,
      0x00,0x03,0x00,0x00,0x00,0x00,0x00,0x00,0x30,0x00,0x00,0x00,
      0x00,0x00,0x00,0x00,0x00,0x00,0x00,0x00,0x00,0x00,0x00,0x00,
      0x00,0x00,0x00,0x00,0x00,0x00,0x10,0x7C,0x08,0xF8,0x04,0x1F,
      0x00,0x00,0x00,0x00,0x00,0x00,0x00,0x00,0x06,0x00,0x00,0x00,
      0x00,0x00,0x00,0x00,0x00,0x00,0x00,0x00,0x00,0x00,0xC0,0x7F,
      0x80,0x01,0x00,0x00,0x00,0x00,0x00,0x00,0xF0,0x00,0x00,0x00,
      0x00,0x00,0x00,0x00,0x00,0x00,0x00,0x00,0x00,0x00,0x00,0x00,
      0x00,0x00,0x00,0x00,0x00,0x00,0x00,0x00,0x00,0x00,0x00,0x00,
      0x00,0x00,0x00,0x00,0x00,0x00,0x00,0x00,0x06,0x00,0x00,0x00,
      0x00,0x00,0x00,0x00,0x00,0x00,0x00,0x00,0x00,0x00,0xC0,0x7F,
      0x80,0x01,0x00,0x00,0x00,0x00,0x00,0x00,0xF0,0x00,0x00,0x00,
      0x00,0x00,0x00,0x00,0x00,0x00,0x00,0x00,0x00,0x00,0x00,0x00,
      0x00,0x00,0x00,0x00,0x00,0x00,0x00,0x00,0x00,0x00,0x00,0x00,
      0x00,0x00,0x00,0x00,0x00,0x00,0x00,0x00,0x38,0x00,0x00,0x00,
      0x08,0x00,0x00,0x00,0x00,0x00,0x00,0x00,0x00,0x00,0x00,0x00,
      0x00,0x00,0x00,0x00,0x00,0x00,0x00,0x00,0x00,0x00,0x00,0x00,
      0x00,0x00,0x00,0x00,0x00,0x00,0x00,0x00,0x00,0x00,0x00,0x00,
      0x00,0x00,0x00,0x00,0x00,0x00,0x00,0x00,0x00,0x00,0x00,0x00,
      0x00,0x00,0x00,0x00,0x00,0x00,0x00,0x00,0x38,0x00,0x00,0x00,
      0x08,0x00,0x00,0x00,0x00,0x00,0x00,0x00,0x00,0x00,0x00,0x00,
      0x00,0x00,0x00,0x00,0x00,0x00,0x00,0x00,0x00,0x00,0x00,0x00,
      0x00,0x00,0x00,0x00,0x00,0x00,0x00,0x00,0x00,0x00,0x00,0x00,
      0x00,0x00,0x00,0x00,0x00,0x00,0x00,0x00,0x00,0x00,0x00,0x00,
      0xFC,0x31,0x00,0x00,0xE0,0x00,0x00,0x00,0x38,0xE0,0xFF,0x03,
      0x38,0x00,0x00,0x00,0x00,0x00,0x00,0x00,0x00,0x00,0x00,0x00,
      0x00,0x00,0x00,0x00,0x00,0x00,0x00,0x00,0x00,0x00,0x00,0x00,
      0x00,0x00,0x00,0x00,0x00,0x00,0x00,0x00,0x00,0x00,0x00,0x00,
      0x00,0x00,0x00,0x00,0x00,0x00,0x00,0x00,0x00,0x00,0x00,0x00,
      0x60,0x08,0xC0,0x01,0xF0,0x01,0x70,0x00,0x38,0xE0,0xFF,0x03,
      0xE8,0xE0,0x0F,0x00,0x00,0x00,0x00,0x00,0x00,0x00,0x00,0x00,
      0x00,0x00,0x00,0x00,0x00,0x00,0x00,0x00,0x00,0x00,0x00,0x00,
      0x00,0x00,0x00,0x00,0x00,0x00,0x00,0x00,0x00,0x00,0x00,0x00,
      0x00,0x00,0x00,0x00,0x00,0x00,0x00,0x00,0x00,0x00,0x00,0x00,
      0x1C,0x02,0x38,0x00,0xFC,0x01,0xF0,0x00,0x1C,0xF0,0xFF,0x01,
      0x26,0xC0,0x00,0xF0,0x0F,0x00,0x00,0x00,0x00,0x00,0x00,0x00,
      0x00,0x00,0x00,0x00,0x00,0x00,0x00,0x00,0x00,0x00,0x00,0x00,
      0x00,0x00,0x00,0x00,0x00,0x00,0x00,0x00,0x00,0x00,0x00,0x00,
      0x00,0x00,0x00,0x00,0x00,0x00,0x00,0x00,0x00,0x00,0x00,0x00,
      0x1C,0x02,0x38,0x00,0xFC,0x01,0xF0,0x00,0x1C,0xF0,0xFF,0x01,
      0x26,0xC0,0x00,0xF0,0x0F,0x00,0x00,0x00,0x00,0x00,0x00,0x00,
      0x00,0x00,0x00,0x00,0x00,0x00,0x00,0x00,0x00,0x00,0x00,0x00,
      0x00,0x00,0x00,0x00,0x00,0x00,0x00,0x00,0x00,0x00,0x00,0x00,
      0x00,0x00,0x00,0x00,0x00,0x00,0x00,0x00,0x00,0x00,0x00,0x00,
      0x8E,0x3F,0xFF,0x3F,0x77,0xE3,0xFF,0x07,0x1C,0xF0,0xFF,0x01,
      0x06,0xC0,0x0C,0xE0,0x07,0x00,0x00,0x00,0x00,0x00,0x00,0x00,
      0x00,0x00,0x00,0x00,0x00,0x00,0x00,0x00,0x00,0x00,0x00,0x00,
      0x00,0x00,0x00,0x00,0x00,0x00,0x00,0x00,0x00,0x00,0x00,0x00,
      0x00,0x00,0x00,0x00,0x00,0x00,0x00,0x00,0x00,0x00,0x00,0x00,
      0x4E,0x32,0x38,0x00,0x70,0x00,0xF0,0xC0,0xDD,0xF0,0xFF,0xC1,
      0x07,0xC0,0x0C,0xC0,0x3D,0x00,0x00,0x00,0x00,0x00,0x00,0x00,
      0x00,0x00,0x00,0x00,0x00,0x00,0x00,0x00,0x00,0x00,0x00,0x00,
      0x00,0x00,0x00,0x00,0x00,0x00,0x00,0x00,0x00,0x00,0x00,0x00,
      0x00,0x00,0x00,0x00,0x00,0x00,0x00,0x00,0x00,0x00,0x00,0x00,
      0x4E,0x32,0x38,0x00,0x70,0x00,0xF0,0xC0,0xDD,0xF0,0xFF,0xC1,
      0x07,0xC0,0x0C,0xC0,0x3D,0x00,0x00,0x00,0x00,0x00,0x00,0x00,
      0x00,0x00,0x00,0x00,0x00,0x00,0x00,0x00,0x00,0x00,0x00,0x00,
      0x00,0x00,0x00,0x00,0x00,0x00,0x00,0x00,0x00,0x00,0x00,0x00,
      0x00,0x00,0x00,0x00,0x00,0x00,0x00,0x00,0x00,0x00,0x00,0x00,
      0x90,0x0F,0x30,0x00,0x18,0x00,0x0C,0xC0,0x3F,0xF8,0x7F,0xF8,
      0x01,0x60,0x07,0x30,0x38,0x00,0x00,0x00,0x00,0x00,0x00,0x00,
      0x00,0x00,0x00,0x00,0x00,0x00,0x00,0x00,0x00,0x00,0x00,0x00,
      0x00,0x00,0x00,0x00,0x00,0x00,0x00,0x00,0x00,0x00,0x00,0x00,
      0x00,0x00,0x00,0x00,0x00,0x00,0x00,0x00,0x00,0x00,0x00,0x00,
      0x90,0x0F,0x30,0x00,0x18,0x00,0x0C,0xC0,0x3F,0xF8,0x7F,0xF8,
      0x01,0x60,0x07,0x30,0x38,0x00,0x00,0x00,0x00,0x00,0x00,0x00,
      0x00,0x00,0x00,0x00,0x00,0x00,0x00,0x00,0x00,0x00,0x00,0x00,
      0x00,0x00,0x00,0x00,0x00,0x00,0x00,0x00,0x00,0x00,0x00,0x00,
      0x00,0x00,0x00,0x00,0x00,0x00,0x00,0x00,0x00,0x00,0x00,0x00,
      0x8C,0x09,0x00,0x00,0x18,0x00,0x00,0x00,0x1F,0xF8,0x7F,0xF0,
      0x00,0x60,0x1F,0x1C,0x00,0x00,0x00,0x00,0x00,0x00,0x00,0x00,
      0x00,0x00,0x00,0x00,0x00,0x00,0x00,0x00,0x00,0x00,0x00,0x00,
      0x00,0x00,0x00,0x00,0x00,0x00,0x00,0x00,0x00,0x00,0x00,0x00,
      0x00,0x00,0x00,0x00,0x00,0x00,0x00,0x00,0x00,0x00,0x00,0x00,
      0x82,0x0F,0x00,0x00,0x18,0x00,0x00,0x00,0x06,0x00,0x00,0x00,
      0x00,0x00,0x00,0x1C,0x00,0x00,0x00,0x00,0x00,0x00,0x00,0x00,
      0x00,0x00,0x00,0x00,0x00,0x00,0x00,0x00,0x00,0x00,0x00,0x00,
      0x00,0x00,0x00,0x00,0x00,0x00,0x00,0x00,0x00,0x00,0x00,0x00,
      0x00,0x00,0x00,0x00,0x00,0x00,0x00,0x00,0x00,0x00,0x00,0x00,
      0x00,0x00,0x00,0x00,0x18,0x00,0x00,0x00,0x00,0x00,0x00,0x00,
      0x00,0x00,0x00,0xF0,0x0F,0x00,0x00,0x00,0x00,0x00,0x00,0x00,
      0x00,0x00,0x00,0x00,0x00,0x00,0x00,0x00,0x00,0x00,0x00,0x00,
      0x00,0x00,0x00,0x00,0x00,0x00,0x00,0x00,0x00,0x00,0x00,0x00,
      0x00,0x00,0x00,0x00,0x00,0x00,0x00,0x00,0x00,0x00,0x00,0x00,
      0x00,0x00,0x00,0x00,0x18,0x00,0x00,0x00,0x00,0x00,0x00,0x00,
      0x00,0x00,0x00,0xF0,0x0F,0x00,0x00,0x00,0x00,0x00,0x00,0x00,
      0x00,0x00,0x00,0x00,0x00,0x00,0x00,0x00,0x00,0x00,0x00,0x00,
      0x00,0x00,0x00,0x00,0x00,0x00,0x00,0x00,0x00,0x00,0x00,0x00,
      0x00,0x00,0x00,0x00,0x00,0x00,0x00,0x00,0x00,0x00,0x00,0x00,
      0x00,0x00,0x00,0x00,0x00,0x00,0x00,0x00,0x00,0x00,0x00,0x00,
      0x00,0x00,0x00,0x00,0x00,0x00,0x00,0x00,0x00,0x00,0x00,0x00,
      0x00,0x00,0x00,0x00,0x00,0x00,0x00,0x00,0x00,0x00,0x00,0x00,
      0x00,0x00,0x00,0x00,0x00,0x00,0x00,0x00,0x00,0x00,0x00,0x00,
      0x00,0x00,0x00,0x00,0x00,0x00,0x00,0x00,0x00,0x00,0x00,0x00,
      0x00,0x00,0x00,0x00,0x00,0x00,0x00,0x00,0x00,0x00,0x00,0x00,
      0x00,0x00,0x00,0x00,0x00,0x00,0x00,0x00,0x00,0x00,0x00,0x00,
      0x00,0x00,0x00,0x00,0x00,0x00,0x00,0x00,0x00,0x00,0x00,0x00,
      0x00,0x00,0x00,0x00,0x00,0x00,0x00,0x00,0x00,0x00,0x00,0x00,
      0x00,0x00,0x00,0x00,0x00,0x00,0x00,0x00,0x00,0x00,0x00,0x00,
      0x00,0x00,0x00,0x00,0x00,0x00,0x00,0x00,0x00,0x0C,0x00,0x00,
      0x00,0x00,0x00,0x00,0x00,0x00,0x00,0x00,0x00,0x00,0x00,0x00,
      0x00,0x00,0x00,0x00,0x00,0x00,0x00,0x00,0x00,0x00,0x00,0x00,
      0x00,0x00,0x00,0x00,0x00,0x38,0x3E,0x00,0x00,0xEE,0x7F,0x37,
      0xB8,0xFB,0x1F,0x00,0xE0,0xFC,0x00,0x00,0xB8,0xC1,0x9D,0x7F,
      0x00,0x00,0x00,0x00,0x00,0x00,0x00,0x00,0x00,0x0C,0x00,0x00,
      0x00,0x00,0x00,0x00,0x00,0x00,0x00,0x00,0x00,0x00,0x00,0x00,
      0x00,0x00,0x00,0x00,0x00,0x00,0x00,0x00,0x00,0x00,0x00,0x00,
      0x00,0x00,0x00,0x00,0x00,0x38,0xE7,0x00,0x00,0x6E,0x40,0x37,
      0xB8,0x83,0x01,0x00,0xE0,0x86,0x03,0x00,0x38,0xE7,0xDC,0xE0,
      0x00,0x00,0x00,0x00,0x00,0x00,0x00,0x00,0x00,0x00,0x00,0x00,
      0x00,0x00,0x00,0x00,0x00,0x00,0x00,0x00,0x00,0x00,0x00,0x00,
      0x00,0x00,0x00,0x00,0x00,0x00,0x00,0x00,0x00,0x00,0x00,0x00,
      0x00,0x00,0x00,0x00,0x00,0xC0,0xE0,0x00,0x00,0x30,0x00,0x18,
      0x1C,0xE0,0x00,0x00,0xC0,0x81,0x03,0x00,0x00,0x1F,0x38,0xE0,
      0x00,0x00,0x00,0x00,0x00,0x00,0x00,0x00,0x00,0x00,0x00,0x00,
      0x00,0x00,0x00,0x00,0x00,0x00,0x00,0x00,0x00,0x00,0x00,0x00,
      0x00,0x00,0x00,0x00,0x00,0x00,0x00,0x00,0x00,0x00,0x00,0x00,
      0x00,0x00,0x00,0x00,0x00,0xC0,0xE0,0x00,0x00,0x30,0x00,0x18,
      0x1C,0xE0,0x00,0x00,0xC0,0x81,0x03,0x00,0x00,0x1F,0x38,0xE0,
      0x00,0x00,0x00,0x00,0x00,0x00,0x00,0x00,0x00,0x00,0x00,0x00,
      0x00,0x00,0x00,0x00,0x00,0x00,0x00,0x00,0x00,0x00,0x00,0x00,
      0x00,0x00,0x00,0x00,0x00,0x00,0x00,0x00,0x00,0x00,0x00,0x00,
      0x00,0x00,0x00,0x00,0x00,0x70,0xC0,0x01,0x00,0xF0,0x07,0xF8,
      0x1F,0xE0,0x00,0x00,0xC0,0x81,0x03,0x00,0x00,0x0E,0x38,0xE0,
      0x00,0x00,0x00,0x00,0x00,0x00,0x00,0x00,0x00,0x00,0x00,0x00,
      0x00,0x00,0x00,0x00,0x00,0x00,0x00,0x00,0x00,0x00,0x00,0x00,
      0x00,0x00,0x00,0x00,0x00,0x00,0x00,0x00,0x00,0x00,0x00,0x00,
      0x00,0x00,0x00,0x00,0x00,0xF0,0xFF,0x01,0x00,0x30,0x00,0x18,
      0x1C,0xE0,0x00,0x00,0xC0,0x81,0x03,0x00,0x00,0x0E,0x60,0x70,
      0x00,0x00,0x00,0x00,0x00,0x00,0x00,0x00,0x00,0x00,0x00,0x00,
      0x00,0x00,0x00,0x00,0x00,0x00,0x00,0x00,0x00,0x00,0x00,0x00,
      0x00,0x00,0x00,0x00,0x00,0x00,0x00,0x00,0x00,0x00,0x00,0x00,
      0x00,0x00,0x00,0x00,0x00,0xF0,0xFF,0x01,0x00,0x30,0x00,0x18,
      0x1C,0xE0,0x00,0x00,0xC0,0x81,0x03,0x00,0x00,0x0E,0x60,0x70,
      0x00,0x00,0x00,0x00,0x00,0x00,0x00,0x00,0x00,0x00,0x00,0x00,
      0x00,0x00,0x00,0x00,0x00,0x00,0x00,0x00,0x00,0x00,0x00,0x00,
      0x00,0x00,0x00,0x00,0x00,0x00,0x00,0x00,0x00,0x00,0x00,0x00,
      0x00,0x00,0x00,0x00,0x00,0x38,0xE0,0x00,0x00,0x1C,0x08,0x0E,
      0x06,0x70,0x00,0x00,0xC0,0x61,0x00,0x00,0x00,0x07,0x60,0x0C,
      0x00,0x00,0x00,0x00,0x00,0x00,0x00,0x00,0x00,0x00,0x00,0x00,
      0x00,0x00,0x00,0x00,0x00,0x00,0x00,0x00,0x00,0x00,0x00,0x00,
      0x00,0x00,0x00,0x00,0x00,0x00,0x00,0x00,0x00,0x00,0x00,0x00,
      0x00,0x00,0x00,0x00,0x00,0x38,0xE0,0x00,0x00,0x1C,0x08,0x0E,
      0x06,0x70,0x00,0x00,0xC0,0x61,0x00,0x00,0x00,0x07,0x60,0x0C,
      0x00,0x00,0x00,0x00,0x00,0x00,0x00,0x00,0x00,0x00,0x00,0x00,
      0x00,0x00,0x00,0x00,0x00,0x00,0x00,0x00,0x00,0x00,0x00,0x00,
      0x00,0x00,0x00,0x00,0x00,0x00,0x00,0x00,0x00,0x00,0x00,0x00,
      0x00,0x00,0x00,0x00,0x00,0x38,0xE0,0x00,0x00,0xFC,0x0F,0x0E,
      0x06,0xFF,0x03,0x00,0x00,0x3F,0x00,0x00,0x80,0x0F,0x7C,0xFC,
      0x00,0x00,0x00,0x00,0x00,0x00,0x00,0x00,0x00,0x00,0x00,0x00,
      0x00,0x00,0x00,0x00,0x00,0x00,0x00,0x00,0x00,0x00,0x00,0x00,
      0x00,0x00,0x00,0x00,0x00,0x00,0x00,0x00,0x00,0x00,0x00,0x00,
      0x00,0x00,0x00,0x00,0x00,0x00,0x00,0x00,0x00,0x00,0x00,0x00,
      0x00,0x00,0x00,0x00,0x00,0x00,0x00,0x00,0x00,0x00,0x00,0x00,
      0x00,0x00,0x00,0x00,0x00,0x00,0x00,0x00,0x00,0x00,0x00,0x00,
      0x00,0x00,0x00,0x00,0x00,0x00,0x00,0x00,0x00,0x00,0x00,0x00,
      0x00,0x00,0x00,0x00,0x00,0x00,0x00,0x00,0x00,0x00,0x00,0x00,
      0x00,0x00,0x00,0x00,0x00,0x00,0x00,0x00,0x00,0x00,0x00,0x00,
      0x00,0x00,0x00,0x00,0x00,0x00,0x00,0x00,0x00,0x00,0x00,0x00,
      0x00,0x00,0x00,0x00,0x00,0x00,0x00,0x00,0x00,0x00,0x00,0x00,
      0x00,0x00,0x00,0x00,0x00,0x00,0x00,0x00,0x00,0x00,0x00,0x00,
      0x00,0x00,0x00,0x00,0x00,0x00,0x00,0x00,0x00,0x00,0x00,0x00,
      0x00,0x00,0x00,0x00,0x00,0x00,0x00,0x00,0x00,0x00,0x00,0x00,
      0x00,0x00,0x00,0x00,0x00,0x00,0x00,0x00,0x00,0x00,0x00,0x00,
      0x80,0x03,0x00,0x00,0x00,0x00,0x00,0x00,0x00,0x00,0x00,0x00,
      0x00,0x00,0x00,0x00,0x00,0x00,0x00,0x00,0x00,0x00,0x00,0x00,
      0x00,0x00,0x00,0x00,0x00,0x00,0x00,0x00,0x00,0x00,0x00,0x00,
      0x00,0x00,0x00,0x00,0x00,0x00,0x00,0x00,0x00,0x00,0x00,0xF0,
      0x07,0x18,0x03,0x8C,0x01,0x60,0x00,0x60,0x00,0x18,0x00,0x0C,
      0x80,0x03,0x00,0x00,0x00,0x00,0x00,0x00,0x00,0x00,0x00,0x00,
      0x00,0x00,0x00,0x00,0x00,0x00,0x00,0x00,0x00,0x00,0x00,0x00,
      0x00,0x00,0x00,0x00,0x00,0x00,0x00,0x00,0x00,0x00,0x00,0x00,
      0x00,0x00,0x00,0x00,0x00,0x00,0x00,0x00,0x00,0x00,0x00,0xF0,
      0x07,0x18,0x03,0x8C,0x01,0x60,0x00,0x60,0x00,0x18,0x00,0x0C,
      0xB0,0x3B,0xE0,0x03,0xFF,0x83,0xFF,0x0F,0x7C,0xE0,0xFF,0xF1,
      0xFF,0x78,0xF0,0xF0,0x3F,0xF0,0x07,0x1F,0x1E,0xF8,0xC0,0x83,
      0xE7,0xC1,0xF3,0xFF,0xE1,0x7F,0xFC,0x7F,0xF8,0x1F,0x00,0x80,
      0xFF,0xCF,0xFF,0xE7,0x80,0xC3,0xFF,0x78,0xF0,0x9C,0x73,0x18,
      0x1C,0x00,0x00,0x00,0x00,0x38,0x00,0x30,0x00,0x0E,0x00,0x07,
      0x00,0x00,0x30,0x06,0x0C,0x0E,0x06,0x08,0xC6,0x80,0x81,0x31,
      0x38,0x60,0x70,0x1C,0x70,0xC0,0x01,0x0C,0x03,0x8C,0xC1,0xC7,
      0x87,0xC3,0x31,0x00,0x39,0xE0,0x30,0x38,0x18,0x38,0x00,0x00,
      0x0E,0xC8,0x38,0x84,0xC1,0x71,0xCE,0x61,0x70,0x9C,0x73,0x0E,
      0x38,0xF8,0x03,0x06,0x07,0x00,0x00,0x00,0x00,0x00,0x00,0x00,
      0xE0,0x01,0x0E,0x06,0x07,0x83,0x03,0xC0,0xC1,0xE0,0x00,0x00,
      0x0F,0x38,0x18,0x0E,0x38,0xE0,0x00,0xE7,0x80,0x83,0xE1,0xBE,
      0xE3,0x63,0x00,0x00,0x1C,0x70,0x1C,0x0C,0x0E,0x1C,0x00,0x00,
      0x0C,0x00,0x1C,0x80,0x31,0x38,0xE7,0x60,0x0C,0xCE,0x39,0x07,
      0x1C,0x70,0x00,0xC6,0x00,0x9F,0x83,0x7F,0xB8,0x1F,0xC0,0x03,
      0xE0,0x01,0x0E,0x06,0x07,0x83,0x03,0xC0,0xC1,0xE0,0x00,0x00,
      0x0F,0x38,0x18,0x0E,0x38,0xE0,0x00,0xE7,0x80,0x83,0xE1,0xBE,
      0xE3,0x63,0x00,0x00,0x1C,0x70,0x1C,0x0C,0x0E,0x1C,0x00,0x00,
      0x0C,0x00,0x1C,0x80,0x31,0x38,0xE7,0x60,0x0C,0xCE,0x39,0x07,
      0x1C,0x70,0x00,0xC6,0x00,0x9F,0x83,0x7F,0xB8,0x1F,0xC0,0x03,
      0xC0,0x01,0x07,0x1C,0xFF,0x81,0x03,0xE0,0x80,0xE3,0x0F,0x80,
      0x07,0xF8,0x1F,0xFE,0x3F,0xE0,0x00,0x7F,0xC0,0x01,0xE7,0x9C,
      0xE3,0x6E,0xC0,0x1F,0x1C,0x70,0x1C,0x0C,0xFE,0x07,0x00,0x00,
      0x38,0x00,0x1C,0x00,0x1F,0x38,0xE7,0xC0,0x07,0xCE,0x39,0x07,
      0x1C,0x70,0x00,0x7C,0xC0,0xE1,0xE0,0x00,0xF0,0x30,0x80,0x03,
      0xC0,0x01,0xFF,0x1F,0x07,0x83,0x03,0xE0,0x80,0xE3,0x00,0xC0,
      0x01,0x38,0x18,0x0E,0x38,0xE0,0x00,0xE7,0xC0,0x01,0xE7,0x80,
      0xE3,0x7C,0x00,0x00,0x1C,0x70,0x1C,0x0C,0x0E,0x00,0x00,0x00,
      0x0C,0x00,0x1C,0x00,0x0E,0xF0,0x3F,0x60,0x0C,0xFC,0x0F,0x0E,
      0x06,0x70,0x00,0x38,0xC0,0x61,0x80,0x1F,0x70,0x30,0x80,0x03,
      0xC0,0x01,0xFF,0x1F,0x07,0x83,0x03,0xE0,0x80,0xE3,0x00,0xC0,
      0x01,0x38,0x18,0x0E,0x38,0xE0,0x00,0xE7,0xC0,0x01,0xE7,0x80,
      0xE3,0x7C,0x00,0x00,0x1C,0x70,0x1C,0x0C,0x0E,0x00,0x00,0x00,
      0x0C,0x00,0x1C,0x00,0x0E,0xF0,0x3F,0x60,0x0C,0xFC,0x0F,0x0E,
      0x06,0x70,0x00,0x38,0xC0,0x61,0x80,0x1F,0x70,0x30,0x80,0x03,
      0x60,0x80,0x01,0x86,0x83,0xC1,0x01,0x30,0xC0,0x70,0x20,0x78,
      0x10,0x1C,0x0C,0x03,0x0C,0x30,0x80,0xE3,0x60,0x80,0x31,0xC0,
      0x70,0x3C,0x04,0x20,0x06,0x18,0x0E,0x06,0x07,0x00,0x00,0xC0,
      0x03,0x01,0x06,0x00,0x03,0x80,0x01,0x1C,0x0C,0x60,0x00,0xCE,
      0x01,0x18,0x00,0x0C,0xE0,0x78,0x70,0x00,0x38,0x18,0xC0,0x00,
      0x60,0x80,0x01,0x86,0x83,0xC1,0x01,0x30,0xC0,0x70,0x20,0x78,
      0x10,0x1C,0x0C,0x03,0x0C,0x30,0x80,0xE3,0x60,0x80,0x31,0xC0,
      0x70,0x3C,0x04,0x20,0x06,0x18,0x0E,0x06,0x07,0x00,0x00,0xC0,
      0x03,0x01,0x06,0x00,0x03,0x80,0x01,0x1C,0x0C,0x60,0x00,0xCE,
      0x01,0x18,0x00,0x0C,0xE0,0x78,0x70,0x00,0x38,0x18,0xC0,0x00,
      0xFC,0x83,0x01,0xC6,0xFF,0xE0,0x01,0xF0,0xFF,0xF8,0x3F,0xFC,
      0x1F,0x1E,0x1C,0xFE,0x07,0xFE,0xC1,0x87,0x63,0x80,0x31,0xC0,
      0x78,0x70,0xFC,0x3F,0xFC,0x0F,0x0F,0x8E,0x0F,0x00,0x00,0xE0,
      0xFF,0x01,0x1F,0x80,0x0F,0xC0,0x07,0x1E,0x1C,0xF0,0x81,0xCF,
      0x07,0xFF,0x00,0x3E,0xC0,0xC7,0xE0,0x3F,0x3C,0x18,0xF8,0x07,
      0x00,0x00,0x00,0x00,0x00,0x00,0x00,0x00,0x00,0x00,0x00,0x00,
      0x00,0x00,0x00,0x00,0x00,0x00,0x00,0x00,0x00,0x00,0x00,0x00,
      0x00,0x00,0x00,0x00,0x00,0x00,0x00,0x00,0x00,0x00,0x00,0x00,
      0x00,0x00,0x00,0x00,0x00,0x00,0x00,0x00,0x00,0x00,0x00,0x00,
      0x00,0x00,0x00,0x00,0x00,0x00,0x00,0x00,0x00,0x18,0x00,0x00,
      0x00,0x00,0x00,0x00,0x00,0x00,0x00,0x00,0x00,0x00,0x00,0x00,
      0x00,0x00,0x00,0x00,0x00,0x00,0x00,0x00,0x00,0x00,0x00,0x00,
      0x00,0x00,0x00,0x00,0x00,0x00,0x00,0x00,0x00,0x00,0x00,0x00,
      0x00,0x00,0x00,0x00,0x00,0x00,0x00,0x00,0x00,0x00,0x00,0x00,
      0x00,0x00,0x00,0x00,0x00,0x00,0x00,0x00,0x00,0x00,0x00,0x00,
      0x00,0x00,0x00,0x00,0x00,0x00,0x00,0x00,0x00,0x00,0x00,0x00,
      0x00,0x00,0x00,0x00,0x00,0x00,0x00,0x00,0x00,0x00,0x00,0x00,
      0x00,0x00,0x00,0x00,0x00,0x00,0x00,0x00,0x00,0x00,0x00,0x00,
      0x00,0x00,0x00,0x00,0x00,0x00,0x00,0x00,0x00,0x00,0x00,0x00,
      0x00,0x00,0x00,0x00,0x00,0x00,0x00,0x00,0x00,0x00,0x00,0x00,
      0x80,0x03,0x00,0x00,0x00,0x00,0x00,0x00,0x00,0x00,0x00,0x00,
      0x00,0x00,0x00,0x00,0x00,0x00,0x00,0x00,0x00,0x00,0x00,0x00,
      0x00,0x00,0x00,0x00,0x00,0x00,0x00,0x00,0x00,0x00,0x00,0x00,
      0x00,0x00,0x00,0x00,0x00,0x00,0x00,0x00,0x00,0x00,0x00,0x00,
      0x00,0x00,0x00,0x00,0x00,0xC0,0x00,0x60,0x00,0x18,0x00,0x00,
      0x80,0x03,0x00,0x00,0x00,0x00,0x00,0x00,0x00,0x00,0x00,0x00,
      0x00,0x00,0x00,0x00,0x00,0x00,0x00,0x00,0x00,0x00,0x00,0x00,
      0x00,0x00,0x00,0x00,0x00,0x00,0x00,0x00,0x00,0x00,0x00,0x00,
      0x00,0x00,0x00,0x00,0x00,0x00,0x00,0x00,0x00,0x00,0x00,0x00,
      0x00,0x00,0x00,0x00,0x00,0xC0,0x00,0x60,0x00,0x18,0x00,0x00,
      0xB0,0x73,0x00,0x00,0xF8,0x01,0x00,0xC0,0xFF,0x03,0x00,0x00,
      0x00,0x00,0x00,0xE0,0x0F,0x00,0x00,0x00,0x80,0x0F,0x00,0x00,
      0x00,0x00,0x80,0x01,0x00,0x00,0x00,0x00,0x00,0x00,0x00,0x00,
      0x00,0x00,0x00,0x00,0x00,0x00,0x00,0x00,0x00,0x00,0x00,0x00,
      0x00,0x18,0x03,0x0C,0x07,0x60,0x00,0x30,0x00,0x0E,0x00,0x00,
      0x00,0x00,0x00,0x00,0x0C,0x03,0x00,0x00,0x03,0x00,0x00,0x80,
      0x07,0x00,0x00,0x30,0x38,0x00,0x00,0x00,0x00,0x38,0x00,0x00,
      0x00,0x00,0x00,0x1F,0x00,0x00,0x00,0x00,0x00,0x00,0x00,0x00,
      0x00,0x00,0x00,0x00,0x00,0x00,0x0E,0x00,0x00,0x00,0x00,0x00,
      0x00,0x00,0x00,0x00,0x00,0x00,0x00,0x00,0x00,0x00,0x00,0x00,
      0x1E,0x38,0xFE,0x06,0x87,0xC1,0x03,0x07,0x03,0x80,0x7F,0x00,
      0x3F,0xDC,0x0F,0x1C,0x0C,0xF0,0x80,0x07,0x03,0x38,0xE0,0xC1,
      0xF0,0xE0,0xC1,0x00,0xE0,0x1F,0xFE,0x3F,0xF0,0x07,0xFC,0x01,
      0xFE,0xC7,0xFF,0xF0,0xC0,0xC1,0x1F,0x3C,0x78,0x0E,0x38,0x0E,
      0x06,0x78,0xC0,0x03,0x07,0xFF,0xF0,0xC0,0x71,0x30,0x00,0x00,
      0x1E,0x38,0xFE,0x06,0x87,0xC1,0x03,0x07,0x03,0x80,0x7F,0x00,
      0x3F,0xDC,0x0F,0x1C,0x0C,0xF0,0x80,0x07,0x03,0x38,0xE0,0xC1,
      0xF0,0xE0,0xC1,0x00,0xE0,0x1F,0xFE,0x3F,0xF0,0x07,0xFC,0x01,
      0xFE,0xC7,0xFF,0xF0,0xC0,0xC1,0x1F,0x3C,0x78,0x0E,0x38,0x0E,
      0x06,0x78,0xC0,0x03,0x07,0xFF,0xF0,0xC0,0x71,0x30,0x00,0x00,
      0x1C,0x38,0xC7,0x03,0xF7,0x40,0x86,0xC1,0x7F,0xE0,0x00,0x80,
      0x01,0x78,0x18,0xF0,0x0F,0xE0,0x00,0xE7,0x01,0x7C,0xC0,0xC1,
      0xE0,0x60,0x80,0x0F,0x38,0x70,0x1C,0x0C,0x18,0x1C,0x07,0x80,
      0xC3,0x00,0x1C,0xE0,0xC0,0x71,0x37,0x78,0x1C,0xCE,0x39,0x07,
      0x1C,0x70,0x80,0x03,0xC7,0x81,0xE3,0xC0,0x39,0xE0,0x00,0x00,
      0x1C,0x38,0x07,0x03,0x87,0x03,0xCC,0xE0,0xC0,0xE0,0x1F,0xC0,
      0x00,0x38,0x18,0x1C,0x0C,0xE0,0x00,0x7F,0x00,0xC6,0xC0,0xC3,
      0x80,0x31,0xC0,0x00,0x38,0x70,0x1C,0x0C,0x18,0x1C,0xFC,0x81,
      0x83,0x01,0x1C,0xE0,0xC0,0x71,0x37,0xC0,0x07,0xCE,0x39,0xE7,
      0x1C,0x70,0x80,0x03,0xC7,0x81,0xE3,0xC0,0x39,0xE7,0x00,0x00,
      0x1C,0x38,0x07,0x03,0x87,0x03,0xCC,0xE0,0xC0,0xE0,0x1F,0xC0,
      0x00,0x38,0x18,0x1C,0x0C,0xE0,0x00,0x7F,0x00,0xC6,0xC0,0xC3,
      0x80,0x31,0xC0,0x00,0x38,0x70,0x1C,0x0C,0x18,0x1C,0xFC,0x81,
      0x83,0x01,0x1C,0xE0,0xC0,0x71,0x37,0xC0,0x07,0xCE,0x39,0xE7,
      0x1C,0x70,0x80,0x03,0xC7,0x81,0xE3,0xC0,0x39,0xE7,0x00,0x00,
      0x0E,0x8C,0xE1,0x83,0x83,0x01,0x3C,0x30,0x60,0x70,0x00,0xC0,
      0x00,0x1C,0x0C,0x0E,0x06,0x30,0x80,0xF3,0xC0,0xC1,0xE0,0xBE,
      0x80,0x0F,0x38,0x00,0x1C,0x18,0x0E,0x06,0xFE,0x03,0x80,0xC1,
      0xC1,0x00,0x06,0x70,0x60,0xF0,0x0F,0x3C,0x0F,0xFE,0x87,0xF9,
      0x06,0x18,0xC0,0x81,0xE1,0xC0,0x70,0x60,0xCC,0x37,0x00,0x00,
      0x0E,0x8C,0xE1,0x83,0x83,0x01,0x3C,0x30,0x60,0x70,0x00,0xC0,
      0x00,0x1C,0x0C,0x0E,0x06,0x30,0x80,0xF3,0xC0,0xC1,0xE0,0xBE,
      0x80,0x0F,0x38,0x00,0x1C,0x18,0x0E,0x06,0xFE,0x03,0x80,0xC1,
      0xC1,0x00,0x06,0x70,0x60,0xF0,0x0F,0x3C,0x0F,0xFE,0x87,0xF9,
      0x06,0x18,0xC0,0x81,0xE1,0xC0,0x70,0x60,0xCC,0x37,0x00,0x00,
      0xFC,0x07,0x3F,0x86,0xFB,0x00,0x0E,0xE0,0x3F,0xE0,0x3F,0x80,
      0x1F,0x1E,0x0C,0xFC,0x03,0xFE,0xC1,0x83,0xE3,0xC1,0xE1,0x00,
      0x00,0x03,0xF0,0x07,0xF8,0x0F,0x0E,0x06,0x0E,0x00,0xFF,0x80,
      0x7F,0x00,0x1E,0xE0,0x3F,0x80,0x01,0x1E,0x1C,0x60,0x00,0xCF,
      0x03,0xFF,0x80,0xFF,0xC0,0x7F,0xE0,0x3F,0x78,0x1E,0x00,0x00,
      0x00,0x00,0x00,0x80,0x03,0x80,0x07,0x00,0x00,0x00,0x00,0x00,
      0x30,0x00,0x0C,0x00,0x00,0x00,0x00,0x00,0x00,0x00,0xE0,0x00,
      0x00,0x00,0x00,0x0E,0x00,0x00,0x00,0x00,0x0E,0x00,0x00,0x00,
      0x00,0x00,0x00,0x00,0x00,0x80,0x01,0x00,0x00,0x60,0x00,0x00,
      0x00,0x00,0x00,0x00,0x00,0x00,0x00,0x00,0x00,0x00,0x00,0x00,
      0x00,0x00,0x00,0x00,0x00,0x00,0x00,0x00,0x00,0x00,0x00,0x00,
      0x1F,0x00,0x00,0x00,0x00,0x00,0x00,0x00,0x00,0x00,0x00,0x00,
      0x00,0x00,0x00,0x00,0x00,0x00,0x00,0x00,0x00,0x00,0x00,0x00,
      0x00,0x00,0x00,0x00,0x00,0x00,0x00,0x00,0x00,0x00,0x00,0x00,
      0x00,0x00,0x00,0x00,0x00,0x00,0x00,0x00,0x00,0x00,0x00,0x00,
      0x00,0x00,0x00,0x00,0x00,0x00,0x00,0x00,0x00,0x00,0x00,0x00,
      0x1F,0x00,0x00,0x00,0x00,0x00,0x00,0x00,0x00,0x00,0x00,0x00,
      0x00,0x00,0x00,0x00,0x00,0x00,0x00,0x00,0x00,0x00,0x00,0x00,
      0x00,0x00,0x00,0x00,0x00,0x00,0x00,0x00,0x00,0x00,0x00,0x00,
      0x00,0x00,0x00,0x00,0x00,0x00,0x00,0x00,0x00,0x00,0x00,0x00,
      0xC0,0x01,0x30,0x1C,0x00,0x00,0x80,0x01,0x00,0x00,0x00,0x00,
      0x00,0xC0,0x18,0x00,0x00,0x00,0x00,0x00,0x00,0x00,0x00,0xE0,
      0x00,0x0E,0xC0,0xE0,0x00,0x00,0x00,0x00,0x00,0x00,0x00,0x00,
      0x00,0x00,0x00,0x00,0x00,0x00,0x00,0x00,0x00,0x00,0x00,0x30,
      0x1C,0x00,0x00,0x00,0x00,0x00,0x00,0x00,0x00,0x00,0x00,0x00,
      0xC0,0x01,0x30,0x1C,0x00,0x00,0x80,0x01,0x00,0x00,0x00,0x00,
      0x00,0xC0,0x18,0x00,0x00,0x00,0x00,0x00,0x00,0x00,0x00,0xE0,
      0x00,0x0E,0xC0,0xE0,0x00,0x00,0x00,0x00,0x00,0x00,0x00,0x00,
      0x00,0x00,0x00,0x00,0x00,0x00,0x00,0x00,0x00,0x00,0x00,0x30,
      0x1C,0x00,0x00,0x00,0x00,0x00,0x00,0x00,0x00,0x00,0x00,0x00,
      0x80,0x03,0x00,0x80,0x7F,0x00,0xC0,0x00,0xFE,0x03,0xFF,0xC1,
      0xFF,0x00,0x00,0x00,0x70,0xF0,0x03,0x87,0xC1,0x3F,0x00,0x3B,
      0x00,0x1C,0x80,0x3F,0x60,0x70,0xC0,0x07,0xF8,0x1F,0xFC,0x0F,
      0xFE,0x07,0xFC,0x80,0xFF,0x73,0xCE,0xC1,0x7F,0x1C,0x78,0xE0,
      0x07,0x0C,0x1E,0xF8,0xC1,0x83,0xE7,0x80,0x83,0xFF,0xE0,0x7F,
      0xF0,0x7F,0xF8,0x3F,0x0C,0x00,0xFE,0x0F,0x03,0x87,0x81,0x03,
      0x0E,0xC0,0x1F,0x00,0x70,0x18,0x03,0x87,0x01,0x06,0x00,0x83,
      0xE7,0xE0,0x03,0x00,0x60,0x70,0x60,0x0C,0x18,0x00,0x0C,0x1C,
      0x06,0x00,0xC6,0x80,0x01,0x70,0xCE,0x61,0xE0,0x1C,0x7C,0x0E,
      0x3E,0x0C,0x03,0x8C,0xC1,0xC7,0xE7,0x80,0xC3,0xC0,0x61,0x70,
      0x1C,0x00,0x0E,0x00,0xF7,0x83,0x03,0xE0,0x00,0xE0,0x00,0x00,
      0x07,0x80,0x03,0x00,0x38,0xCE,0x81,0xE3,0x80,0xFB,0xC1,0x61,
      0x70,0xDC,0x71,0x30,0x38,0x18,0x1C,0x0C,0x0E,0x00,0x07,0x8E,
      0x03,0x00,0x63,0xE0,0x00,0x38,0xE7,0x00,0x70,0x8E,0x3B,0xC7,
      0x1D,0xF7,0x00,0xC6,0xE0,0xBE,0x73,0xC0,0x71,0xE0,0x38,0x18,
      0x1C,0x00,0x0E,0x00,0xF7,0x83,0x03,0xE0,0x00,0xE0,0x00,0x00,
      0x07,0x80,0x03,0x00,0x38,0xCE,0x81,0xE3,0x80,0xFB,0xC1,0x61,
      0x70,0xDC,0x71,0x30,0x38,0x18,0x1C,0x0C,0x0E,0x00,0x07,0x8E,
      0x03,0x00,0x63,0xE0,0x00,0x38,0xE7,0x00,0x70,0x8E,0x3B,0xC7,
      0x1D,0xF7,0x00,0xC6,0xE0,0xBE,0x73,0xC0,0x71,0xE0,0x38,0x18,
      0xFC,0x07,0xFE,0x03,0x0F,0x8E,0x03,0xC0,0x3F,0x80,0x7F,0x00,
      0x07,0x80,0x03,0x00,0x38,0xCE,0x9F,0xFF,0x8F,0x07,0xC7,0x3D,
      0x70,0xCE,0xC1,0x18,0x38,0x18,0x0E,0x38,0xFE,0x07,0xFF,0x83,
      0x03,0x00,0x63,0xE0,0x1F,0xC0,0x1F,0x80,0x1F,0xCE,0x39,0xE7,
      0x1C,0x1F,0x00,0xC6,0xE0,0x9C,0xF3,0xFF,0x71,0xE0,0x38,0x18,
      0x1C,0x00,0x0E,0x00,0x07,0x8E,0x03,0xE0,0x00,0x00,0xC0,0x01,
      0x07,0x80,0x03,0x00,0x38,0xCE,0xB9,0xE3,0x9C,0x03,0xC7,0x07,
      0x70,0xC3,0x81,0x0F,0x38,0x18,0xFE,0x3F,0x0E,0x1C,0x07,0x8E,
      0x03,0x00,0x63,0xE0,0x00,0x38,0xE7,0x00,0x70,0x6E,0x38,0x37,
      0x1C,0xF7,0x00,0xC6,0xE0,0x80,0x73,0xC0,0x71,0xE0,0x38,0x18,
      0x1C,0x00,0x0E,0x00,0x07,0x8E,0x03,0xE0,0x00,0x00,0xC0,0x01,
      0x07,0x80,0x03,0x00,0x38,0xCE,0xB9,0xE3,0x9C,0x03,0xC7,0x07,
      0x70,0xC3,0x81,0x0F,0x38,0x18,0xFE,0x3F,0x0E,0x1C,0x07,0x8E,
      0x03,0x00,0x63,0xE0,0x00,0x38,0xE7,0x00,0x70,0x6E,0x38,0x37,
      0x1C,0xF7,0x00,0xC6,0xE0,0x80,0x73,0xC0,0x71,0xE0,0x38,0x18,
      0x0E,0x00,0x07,0x80,0x03,0xC3,0x01,0xE0,0xC0,0x70,0x60,0x80,
      0x01,0xC0,0x00,0x0E,0x0C,0xE7,0xDC,0x70,0xCE,0x81,0xE1,0x3C,
      0xF8,0x60,0x80,0x01,0x1C,0x0C,0x03,0x0C,0x07,0x86,0x03,0xC3,
      0x01,0xC0,0x39,0x70,0x00,0x8C,0x31,0x1C,0x18,0x1F,0x8C,0x0F,
      0x86,0xE3,0x80,0x73,0x30,0xC0,0x18,0x60,0x38,0x30,0x1C,0x0C,
      0x0E,0x00,0x07,0x80,0x03,0xC3,0x01,0xE0,0xC0,0x70,0x60,0x80,
      0x01,0xC0,0x00,0x0E,0x0C,0xE7,0xDC,0x70,0xCE,0x81,0xE1,0x3C,
      0xF8,0x60,0x80,0x01,0x1C,0x0C,0x03,0x0C,0x07,0x86,0x03,0xC3,
      0x01,0xC0,0x39,0x70,0x00,0x8C,0x31,0x1C,0x18,0x1F,0x8C,0x0F,
      0x86,0xE3,0x80,0x73,0x30,0xC0,0x18,0x60,0x38,0x30,0x1C,0x0C,
      0xFE,0x0F,0xFF,0x87,0x83,0xC1,0x01,0xC0,0x7F,0xE0,0x3F,0xF8,
      0x1F,0xF8,0x07,0xFC,0x87,0xE7,0xC7,0xF0,0xC3,0x81,0xE1,0xE0,
      0x78,0x60,0x80,0x01,0xFC,0x0F,0x03,0x0C,0xFF,0x83,0xFF,0xC1,
      0x01,0xF0,0xFF,0xF0,0x7F,0x8C,0x31,0xF8,0x0F,0x0F,0x8C,0x07,
      0x86,0x83,0xE3,0x73,0x30,0xC0,0x18,0x60,0xF0,0x1F,0x1C,0x0C,
      0x00,0x00,0x00,0x00,0xE0,0x00,0x00,0x00,0x00,0x00,0x00,0x00,
      0x00,0x00,0x00,0x00,0x00,0x00,0x00,0x00,0x00,0x00,0x00,0x00,
      0x00,0x00,0x00,0x00,0xC0,0x00,0x00,0x00,0x00,0x00,0x00,0x00,
      0x00,0x30,0xC0,0x00,0x00,0x00,0x00,0x00,0x00,0x00,0x00,0x00,
      0x00,0x00,0x00,0x00,0x00,0x00,0x00,0x00,0x00,0x00,0x00,0x00,
      0x00,0x00,0x00,0x00,0x00,0x00,0x00,0x00,0x00,0x00,0x00,0x00,
      0x00,0x00,0x00,0x00,0x00,0x00,0x00,0x00,0x00,0x00,0x00,0x00,
      0x00,0x00,0x00,0x00,0xC0,0x00,0x00,0x00,0x00,0x00,0x00,0x00,
      0x00,0x00,0x00,0x00,0x00,0x00,0x00,0x00,0x00,0x00,0x00,0x00,
      0x00,0x00,0x00,0x00,0x00,0x00,0x00,0x00,0x00,0x00,0x00,0x00,
      0x00,0x00,0x00,0x00,0x00,0x00,0x00,0x00,0x00,0x00,0x00,0x00,
      0x00,0x00,0x00,0x00,0x00,0x00,0x00,0x00,0x00,0x00,0x00,0x00,
      0x00,0x00,0x00,0x00,0xC0,0x00,0x00,0x00,0x00,0x00,0x00,0x00,
      0x00,0x00,0x00,0x00,0x00,0x00,0x00,0x00,0x00,0x00,0x00,0x00,
      0x00,0x00,0x00,0x00,0x00,0x00,0x00,0x00,0x00,0x00,0x00,0x00,
      0x00,0x00,0x00,0x00,0x00,0x00,0x00,0x00,0x00,0x00,0x00,0x00,
      0x00,0x00,0x00,0x00,0x00,0x00,0x00,0x00,0x00,0x00,0x00,0x00,
      0x00,0x00,0x00,0x00,0x00,0x00,0x00,0x00,0x00,0x00,0x00,0x00,
      0x00,0x00,0x00,0x00,0x00,0x00,0x00,0x00,0x00,0x00,0x00,0x00,
      0x00,0x00,0x00,0x00,0x00,0x00,0x00,0x00,0x00,0x00,0x00,0x00,
      0x00,0x00,0x00,0x00,0x00,0x00,0x00,0x00,0x00,0x00,0x00,0x00,
      0x00,0x00,0x00,0x00,0x00,0x00,0x00,0x00,0x00,0x00,0x00,0x00,
      0x00,0x00,0x00,0x00,0x00,0x00,0x00,0x00,0x00,0x00,0x00,0x00,
      0x00,0x00,0x00,0x00,0x00,0x00,0x00,0x00,0x00,0x00,0x00,0x00,
      0x00,0x00,0x00,0x00,0x00,0x00,0x00,0x00,0x00,0x00,0x00,0x00,
      0xF0,0x3F,0xE0,0x1F,0xFC,0x0F,0x06,0x0E,0x38,0x80,0xC1,0xC1,
      0x30,0x60,0xE0,0x9C,0x73,0xEE,0x06,0x0F,0x80,0x03,0x0E,0x03,
      0x80,0x7F,0xC0,0xF8,0xC0,0xFF,0x00,0x00,0xF0,0x3F,0x00,0x00,
      0x00,0x00,0x00,0x00,0x00,0x00,0x00,0x00,0x00,0x00,0x00,0x30,
      0x1C,0x00,0x00,0x00,0x00,0x00,0x00,0x00,0x00,0x00,0x00,0x00,
      0x30,0x70,0x30,0x38,0xE0,0x00,0x06,0x0E,0xFF,0x03,0x63,0xC0,
      0x30,0x60,0xE0,0x9C,0x73,0xEE,0x06,0x0C,0x80,0x03,0x0E,0x03,
      0xE0,0xC0,0xC1,0xCE,0x61,0xE0,0x00,0x00,0xE0,0x00,0x00,0x00,
      0x00,0x00,0x00,0x00,0x00,0x00,0x00,0x00,0x00,0x00,0x00,0xE0,
      0x07,0x00,0x00,0x00,0x00,0x00,0x00,0x00,0x00,0x00,0x00,0x00,
      0x1C,0x38,0x0E,0x00,0x70,0x80,0x03,0xE7,0x9C,0x03,0x1F,0x70,
      0x18,0x38,0x70,0xCE,0x39,0x37,0x03,0x07,0xC0,0x01,0xC7,0x01,
      0x00,0xC0,0x71,0xE7,0x38,0x70,0xFC,0x07,0xC0,0x03,0xFF,0x83,
      0xFF,0x00,0x7E,0x80,0x7F,0x70,0x37,0xE0,0x1F,0x1C,0x3C,0x0E,
      0x1E,0x07,0x0F,0xFC,0xE1,0xC1,0xE3,0xC0,0xC1,0x3F,0xF8,0x1F,
      0x1C,0x38,0x0E,0x00,0x70,0x80,0x03,0xE7,0x9C,0x03,0x1F,0x70,
      0x18,0x38,0x70,0xCE,0x39,0x37,0x03,0x07,0xC0,0x01,0xC7,0x01,
      0x00,0xC0,0x71,0xE7,0x38,0x70,0xFC,0x07,0xC0,0x03,0xFF,0x83,
      0xFF,0x00,0x7E,0x80,0x7F,0x70,0x37,0xE0,0x1F,0x1C,0x3C,0x0E,
      0x1E,0x07,0x0F,0xFC,0xE1,0xC1,0xE3,0xC0,0xC1,0x3F,0xF8,0x1F,
      0xFC,0x0F,0x0E,0x00,0x70,0x00,0xFE,0xE7,0x9C,0x03,0x0E,0x70,
      0x18,0xE0,0x7F,0xCE,0x39,0x37,0x03,0xFF,0xC3,0x3F,0xC7,0xFF,
      0x00,0x7F,0xF0,0xE7,0xE0,0x7F,0x00,0x0C,0xF8,0x07,0x07,0x8E,
      0x03,0x00,0x63,0xE0,0xC0,0x71,0x37,0x38,0x70,0x1C,0x3A,0x0E,
      0x1D,0x87,0x01,0x86,0xE1,0xE3,0xE3,0xC0,0x71,0xE0,0x38,0x18,
      0x1C,0x00,0x0E,0x00,0x70,0x00,0x00,0xE7,0x9C,0x03,0x1F,0x70,
      0x18,0x00,0x70,0xCE,0x39,0x37,0x03,0x07,0xCE,0x71,0xC7,0x81,
      0x03,0xC0,0x71,0xE7,0x00,0x77,0xFC,0x0F,0x0E,0x1C,0xFF,0x83,
      0x03,0x00,0x63,0xE0,0xFF,0x81,0x0F,0x00,0x1F,0x9C,0x39,0xCE,
      0x1C,0x7F,0x00,0x86,0xE1,0xBE,0xE3,0xFF,0x71,0xE0,0x38,0x18,
      0x1C,0x00,0x0E,0x00,0x70,0x00,0x00,0xE7,0x9C,0x03,0x1F,0x70,
      0x18,0x00,0x70,0xCE,0x39,0x37,0x03,0x07,0xCE,0x71,0xC7,0x81,
      0x03,0xC0,0x71,0xE7,0x00,0x77,0xFC,0x0F,0x0E,0x1C,0xFF,0x83,
      0x03,0x00,0x63,0xE0,0xFF,0x81,0x0F,0x00,0x1F,0x9C,0x39,0xCE,
      0x1C,0x7F,0x00,0x86,0xE1,0xBE,0xE3,0xFF,0x71,0xE0,0x38,0x18,
      0x0E,0x00,0x0E,0x06,0x18,0x00,0x80,0x31,0xC6,0xE0,0x1C,0x38,
      0x0E,0x00,0x18,0x63,0x8C,0xD9,0x81,0x03,0x63,0xB8,0xE1,0xC0,
      0x18,0x30,0xB8,0x31,0xC0,0x18,0x03,0x06,0x07,0x86,0x03,0xC3,
      0x01,0xC0,0x39,0x70,0x00,0xB8,0x19,0x1C,0x18,0x2E,0x0C,0x17,
      0x86,0xE3,0x80,0xC3,0x30,0xC6,0x70,0x60,0x38,0x30,0x1C,0x0C,
      0x0E,0x00,0x0E,0x06,0x18,0x00,0x80,0x31,0xC6,0xE0,0x1C,0x38,
      0x0E,0x00,0x18,0x63,0x8C,0xD9,0x81,0x03,0x63,0xB8,0xE1,0xC0,
      0x18,0x30,0xB8,0x31,0xC0,0x18,0x03,0x06,0x07,0x86,0x03,0xC3,
      0x01,0xC0,0x39,0x70,0x00,0xB8,0x19,0x1C,0x18,0x2E,0x0C,0x17,
      0x86,0xE3,0x80,0xC3,0x30,0xC6,0x70,0x60,0x38,0x30,0x1C,0x0C,
      0x0E,0x00,0xF8,0x03,0x18,0xC0,0xFF,0xE1,0x7F,0x70,0x30,0xF8,
      0x3F,0x00,0x18,0xFF,0x8F,0xFF,0x87,0xFF,0xE3,0x8F,0xE1,0xFF,
      0xF0,0x1F,0x38,0x1F,0x7C,0x18,0xFE,0x0F,0xFE,0x83,0xFF,0xC1,
      0x01,0xF0,0xFF,0xE0,0x3F,0xB8,0x19,0xF8,0x0F,0x1E,0x0C,0x0F,
      0x86,0x83,0xE3,0xC3,0x30,0xC0,0x70,0x60,0xF0,0x1F,0x1C,0x0C,
      0x00,0x00,0x00,0x00,0x00,0x00,0x00,0x00,0x06,0x00,0x00,0x00,
      0x30,0x00,0x00,0x00,0x00,0x00,0x06,0x00,0x00,0x00,0x00,0x00,
      0x00,0x00,0x00,0x00,0x00,0x00,0x00,0x00,0x00,0x00,0x00,0x00,
      0x00,0x30,0xC0,0x00,0x00,0x00,0x00,0x00,0x00,0x00,0x00,0x00,
      0x00,0x00,0x00,0x00,0x00,0x00,0x00,0x00,0x00,0x00,0x00,0x00,
      0x00,0x00,0x00,0x00,0x00,0x00,0x00,0x00,0x00,0x00,0x00,0x00,
      0x00,0x00,0x00,0x00,0x00,0x00,0x00,0x00,0x00,0x00,0x00,0x00,
      0x00,0x00,0x00,0x00,0x00,0x00,0x00,0x00,0x00,0x00,0x00,0x00,
      0x00,0x00,0x00,0x00,0x00,0x00,0x00,0x00,0x00,0x00,0x00,0x00,
      0x00,0x00,0x00,0x00,0x00,0x00,0x00,0x00,0x00,0x00,0x00,0x00,
      0x00,0x00,0x00,0x00,0x00,0x00,0x00,0x00,0x00,0x00,0x00,0x00,
      0x00,0x00,0x00,0x00,0x00,0x00,0x00,0x00,0x00,0x00,0x00,0x00,
      0x00,0x00,0x00,0x00,0x00,0x00,0x00,0x00,0x00,0x00,0x00,0x00,
      0x00,0x00,0x00,0x00,0x00,0x00,0x00,0x00,0x00,0x00,0x00,0x00,
      0x00,0x00,0x00,0x00,0x00,0x00,0x00,0x00,0x00,0x00,0x00,0x00,
      0x00,0x00,0x00,0x00,0x00,0x00,0x00,0x00,0x00,0x00,0x00,0x00,
      0x00,0x00,0x00,0x00,0x00,0x00,0x00,0x00,0x00,0x00,0x00,0x00,
      0x00,0x00,0x00,0x00,0x00,0x00,0x80,0x03,0x30,0x1C,0x00,0x00,
      0x80,0x01,0x00,0x00,0x00,0x00,0x00,0xC0,0x18,0x00,0x00,0x00,
      0x00,0x00,0x00,0x00,0x00,0x60,0x00,0x1C,0x80,0xE1,0x00,0x00,
      0x00,0x00,0x00,0x00,0x00,0x00,0x00,0x00,0x00,0x00,0x00,0x00,
      0x00,0x00,0x00,0x00,0x00,0x00,0x00,0x00,0x00,0x00,0x00,0x00,
      0x00,0x00,0x00,0x00,0x00,0x00,0x80,0x03,0x30,0x1C,0x00,0x00,
      0x80,0x01,0x00,0x00,0x00,0x00,0x00,0xC0,0x18,0x00,0x00,0x00,
      0x00,0x00,0x00,0x00,0x00,0x60,0x00,0x1C,0x80,0xE1,0x00,0x00,
      0x00,0x00,0x00,0x00,0x00,0x00,0x00,0x00,0x00,0x00,0x00,0x00,
      0x00,0x00,0x00,0x00,0x00,0x00,0x00,0x00,0x00,0x00,0x00,0x00,
      0x00,0x00,0x00,0x00,0x00,0x00,0x00,0x06,0x00,0x00,0x0C,0x00,
      0xC0,0x00,0x00,0x00,0x00,0x00,0x0E,0x00,0x00,0x00,0x70,0x00,
      0x00,0x00,0x00,0x0C,0x00,0x38,0x00,0x30,0x00,0x3F,0x00,0x00,
      0x00,0x00,0x00,0x00,0x00,0x00,0x00,0x00,0x38,0x00,0x00,0x00,
      0x00,0x00,0x00,0x00,0x00,0x00,0x00,0x00,0x00,0x00,0x00,0x00,
      0x00,0x00,0x00,0x00,0x00,0x00,0x00,0x00,0x00,0x80,0x7F,0x00,
      0x00,0x00,0x00,0x00,0x00,0x00,0x00,0x00,0x00,0x00,0x00,0x00,
      0x00,0x00,0x80,0x7F,0x00,0x00,0x00,0x00,0x00,0x00,0x00,0x00,
      0xDC,0x0F,0xF8,0x07,0xFF,0x83,0x03,0x07,0x7F,0x80,0x31,0x70,
      0x18,0x38,0x70,0xCE,0x39,0x37,0x83,0x07,0x80,0x03,0xC7,0x01,
      0xE0,0x1F,0x70,0x3E,0xE0,0x7F,0xF0,0x0F,0xF8,0x07,0x07,0x80,
      0xFF,0x07,0xFE,0x80,0x7F,0x80,0x07,0xC0,0x03,0x00,0x3E,0xF0,
      0x03,0x87,0x01,0x06,0xC0,0xC1,0xE3,0xE0,0x71,0xE0,0x38,0x18,
      0xDC,0x0F,0xF8,0x07,0xFF,0x83,0x03,0x07,0x7F,0x80,0x31,0x70,
      0x18,0x38,0x70,0xCE,0x39,0x37,0x83,0x07,0x80,0x03,0xC7,0x01,
      0xE0,0x1F,0x70,0x3E,0xE0,0x7F,0xF0,0x0F,0xF8,0x07,0x07,0x80,
      0xFF,0x07,0xFE,0x80,0x7F,0x80,0x07,0xC0,0x03,0x00,0x3E,0xF0,
      0x03,0x87,0x01,0x06,0xC0,0xC1,0xE3,0xE0,0x71,0xE0,0x38,0x18,
      0x3C,0x38,0x0E,0x1C,0x70,0x00,0x86,0xC1,0xDD,0x00,0x1F,0x70,
      0x18,0x38,0x70,0xCE,0x39,0x37,0x03,0x07,0x80,0x03,0xC7,0x01,
      0x70,0x60,0x70,0xE7,0x38,0x70,0x1C,0x38,0x0E,0x1C,0xF7,0x81,
      0x03,0xC0,0x81,0xE3,0x00,0x00,0x07,0x80,0x03,0x00,0x38,0x18,
      0x03,0x87,0x01,0xF6,0xC1,0x61,0xE0,0xD0,0xC1,0x30,0x38,0x18,
      0x1C,0x38,0x0E,0x00,0x70,0x00,0xCC,0xC0,0xDD,0x00,0x0E,0x70,
      0x18,0xE0,0x7F,0xCE,0x39,0x37,0x03,0xFF,0x83,0x3F,0xC7,0xFF,
      0x00,0x7E,0xF0,0xE7,0xE0,0x7F,0xFC,0x3F,0xFE,0x1F,0x0F,0x83,
      0x03,0xC0,0x1F,0x80,0x7F,0x00,0x07,0x80,0x03,0x00,0x38,0x18,
      0x3F,0xFF,0x1F,0x0E,0xC7,0x1F,0xE0,0xCC,0x81,0x19,0x38,0x18,
      0x1C,0x38,0x0E,0x00,0x70,0x00,0xCC,0xC0,0xDD,0x00,0x0E,0x70,
      0x18,0xE0,0x7F,0xCE,0x39,0x37,0x03,0xFF,0x83,0x3F,0xC7,0xFF,
      0x00,0x7E,0xF0,0xE7,0xE0,0x7F,0xFC,0x3F,0xFE,0x1F,0x0F,0x83,
      0x03,0xC0,0x1F,0x80,0x7F,0x00,0x07,0x80,0x03,0x00,0x38,0x18,
      0x3F,0xFF,0x1F,0x0E,0xC7,0x1F,0xE0,0xCC,0x81,0x19,0x38,0x18,
      0x1E,0x0C,0x07,0x00,0x18,0x00,0x3C,0xE0,0x66,0x80,0x0F,0x38,
      0x0E,0x00,0x18,0x63,0x8C,0xD9,0x81,0x03,0xC3,0xB9,0xE1,0xC0,
      0x18,0x30,0xB8,0x31,0x80,0x1B,0x0E,0x00,0x07,0x80,0x83,0xC1,
      0x01,0xE0,0xC0,0x00,0x60,0x80,0x01,0xC0,0x00,0x00,0x0C,0xCE,
      0xB9,0xE3,0x9C,0x83,0xE1,0x38,0x70,0x61,0x80,0x07,0x1C,0x0C,
      0x1E,0x0C,0x07,0x00,0x18,0x00,0x3C,0xE0,0x66,0x80,0x0F,0x38,
      0x0E,0x00,0x18,0x63,0x8C,0xD9,0x81,0x03,0xC3,0xB9,0xE1,0xC0,
      0x18,0x30,0xB8,0x31,0x80,0x1B,0x0E,0x00,0x07,0x80,0x83,0xC1,
      0x01,0xE0,0xC0,0x00,0x60,0x80,0x01,0xC0,0x00,0x00,0x0C,0xCE,
      0xB9,0xE3,0x9C,0x83,0xE1,0x38,0x70,0x61,0x80,0x07,0x1C,0x0C,
      0xEE,0x07,0xFE,0x07,0x18,0x00,0x0C,0xC0,0x3F,0xE0,0x1C,0xF8,
      0x3F,0x00,0x18,0xFF,0x8F,0xFF,0x87,0xFF,0xC1,0x8F,0xE1,0x7F,
      0xF0,0x0F,0x38,0x1F,0x78,0x18,0xFC,0x07,0xFE,0x83,0xE3,0xC0,
      0x01,0x00,0x7F,0xE0,0x3F,0xF0,0x0F,0xF8,0x07,0x0E,0x0C,0xCF,
      0x9F,0xE3,0x8F,0x83,0xE1,0xE0,0xF0,0x60,0x80,0x01,0xFC,0x0F,
      0x0E,0x00,0x00,0x00,0x00,0x80,0x07,0x00,0x06,0x00,0x00,0x00,
      0x30,0x00,0x00,0x00,0x00,0x00,0x06,0x00,0x00,0x00,0x00,0x00,
      0x00,0x00,0x00,0x00,0x00,0x00,0x00,0x00,0x00,0x00,0xE0,0x00,
      0x00,0x00,0x00,0x00,0x00,0x00,0x00,0x00,0x00,0xFC,0x07,0x00,
      0x00,0x00,0x00,0x00,0x00,0x00,0x00,0x00,0xF0,0x00,0xC0,0x00,
      0x0E,0x00,0x00,0x00,0x00,0x00,0x00,0x00,0x00,0x00,0x00,0x00,
      0x00,0x00,0x00,0x00,0x00,0x00,0x00,0x00,0x00,0x00,0x00,0x00,
      0x00,0x00,0x00,0x00,0x00,0x00,0x00,0x00,0x00,0x00,0x00,0x00,
      0x00,0x00,0x00,0x00,0x00,0x00,0x00,0x00,0x00,0x00,0x00,0x00,
      0x00,0x00,0x00,0x00,0x00,0x00,0x00,0x00,0x00,0x00,0x00,0x00,
      0x0E,0x00,0x00,0x00,0x00,0x00,0x00,0x00,0x00,0x00,0x00,0x00,
      0x00,0x00,0x00,0x00,0x00,0x00,0x00,0x00,0x00,0x00,0x00,0x00,
      0x00,0x00,0x00,0x00,0x00,0x00,0x00,0x00,0x00,0x00,0x00,0x00,
      0x00,0x00,0x00,0x00,0x00,0x00,0x00,0x00,0x00,0x00,0x00,0x00,
      0x00,0x00,0x00,0x00,0x00,0x00,0x00,0x00,0x00,0x00,0x00,0x00
    };
      
extern const u8 wstfont2_bits_hd_vsb[];

