/********************************************************************************************/
/* Montage Technology (Shanghai) Co., Ltd.                                                  */
/* Montage Proprietary and Confidential                                                     */
/* Copyright (c) 2019 Montage Technology Group Limited and its affiliated companies         */
/********************************************************************************************/
//#ifndef __MT_DF_VIDEO_SCALE_COEF_H__
//#define __MT_DF_VIDEO_SCALE_COEF_H__
//VIDEO_SCALE_COEFF_TABLE_4TAP_0P2
    0x00, 0x00, 0x00, 0x00, 0x10, 0xe0, 0x1f, 0x00, 0x00, 0x00, 0x00, 0x00, 0x10, 0xe0, 0x1f, 0x00,
    0x00, 0x00, 0x00, 0x00, 0x20, 0xc0, 0x1f, 0x00, 0x00, 0x00, 0x00, 0x00, 0x10, 0xe0, 0x1f, 0x00,
    0x00, 0x00, 0x00, 0x00, 0x30, 0xa0, 0x1f, 0x00, 0x00, 0x00, 0x00, 0x00, 0x20, 0xc0, 0x1f, 0x00,
    0x00, 0x00, 0x00, 0x00, 0x70, 0x20, 0x1f, 0x00, 0x00, 0x00, 0x00, 0x00, 0x50, 0x60, 0x1f, 0x00,
    0x00, 0x00, 0x00, 0x00, 0x00, 0x01, 0x1e, 0x00, 0x00, 0x00, 0x00, 0x00, 0xb0, 0xa0, 0x1e, 0x00,
    0x00, 0x00, 0x00, 0x00, 0x00, 0x02, 0x1c, 0x00, 0x00, 0x00, 0x00, 0x00, 0x60, 0x41, 0x1d, 0x00,
    0x00, 0x00, 0x00, 0x00, 0xd0, 0x63, 0x18, 0x00, 0x00, 0x00, 0x00, 0x00, 0xc0, 0x82, 0x1a, 0x00,
    0x00, 0x00, 0x00, 0x00, 0x70, 0x26, 0x13, 0x00, 0x00, 0x00, 0x00, 0x00, 0x00, 0x05, 0x16, 0x00,
    0x00, 0x00, 0x00, 0x00, 0x90, 0xe9, 0x0c, 0x00, 0x00, 0x00, 0x00, 0x00, 0x00, 0x08, 0x10, 0x00,
    0x00, 0x00, 0x00, 0x00, 0x30, 0xac, 0x07, 0x00, 0x00, 0x00, 0x00, 0x00, 0x00, 0x0b, 0x0a, 0x00,
    0x00, 0x00, 0x00, 0x00, 0x00, 0x0e, 0x04, 0x00, 0x00, 0x00, 0x00, 0x00, 0x40, 0x8d, 0x05, 0x00,
    0x00, 0x00, 0x00, 0x00, 0x00, 0x0f, 0x02, 0x00, 0x00, 0x00, 0x00, 0x00, 0xa0, 0xce, 0x02, 0x00,
    0x00, 0x00, 0x00, 0x00, 0x90, 0xef, 0x00, 0x00, 0x00, 0x00, 0x00, 0x00, 0x50, 0x6f, 0x01, 0x00,
    0x00, 0x00, 0x00, 0x00, 0xc0, 0x8f, 0x00, 0x00, 0x00, 0x00, 0x00, 0x00, 0xb0, 0xaf, 0x00, 0x00,
    0x00, 0x00, 0x00, 0x00, 0xe0, 0x4f, 0x00, 0x00, 0x00, 0x00, 0x00, 0x00, 0xe0, 0x4f, 0x00, 0x00,
    0x00, 0x00, 0x00, 0x00, 0xf0, 0x2f, 0x00, 0x00, 0x00, 0x00, 0x00, 0x00, 0xf0, 0x2f, 0x00, 0x00,
//VIDEO_SCALE_COEFF_TABLE_4TAP_0P4
    0x00, 0x00, 0x00, 0x00, 0xa0, 0x82, 0x96, 0x08, 0x00, 0x00, 0x00, 0x00, 0x60, 0x82, 0x96, 0x09,
    0x00, 0x00, 0x00, 0x08, 0x20, 0x23, 0x16, 0x07, 0x00, 0x00, 0x00, 0x08, 0xe0, 0x42, 0xd6, 0x07,
    0x00, 0x00, 0x00, 0x08, 0xb0, 0xc3, 0x95, 0x05, 0x00, 0x00, 0x00, 0x08, 0x60, 0x03, 0x56, 0x06,
    0x00, 0x00, 0x00, 0x08, 0x60, 0xe4, 0x94, 0x04, 0x00, 0x00, 0x00, 0x08, 0x00, 0x64, 0x15, 0x05,
    0x00, 0x00, 0x00, 0x10, 0x10, 0xe5, 0x93, 0x03, 0x00, 0x00, 0x00, 0x10, 0xb0, 0x64, 0x14, 0x04,
    0x00, 0x00, 0x00, 0x10, 0xc0, 0xe5, 0xd2, 0x02, 0x00, 0x00, 0x00, 0x10, 0x60, 0x85, 0x13, 0x03,
    0x00, 0x00, 0x00, 0x18, 0x80, 0xa6, 0x11, 0x02, 0x00, 0x00, 0x00, 0x18, 0x20, 0x46, 0x52, 0x02,
    0x00, 0x00, 0x00, 0x28, 0x50, 0x07, 0x90, 0x01, 0x00, 0x00, 0x00, 0x20, 0xe0, 0xe6, 0xd0, 0x01,
    0x00, 0x00, 0x00, 0x30, 0x10, 0x88, 0x4e, 0x01, 0x00, 0x00, 0x00, 0x28, 0xb0, 0x67, 0x4f, 0x01,
    0x00, 0x00, 0x00, 0x40, 0xc0, 0x28, 0xcd, 0x00, 0x00, 0x00, 0x00, 0x38, 0x60, 0xe8, 0x0d, 0x01,
    0x00, 0x00, 0x00, 0x58, 0x60, 0xa9, 0x8b, 0x00, 0x00, 0x00, 0x00, 0x48, 0x10, 0x69, 0xcc, 0x00,
    0x00, 0x00, 0x00, 0x70, 0x00, 0x0a, 0x8a, 0x00, 0x00, 0x00, 0x00, 0x60, 0xb0, 0xe9, 0x8a, 0x00,
    0x00, 0x00, 0x00, 0x90, 0x70, 0xca, 0x48, 0x00, 0x00, 0x00, 0x00, 0x80, 0x40, 0x4a, 0x89, 0x00,
    0x00, 0x00, 0x00, 0xb0, 0xe0, 0x6a, 0x47, 0x00, 0x00, 0x00, 0x00, 0xa0, 0xb0, 0x0a, 0x48, 0x00,
    0x00, 0x00, 0x00, 0xe0, 0x20, 0x2b, 0x46, 0x00, 0x00, 0x00, 0x00, 0xc8, 0x00, 0xcb, 0x46, 0x00,
    0x00, 0x00, 0x00, 0x10, 0x41, 0x4b, 0x05, 0x00, 0x00, 0x00, 0x00, 0xf8, 0x30, 0xab, 0x45, 0x00,
//VIDEO_SCALE_COEFF_TABLE_4TAP_0P5
    0x00, 0x00, 0x00, 0x18, 0x90, 0x43, 0x92, 0x0c, 0x00, 0x00, 0x00, 0x18, 0x60, 0x23, 0x92, 0x0d,
    0x00, 0x00, 0x00, 0x20, 0x00, 0x04, 0x12, 0x0b, 0x00, 0x00, 0x00, 0x18, 0xc0, 0x43, 0xd2, 0x0b,
    0x00, 0x00, 0x00, 0x28, 0x70, 0xc4, 0x91, 0x09, 0x00, 0x00, 0x00, 0x20, 0x40, 0xe4, 0x51, 0x0a,
    0x00, 0x00, 0x00, 0x30, 0xf0, 0x44, 0x51, 0x08, 0x00, 0x00, 0x00, 0x28, 0xb0, 0xa4, 0xd1, 0x08,
    0x00, 0x00, 0x00, 0x40, 0x60, 0xc5, 0x10, 0x07, 0x00, 0x00, 0x00, 0x38, 0x30, 0x05, 0x91, 0x07,
    0x00, 0x00, 0x00, 0x48, 0xe0, 0x25, 0x10, 0x06, 0x00, 0x00, 0x00, 0x40, 0xa0, 0x85, 0x90, 0x06,
    0x00, 0x00, 0x00, 0x58, 0x60, 0x66, 0x0f, 0x05, 0x00, 0x00, 0x00, 0x50, 0x20, 0xc6, 0x8f, 0x05,
    0x00, 0x00, 0x00, 0x70, 0xd0, 0x86, 0x4e, 0x04, 0x00, 0x00, 0x00, 0x68, 0xa0, 0xe6, 0x8e, 0x04,
    0x00, 0x00, 0x00, 0x88, 0x40, 0xa7, 0x8d, 0x03, 0x00, 0x00, 0x00, 0x78, 0x10, 0x27, 0xce, 0x03,
    0x00, 0x00, 0x00, 0xa0, 0xb0, 0xc7, 0xcc, 0x02, 0x00, 0x00, 0x00, 0x90, 0x80, 0x27, 0x4d, 0x03,
    0x00, 0x00, 0x00, 0xc0, 0x10, 0xc8, 0x4b, 0x02, 0x00, 0x00, 0x00, 0xb0, 0xe0, 0x47, 0x8c, 0x02,
    0x00, 0x00, 0x00, 0xe0, 0x60, 0xc8, 0x0a, 0x02, 0x00, 0x00, 0x00, 0xd0, 0x30, 0x68, 0x0b, 0x02,
    0x00, 0x00, 0x00, 0x08, 0xa1, 0xe8, 0x89, 0x01, 0x00, 0x00, 0x00, 0xf0, 0x80, 0x68, 0xca, 0x01,
    0x00, 0x00, 0x00, 0x30, 0xe1, 0xe8, 0x48, 0x01, 0x00, 0x00, 0x00, 0x18, 0xc1, 0x88, 0x49, 0x01,
    0x00, 0x00, 0x00, 0x60, 0x01, 0x09, 0x08, 0x01, 0x00, 0x00, 0x00, 0x48, 0xf1, 0x88, 0x08, 0x01,
    0x00, 0x00, 0x00, 0x90, 0x21, 0x29, 0xc7, 0x00, 0x00, 0x00, 0x00, 0x78, 0x11, 0xa9, 0xc7, 0x00,
//VIDEO_SCALE_COEFF_TABLE_4TAP_0P8
    0x00, 0x00, 0x00, 0xb0, 0x50, 0x64, 0x8c, 0x10, 0x00, 0x00, 0x00, 0xa8, 0x40, 0x64, 0x0c, 0x11,
    0x00, 0x00, 0x00, 0xc0, 0x80, 0x44, 0x8c, 0x0f, 0x00, 0x00, 0x00, 0xb8, 0x60, 0x64, 0x0c, 0x10,
    0x00, 0x00, 0x00, 0xd0, 0xa0, 0x44, 0x8c, 0x0e, 0x00, 0x00, 0x00, 0xc8, 0x90, 0x44, 0x0c, 0x0f,
    0x00, 0x00, 0x00, 0xe0, 0xd0, 0x04, 0xcc, 0x0d, 0x00, 0x00, 0x00, 0xd8, 0xc0, 0x24, 0x0c, 0x0e,
    0x00, 0x00, 0x00, 0xf8, 0x00, 0xc5, 0xcb, 0x0c, 0x00, 0x00, 0x00, 0xe8, 0xe0, 0x04, 0x4c, 0x0d,
    0x00, 0x00, 0x00, 0x08, 0x21, 0xa5, 0x0b, 0x0c, 0x00, 0x00, 0x00, 0x00, 0x11, 0xa5, 0x8b, 0x0c,
    0x00, 0x00, 0x00, 0x20, 0x41, 0x65, 0x4b, 0x0b, 0x00, 0x00, 0x00, 0x18, 0x31, 0x85, 0x8b, 0x0b,
    0x00, 0x00, 0x00, 0x38, 0x71, 0x05, 0x8b, 0x0a, 0x00, 0x00, 0x00, 0x28, 0x61, 0x45, 0xcb, 0x0a,
    0x00, 0x00, 0x00, 0x50, 0x91, 0xc5, 0xca, 0x09, 0x00, 0x00, 0x00, 0x40, 0x81, 0x05, 0x0b, 0x0a,
    0x00, 0x00, 0x00, 0x68, 0xb1, 0x85, 0x0a, 0x09, 0x00, 0x00, 0x00, 0x58, 0xa1, 0xc5, 0x4a, 0x09,
    0x00, 0x00, 0x00, 0x80, 0xd1, 0x45, 0x4a, 0x08, 0x00, 0x00, 0x00, 0x70, 0xc1, 0x65, 0xca, 0x08,
    0x00, 0x00, 0x00, 0x98, 0xe1, 0x05, 0xca, 0x07, 0x00, 0x00, 0x00, 0x90, 0xe1, 0x05, 0x0a, 0x08,
    0x00, 0x00, 0x00, 0xb8, 0x01, 0xa6, 0x09, 0x07, 0x00, 0x00, 0x00, 0xa8, 0xf1, 0xe5, 0x49, 0x07,
    0x00, 0x00, 0x00, 0xd0, 0x11, 0x66, 0x89, 0x06, 0x00, 0x00, 0x00, 0xc0, 0x11, 0x86, 0xc9, 0x06,
    0x00, 0x00, 0x00, 0xf0, 0x21, 0x06, 0x09, 0x06, 0x00, 0x00, 0x00, 0xe0, 0x21, 0x26, 0x49, 0x06,
    0x00, 0x00, 0x00, 0x10, 0x32, 0xa6, 0x88, 0x05, 0x00, 0x00, 0x00, 0x00, 0x32, 0xc6, 0xc8, 0x05,
//VIDEO_SCALE_COEFF_TABLE_7TAP_0P2
    0x00, 0x00, 0x0c, 0x28, 0x64, 0x47, 0x00, 0x00, 0x00, 0x00, 0x08, 0xf0, 0xe3, 0x47, 0x00, 0x00,
    0x00, 0x00, 0x10, 0xa8, 0x64, 0x26, 0x00, 0x00, 0x00, 0x00, 0x0c, 0x70, 0xe4, 0x26, 0x00, 0x00,
    0x00, 0x00, 0x14, 0x20, 0x65, 0x25, 0x00, 0x00, 0x00, 0x00, 0x10, 0xe8, 0xe4, 0x25, 0x00, 0x00,
    0x00, 0x00, 0x1c, 0x88, 0x85, 0x04, 0x00, 0x00, 0x00, 0x00, 0x18, 0x50, 0xf5, 0x24, 0x00, 0x00,
    0x00, 0x00, 0x28, 0xd8, 0xb5, 0x03, 0x00, 0x00, 0x00, 0x00, 0x24, 0xb0, 0x15, 0x04, 0x00, 0x00,
    0x00, 0x00, 0x34, 0x18, 0x06, 0x03, 0x00, 0x00, 0x00, 0x00, 0x30, 0xf8, 0x55, 0x03, 0x00, 0x00,
    0x00, 0x00, 0x48, 0x40, 0x66, 0x02, 0x00, 0x00, 0x00, 0x00, 0x3c, 0x30, 0xb6, 0x02, 0x00, 0x00,
    0x00, 0x00, 0x5c, 0x58, 0xe6, 0x01, 0x00, 0x00, 0x00, 0x00, 0x50, 0x50, 0x26, 0x02, 0x00, 0x00,
    0x00, 0x00, 0x78, 0x58, 0x76, 0x01, 0x00, 0x00, 0x00, 0x00, 0x68, 0x60, 0xa6, 0x01, 0x00, 0x00,
    0x00, 0x00, 0x98, 0x40, 0x26, 0x01, 0x00, 0x00, 0x00, 0x00, 0x88, 0x50, 0x46, 0x01, 0x00, 0x00,
    0x00, 0x00, 0xc0, 0x18, 0xd6, 0x00, 0x00, 0x00, 0x00, 0x00, 0xac, 0x30, 0xf6, 0x00, 0x00, 0x00,
    0x00, 0x00, 0xec, 0xd8, 0xa5, 0x00, 0x00, 0x00, 0x00, 0x00, 0xd4, 0xf8, 0xc5, 0x00, 0x00, 0x00,
    0x00, 0x00, 0x20, 0x89, 0x75, 0x00, 0x00, 0x00, 0x00, 0x00, 0x04, 0xb1, 0x95, 0x00, 0x00, 0x00,
    0x00, 0x02, 0x58, 0x21, 0x55, 0x00, 0x00, 0x00, 0x00, 0x02, 0x3c, 0x51, 0x65, 0x00, 0x00, 0x00,
    0x00, 0x02, 0x98, 0xa9, 0x44, 0x00, 0x00, 0x00, 0x00, 0x02, 0x78, 0xe9, 0x44, 0x00, 0x00, 0x00,
    0x00, 0x04, 0xd8, 0x29, 0x34, 0x00, 0x00, 0x00, 0x00, 0x02, 0xb8, 0x71, 0x34, 0x00, 0x00, 0x00,
//VIDEO_SCALE_COEFF_TABLE_7TAP_0P25
    0x00, 0x00, 0x28, 0xe0, 0x23, 0x07, 0x01, 0x00, 0x00, 0x00, 0x24, 0xb8, 0x73, 0x27, 0x01, 0x00,
    0x00, 0x00, 0x30, 0x30, 0x84, 0xc6, 0x00, 0x00, 0x00, 0x00, 0x2c, 0x08, 0xd4, 0xe6, 0x00, 0x00,
    0x00, 0x00, 0x40, 0x68, 0xe4, 0xa5, 0x00, 0x00, 0x00, 0x00, 0x38, 0x50, 0x34, 0xa6, 0x00, 0x00,
    0x00, 0x00, 0x4c, 0xb0, 0x44, 0x65, 0x00, 0x00, 0x00, 0x00, 0x44, 0x90, 0x94, 0x85, 0x00, 0x00,
    0x00, 0x00, 0x60, 0xd8, 0xa4, 0x64, 0x00, 0x00, 0x00, 0x00, 0x54, 0xc8, 0xf4, 0x64, 0x00, 0x00,
    0x00, 0x00, 0x74, 0x00, 0x15, 0x44, 0x00, 0x00, 0x00, 0x00, 0x68, 0xf0, 0x64, 0x44, 0x00, 0x00,
    0x00, 0x02, 0x8c, 0x18, 0x85, 0x23, 0x00, 0x00, 0x00, 0x00, 0x80, 0x08, 0xd5, 0x43, 0x00, 0x00,
    0x00, 0x02, 0xa4, 0x28, 0x05, 0x23, 0x00, 0x00, 0x00, 0x02, 0x98, 0x20, 0x45, 0x23, 0x00, 0x00,
    0x00, 0x02, 0xc0, 0x28, 0x95, 0x22, 0x00, 0x00, 0x00, 0x02, 0xb4, 0x20, 0xd5, 0x22, 0x00, 0x00,
    0x00, 0x02, 0xe0, 0x18, 0x35, 0x22, 0x00, 0x00, 0x00, 0x02, 0xd0, 0x20, 0x65, 0x22, 0x00, 0x00,
    0x00, 0x04, 0x04, 0x01, 0xd5, 0x01, 0x00, 0x00, 0x00, 0x04, 0xf4, 0x08, 0x05, 0x02, 0x00, 0x00,
    0x00, 0x06, 0x28, 0xd9, 0x84, 0x01, 0x00, 0x00, 0x00, 0x04, 0x18, 0xf1, 0xa4, 0x01, 0x00, 0x00,
    0x00, 0x06, 0x50, 0xb1, 0x34, 0x01, 0x00, 0x00, 0x00, 0x06, 0x3c, 0xc9, 0x54, 0x01, 0x00, 0x00,
    0x00, 0x0a, 0x78, 0x69, 0x04, 0x01, 0x00, 0x00, 0x00, 0x08, 0x64, 0x91, 0x14, 0x01, 0x00, 0x00,
    0x00, 0x0c, 0xa0, 0x31, 0xc4, 0x00, 0x00, 0x00, 0x00, 0x0a, 0x8c, 0x51, 0xe4, 0x00, 0x00, 0x00,
    0x00, 0x10, 0xc8, 0xe1, 0xa3, 0x00, 0x00, 0x00, 0x00, 0x0e, 0xb4, 0x09, 0xb4, 0x00, 0x00, 0x00,
//VIDEO_SCALE_COEFF_TABLE_7TAP_0P3
    0x00, 0x02, 0x4c, 0x90, 0xa3, 0x06, 0x02, 0x00, 0x00, 0x00, 0x48, 0x70, 0xe3, 0x46, 0x02, 0x00,
    0x00, 0x02, 0x5c, 0xb0, 0x43, 0xc6, 0x01, 0x00, 0x00, 0x02, 0x54, 0xa0, 0x73, 0xe6, 0x01, 0x00,
    0x00, 0x02, 0x6c, 0xe0, 0xd3, 0x65, 0x01, 0x00, 0x00, 0x02, 0x64, 0xc0, 0x13, 0xa6, 0x01, 0x00,
    0x00, 0x02, 0x7c, 0x08, 0x64, 0x25, 0x01, 0x00, 0x00, 0x02, 0x74, 0xf0, 0xa3, 0x45, 0x01, 0x00,
    0x00, 0x04, 0x90, 0x18, 0xf4, 0x04, 0x01, 0x00, 0x00, 0x02, 0x84, 0x10, 0x34, 0x25, 0x01, 0x00,
    0x00, 0x04, 0xa4, 0x38, 0x84, 0xc4, 0x00, 0x00, 0x00, 0x04, 0x98, 0x28, 0xc4, 0xe4, 0x00, 0x00,
    0x00, 0x06, 0xb8, 0x48, 0x14, 0xa4, 0x00, 0x00, 0x00, 0x04, 0xb0, 0x38, 0x54, 0xc4, 0x00, 0x00,
    0x00, 0x06, 0xd0, 0x50, 0xb4, 0x83, 0x00, 0x00, 0x00, 0x06, 0xc4, 0x48, 0xe4, 0xa3, 0x00, 0x00,
    0x00, 0x08, 0xec, 0x50, 0x44, 0x63, 0x00, 0x00, 0x00, 0x08, 0xe0, 0x40, 0x84, 0x83, 0x00, 0x00,
    0x00, 0x0a, 0x04, 0x49, 0xe4, 0x62, 0x00, 0x00, 0x00, 0x0a, 0xf8, 0x48, 0x14, 0x63, 0x00, 0x00,
    0x00, 0x0c, 0x20, 0x39, 0x94, 0x42, 0x00, 0x00, 0x00, 0x0c, 0x14, 0x39, 0xc4, 0x42, 0x00, 0x00,
    0x00, 0x10, 0x3c, 0x19, 0x44, 0x42, 0x00, 0x00, 0x00, 0x0e, 0x30, 0x29, 0x64, 0x42, 0x00, 0x00,
    0x00, 0x12, 0x58, 0x09, 0xf4, 0x21, 0x00, 0x00, 0x00, 0x12, 0x4c, 0x11, 0x14, 0x22, 0x00, 0x00,
    0x00, 0x16, 0x74, 0xe1, 0xb3, 0x21, 0x00, 0x00, 0x00, 0x14, 0x68, 0xf1, 0xd3, 0x21, 0x00, 0x00,
    0x00, 0x1c, 0x90, 0xb1, 0x73, 0x21, 0x00, 0x00, 0x00, 0x1a, 0x84, 0xc1, 0x93, 0x21, 0x00, 0x00,
    0x00, 0x20, 0xa8, 0x91, 0x33, 0x21, 0x00, 0x00, 0x00, 0x1e, 0x9c, 0xa1, 0x53, 0x21, 0x00, 0x00,
//VIDEO_SCALE_COEFF_TABLE_7TAP_0P4
    0x00, 0x0a, 0x88, 0xe8, 0x92, 0xe5, 0x03, 0x01, 0x00, 0x08, 0x84, 0xd8, 0xb2, 0x25, 0x04, 0x01,
    0x00, 0x0a, 0x98, 0x00, 0x63, 0x85, 0xc3, 0x00, 0x00, 0x0a, 0x90, 0xe8, 0x82, 0xc5, 0x03, 0x01,
    0x00, 0x0c, 0xa4, 0x10, 0x33, 0x25, 0xc3, 0x00, 0x00, 0x0c, 0x9c, 0x00, 0x53, 0x65, 0xc3, 0x00,
    0x00, 0x0e, 0xb4, 0x20, 0xf3, 0xe4, 0x82, 0x00, 0x00, 0x0e, 0xac, 0x10, 0x13, 0x05, 0xc3, 0x00,
    0x01, 0x10, 0xc0, 0x28, 0xc3, 0x84, 0x82, 0x00, 0x00, 0x10, 0xbc, 0x20, 0xd3, 0xc4, 0x82, 0x00,
    0x01, 0x14, 0xd0, 0x28, 0x83, 0x44, 0x82, 0x00, 0x01, 0x12, 0xc8, 0x28, 0xa3, 0x64, 0x82, 0x00,
    0x01, 0x16, 0xe0, 0x38, 0x43, 0x04, 0x42, 0x00, 0x01, 0x14, 0xd8, 0x30, 0x63, 0x24, 0x82, 0x00,
    0x01, 0x1a, 0xf0, 0x38, 0x03, 0xc4, 0x41, 0x00, 0x01, 0x18, 0xe8, 0x38, 0x23, 0xe4, 0x41, 0x00,
    0x01, 0x1c, 0x00, 0x39, 0xc3, 0xa3, 0x41, 0x00, 0x01, 0x1a, 0xf8, 0x40, 0xe3, 0xa3, 0x41, 0x00,
    0x01, 0x20, 0x10, 0x39, 0x83, 0x63, 0x41, 0x00, 0x01, 0x1e, 0x08, 0x39, 0xa3, 0x83, 0x41, 0x00,
    0x02, 0x24, 0x20, 0x29, 0x43, 0x43, 0x41, 0x00, 0x02, 0x22, 0x18, 0x31, 0x63, 0x43, 0x41, 0x00,
    0x02, 0x28, 0x30, 0x29, 0x03, 0x03, 0x41, 0x00, 0x02, 0x26, 0x28, 0x29, 0x23, 0x23, 0x41, 0x00,
    0x02, 0x2e, 0x3c, 0x21, 0xd3, 0xe2, 0x00, 0x00, 0x02, 0x2c, 0x34, 0x21, 0xf3, 0x02, 0x01, 0x00,
    0x03, 0x32, 0x4c, 0x11, 0x93, 0xc2, 0x00, 0x00, 0x03, 0x30, 0x44, 0x11, 0xb3, 0xe2, 0x00, 0x00,
    0x03, 0x38, 0x58, 0x01, 0x63, 0xa2, 0x00, 0x00, 0x03, 0x36, 0x54, 0x01, 0x73, 0xc2, 0x00, 0x00,
    0x04, 0x3e, 0x64, 0xe9, 0x22, 0xa2, 0x00, 0x00, 0x04, 0x3c, 0x60, 0xe9, 0x42, 0xa2, 0x00, 0x00,
//VIDEO_SCALE_COEFF_TABLE_7TAP_2
    0x00, 0x04, 0xF0, 0x70, 0x44, 0x03, 0x00, 0x00, 0x00, 0x06, 0xFC, 0x68, 0x14, 0x03, 0x00, 0x00,
    0x00, 0x06, 0x0C, 0x61, 0xE4, 0x02, 0x00, 0x00, 0x00, 0x08, 0x18, 0x59, 0xB4, 0x02, 0x00, 0x00,
    0x00, 0x08, 0x28, 0x51, 0x84, 0x02, 0x00, 0x00, 0x00, 0x0A, 0x38, 0x41, 0x54, 0x02, 0x00, 0x00,
    0x00, 0x0C, 0x40, 0x39, 0x34, 0x02, 0x00, 0x00, 0x00, 0x0C, 0x54, 0x29, 0x04, 0x02, 0x00, 0x00,
    0x00, 0x0E, 0x60, 0x19, 0xE4, 0x01, 0x00, 0x00, 0x00, 0x10, 0x70, 0x09, 0xB4, 0x01, 0x00, 0x00,
    0x00, 0x12, 0x80, 0xF1, 0x93, 0x01, 0x00, 0x00, 0x00, 0x14, 0x8C, 0xE1, 0x73, 0x01, 0x00, 0x00,
    0x00, 0x18, 0x98, 0xC9, 0x53, 0x01, 0x00, 0x00, 0x00, 0x1A, 0xA8, 0xB1, 0x33, 0x01, 0x00, 0x00,
    0x00, 0x1C, 0xB8, 0x99, 0x13, 0x01, 0x00, 0x00, 0x00, 0x20, 0xC0, 0x81, 0x03, 0x01, 0x00, 0x00,
    0x00, 0x22, 0xD0, 0x69, 0xE3, 0x00, 0x00, 0x00, 0x00, 0x26, 0xDC, 0x49, 0xD3, 0x00, 0x00, 0x00,
    0x00, 0x2A, 0xE4, 0x31, 0xC3, 0x00, 0x00, 0x00, 0x00, 0x2E, 0xF0, 0x19, 0xA3, 0x00, 0x00, 0x00,
    0x00, 0x32, 0xFC, 0xF9, 0x92, 0x00, 0x00, 0x00, 0x00, 0x36, 0x08, 0xDA, 0x82, 0x00, 0x00, 0x00,
    0x00, 0x3C, 0x0C, 0xC2, 0x72, 0x00, 0x00, 0x00, 0x00, 0x40, 0x18, 0xA2, 0x62, 0x00, 0x00, 0x00,
    0x00, 0x46, 0x1C, 0x82, 0x62, 0x00, 0x00, 0x00, 0x00, 0x4A, 0x24, 0x6A, 0x52, 0x00, 0x00, 0x00,
    0x00, 0x50, 0x2C, 0x4A, 0x42, 0x00, 0x00, 0x00, 0x00, 0x56, 0x30, 0x2A, 0x42, 0x00, 0x00, 0x00,
    0x00, 0x5C, 0x34, 0x12, 0x32, 0x00, 0x00, 0x00, 0x00, 0x62, 0x34, 0xFA, 0x31, 0x00, 0x00, 0x00,
    0x00, 0x68, 0x38, 0xE2, 0x21, 0x00, 0x00, 0x00, 0x00, 0x70, 0x38, 0xC2, 0x21, 0x00, 0x00, 0x00,
//VIDEO_SCALE_COEFF_TABLE_5TAP_3
    0x00, 0x00, 0x00, 0x90, 0x30, 0xA7, 0x8D, 0x03, 0x00, 0x00, 0x00, 0xA0, 0x60, 0x27, 0x4D, 0x03,
    0x00, 0x00, 0x00, 0xA8, 0x90, 0xC7, 0x0C, 0x03, 0x00, 0x00, 0x00, 0xB8, 0xC0, 0x67, 0x8C, 0x02,
    0x00, 0x00, 0x00, 0xD0, 0xE0, 0xE7, 0x4B, 0x02, 0x00, 0x00, 0x00, 0xE0, 0x10, 0x68, 0x0B, 0x02,
    0x00, 0x00, 0x00, 0xF0, 0x30, 0x08, 0xCB, 0x01, 0x00, 0x00, 0x04, 0x00, 0x51, 0x68, 0xCA, 0x01,
    0x00, 0x00, 0x04, 0x18, 0x71, 0xE8, 0x89, 0x01, 0x00, 0x00, 0x04, 0x28, 0x81, 0xA8, 0x49, 0x01,
    0x00, 0x00, 0x04, 0x40, 0xA1, 0x28, 0x09, 0x01, 0x00, 0x00, 0x04, 0x58, 0xB1, 0xA8, 0x08, 0x01,
    0x00, 0x00, 0x04, 0x70, 0xC1, 0x48, 0xC8, 0x00, 0x00, 0x00, 0x08, 0x88, 0xC1, 0xC8, 0xC7, 0x00,
    0x00, 0x00, 0x08, 0xA0, 0xD1, 0x48, 0xC7, 0x00, 0x00, 0x00, 0x08, 0xC0, 0xD1, 0xE8, 0x86, 0x00,
    0x00, 0x00, 0x0C, 0xD8, 0xD1, 0x68, 0x86, 0x00, 0x00, 0x00, 0x0C, 0xF0, 0xC1, 0x28, 0x86, 0x00,
    0x00, 0x00, 0x0C, 0x10, 0xC2, 0xC8, 0x45, 0x00, 0x00, 0x00, 0x10, 0x28, 0xB2, 0x68, 0x45, 0x00,
    0x00, 0x00, 0x10, 0x48, 0xA2, 0x08, 0x45, 0x00, 0x00, 0x00, 0x14, 0x68, 0x82, 0xA8, 0x44, 0x00,
    0x00, 0x00, 0x18, 0x80, 0x72, 0x48, 0x44, 0x00, 0x00, 0x00, 0x1C, 0xA0, 0x52, 0xE8, 0x43, 0x00,
    0x00, 0x00, 0x1C, 0xC0, 0x32, 0xC8, 0x03, 0x00, 0x00, 0x00, 0x20, 0xE0, 0x12, 0x68, 0x03, 0x00,
    0x00, 0x00, 0x24, 0x00, 0xE3, 0x27, 0x03, 0x00, 0x00, 0x00, 0x28, 0x18, 0xC3, 0xE7, 0x02, 0x00,
    0x00, 0x00, 0x30, 0x30, 0x93, 0xA7, 0x02, 0x00, 0x00, 0x00, 0x34, 0x50, 0x63, 0x67, 0x02, 0x00,
    0x00, 0x00, 0x38, 0x70, 0x33, 0x27, 0x02, 0x00, 0x00, 0x00, 0x40, 0x80, 0x03, 0x07, 0x02, 0x00,
//VIDEO_SCALE_COEFF_TABLE_7TAP_3
    0x00, 0x00, 0x48, 0x98, 0xD3, 0xC6, 0x01, 0x00, 0x00, 0x00, 0x50, 0xB0, 0x93, 0xA6, 0x01, 0x00,
    0x00, 0x00, 0x54, 0xC8, 0x63, 0x86, 0x01, 0x00, 0x00, 0x00, 0x5C, 0xE0, 0x33, 0x46, 0x01, 0x00,
    0x00, 0x00, 0x68, 0xF0, 0xF3, 0x25, 0x01, 0x00, 0x00, 0x00, 0x70, 0x08, 0xB4, 0x05, 0x01, 0x00,
    0x00, 0x00, 0x78, 0x18, 0x84, 0xE5, 0x00, 0x00, 0x00, 0x02, 0x80, 0x28, 0x34, 0xE5, 0x00, 0x00,
    0x00, 0x02, 0x8C, 0x38, 0xF4, 0xC4, 0x00, 0x00, 0x00, 0x02, 0x94, 0x40, 0xD4, 0xA4, 0x00, 0x00,
    0x00, 0x02, 0xA0, 0x50, 0x94, 0x84, 0x00, 0x00, 0x00, 0x02, 0xAC, 0x58, 0x54, 0x84, 0x00, 0x00,
    0x00, 0x02, 0xB8, 0x60, 0x24, 0x64, 0x00, 0x00, 0x00, 0x04, 0xC4, 0x60, 0xE4, 0x63, 0x00, 0x00,
    0x00, 0x04, 0xD0, 0x68, 0xA4, 0x63, 0x00, 0x00, 0x00, 0x04, 0xE0, 0x68, 0x74, 0x43, 0x00, 0x00,
    0x00, 0x06, 0xEC, 0x68, 0x34, 0x43, 0x00, 0x00, 0x00, 0x06, 0xF8, 0x60, 0x14, 0x43, 0x00, 0x00,
    0x00, 0x06, 0x08, 0x61, 0xE4, 0x22, 0x00, 0x00, 0x00, 0x08, 0x14, 0x59, 0xB4, 0x22, 0x00, 0x00,
    0x00, 0x08, 0x24, 0x51, 0x84, 0x22, 0x00, 0x00, 0x00, 0x0A, 0x34, 0x41, 0x54, 0x22, 0x00, 0x00,
    0x00, 0x0C, 0x40, 0x39, 0x24, 0x22, 0x00, 0x00, 0x00, 0x0E, 0x50, 0x29, 0xF4, 0x21, 0x00, 0x00,
    0x00, 0x0E, 0x60, 0x19, 0xE4, 0x01, 0x00, 0x00, 0x00, 0x10, 0x70, 0x09, 0xB4, 0x01, 0x00, 0x00,
    0x00, 0x12, 0x80, 0xF1, 0x93, 0x01, 0x00, 0x00, 0x00, 0x14, 0x8C, 0xE1, 0x73, 0x01, 0x00, 0x00,
    0x00, 0x18, 0x98, 0xC9, 0x53, 0x01, 0x00, 0x00, 0x00, 0x1A, 0xA8, 0xB1, 0x33, 0x01, 0x00, 0x00,
    0x00, 0x1C, 0xB8, 0x99, 0x13, 0x01, 0x00, 0x00, 0x00, 0x20, 0xC0, 0x81, 0x03, 0x01, 0x00, 0x00,
//VIDEO_SCALE_COEFF_TABLE_6TAP_4
    0x00, 0x00, 0x2C, 0x08, 0xE2, 0x86, 0x87, 0x02, 0x00, 0x00, 0x30, 0x18, 0xE2, 0x46, 0x47, 0x02,
    0x00, 0x02, 0x34, 0x28, 0xD2, 0x06, 0x07, 0x02, 0x00, 0x02, 0x38, 0x40, 0xD2, 0xA6, 0xC6, 0x01,
    0x00, 0x02, 0x3C, 0x48, 0xD2, 0x66, 0xC6, 0x01, 0x00, 0x02, 0x40, 0x60, 0xC2, 0x26, 0x86, 0x01,
    0x00, 0x02, 0x44, 0x70, 0xB2, 0xE6, 0x85, 0x01, 0x00, 0x02, 0x48, 0x88, 0xA2, 0xA6, 0x45, 0x01,
    0x00, 0x02, 0x50, 0x90, 0x92, 0x66, 0x45, 0x01, 0x00, 0x02, 0x54, 0xA8, 0x82, 0x26, 0x05, 0x01,
    0x00, 0x02, 0x58, 0xB8, 0x72, 0xE6, 0x04, 0x01, 0x00, 0x04, 0x60, 0xC0, 0x52, 0xA6, 0x04, 0x01,
    0x00, 0x04, 0x64, 0xD8, 0x42, 0x66, 0xC4, 0x00, 0x00, 0x04, 0x6C, 0xE0, 0x32, 0x26, 0xC4, 0x00,
    0x00, 0x04, 0x70, 0xF0, 0x12, 0x06, 0xC4, 0x00, 0x00, 0x04, 0x78, 0x00, 0x03, 0xC6, 0x83, 0x00,
    0x00, 0x06, 0x80, 0x08, 0xE3, 0x85, 0x83, 0x00, 0x00, 0x06, 0x84, 0x18, 0xC3, 0x65, 0x83, 0x00,
    0x00, 0x06, 0x8C, 0x28, 0xA3, 0x25, 0x83, 0x00, 0x00, 0x08, 0x94, 0x30, 0x73, 0x05, 0x83, 0x00,
    0x00, 0x08, 0x9C, 0x40, 0x63, 0xC5, 0x42, 0x00, 0x00, 0x08, 0xA4, 0x48, 0x43, 0xA5, 0x42, 0x00,
    0x00, 0x0A, 0xAC, 0x48, 0x23, 0x85, 0x42, 0x00, 0x00, 0x0A, 0xB4, 0x58, 0x03, 0x45, 0x42, 0x00,
    0x00, 0x0C, 0xBC, 0x58, 0xE3, 0x24, 0x42, 0x00, 0x00, 0x0C, 0xC4, 0x60, 0xC3, 0x04, 0x42, 0x00,
    0x00, 0x0E, 0xCC, 0x68, 0x93, 0xE4, 0x41, 0x00, 0x00, 0x0E, 0xD4, 0x70, 0x73, 0xC4, 0x41, 0x00,
    0x00, 0x10, 0xE0, 0x70, 0x43, 0xA4, 0x41, 0x00, 0x00, 0x12, 0xE8, 0x70, 0x33, 0x84, 0x01, 0x00,
    0x00, 0x14, 0xF0, 0x78, 0x03, 0x64, 0x01, 0x00, 0x00, 0x14, 0xF8, 0x78, 0xF3, 0x43, 0x01, 0x00,
//VIDEO_SCALE_COEFF_TABLE_7TAP_4
    0x00, 0x16, 0x04, 0x71, 0xC3, 0x43, 0x01, 0x00, 0x00, 0x18, 0x0C, 0x71, 0xA3, 0x23, 0x01, 0x00,
    0x01, 0x1A, 0x14, 0x69, 0x83, 0x03, 0x01, 0x00, 0x01, 0x1C, 0x20, 0x69, 0x53, 0xE3, 0x00, 0x00,
    0x01, 0x1E, 0x24, 0x69, 0x33, 0xE3, 0x00, 0x00, 0x01, 0x20, 0x30, 0x61, 0x13, 0xC3, 0x00, 0x00,
    0x01, 0x22, 0x38, 0x59, 0xF3, 0xC2, 0x00, 0x00, 0x01, 0x24, 0x44, 0x51, 0xD3, 0xA2, 0x00, 0x00,
    0x01, 0x28, 0x48, 0x49, 0xB3, 0xA2, 0x00, 0x00, 0x01, 0x2A, 0x54, 0x41, 0x93, 0x82, 0x00, 0x00,
    0x01, 0x2C, 0x5C, 0x39, 0x73, 0x82, 0x00, 0x00, 0x02, 0x30, 0x60, 0x29, 0x53, 0x82, 0x00, 0x00,
    0x02, 0x32, 0x6C, 0x21, 0x33, 0x62, 0x00, 0x00, 0x02, 0x36, 0x70, 0x19, 0x13, 0x62, 0x00, 0x00,
    0x02, 0x38, 0x78, 0x09, 0x03, 0x62, 0x00, 0x00, 0x02, 0x3C, 0x80, 0x01, 0xE3, 0x41, 0x00, 0x00,
    0x03, 0x40, 0x84, 0xF1, 0xC2, 0x41, 0x00, 0x00, 0x03, 0x42, 0x8C, 0xE1, 0xB2, 0x41, 0x00, 0x00,
    0x03, 0x46, 0x94, 0xD1, 0x92, 0x41, 0x00, 0x00, 0x04, 0x4A, 0x98, 0xB9, 0x82, 0x41, 0x00, 0x00,
    0x04, 0x4E, 0xA0, 0xB1, 0x62, 0x21, 0x00, 0x00, 0x04, 0x52, 0xA4, 0xA1, 0x52, 0x21, 0x00, 0x00,
    0x05, 0x56, 0xA4, 0x91, 0x42, 0x21, 0x00, 0x00, 0x05, 0x5A, 0xAC, 0x81, 0x22, 0x21, 0x00, 0x00,
    0x06, 0x5E, 0xAC, 0x71, 0x12, 0x21, 0x00, 0x00, 0x06, 0x62, 0xB0, 0x61, 0x02, 0x21, 0x00, 0x00,
    0x07, 0x66, 0xB4, 0x49, 0xF2, 0x20, 0x00, 0x00, 0x07, 0x6A, 0xB8, 0x39, 0xE2, 0x20, 0x00, 0x00,
    0x08, 0x70, 0xB8, 0x21, 0xD2, 0x20, 0x00, 0x00, 0x09, 0x74, 0xB8, 0x19, 0xC2, 0x00, 0x00, 0x00,
    0x0A, 0x78, 0xBC, 0x01, 0xB2, 0x00, 0x00, 0x00, 0x0A, 0x7C, 0xBC, 0xF9, 0xA1, 0x00, 0x00, 0x00,
//VIDEO_SCALE_COEFF_TABLE_7TAP_5
    0x01, 0x14, 0xA8, 0x78, 0xD2, 0xC4, 0x44, 0x02, 0x01, 0x16, 0xA8, 0x80, 0xC2, 0xA4, 0x44, 0x02,
    0x01, 0x16, 0xB0, 0x80, 0xC2, 0x84, 0x04, 0x02, 0x01, 0x18, 0xB4, 0x88, 0xB2, 0x44, 0x04, 0x02,
    0x01, 0x1A, 0xBC, 0x90, 0x92, 0x24, 0xC4, 0x01, 0x01, 0x1A, 0xC0, 0x90, 0x92, 0x04, 0xC4, 0x01,
    0x02, 0x1C, 0xC4, 0x98, 0x72, 0xE4, 0x83, 0x01, 0x02, 0x1E, 0xC8, 0x98, 0x62, 0xC4, 0x83, 0x01,
    0x02, 0x1E, 0xD0, 0xA0, 0x52, 0x84, 0x83, 0x01, 0x02, 0x20, 0xD4, 0xA0, 0x52, 0x64, 0x43, 0x01,
    0x02, 0x22, 0xDC, 0xA0, 0x32, 0x44, 0x43, 0x01, 0x02, 0x24, 0xE0, 0xA8, 0x12, 0x24, 0x43, 0x01,
    0x03, 0x26, 0xE4, 0xA8, 0x02, 0x04, 0x03, 0x01, 0x03, 0x28, 0xE8, 0xA8, 0xF2, 0xE3, 0x02, 0x01,
    0x03, 0x28, 0xF0, 0xA8, 0xE2, 0xC3, 0x02, 0x01, 0x03, 0x2A, 0xF4, 0xA8, 0xD2, 0xA3, 0xC2, 0x00,
    0x04, 0x2C, 0xFC, 0xA8, 0xB2, 0x83, 0xC2, 0x00, 0x04, 0x2E, 0xFC, 0xA8, 0xA2, 0x83, 0xC2, 0x00,
    0x04, 0x30, 0x04, 0xA9, 0x82, 0x63, 0xC2, 0x00, 0x05, 0x32, 0x04, 0xA9, 0x72, 0x43, 0xC2, 0x00,
    0x05, 0x34, 0x10, 0xA1, 0x62, 0x23, 0x82, 0x00, 0x05, 0x36, 0x14, 0xA1, 0x52, 0x03, 0x82, 0x00,
    0x06, 0x38, 0x18, 0xA1, 0x32, 0xE3, 0x81, 0x00, 0x06, 0x3C, 0x18, 0x99, 0x22, 0xE3, 0x81, 0x00,
    0x06, 0x3E, 0x20, 0x99, 0x02, 0xC3, 0x81, 0x00, 0x07, 0x40, 0x24, 0x91, 0x02, 0xA3, 0x41, 0x00,
    0x07, 0x42, 0x28, 0x91, 0xE2, 0xA2, 0x41, 0x00, 0x08, 0x44, 0x2C, 0x89, 0xD2, 0x82, 0x41, 0x00,
    0x08, 0x48, 0x30, 0x81, 0xC2, 0x62, 0x41, 0x00, 0x09, 0x4A, 0x30, 0x81, 0xA2, 0x62, 0x41, 0x00,
    0x09, 0x4C, 0x38, 0x79, 0x92, 0x42, 0x41, 0x00, 0x0A, 0x4E, 0x3C, 0x71, 0x72, 0x42, 0x41, 0x00,
//VIDEO_SCALE_COEFF_TABLE_4TAP_BICUBIC
    0x00, 0x00, 0x00, 0x00, 0x00, 0xE0, 0x1F, 0x00, 0x00, 0x00, 0x00, 0x00, 0x40, 0xE0, 0x1F, 0x7F,
    0x00, 0x00, 0x00, 0x00, 0xA0, 0xC0, 0x5F, 0x7E, 0x00, 0x00, 0x00, 0xF8, 0x0F, 0x61, 0x9F, 0x7D,
    0x00, 0x00, 0x00, 0xF0, 0x7F, 0xE1, 0x1E, 0x7D, 0x00, 0x00, 0x00, 0xE8, 0xFF, 0x41, 0x9E, 0x7C,
    0x00, 0x00, 0x00, 0xE0, 0x7F, 0x82, 0x1D, 0x7C, 0x00, 0x00, 0x00, 0xD8, 0x0F, 0xA3, 0xDC, 0x7B,
    0x00, 0x00, 0x00, 0xD0, 0xAF, 0xC3, 0x9B, 0x7B, 0x00, 0x00, 0x00, 0xC8, 0x4F, 0xC4, 0x5A, 0x7B,
    0x00, 0x00, 0x00, 0xB8, 0xEF, 0xA4, 0x59, 0x7B, 0x00, 0x00, 0x00, 0xB0, 0x9F, 0x85, 0x58, 0x7B,
    0x00, 0x00, 0x00, 0xA8, 0x4F, 0x46, 0x57, 0x7B, 0x00, 0x00, 0x00, 0x98, 0xFF, 0x06, 0x96, 0x7B,
    0x00, 0x00, 0x00, 0x90, 0xAF, 0xC7, 0x94, 0x7B, 0x00, 0x00, 0x00, 0x88, 0x5F, 0x68, 0xD3, 0x7B,
    0x00, 0x00, 0x00, 0x80, 0x0F, 0x09, 0x12, 0x7C, 0x00, 0x00, 0x00, 0x78, 0xBF, 0xA9, 0x50, 0x7C,
    0x00, 0x00, 0x00, 0x70, 0x6F, 0x4A, 0x8F, 0x7C, 0x00, 0x00, 0x00, 0x70, 0x0F, 0xEB, 0xCD, 0x7C,
    0x00, 0x00, 0x00, 0x68, 0xAF, 0x8B, 0x4C, 0x7D, 0x00, 0x00, 0x00, 0x68, 0x4F, 0x2C, 0x8B, 0x7D,
    0x00, 0x00, 0x00, 0x68, 0xDF, 0xCC, 0xC9, 0x7D, 0x00, 0x00, 0x00, 0x68, 0x6F, 0x8D, 0x48, 0x7E,
    0x00, 0x00, 0x00, 0x70, 0xEF, 0x4D, 0x87, 0x7E, 0x00, 0x00, 0x00, 0x78, 0x5F, 0x0E, 0xC6, 0x7E,
    0x00, 0x00, 0x00, 0x80, 0xCF, 0xEE, 0x04, 0x7F, 0x00, 0x00, 0x00, 0x90, 0x2F, 0xEF, 0x43, 0x7F,
    0x00, 0x00, 0x00, 0xA0, 0x7F, 0xEF, 0x82, 0x7F, 0x00, 0x00, 0x00, 0xB0, 0xBF, 0x0F, 0xC2, 0x7F,
    0x00, 0x00, 0x00, 0xC8, 0xEF, 0x4F, 0x01, 0x00, 0x00, 0x00, 0x00, 0xE0, 0xFF, 0x8F, 0x00, 0x00,
//VIDEO_SCALE_COEFF_TABLE_7TAP_BICUBIC
    0x00, 0x00, 0x00, 0xF8, 0x07, 0x00, 0x00, 0x00, 0x00, 0x00, 0x10, 0xF8, 0xC7, 0x1F, 0x00, 0x00,
    0x00, 0x00, 0x28, 0xF0, 0x97, 0x1F, 0x00, 0x00, 0x00, 0xFE, 0x43, 0xD8, 0x67, 0x1F, 0x00, 0x00,
    0x00, 0xFC, 0x5F, 0xB8, 0x47, 0x1F, 0x00, 0x00, 0x00, 0xFA, 0x7F, 0x90, 0x27, 0x1F, 0x00, 0x00,
    0x00, 0xF8, 0x9F, 0x60, 0x07, 0x1F, 0x00, 0x00, 0x00, 0xF6, 0xC3, 0x28, 0xF7, 0x1E, 0x00, 0x00,
    0x00, 0xF4, 0xEB, 0xF0, 0xE6, 0x1E, 0x00, 0x00, 0x00, 0xF2, 0x13, 0xB1, 0xD6, 0x1E, 0x00, 0x00,
    0x00, 0xEE, 0x3B, 0x69, 0xD6, 0x1E, 0x00, 0x00, 0x00, 0xEC, 0x67, 0x21, 0xD6, 0x1E, 0x00, 0x00,
    0x00, 0xEA, 0x93, 0xD1, 0xD5, 0x1E, 0x00, 0x00, 0x00, 0xE6, 0xBF, 0x81, 0xE5, 0x1E, 0x00, 0x00,
    0x00, 0xE4, 0xEB, 0x31, 0xE5, 0x1E, 0x00, 0x00, 0x00, 0xE2, 0x17, 0xDA, 0xF4, 0x1E, 0x00, 0x00,
    0x00, 0xE0, 0x43, 0x82, 0x04, 0x1F, 0x00, 0x00, 0x00, 0xDE, 0x6F, 0x2A, 0x14, 0x1F, 0x00, 0x00,
    0x00, 0xDC, 0x9B, 0xD2, 0x23, 0x1F, 0x00, 0x00, 0x00, 0xDC, 0xC3, 0x7A, 0x33, 0x1F, 0x00, 0x00,
    0x00, 0xDA, 0xEB, 0x22, 0x53, 0x1F, 0x00, 0x00, 0x00, 0xDA, 0x13, 0xCB, 0x62, 0x1F, 0x00, 0x00,
    0x00, 0xDA, 0x37, 0x73, 0x72, 0x1F, 0x00, 0x00, 0x00, 0xDA, 0x5B, 0x23, 0x92, 0x1F, 0x00, 0x00,
    0x00, 0xDC, 0x7B, 0xD3, 0xA1, 0x1F, 0x00, 0x00, 0x00, 0xDE, 0x97, 0x83, 0xB1, 0x1F, 0x00, 0x00,
    0x00, 0xE0, 0xB3, 0x3B, 0xC1, 0x1F, 0x00, 0x00, 0x00, 0xE4, 0xCB, 0xFB, 0xD0, 0x1F, 0x00, 0x00,
    0x00, 0xE8, 0xDF, 0xBB, 0xE0, 0x1F, 0x00, 0x00, 0x00, 0xEC, 0xEF, 0x83, 0xF0, 0x1F, 0x00, 0x00,
    0x00, 0xF2, 0xFB, 0x53, 0x00, 0x00, 0x00, 0x00, 0x00, 0xF8, 0xFF, 0x23, 0x00, 0x00, 0x00, 0x00,
//VIDEO_SCALE_COEFF_TABLE_3TAP_1
    0x00, 0x00, 0x00, 0x00, 0x00, 0x00, 0x10, 0x20, 0x00, 0x00, 0x00, 0x00, 0x00, 0x00, 0x11, 0x1E,
    0x00, 0x00, 0x00, 0x00, 0x10, 0xC0, 0x51, 0x1C, 0x00, 0x00, 0x00, 0x00, 0x10, 0xC0, 0x52, 0x1A,
    0x00, 0x00, 0x00, 0x00, 0x20, 0x80, 0x93, 0x18, 0x00, 0x00, 0x00, 0x00, 0x30, 0x40, 0xD4, 0x16,
    0x00, 0x00, 0x00, 0x00, 0x50, 0xC0, 0x54, 0x15, 0x00, 0x00, 0x00, 0x00, 0x60, 0x80, 0x95, 0x13,
    0x00, 0x00, 0x00, 0x00, 0x80, 0x00, 0x16, 0x12, 0x00, 0x00, 0x00, 0x00, 0xA0, 0x80, 0x96, 0x10,
    0x00, 0x00, 0x00, 0x00, 0xD0, 0xC0, 0x56, 0x0F, 0x00, 0x00, 0x00, 0x00, 0xF0, 0x40, 0xD7, 0x0D,
    0x00, 0x00, 0x00, 0x00, 0x20, 0x81, 0x97, 0x0C, 0x00, 0x00, 0x00, 0x00, 0x50, 0xC1, 0x57, 0x0B,
    0x00, 0x00, 0x00, 0x00, 0x90, 0xC1, 0x57, 0x0A, 0x00, 0x00, 0x00, 0x00, 0xC0, 0x01, 0x18, 0x09,
    0x00, 0x00, 0x00, 0x00, 0x00, 0x02, 0x18, 0x08, 0x00, 0x00, 0x00, 0x00, 0x40, 0x02, 0x18, 0x07,
    0x00, 0x00, 0x00, 0x00, 0x90, 0xC2, 0x57, 0x06, 0x00, 0x00, 0x00, 0x00, 0xD0, 0xC2, 0x57, 0x05,
    0x00, 0x00, 0x00, 0x00, 0x20, 0x83, 0x97, 0x04, 0x00, 0x00, 0x00, 0x00, 0x70, 0x43, 0xD7, 0x03,
    0x00, 0x00, 0x00, 0x00, 0xD0, 0xC3, 0x56, 0x03, 0x00, 0x00, 0x00, 0x00, 0x20, 0x84, 0x96, 0x02,
    0x00, 0x00, 0x00, 0x00, 0x80, 0x04, 0x16, 0x02, 0x00, 0x00, 0x00, 0x00, 0xE0, 0x84, 0x95, 0x01,
    0x00, 0x00, 0x00, 0x00, 0x50, 0xC5, 0x54, 0x01, 0x00, 0x00, 0x00, 0x00, 0xB0, 0x45, 0xD4, 0x00,
    0x00, 0x00, 0x00, 0x00, 0x20, 0x86, 0x93, 0x00, 0x00, 0x00, 0x00, 0x00, 0x90, 0xC6, 0x52, 0x00,
    0x00, 0x00, 0x00, 0x00, 0x10, 0xC7, 0x51, 0x00, 0x00, 0x00, 0x00, 0x00, 0x80, 0x07, 0x11, 0x00,
//VIDEO_SCALE_COEFF_TABLE_3TAP_2
    0x00, 0x00, 0x00, 0x00, 0x50, 0xC0, 0x4F, 0x1F, 0x00, 0x00, 0x00, 0x00, 0x70, 0x20, 0x10, 0x1E,
    0x00, 0x00, 0x00, 0x00, 0x80, 0xC0, 0x90, 0x1C, 0x00, 0x00, 0x00, 0x00, 0x90, 0x60, 0x11, 0x1B,
    0x00, 0x00, 0x00, 0x00, 0xB0, 0xC0, 0xD1, 0x19, 0x00, 0x00, 0x00, 0x00, 0xC0, 0x60, 0x52, 0x18,
    0x00, 0x00, 0x00, 0x00, 0xE0, 0xC0, 0x12, 0x17, 0x00, 0x00, 0x00, 0x00, 0x00, 0x41, 0x93, 0x15,
    0x00, 0x00, 0x00, 0x00, 0x20, 0xA1, 0x53, 0x14, 0x00, 0x00, 0x00, 0x00, 0x40, 0x01, 0x14, 0x13,
    0x00, 0x00, 0x00, 0x00, 0x70, 0x61, 0x94, 0x11, 0x00, 0x00, 0x00, 0x00, 0xA0, 0xA1, 0x54, 0x10,
    0x00, 0x00, 0x00, 0x00, 0xD0, 0xE1, 0x14, 0x0F, 0x00, 0x00, 0x00, 0x00, 0x00, 0x02, 0x15, 0x0E,
    0x00, 0x00, 0x00, 0x00, 0x30, 0x42, 0xD5, 0x0C, 0x00, 0x00, 0x00, 0x00, 0x70, 0x42, 0xD5, 0x0B,
    0x00, 0x00, 0x00, 0x00, 0xB0, 0x42, 0xD5, 0x0A, 0x00, 0x00, 0x00, 0x00, 0xF0, 0x42, 0xD5, 0x09,
    0x00, 0x00, 0x00, 0x00, 0x30, 0x43, 0xD5, 0x08, 0x00, 0x00, 0x00, 0x00, 0x80, 0x03, 0x15, 0x08,
    0x00, 0x00, 0x00, 0x00, 0xC0, 0xE3, 0x54, 0x07, 0x00, 0x00, 0x00, 0x00, 0x10, 0xA4, 0x94, 0x06,
    0x00, 0x00, 0x00, 0x00, 0x60, 0x64, 0xD4, 0x05, 0x00, 0x00, 0x00, 0x00, 0xC0, 0x04, 0x14, 0x05,
    0x00, 0x00, 0x00, 0x00, 0x10, 0xA5, 0x93, 0x04, 0x00, 0x00, 0x00, 0x00, 0x60, 0x45, 0x13, 0x04,
    0x00, 0x00, 0x00, 0x00, 0xC0, 0xC5, 0x92, 0x03, 0x00, 0x00, 0x00, 0x00, 0x10, 0x66, 0x12, 0x03,
    0x00, 0x00, 0x00, 0x00, 0x70, 0xC6, 0xD1, 0x02, 0x00, 0x00, 0x00, 0x00, 0xC0, 0x66, 0x51, 0x02,
    0x00, 0x00, 0x00, 0x00, 0x20, 0xC7, 0x10, 0x02, 0x00, 0x00, 0x00, 0x00, 0x80, 0x27, 0xD0, 0x01,
//VIDEO_SCALE_COEFF_TABLE_4TAP_SHAPR_4
    0x00, 0x00, 0x00, 0x48, 0xe0, 0xc1, 0xd7, 0x06, 0x00, 0x00, 0x00, 0x40, 0x20, 0xa2, 0x57, 0x06,
    0x00, 0x00, 0x00, 0x40, 0x70, 0x82, 0x57, 0x05, 0x00, 0x00, 0x00, 0x38, 0xc0, 0x62, 0x97, 0x04,
    0x00, 0x00, 0x00, 0x38, 0x10, 0x23, 0xd7, 0x03, 0x00, 0x00, 0x00, 0x30, 0x70, 0xe3, 0x16, 0x03,
    0x00, 0x00, 0x00, 0x30, 0xc0, 0x83, 0x96, 0x02, 0x00, 0x00, 0x00, 0x28, 0x30, 0x24, 0xd6, 0x01,
    0x00, 0x00, 0x00, 0x20, 0xa0, 0xa4, 0x55, 0x01, 0x00, 0x00, 0x00, 0x20, 0x00, 0x05, 0x15, 0x01,
    0x00, 0x00, 0x00, 0x18, 0x70, 0x65, 0xd4, 0x00, 0x00, 0x00, 0x00, 0x10, 0xe0, 0xc5, 0x93, 0x00,
    0x00, 0x00, 0x00, 0x10, 0x40, 0x26, 0x53, 0x00, 0x00, 0x00, 0x00, 0x08, 0xc0, 0x66, 0x12, 0x00,
    0x00, 0x00, 0x00, 0x08, 0x20, 0xa7, 0x11, 0x00, 0x00, 0x00, 0x00, 0x00, 0x90, 0xe7, 0x10, 0x00,
    0x00, 0x00, 0x00, 0x00, 0x00, 0x08, 0x10, 0x00, 0x00, 0x00, 0x00, 0x00, 0x60, 0x48, 0x0f, 0x00,
    0x00, 0x00, 0x00, 0x00, 0xd0, 0x48, 0x4e, 0x00, 0x00, 0x00, 0x00, 0x00, 0x30, 0x89, 0x4d, 0x00,
    0x00, 0x00, 0x00, 0x08, 0x90, 0x89, 0x8c, 0x00, 0x00, 0x00, 0x00, 0x10, 0xe0, 0xc9, 0x8b, 0x00,
    0x00, 0x00, 0x00, 0x18, 0x30, 0xea, 0xca, 0x00, 0x00, 0x00, 0x00, 0x20, 0x80, 0x0a, 0x0a, 0x01,
    0x00, 0x00, 0x00, 0x28, 0xc0, 0x6a, 0x09, 0x01, 0x00, 0x00, 0x00, 0x38, 0x00, 0x8b, 0x48, 0x01,
    0x00, 0x00, 0x00, 0x50, 0x40, 0x8b, 0x87, 0x01, 0x00, 0x00, 0x00, 0x60, 0x70, 0xeb, 0x86, 0x01,
    0x00, 0x00, 0x00, 0x78, 0x90, 0x2b, 0xc6, 0x01, 0x00, 0x00, 0x00, 0x90, 0xb0, 0x8b, 0xc5, 0x01,
    0x00, 0x00, 0x00, 0xa8, 0xc0, 0xeb, 0x04, 0x02, 0x00, 0x00, 0x00, 0xc8, 0xd0, 0x4b, 0x04, 0x02,
//VIDEO_SCALE_COEFF_TABLE_4TAP_SHAPR_3
    0x00, 0x00, 0x00, 0x00, 0xA0, 0x82, 0x95, 0x0A, 0x00, 0x00, 0x00, 0x00, 0xE0, 0x62, 0xD5, 0x09,
    0x00, 0x00, 0x00, 0x00, 0x30, 0x43, 0xD5, 0x08, 0x00, 0x00, 0x00, 0x00, 0x70, 0x23, 0x15, 0x08,
    0x00, 0x00, 0x00, 0x00, 0xC0, 0xE3, 0x54, 0x07, 0x00, 0x00, 0x00, 0x00, 0x10, 0xA4, 0x94, 0x06,
    0x00, 0x00, 0x00, 0x00, 0x60, 0x64, 0xD4, 0x05, 0x00, 0x00, 0x00, 0x00, 0xB0, 0x04, 0x54, 0x05,
    0x00, 0x00, 0x00, 0x00, 0x10, 0xA5, 0x93, 0x04, 0x00, 0x00, 0x00, 0x08, 0x60, 0x25, 0x13, 0x04,
    0x00, 0x00, 0x00, 0x08, 0xB0, 0xC5, 0x92, 0x03, 0x00, 0x00, 0x00, 0x10, 0x00, 0x46, 0x12, 0x03,
    0x00, 0x00, 0x00, 0x10, 0x60, 0xC6, 0x91, 0x02, 0x00, 0x00, 0x00, 0x18, 0xB0, 0x26, 0x51, 0x02,
    0x00, 0x00, 0x00, 0x18, 0x10, 0x87, 0x10, 0x02, 0x00, 0x00, 0x00, 0x20, 0x60, 0x07, 0x90, 0x01,
    0x00, 0x00, 0x00, 0x28, 0xB0, 0x67, 0x4F, 0x01, 0x00, 0x00, 0x00, 0x30, 0x00, 0xC8, 0x0E, 0x01,
    0x00, 0x00, 0x00, 0x40, 0x40, 0x28, 0xCE, 0x00, 0x00, 0x00, 0x00, 0x48, 0x90, 0x68, 0xCD, 0x00,
    0x00, 0x00, 0x00, 0x50, 0xE0, 0xC8, 0x8C, 0x00, 0x00, 0x00, 0x00, 0x60, 0x20, 0x09, 0x8C, 0x00,
    0x00, 0x00, 0x00, 0x70, 0x60, 0x69, 0x4B, 0x00, 0x00, 0x00, 0x00, 0x80, 0x90, 0xC9, 0x4A, 0x00,
    0x00, 0x00, 0x00, 0x90, 0xD0, 0x29, 0x0A, 0x00, 0x00, 0x00, 0x00, 0xA8, 0x00, 0x6A, 0x09, 0x00,
    0x00, 0x00, 0x00, 0xB8, 0x30, 0xCA, 0x08, 0x00, 0x00, 0x00, 0x00, 0xD0, 0x50, 0x2A, 0x08, 0x00,
    0x00, 0x00, 0x00, 0xE8, 0x70, 0x8A, 0x07, 0x00, 0x00, 0x00, 0x00, 0x00, 0x91, 0xEA, 0x06, 0x00,
    0x00, 0x00, 0x00, 0x18, 0xA1, 0x6A, 0x06, 0x00, 0x00, 0x00, 0x00, 0x38, 0xB1, 0xCA, 0x05, 0x00,
//VIDEO_SCALE_COEFF_TABLE_4TAP_SHARP_1
    0x00, 0x00, 0x00, 0x10, 0xC0, 0xC3, 0x11, 0x0D, 0x00, 0x00, 0x00, 0x18, 0xF0, 0xA3, 0x51, 0x0C,
    0x00, 0x00, 0x00, 0x18, 0x30, 0x84, 0x91, 0x0B, 0x00, 0x00, 0x00, 0x20, 0x60, 0x64, 0xD1, 0x0A,
    0x00, 0x00, 0x00, 0x20, 0xA0, 0x44, 0x11, 0x0A, 0x00, 0x00, 0x00, 0x28, 0xE0, 0x04, 0x51, 0x09,
    0x00, 0x00, 0x00, 0x30, 0x00, 0xE5, 0xD0, 0x08, 0x00, 0x00, 0x00, 0x30, 0x50, 0xA5, 0x10, 0x08,
    0x00, 0x00, 0x00, 0x38, 0x80, 0x65, 0x90, 0x07, 0x00, 0x00, 0x00, 0x40, 0xC0, 0x25, 0xD0, 0x06,
    0x00, 0x00, 0x00, 0x48, 0x00, 0xC6, 0x4F, 0x06, 0x00, 0x00, 0x00, 0x50, 0x30, 0x86, 0xCF, 0x05,
    0x00, 0x00, 0x00, 0x60, 0x60, 0x26, 0x4F, 0x05, 0x00, 0x00, 0x00, 0x68, 0xA0, 0xC6, 0xCE, 0x04,
    0x00, 0x00, 0x00, 0x70, 0xE0, 0x66, 0x4E, 0x04, 0x00, 0x00, 0x00, 0x80, 0x00, 0x07, 0x0E, 0x04,
    0x00, 0x00, 0x00, 0x88, 0x40, 0xA7, 0x8D, 0x03, 0x00, 0x00, 0x00, 0x98, 0x70, 0x27, 0x4D, 0x03,
    0x00, 0x00, 0x00, 0xA8, 0x90, 0xC7, 0x0C, 0x03, 0x00, 0x00, 0x00, 0xB8, 0xC0, 0x67, 0x8C, 0x02,
    0x00, 0x00, 0x00, 0xC8, 0xF0, 0xE7, 0x4B, 0x02, 0x00, 0x00, 0x00, 0xD8, 0x20, 0x68, 0x0B, 0x02,
    0x00, 0x00, 0x00, 0xF0, 0x30, 0x08, 0xCB, 0x01, 0x00, 0x00, 0x00, 0x00, 0x61, 0x88, 0x8A, 0x01,
    0x00, 0x00, 0x00, 0x18, 0x71, 0x08, 0x8A, 0x01, 0x00, 0x00, 0x00, 0x28, 0x91, 0xA8, 0x49, 0x01,
    0x00, 0x00, 0x00, 0x40, 0xB1, 0x28, 0x09, 0x01, 0x00, 0x00, 0x00, 0x58, 0xC1, 0xA8, 0x08, 0x01,
    0x00, 0x00, 0x00, 0x70, 0xD1, 0x48, 0xC8, 0x00, 0x00, 0x00, 0x00, 0x88, 0xD1, 0xE8, 0xC7, 0x00,
    0x00, 0x00, 0x00, 0xA0, 0xE1, 0x88, 0x87, 0x00, 0x00, 0x00, 0x00, 0xC0, 0xE1, 0x08, 0x87, 0x00,
//VIDEO_SCALE_COEFF_TABLE_4TAP_SHARP_2
    0x00, 0x00, 0x00, 0x00, 0x10, 0xc3, 0x53, 0x0c, 0x00, 0x00, 0x00, 0x08, 0x50, 0xa3, 0x53, 0x0b,
    0x00, 0x00, 0x00, 0x08, 0x90, 0xa3, 0x53, 0x0a, 0x00, 0x00, 0x00, 0x08, 0xe0, 0x83, 0x53, 0x09,
    0x00, 0x00, 0x00, 0x00, 0x30, 0x64, 0x93, 0x08, 0x00, 0x00, 0x00, 0x00, 0x70, 0x44, 0xd3, 0x07,
    0x00, 0x00, 0x00, 0x00, 0xc0, 0x24, 0xd3, 0x06, 0x00, 0x00, 0x00, 0x00, 0x10, 0xe5, 0x12, 0x06,
    0x00, 0x00, 0x00, 0x00, 0x60, 0xa5, 0x52, 0x05, 0x00, 0x00, 0x00, 0x00, 0xa0, 0x65, 0xd2, 0x04,
    0x00, 0x00, 0x00, 0x08, 0xf0, 0x05, 0x12, 0x04, 0x00, 0x00, 0x00, 0x08, 0x40, 0xa6, 0x91, 0x03,
    0x00, 0x00, 0x00, 0x08, 0x90, 0x46, 0x11, 0x03, 0x00, 0x00, 0x00, 0x10, 0xd0, 0xe6, 0x90, 0x02,
    0x00, 0x00, 0x00, 0x18, 0x20, 0x67, 0x10, 0x02, 0x00, 0x00, 0x00, 0x20, 0x60, 0xe7, 0xcf, 0x01,
    0x00, 0x00, 0x00, 0x28, 0xb0, 0x67, 0x4f, 0x01, 0x00, 0x00, 0x00, 0x38, 0xf0, 0xc7, 0x0e, 0x01,
    0x00, 0x00, 0x00, 0x40, 0x30, 0x48, 0xce, 0x00, 0x00, 0x00, 0x00, 0x50, 0x60, 0xc8, 0x8d, 0x00,
    0x00, 0x00, 0x00, 0x60, 0xa0, 0x28, 0x4d, 0x00, 0x00, 0x00, 0x00, 0x70, 0xd0, 0x88, 0x4c, 0x00,
    0x00, 0x00, 0x00, 0x80, 0x00, 0xe9, 0x4b, 0x00, 0x00, 0x00, 0x00, 0x98, 0x20, 0x69, 0x0b, 0x00,
    0x00, 0x00, 0x00, 0xa8, 0x50, 0xc9, 0x0a, 0x00, 0x00, 0x00, 0x00, 0xc0, 0x70, 0x29, 0x0a, 0x00,
    0x00, 0x00, 0x00, 0xd8, 0x90, 0x89, 0x09, 0x00, 0x00, 0x00, 0x00, 0xf8, 0xa0, 0xe9, 0x08, 0x00,
    0x00, 0x00, 0x00, 0x10, 0xb1, 0x69, 0x08, 0x00, 0x00, 0x00, 0x00, 0x28, 0xc1, 0xc9, 0x47, 0x00,
    0x00, 0x00, 0x00, 0x48, 0xd1, 0x29, 0x47, 0x00, 0x00, 0x00, 0x00, 0x68, 0xd1, 0xa9, 0x46, 0x00,
//VIDEO_SCALE_COEFF_TABLE_4TAP_SHARP_0
    0x00, 0x00, 0x00, 0x00, 0xf0, 0x43, 0xd0, 0x0f, 0x00, 0x00, 0x00, 0x10, 0x20, 0x04, 0x10, 0x0f,
    0x00, 0x00, 0x00, 0x18, 0x40, 0x24, 0x10, 0x0e, 0x00, 0x00, 0x00, 0x18, 0x80, 0xe4, 0x8f, 0x0d,
    0x00, 0x00, 0x00, 0x20, 0xa0, 0xe4, 0xcf, 0x0c, 0x00, 0x00, 0x00, 0x28, 0xd0, 0xc4, 0x0f, 0x0c,
    0x00, 0x00, 0x00, 0x30, 0x10, 0xa5, 0x0f, 0x0b, 0x00, 0x00, 0x00, 0x38, 0x30, 0x85, 0x8f, 0x0a,
    0x00, 0x00, 0x00, 0x40, 0x60, 0x65, 0xcf, 0x09, 0x00, 0x00, 0x00, 0x48, 0x90, 0x25, 0x4f, 0x09,
    0x00, 0x00, 0x00, 0x58, 0xc0, 0xe5, 0x8e, 0x08, 0x00, 0x00, 0x00, 0x58, 0xf0, 0xe5, 0xce, 0x07,
    0x00, 0x00, 0x00, 0x68, 0x10, 0xa6, 0x4e, 0x07, 0x00, 0x00, 0x00, 0x78, 0x40, 0x46, 0xce, 0x06,
    0x00, 0x00, 0x00, 0x80, 0x70, 0x26, 0x0e, 0x06, 0x00, 0x00, 0x00, 0x90, 0x90, 0xe6, 0x8d, 0x05,
    0x00, 0x00, 0x00, 0xa8, 0xb0, 0x66, 0x4d, 0x05, 0x00, 0x00, 0x00, 0xb0, 0xf0, 0x26, 0x8d, 0x04,
    0x00, 0x00, 0x00, 0xc0, 0x10, 0xe7, 0x0c, 0x04, 0x00, 0x00, 0x00, 0xd8, 0x20, 0x87, 0xcc, 0x03,
    0x00, 0x00, 0x00, 0xe8, 0x40, 0x47, 0x4c, 0x03, 0x00, 0x00, 0x00, 0xf8, 0x70, 0xe7, 0xcb, 0x02,
    0x00, 0x00, 0x00, 0x10, 0x71, 0x87, 0xcb, 0x02, 0x00, 0x00, 0x00, 0x28, 0x91, 0x27, 0x4b, 0x02,
    0x00, 0x00, 0x00, 0x38, 0xa1, 0xe7, 0x0a, 0x02, 0x00, 0x00, 0x00, 0x50, 0xc1, 0x67, 0xca, 0x01,
    0x00, 0x00, 0x00, 0x60, 0xd1, 0x47, 0x4a, 0x01, 0x00, 0x00, 0x00, 0x80, 0xe1, 0xa7, 0x49, 0x01,
    0x00, 0x00, 0x00, 0x98, 0xf1, 0x47, 0x09, 0x01, 0x00, 0x00, 0x00, 0xb0, 0xf1, 0x07, 0xc9, 0x00,
    0x00, 0x00, 0x00, 0xc0, 0x11, 0x88, 0xc8, 0x00, 0x00, 0x00, 0x00, 0xe0, 0x01, 0x48, 0x88, 0x00,
//VIDEO_SCALE_COEFF_TABLE_5TAP_4
    0x00, 0x00, 0x00, 0x48, 0x70, 0xE7, 0x4E, 0x02, 0x00, 0x00, 0x00, 0x50, 0xB0, 0x67, 0xCE, 0x01,
    0x00, 0x00, 0x00, 0x60, 0xF0, 0xE7, 0x8D, 0x01, 0x00, 0x00, 0x00, 0x68, 0x30, 0x48, 0x4D, 0x01,
    0x00, 0x00, 0x00, 0x78, 0x70, 0xC8, 0x0C, 0x01, 0x00, 0x00, 0x00, 0x88, 0xA0, 0x28, 0x0C, 0x01,
    0x00, 0x00, 0x00, 0x98, 0xD0, 0xA8, 0xCB, 0x00, 0x00, 0x00, 0x00, 0xB0, 0x00, 0x09, 0x8B, 0x00,
    0x00, 0x00, 0x00, 0xC0, 0x30, 0x89, 0x8A, 0x00, 0x00, 0x00, 0x00, 0xD8, 0x50, 0xE9, 0x49, 0x00,
    0x00, 0x00, 0x00, 0xE8, 0x70, 0x69, 0x49, 0x00, 0x00, 0x00, 0x00, 0x00, 0x91, 0xC9, 0x48, 0x00,
    0x00, 0x00, 0x00, 0x20, 0xA1, 0x49, 0x08, 0x00, 0x00, 0x00, 0x00, 0x38, 0xB1, 0xC9, 0x07, 0x00,
    0x00, 0x00, 0x00, 0x50, 0xC1, 0x49, 0x07, 0x00, 0x00, 0x00, 0x00, 0x70, 0xD1, 0xC9, 0x06, 0x00,
    0x00, 0x00, 0x00, 0x90, 0xD1, 0x49, 0x06, 0x00, 0x00, 0x00, 0x00, 0xB0, 0xD1, 0xC9, 0x05, 0x00,
    0x00, 0x00, 0x00, 0xD0, 0xC1, 0x49, 0x05, 0x00, 0x00, 0x00, 0x00, 0xF0, 0xB1, 0xE9, 0x04, 0x00,
    0x00, 0x00, 0x00, 0x10, 0xA2, 0x89, 0x04, 0x00, 0x00, 0x00, 0x04, 0x30, 0x92, 0x09, 0x04, 0x00,
    0x00, 0x00, 0x04, 0x58, 0x72, 0xA9, 0x03, 0x00, 0x00, 0x00, 0x04, 0x78, 0x52, 0x69, 0x03, 0x00,
    0x00, 0x00, 0x08, 0xA0, 0x32, 0x09, 0x03, 0x00, 0x00, 0x00, 0x08, 0xC0, 0x02, 0xC9, 0x02, 0x00,
    0x00, 0x00, 0x0C, 0xE8, 0xD2, 0x68, 0x02, 0x00, 0x00, 0x00, 0x10, 0x08, 0xA3, 0x28, 0x02, 0x00,
    0x00, 0x00, 0x10, 0x30, 0x73, 0xE8, 0x01, 0x00, 0x00, 0x00, 0x14, 0x50, 0x33, 0xA8, 0x01, 0x00,
    0x00, 0x00, 0x18, 0x78, 0xF3, 0x87, 0x01, 0x00, 0x00, 0x00, 0x1C, 0x98, 0xB3, 0x47, 0x01, 0x00,
#if defined(CONFIG_MT_CHIP_SYMPHONY6)
//VIDEO_SCALE_COEFF_TABLE_4TAP_0_OSD
    0x00, 0x00, 0x00, 0x00, 0x50, 0xc1, 0x5a, 0x05, 0x00, 0x00, 0x00, 0xd0, 0xef, 0xa1, 0xda, 0x04,
    0x00, 0x00, 0x00, 0xc8, 0x4f, 0xa2, 0x9a, 0x03, 0x00, 0x00, 0x00, 0xc0, 0xbf, 0x82, 0x5a, 0x02,
    0x00, 0x00, 0x00, 0xb8, 0x2f, 0x43, 0x5a, 0x01, 0x00, 0x00, 0x00, 0xb0, 0x9f, 0x03, 0x5a, 0x00,
    0x00, 0x00, 0x00, 0xa8, 0x1f, 0xa4, 0x59, 0x7f, 0x00, 0x00, 0x00, 0x98, 0x9f, 0x44, 0x99, 0x7e,
    0x00, 0x00, 0x00, 0x90, 0x1f, 0xc5, 0xd8, 0x7d, 0x00, 0x00, 0x00, 0x88, 0x9f, 0x25, 0x58, 0x7d,
    0x00, 0x00, 0x00, 0x80, 0x1f, 0x86, 0xd7, 0x7c, 0x00, 0x00, 0x00, 0x78, 0xaf, 0xc6, 0x56, 0x7c,
    0x00, 0x00, 0x00, 0x78, 0x2f, 0x07, 0xd6, 0x7b, 0x00, 0x00, 0x00, 0x70, 0xbf, 0x27, 0x95, 0x7b,
    0x00, 0x00, 0x00, 0x68, 0x3f, 0x48, 0x94, 0x7b, 0x00, 0x00, 0x00, 0x68, 0xbf, 0x68, 0x53, 0x7b,
    0x00, 0x00, 0x00, 0x68, 0x3f, 0x69, 0x52, 0x7b, 0x00, 0x00, 0x00, 0x68, 0xbf, 0x69, 0x51, 0x7b,
    0x00, 0x00, 0x00, 0x70, 0x2f, 0x6a, 0x50, 0x7b, 0x00, 0x00, 0x00, 0x70, 0x9f, 0x6a, 0x8f, 0x7b,
    0x00, 0x00, 0x00, 0x78, 0x0f, 0x4b, 0xce, 0x7b, 0x00, 0x00, 0x00, 0x88, 0x6f, 0x4b, 0xcd, 0x7b,
    0x00, 0x00, 0x00, 0x98, 0xcf, 0x2b, 0x0c, 0x7c, 0x00, 0x00, 0x00, 0xa8, 0x1f, 0x2c, 0x4b, 0x7c,
    0x00, 0x00, 0x00, 0xb8, 0x6f, 0x2c, 0x8a, 0x7c, 0x00, 0x00, 0x00, 0xd0, 0xaf, 0x2c, 0xc9, 0x7c,
    0x00, 0x00, 0x00, 0xe8, 0xdf, 0x2c, 0x48, 0x7d, 0x00, 0x00, 0x00, 0x08, 0x00, 0x2d, 0x87, 0x7d,
    0x00, 0x00, 0x00, 0x28, 0x20, 0x4d, 0xc6, 0x7d, 0x00, 0x00, 0x00, 0x48, 0x40, 0x6d, 0x05, 0x7e,
    0x00, 0x00, 0x00, 0x70, 0x50, 0x8d, 0x44, 0x7e, 0x00, 0x00, 0x00, 0x98, 0x50, 0xcd, 0x83, 0x7e,
#else
//DISP_SCALE_COEFF_TABLE_4_V_GRAPHIC_SHARP 3 TAP
    0x00, 0x00, 0x00, 0x00, 0x80, 0x00, 0x1F, 0x00, 0x00, 0x00, 0x00, 0x00, 0x00, 0x01, 0x1E, 0x00,
    0x00, 0x00, 0x00, 0x00, 0x80, 0x01, 0x1D, 0x00, 0x00, 0x00, 0x00, 0x00, 0x00, 0x02, 0x1C, 0x00,
    0x00, 0x00, 0x00, 0x00, 0x80, 0x02, 0x1B, 0x00, 0x00, 0x00, 0x00, 0x00, 0x00, 0x03, 0x1A, 0x00,
    0x00, 0x00, 0x00, 0x00, 0x80, 0x03, 0x19, 0x00, 0x00, 0x00, 0x00, 0x00, 0x00, 0x04, 0x18, 0x00,
    0x00, 0x00, 0x00, 0x00, 0x80, 0x04, 0x17, 0x00, 0x00, 0x00, 0x00, 0x00, 0x00, 0x05, 0x16, 0x00,
    0x00, 0x00, 0x00, 0x00, 0x80, 0x05, 0x15, 0x00, 0x00, 0x00, 0x00, 0x00, 0x00, 0x06, 0x14, 0x00,
    0x00, 0x00, 0x00, 0x00, 0x80, 0x06, 0x13, 0x00, 0x00, 0x00, 0x00, 0x00, 0x00, 0x07, 0x12, 0x00,
    0x00, 0x00, 0x00, 0x00, 0x80, 0x07, 0x11, 0x00, 0x00, 0x00, 0x00, 0x00, 0x00, 0x08, 0x10, 0x00,
    0x00, 0x00, 0x00, 0x00, 0x80, 0x08, 0x0F, 0x00, 0x00, 0x00, 0x00, 0x00, 0x00, 0x09, 0x0E, 0x00,
    0x00, 0x00, 0x00, 0x00, 0x80, 0x09, 0x0D, 0x00, 0x00, 0x00, 0x00, 0x00, 0x00, 0x0A, 0x0C, 0x00,
    0x00, 0x00, 0x00, 0x00, 0x80, 0x0A, 0x0B, 0x00, 0x00, 0x00, 0x00, 0x00, 0x00, 0x0B, 0x0A, 0x00,
    0x00, 0x00, 0x00, 0x00, 0x80, 0x0B, 0x09, 0x00, 0x00, 0x00, 0x00, 0x00, 0x00, 0x0C, 0x08, 0x00,
    0x00, 0x00, 0x00, 0x00, 0x80, 0x0C, 0x07, 0x00, 0x00, 0x00, 0x00, 0x00, 0x00, 0x0D, 0x06, 0x00,
    0x00, 0x00, 0x00, 0x00, 0x80, 0x0D, 0x05, 0x00, 0x00, 0x00, 0x00, 0x00, 0x00, 0x0E, 0x04, 0x00,
    0x00, 0x00, 0x00, 0x00, 0x80, 0x0E, 0x03, 0x00, 0x00, 0x00, 0x00, 0x00, 0x00, 0x0F, 0x02, 0x00,
    0x00, 0x00, 0x00, 0x00, 0x80, 0x0F, 0x01, 0x00, 0x00, 0x00, 0x00, 0x10, 0xC0, 0x4F, 0x00, 0x00,
#endif
//VIDEO_SCALE_COEFF_TABLE_7TAP_0
    0x00, 0x04, 0x98, 0xb0, 0x26, 0x00, 0x00, 0x00, 0x00, 0x04, 0xb0, 0x98, 0xe6, 0x3f, 0x00, 0x00,
    0x00, 0x02, 0xc8, 0x88, 0xb6, 0x3f, 0x00, 0x00, 0x00, 0x02, 0xe0, 0x78, 0x76, 0x3f, 0x00, 0x00,
    0x00, 0x02, 0xfc, 0x50, 0x56, 0x3f, 0x00, 0x00, 0x00, 0x00, 0x18, 0x31, 0x36, 0x3f, 0x00, 0x00,
    0x01, 0xfe, 0x37, 0x01, 0x16, 0x5f, 0x00, 0x00, 0x01, 0xfe, 0x57, 0xd1, 0xf5, 0x5e, 0x00, 0x00,
    0x01, 0xfc, 0x77, 0xa1, 0xe5, 0x5e, 0x00, 0x00, 0x01, 0xfc, 0x97, 0x61, 0xe5, 0x5e, 0x00, 0x00,
    0x01, 0xfa, 0xb7, 0x31, 0xd5, 0x5e, 0x00, 0x00, 0x01, 0xfa, 0xd7, 0xf1, 0xd4, 0x5e, 0x00, 0x00,
    0x01, 0xfa, 0xf7, 0xb1, 0xd4, 0x5e, 0x00, 0x00, 0x01, 0xf8, 0x17, 0x7a, 0xd4, 0x5e, 0x00, 0x00,
    0x01, 0xfa, 0x37, 0x2a, 0xe4, 0x5e, 0x00, 0x00, 0x01, 0xfa, 0x57, 0xea, 0xe3, 0x5e, 0x00, 0x00,
    0x02, 0xfa, 0x73, 0xa2, 0xf3, 0x5e, 0x00, 0x00, 0x02, 0xfc, 0x93, 0x5a, 0x03, 0x3f, 0x00, 0x00,
    0x02, 0xfe, 0xab, 0x1a, 0x13, 0x3f, 0x00, 0x00, 0x02, 0xfe, 0xc7, 0xda, 0x22, 0x3f, 0x00, 0x00,
    0x02, 0x02, 0xdc, 0x92, 0x32, 0x3f, 0x00, 0x00, 0x02, 0x04, 0xf4, 0x4a, 0x52, 0x3f, 0x00, 0x00,
    0x02, 0x08, 0x08, 0x13, 0x52, 0x3f, 0x00, 0x00, 0x02, 0x0c, 0x1c, 0xcb, 0x71, 0x3f, 0x00, 0x00,
    0x02, 0x10, 0x2c, 0x93, 0x81, 0x3f, 0x00, 0x00, 0x02, 0x16, 0x38, 0x53, 0xa1, 0x3f, 0x00, 0x00,
    0x03, 0x1c, 0x44, 0x1b, 0xa1, 0x3f, 0x00, 0x00, 0x02, 0x24, 0x50, 0xe3, 0xc0, 0x1f, 0x00, 0x00,
    0x02, 0x28, 0x5c, 0xb3, 0xd0, 0x1f, 0x00, 0x00, 0x03, 0x32, 0x58, 0x83, 0xe0, 0x1f, 0x00, 0x00,
    0x02, 0x3a, 0x60, 0x53, 0xf0, 0x1f, 0x00, 0x00, 0x02, 0x42, 0x60, 0x33, 0xf0, 0x1f, 0x00, 0x00,
//VIDEO_SCALE_COEFF_TABLE_4TAP_0
    0x00, 0x00, 0x00, 0x00, 0xF0, 0xA0, 0x1C, 0x03, 0x00, 0x00, 0x00, 0x00, 0x30, 0xA1, 0x1C, 0x02,
    0x00, 0x00, 0x00, 0x00, 0x80, 0x61, 0x5C, 0x01, 0x00, 0x00, 0x00, 0xF8, 0xDF, 0x41, 0x9C, 0x00,
    0x00, 0x00, 0x00, 0xF8, 0x4F, 0xC2, 0xDB, 0x7F, 0x00, 0x00, 0x00, 0xF0, 0xBF, 0x42, 0x5B, 0x7F,
    0x00, 0x00, 0x00, 0xE8, 0x2F, 0xC3, 0xDA, 0x7E, 0x00, 0x00, 0x00, 0xE8, 0xAF, 0x03, 0x5A, 0x7E,
    0x00, 0x00, 0x00, 0xE0, 0x2F, 0x44, 0x19, 0x7E, 0x00, 0x00, 0x00, 0xD8, 0xBF, 0x64, 0xD8, 0x7D,
    0x00, 0x00, 0x00, 0xD0, 0x4F, 0x85, 0x97, 0x7D, 0x00, 0x00, 0x00, 0xD0, 0xDF, 0x65, 0x96, 0x7D,
    0x00, 0x00, 0x00, 0xC8, 0x6F, 0x86, 0x55, 0x7D, 0x00, 0x00, 0x00, 0xC0, 0xFF, 0x66, 0x94, 0x7D,
    0x00, 0x00, 0x00, 0xB8, 0x9F, 0x67, 0x53, 0x7D, 0x00, 0x00, 0x00, 0xB8, 0x2F, 0x28, 0x92, 0x7D,
    0x00, 0x00, 0x00, 0xB8, 0xBF, 0x08, 0x91, 0x7D, 0x00, 0x00, 0x00, 0xB0, 0x4F, 0xE9, 0xCF, 0x7D,
    0x00, 0x00, 0x00, 0xB0, 0xDF, 0xC9, 0xCE, 0x7D, 0x00, 0x00, 0x00, 0xB0, 0x7F, 0x8A, 0xCD, 0x7D,
    0x00, 0x00, 0x00, 0xB0, 0xEF, 0x6A, 0x4C, 0x7E, 0x00, 0x00, 0x00, 0xB8, 0x6F, 0x4B, 0x4B, 0x7E,
    0x00, 0x00, 0x00, 0xB8, 0xFF, 0x0B, 0x8A, 0x7E, 0x00, 0x00, 0x00, 0xC0, 0x5F, 0x0C, 0xC9, 0x7E,
    0x00, 0x00, 0x00, 0xC8, 0xCF, 0xEC, 0x07, 0x7F, 0x00, 0x00, 0x00, 0xD8, 0x2F, 0xED, 0x06, 0x7F,
    0x00, 0x00, 0x00, 0xE8, 0x7F, 0xED, 0x45, 0x7F, 0x00, 0x00, 0x00, 0xF8, 0xBF, 0x0D, 0x85, 0x7F,
    0x00, 0x00, 0x00, 0x08, 0xF0, 0x2D, 0xC4, 0x7F, 0x00, 0x00, 0x00, 0x20, 0x20, 0x6E, 0xC3, 0x7F,
    0x00, 0x00, 0x00, 0x38, 0x40, 0xAE, 0x02, 0x00, 0x00, 0x00, 0x00, 0x50, 0x60, 0x0E, 0x02, 0x00,

//VIDEO_SCALE_COEFF_TABLE_4TAP_GRA_0
    0x00, 0x00, 0x00, 0x00, 0xF0, 0xA0, 0x1C, 0x03, 0x00, 0x00, 0x00, 0x00, 0x30, 0xA1, 0x1C, 0x02,
    0x00, 0x00, 0x00, 0x00, 0x80, 0x61, 0x5C, 0x01, 0x00, 0x00, 0x00, 0xF8, 0xDF, 0x41, 0x9C, 0x00,
    0x00, 0x00, 0x00, 0xF8, 0x4F, 0xC2, 0xDB, 0x7F, 0x00, 0x00, 0x00, 0xF0, 0xBF, 0x42, 0x5B, 0x7F,
    0x00, 0x00, 0x00, 0xE8, 0x2F, 0xC3, 0xDA, 0x7E, 0x00, 0x00, 0x00, 0xE8, 0xAF, 0x03, 0x5A, 0x7E,
    0x00, 0x00, 0x00, 0xE0, 0x2F, 0x44, 0x19, 0x7E, 0x00, 0x00, 0x00, 0xD8, 0xBF, 0x64, 0xD8, 0x7D,
    0x00, 0x00, 0x00, 0xD0, 0x4F, 0x85, 0x97, 0x7D, 0x00, 0x00, 0x00, 0xD0, 0xDF, 0x65, 0x96, 0x7D,
    0x00, 0x00, 0x00, 0xC8, 0x6F, 0x86, 0x55, 0x7D, 0x00, 0x00, 0x00, 0xC0, 0xFF, 0x66, 0x94, 0x7D,
    0x00, 0x00, 0x00, 0xB8, 0x9F, 0x67, 0x53, 0x7D, 0x00, 0x00, 0x00, 0xB8, 0x2F, 0x28, 0x92, 0x7D,
    0x00, 0x00, 0x00, 0xB8, 0xBF, 0x08, 0x91, 0x7D, 0x00, 0x00, 0x00, 0xB0, 0x4F, 0xE9, 0xCF, 0x7D,
    0x00, 0x00, 0x00, 0xB0, 0xDF, 0xC9, 0xCE, 0x7D, 0x00, 0x00, 0x00, 0xB0, 0x7F, 0x8A, 0xCD, 0x7D,
    0x00, 0x00, 0x00, 0xB0, 0xEF, 0x6A, 0x4C, 0x7E, 0x00, 0x00, 0x00, 0xB8, 0x6F, 0x4B, 0x4B, 0x7E,
    0x00, 0x00, 0x00, 0xB8, 0xFF, 0x0B, 0x8A, 0x7E, 0x00, 0x00, 0x00, 0xC0, 0x5F, 0x0C, 0xC9, 0x7E,
    0x00, 0x00, 0x00, 0xC8, 0xCF, 0xEC, 0x07, 0x7F, 0x00, 0x00, 0x00, 0xD8, 0x2F, 0xED, 0x06, 0x7F,
    0x00, 0x00, 0x00, 0xE8, 0x7F, 0xED, 0x45, 0x7F, 0x00, 0x00, 0x00, 0xF8, 0xBF, 0x0D, 0x85, 0x7F,
    0x00, 0x00, 0x00, 0x08, 0xF0, 0x2D, 0xC4, 0x7F, 0x00, 0x00, 0x00, 0x20, 0x20, 0x6E, 0xC3, 0x7F,
    0x00, 0x00, 0x00, 0x38, 0x40, 0xAE, 0x02, 0x00, 0x00, 0x00, 0x00, 0x50, 0x60, 0x0E, 0x02, 0x00,

//VIDEO_SCALE_COEFF_TABLE_4TAP_GRA_1
    0x00, 0x00, 0x00, 0x00, 0x60, 0xc0, 0x1e, 0x01, 0x00, 0x00, 0x00, 0x00, 0xa0, 0xc0, 0x1e, 0x00,
    0x00, 0x00, 0x00, 0x00, 0xf0, 0x80, 0x5e, 0x7f, 0x00, 0x00, 0x00, 0xf8, 0x4f, 0x61, 0x9e, 0x7e,
    0x00, 0x00, 0x00, 0xf0, 0xbf, 0xe1, 0x1d, 0x7e, 0x00, 0x00, 0x00, 0xe8, 0x3f, 0x42, 0x9d, 0x7d,
    0x00, 0x00, 0x00, 0xe0, 0xbf, 0xa2, 0x1c, 0x7d, 0x00, 0x00, 0x00, 0xe0, 0x3f, 0xe3, 0x9b, 0x7c,
    0x00, 0x00, 0x00, 0xd8, 0xdf, 0xe3, 0x5a, 0x7c, 0x00, 0x00, 0x00, 0xd0, 0x6f, 0x04, 0x1a, 0x7c,
    0x00, 0x00, 0x00, 0xc0, 0x0f, 0x05, 0x19, 0x7c, 0x00, 0x00, 0x00, 0xb8, 0xaf, 0xe5, 0x17, 0x7c,
    0x00, 0x00, 0x00, 0xb0, 0x5f, 0xa6, 0x16, 0x7c, 0x00, 0x00, 0x00, 0xa8, 0xff, 0x66, 0x55, 0x7c,
    0x00, 0x00, 0x00, 0xa0, 0xaf, 0x47, 0x14, 0x7c, 0x00, 0x00, 0x00, 0x98, 0x4f, 0x08, 0x53, 0x7c,
    0x00, 0x00, 0x00, 0x90, 0xef, 0xc8, 0x91, 0x7c, 0x00, 0x00, 0x00, 0x88, 0x9f, 0x69, 0xd0, 0x7c,
    0x00, 0x00, 0x00, 0x88, 0x2f, 0x2a, 0x0f, 0x7d, 0x00, 0x00, 0x00, 0x88, 0xdf, 0xca, 0x0d, 0x7d,
    0x00, 0x00, 0x00, 0x80, 0x6f, 0x8b, 0x8c, 0x7d, 0x00, 0x00, 0x00, 0x80, 0x0f, 0x2c, 0xcb, 0x7d,
    0x00, 0x00, 0x00, 0x80, 0x9f, 0xec, 0x09, 0x7e, 0x00, 0x00, 0x00, 0x88, 0x0f, 0xad, 0x88, 0x7e,
    0x00, 0x00, 0x00, 0x90, 0x7f, 0x8d, 0xc7, 0x7e, 0x00, 0x00, 0x00, 0x98, 0x0f, 0x4e, 0xc6, 0x7e,
    0x00, 0x00, 0x00, 0xa0, 0x6f, 0x4e, 0x05, 0x7f, 0x00, 0x00, 0x00, 0xb0, 0xbf, 0x4e, 0x44, 0x7f,
    0x00, 0x00, 0x00, 0xc0, 0x0f, 0x4f, 0x83, 0x7f, 0x00, 0x00, 0x00, 0xd0, 0x3f, 0x8f, 0xc2, 0x7f,
    0x00, 0x00, 0x00, 0xf0, 0x4f, 0xcf, 0x01, 0x00, 0x00, 0x00, 0x00, 0x08, 0x60, 0x2f, 0x01, 0x00,
//VIDEO_SCALE_COEFF_TABLE_7TAP_CHROMA_UPSCALE
    0x00, 0x04, 0xf4, 0xe7, 0x44, 0xe7, 0xbd, 0x00, 0x00, 0x04, 0xf8, 0x27, 0xb5, 0x06, 0x7e, 0x00,
    0x00, 0x04, 0xfc, 0x57, 0x35, 0x26, 0x7e, 0x00, 0x00, 0x04, 0xfc, 0x8f, 0xb5, 0x45, 0x7e, 0x00,
    0x00, 0x04, 0x04, 0xb8, 0x25, 0x65, 0x7e, 0x00, 0x00, 0x04, 0x08, 0xe8, 0x95, 0xa4, 0x7e, 0x00,
    0x00, 0x04, 0x10, 0x10, 0x26, 0xa4, 0x7e, 0x00, 0x00, 0x04, 0x18, 0x38, 0x96, 0xe3, 0x7e, 0x00,
    0x00, 0x04, 0x20, 0x58, 0x26, 0x03, 0x7f, 0x00, 0x00, 0x04, 0x2c, 0x70, 0xa6, 0x42, 0x7f, 0x00,
    0x00, 0x06, 0x38, 0x88, 0x36, 0x42, 0x7f, 0x00, 0x00, 0x04, 0x48, 0xa0, 0xc6, 0x81, 0x3f, 0x00,
    0x00, 0x04, 0x50, 0xb8, 0x66, 0xa1, 0x3f, 0x00, 0x00, 0x06, 0x64, 0xb0, 0x06, 0xc1, 0x3f, 0x00,
    0x00, 0x04, 0x74, 0xc0, 0xa6, 0xe0, 0x3f, 0x00, 0x00, 0x04, 0x84, 0xc0, 0x66, 0xe0, 0x3f, 0x00,
    0x00, 0x04, 0x98, 0xb0, 0x26, 0x00, 0x00, 0x00, 0x00, 0x04, 0xb0, 0x98, 0xe6, 0x3f, 0x00, 0x00,
    0x00, 0x02, 0xc8, 0x88, 0xb6, 0x3f, 0x00, 0x00, 0x00, 0x02, 0xe0, 0x78, 0x76, 0x3f, 0x00, 0x00,
    0x00, 0x02, 0xfc, 0x50, 0x56, 0x3f, 0x00, 0x00, 0x00, 0x00, 0x18, 0x31, 0x36, 0x3f, 0x00, 0x00,
    0x01, 0xfe, 0x37, 0x01, 0x16, 0x5f, 0x00, 0x00, 0x01, 0xfe, 0x57, 0xd1, 0xf5, 0x5e, 0x00, 0x00,
    0x01, 0xfc, 0x77, 0xa1, 0xe5, 0x5e, 0x00, 0x00, 0x01, 0xfc, 0x97, 0x61, 0xe5, 0x5e, 0x00, 0x00,
    0x01, 0xfa, 0xb7, 0x31, 0xd5, 0x5e, 0x00, 0x00, 0x01, 0xfa, 0xd7, 0xf1, 0xd4, 0x5e, 0x00, 0x00,
    0x01, 0xfa, 0xf7, 0xb1, 0xd4, 0x5e, 0x00, 0x00, 0x01, 0xf8, 0x17, 0x7a, 0xd4, 0x5e, 0x00, 0x00,
    0x01, 0xfa, 0x37, 0x2a, 0xe4, 0x5e, 0x00, 0x00, 0x01, 0xfa, 0x57, 0xea, 0xe3, 0x5e, 0x00, 0x00,
//VIDEO_SCALE_COEFF_TABLE_7TAP_CHROMA_DOWNSCALE
    0x06, 0x34, 0xb0, 0xb8, 0x71, 0x83, 0x85, 0x06, 0x08, 0x34, 0xb0, 0xb8, 0x71, 0x63, 0x45, 0x06,
    0x08, 0x36, 0xb4, 0xb8, 0x61, 0x63, 0x05, 0x06, 0x09, 0x36, 0xb4, 0xb8, 0x61, 0x43, 0x05, 0x06,
    0x09, 0x38, 0xb8, 0xb8, 0x61, 0x23, 0xc5, 0x05, 0x0a, 0x38, 0xb8, 0xb8, 0x51, 0x23, 0xc5, 0x05,
    0x0b, 0x3a, 0xb8, 0xb8, 0x51, 0x03, 0x85, 0x05, 0x0b, 0x3c, 0xb8, 0xb8, 0x51, 0x03, 0x45, 0x05,
    0x0c, 0x3c, 0xbc, 0xb8, 0x41, 0xe3, 0x44, 0x05, 0x0c, 0x3e, 0xbc, 0xb8, 0x41, 0xe3, 0x04, 0x05,
    0x0d, 0x3e, 0xc0, 0xb8, 0x41, 0xc3, 0xc4, 0x04, 0x0d, 0x40, 0xc0, 0xb8, 0x41, 0xa3, 0xc4, 0x04,
    0x0e, 0x40, 0xc4, 0xb8, 0x31, 0xa3, 0x84, 0x04, 0x0e, 0x42, 0xc4, 0xb8, 0x31, 0x83, 0x84, 0x04,
    0x0f, 0x44, 0xc4, 0xb8, 0x21, 0x83, 0x44, 0x04, 0x0f, 0x44, 0xc8, 0xb8, 0x21, 0x63, 0x44, 0x04,
    0x10, 0x46, 0xc8, 0xb8, 0x11, 0x63, 0x04, 0x04, 0x11, 0x48, 0xc8, 0xb8, 0x11, 0x43, 0xc4, 0x03,
    0x11, 0x48, 0xc8, 0xb8, 0x11, 0x43, 0xc4, 0x03, 0x12, 0x48, 0xcc, 0xb8, 0x11, 0x23, 0x84, 0x03,
    0x12, 0x4a, 0xcc, 0xb8, 0x01, 0x23, 0x84, 0x03, 0x13, 0x4a, 0xd0, 0xb8, 0x01, 0x03, 0x44, 0x03,
    0x13, 0x4c, 0xd0, 0xb8, 0x01, 0xe3, 0x43, 0x03, 0x14, 0x4e, 0xd0, 0xb8, 0xf1, 0xe2, 0x03, 0x03,
    0x15, 0x4e, 0xd0, 0xb8, 0xf1, 0xc2, 0x03, 0x03, 0x15, 0x50, 0xd4, 0xb8, 0xe1, 0xc2, 0xc3, 0x02,
    0x16, 0x50, 0xd4, 0xb8, 0xe1, 0xa2, 0xc3, 0x02, 0x17, 0x50, 0xd4, 0xb8, 0xe1, 0xa2, 0x83, 0x02,
    0x17, 0x54, 0xd8, 0xb8, 0xd1, 0x82, 0x43, 0x02, 0x18, 0x54, 0xd8, 0xb8, 0xd1, 0x62, 0x43, 0x02,
    0x18, 0x56, 0xdc, 0xb8, 0xc1, 0x62, 0x03, 0x02, 0x19, 0x56, 0xdc, 0xb8, 0xc1, 0x42, 0x03, 0x02,
 #if defined(CONFIG_MT_CHIP_SYMPHONY4) || defined(CONFIG_MT_CHIP_SYMPHONY6)
//DISP_SCALE_COEFF_TABLE_DCE_NO_ECO_0
    0x00, 0x00, 0x00, 0x00, 0x00, 0x00, 0x00, 0x00, 0x01, 0x01, 0x01, 0x01, 0x01, 0x01, 0x01, 0x01,
    0x01, 0x01, 0x01, 0x01, 0x01, 0x01, 0x01, 0x01, 0x02, 0x02, 0x02, 0x02, 0x02, 0x02, 0x02, 0x02,
    0x03, 0x03, 0x03, 0x03, 0x03, 0x03, 0x03, 0x03, 0x03, 0x03, 0x03, 0x03, 0x03, 0x03, 0x03, 0x03,
    0x04, 0x04, 0x04, 0x04, 0x04, 0x04, 0x04, 0x04, 0x05, 0x05, 0x05, 0x05, 0x05, 0x05, 0x05, 0x05,
    0x05, 0x05, 0x05, 0x05, 0x05, 0x05, 0x05, 0x05, 0x06, 0x06, 0x06, 0x06, 0x06, 0x06, 0x06, 0x06,
    0x07, 0x07, 0x07, 0x07, 0x07, 0x07, 0x07, 0x07, 0x07, 0x07, 0x07, 0x07, 0x07, 0x07, 0x07, 0x07,
    0x08, 0x08, 0x08, 0x08, 0x08, 0x08, 0x08, 0x08, 0x09, 0x09, 0x09, 0x09, 0x09, 0x09, 0x09, 0x09,
    0x09, 0x09, 0x09, 0x09, 0x09, 0x09, 0x09, 0x09, 0x0A, 0x0A, 0x0A, 0x0A, 0x0A, 0x0A, 0x0A, 0x0A,
    0x0B, 0x0B, 0x0B, 0x0B, 0x0B, 0x0B, 0x0B, 0x0B, 0x0B, 0x0B, 0x0B, 0x0B, 0x0B, 0x0B, 0x0B, 0x0B,
    0x0C, 0x0C, 0x0C, 0x0C, 0x0C, 0x0C, 0x0C, 0x0C, 0x0D, 0x0D, 0x0D, 0x0D, 0x0D, 0x0D, 0x0D, 0x0D,
    0x0D, 0x0D, 0x0D, 0x0D, 0x0D, 0x0D, 0x0D, 0x0D, 0x0E, 0x0E, 0x0E, 0x0E, 0x0E, 0x0E, 0x0E, 0x0E,
    0x0F, 0x0F, 0x0F, 0x0F, 0x0F, 0x0F, 0x0F, 0x0F, 0x0F, 0x0F, 0x0F, 0x0F, 0x0F, 0x0F, 0x0F, 0x0F,
    0x10, 0x10, 0x10, 0x10, 0x10, 0x10, 0x10, 0x10, 0x11, 0x11, 0x11, 0x11, 0x11, 0x11, 0x11, 0x11,
    0x11, 0x11, 0x11, 0x11, 0x11, 0x11, 0x11, 0x11, 0x12, 0x12, 0x12, 0x12, 0x12, 0x12, 0x12, 0x12,
    0x13, 0x13, 0x13, 0x13, 0x13, 0x13, 0x13, 0x13, 0x13, 0x13, 0x13, 0x13, 0x13, 0x13, 0x13, 0x13,
    0x14, 0x14, 0x14, 0x14, 0x14, 0x14, 0x14, 0x14, 0x15, 0x15, 0x15, 0x15, 0x15, 0x15, 0x15, 0x15,
//DISP_SCALE_COEFF_TABLE_DCE_NO_ECO_1
    0x16, 0x16, 0x16, 0x16, 0x16, 0x16, 0x16, 0x16, 0x17, 0x17, 0x17, 0x17, 0x17, 0x17, 0x17, 0x17,
    0x18, 0x18, 0x18, 0x18, 0x18, 0x18, 0x18, 0x18, 0x19, 0x19, 0x19, 0x19, 0x19, 0x19, 0x19, 0x19,
    0x1A, 0x1A, 0x1A, 0x1A, 0x1A, 0x1A, 0x1A, 0x1A, 0x1C, 0x1C, 0x1C, 0x1C, 0x1C, 0x1C, 0x1C, 0x1C,
    0x1D, 0x1D, 0x1D, 0x1D, 0x1D, 0x1D, 0x1D, 0x1D, 0x1E, 0x1E, 0x1E, 0x1E, 0x1E, 0x1E, 0x1E, 0x1E,
    0x1F, 0x1F, 0x1F, 0x1F, 0x1F, 0x1F, 0x1F, 0x1F, 0x20, 0x20, 0x20, 0x20, 0x20, 0x20, 0x20, 0x20,
    0x21, 0x21, 0x21, 0x21, 0x21, 0x21, 0x21, 0x21, 0x22, 0x22, 0x22, 0x22, 0x22, 0x22, 0x22, 0x22,
    0x23, 0x23, 0x23, 0x23, 0x23, 0x23, 0x23, 0x23, 0x24, 0x24, 0x24, 0x24, 0x24, 0x24, 0x24, 0x24,
    0x25, 0x25, 0x25, 0x25, 0x25, 0x25, 0x25, 0x25, 0x26, 0x26, 0x26, 0x26, 0x26, 0x26, 0x26, 0x26,
    0x27, 0x27, 0x27, 0x27, 0x27, 0x27, 0x27, 0x27, 0x28, 0x28, 0x28, 0x28, 0x28, 0x28, 0x28, 0x28,
    0x2A, 0x2A, 0x2A, 0x2A, 0x2A, 0x2A, 0x2A, 0x2A, 0x2B, 0x2B, 0x2B, 0x2B, 0x2B, 0x2B, 0x2B, 0x2B,
    0x2C, 0x2C, 0x2C, 0x2C, 0x2C, 0x2C, 0x2C, 0x2C, 0x2D, 0x2D, 0x2D, 0x2D, 0x2D, 0x2D, 0x2D, 0x2D,
    0x2E, 0x2E, 0x2E, 0x2E, 0x2E, 0x2E, 0x2E, 0x2E, 0x2F, 0x2F, 0x2F, 0x2F, 0x2F, 0x2F, 0x2F, 0x2F,
    0x30, 0x30, 0x30, 0x30, 0x30, 0x30, 0x30, 0x30, 0x31, 0x31, 0x31, 0x31, 0x31, 0x31, 0x31, 0x31,
    0x32, 0x32, 0x32, 0x32, 0x32, 0x32, 0x32, 0x32, 0x33, 0x33, 0x33, 0x33, 0x33, 0x33, 0x33, 0x33,
    0x34, 0x34, 0x34, 0x34, 0x34, 0x34, 0x34, 0x34, 0x35, 0x35, 0x35, 0x35, 0x35, 0x35, 0x35, 0x35,
    0x36, 0x36, 0x36, 0x36, 0x36, 0x36, 0x36, 0x36, 0x37, 0x37, 0x37, 0x37, 0x37, 0x37, 0x37, 0x37,
//DISP_SCALE_COEFF_TABLE_DCE_NO_ECO_2
    0x39, 0x39, 0x39, 0x39, 0x39, 0x39, 0x39, 0x39, 0x3A, 0x3A, 0x3A, 0x3A, 0x3A, 0x3A, 0x3A, 0x3A,
    0x3B, 0x3B, 0x3B, 0x3B, 0x3B, 0x3B, 0x3B, 0x3B, 0x3C, 0x3C, 0x3C, 0x3C, 0x3C, 0x3C, 0x3C, 0x3C,
    0x3D, 0x3D, 0x3D, 0x3D, 0x3D, 0x3D, 0x3D, 0x3D, 0x3E, 0x3E, 0x3E, 0x3E, 0x3E, 0x3E, 0x3E, 0x3E,
    0x3F, 0x3F, 0x3F, 0x3F, 0x3F, 0x3F, 0x3F, 0x3F, 0x40, 0x40, 0x40, 0x40, 0x40, 0x40, 0x40, 0x40,
    0x41, 0x41, 0x41, 0x41, 0x41, 0x41, 0x41, 0x41, 0x42, 0x42, 0x42, 0x42, 0x42, 0x42, 0x42, 0x42,
    0x43, 0x43, 0x43, 0x43, 0x43, 0x43, 0x43, 0x43, 0x44, 0x44, 0x44, 0x44, 0x44, 0x44, 0x44, 0x44,
    0x45, 0x45, 0x45, 0x45, 0x45, 0x45, 0x45, 0x45, 0x47, 0x47, 0x47, 0x47, 0x47, 0x47, 0x47, 0x47,
    0x48, 0x48, 0x48, 0x48, 0x48, 0x48, 0x48, 0x48, 0x49, 0x49, 0x49, 0x49, 0x49, 0x49, 0x49, 0x49,
    0x4A, 0x4A, 0x4A, 0x4A, 0x4A, 0x4A, 0x4A, 0x4A, 0x4B, 0x4B, 0x4B, 0x4B, 0x4B, 0x4B, 0x4B, 0x4B,
    0x4C, 0x4C, 0x4C, 0x4C, 0x4C, 0x4C, 0x4C, 0x4C, 0x4D, 0x4D, 0x4D, 0x4D, 0x4D, 0x4D, 0x4D, 0x4D,
    0x4E, 0x4E, 0x4E, 0x4E, 0x4E, 0x4E, 0x4E, 0x4E, 0x4F, 0x4F, 0x4F, 0x4F, 0x4F, 0x4F, 0x4F, 0x4F,
    0x50, 0x50, 0x50, 0x50, 0x50, 0x50, 0x50, 0x50, 0x51, 0x51, 0x51, 0x51, 0x51, 0x51, 0x51, 0x51,
    0x52, 0x52, 0x52, 0x52, 0x52, 0x52, 0x52, 0x52, 0x53, 0x53, 0x53, 0x53, 0x53, 0x53, 0x53, 0x53,
    0x55, 0x55, 0x55, 0x55, 0x55, 0x55, 0x55, 0x55, 0x56, 0x56, 0x56, 0x56, 0x56, 0x56, 0x56, 0x56,
    0x57, 0x57, 0x57, 0x57, 0x57, 0x57, 0x57, 0x57, 0x58, 0x58, 0x58, 0x58, 0x58, 0x58, 0x58, 0x58,
    0x59, 0x59, 0x59, 0x59, 0x59, 0x59, 0x59, 0x59, 0x5A, 0x5A, 0x5A, 0x5A, 0x5A, 0x5A, 0x5A, 0x5A,
//DISP_SCALE_COEFF_TABLE_DCE_NO_ECO_3
    0x5B, 0x5B, 0x5B, 0x5B, 0x5B, 0x5B, 0x5B, 0x5B, 0x5C, 0x5C, 0x5C, 0x5C, 0x5C, 0x5C, 0x5C, 0x5C,
    0x5D, 0x5D, 0x5D, 0x5D, 0x5D, 0x5D, 0x5D, 0x5D, 0x5E, 0x5E, 0x5E, 0x5E, 0x5E, 0x5E, 0x5E, 0x5E,
    0x5F, 0x5F, 0x5F, 0x5F, 0x5F, 0x5F, 0x5F, 0x5F, 0x60, 0x60, 0x60, 0x60, 0x60, 0x60, 0x60, 0x60,
    0x61, 0x61, 0x61, 0x61, 0x61, 0x61, 0x61, 0x61, 0x62, 0x62, 0x62, 0x62, 0x62, 0x62, 0x62, 0x62,
    0x64, 0x64, 0x64, 0x64, 0x64, 0x64, 0x64, 0x64, 0x65, 0x65, 0x65, 0x65, 0x65, 0x65, 0x65, 0x65,
    0x66, 0x66, 0x66, 0x66, 0x66, 0x66, 0x66, 0x66, 0x67, 0x67, 0x67, 0x67, 0x67, 0x67, 0x67, 0x67,
    0x68, 0x68, 0x68, 0x68, 0x68, 0x68, 0x68, 0x68, 0x69, 0x69, 0x69, 0x69, 0x69, 0x69, 0x69, 0x69,
    0x6A, 0x6A, 0x6A, 0x6A, 0x6A, 0x6A, 0x6A, 0x6A, 0x6B, 0x6B, 0x6B, 0x6B, 0x6B, 0x6B, 0x6B, 0x6B,
    0x6C, 0x6C, 0x6C, 0x6C, 0x6C, 0x6C, 0x6C, 0x6C, 0x6D, 0x6D, 0x6D, 0x6D, 0x6D, 0x6D, 0x6D, 0x6D,
    0x6E, 0x6E, 0x6E, 0x6E, 0x6E, 0x6E, 0x6E, 0x6E, 0x6F, 0x6F, 0x6F, 0x6F, 0x6F, 0x6F, 0x6F, 0x6F,
    0x70, 0x70, 0x70, 0x70, 0x70, 0x70, 0x70, 0x70, 0x72, 0x72, 0x72, 0x72, 0x72, 0x72, 0x72, 0x72,
    0x73, 0x73, 0x73, 0x73, 0x73, 0x73, 0x73, 0x73, 0x74, 0x74, 0x74, 0x74, 0x74, 0x74, 0x74, 0x74,
    0x75, 0x75, 0x75, 0x75, 0x75, 0x75, 0x75, 0x75, 0x76, 0x76, 0x76, 0x76, 0x76, 0x76, 0x76, 0x76,
    0x77, 0x77, 0x77, 0x77, 0x77, 0x77, 0x77, 0x77, 0x78, 0x78, 0x78, 0x78, 0x78, 0x78, 0x78, 0x78,
    0x79, 0x79, 0x79, 0x79, 0x79, 0x79, 0x79, 0x79, 0x7A, 0x7A, 0x7A, 0x7A, 0x7A, 0x7A, 0x7A, 0x7A,
    0x7B, 0x7B, 0x7B, 0x7B, 0x7B, 0x7B, 0x7B, 0x7B, 0x7C, 0x7C, 0x7C, 0x7C, 0x7C, 0x7C, 0x7C, 0x7C,
//DISP_SCALE_COEFF_TABLE_DCE_NO_ECO_4
    0x7D, 0x7D, 0x7D, 0x7D, 0x7D, 0x7D, 0x7D, 0x7D, 0x7E, 0x7E, 0x7E, 0x7E, 0x7E, 0x7E, 0x7E, 0x7E,
    0x80, 0x80, 0x80, 0x80, 0x80, 0x80, 0x80, 0x80, 0x81, 0x81, 0x81, 0x81, 0x81, 0x81, 0x81, 0x81,
    0x82, 0x82, 0x82, 0x82, 0x82, 0x82, 0x82, 0x82, 0x83, 0x83, 0x83, 0x83, 0x83, 0x83, 0x83, 0x83,
    0x84, 0x84, 0x84, 0x84, 0x84, 0x84, 0x84, 0x84, 0x85, 0x85, 0x85, 0x85, 0x85, 0x85, 0x85, 0x85,
    0x86, 0x86, 0x86, 0x86, 0x86, 0x86, 0x86, 0x86, 0x87, 0x87, 0x87, 0x87, 0x87, 0x87, 0x87, 0x87,
    0x88, 0x88, 0x88, 0x88, 0x88, 0x88, 0x88, 0x88, 0x89, 0x89, 0x89, 0x89, 0x89, 0x89, 0x89, 0x89,
    0x8A, 0x8A, 0x8A, 0x8A, 0x8A, 0x8A, 0x8A, 0x8A, 0x8B, 0x8B, 0x8B, 0x8B, 0x8B, 0x8B, 0x8B, 0x8B,
    0x8C, 0x8C, 0x8C, 0x8C, 0x8C, 0x8C, 0x8C, 0x8C, 0x8D, 0x8D, 0x8D, 0x8D, 0x8D, 0x8D, 0x8D, 0x8D,
    0x8F, 0x8F, 0x8F, 0x8F, 0x8F, 0x8F, 0x8F, 0x8F, 0x90, 0x90, 0x90, 0x90, 0x90, 0x90, 0x90, 0x90,
    0x91, 0x91, 0x91, 0x91, 0x91, 0x91, 0x91, 0x91, 0x92, 0x92, 0x92, 0x92, 0x92, 0x92, 0x92, 0x92,
    0x93, 0x93, 0x93, 0x93, 0x93, 0x93, 0x93, 0x93, 0x94, 0x94, 0x94, 0x94, 0x94, 0x94, 0x94, 0x94,
    0x95, 0x95, 0x95, 0x95, 0x95, 0x95, 0x95, 0x95, 0x96, 0x96, 0x96, 0x96, 0x96, 0x96, 0x96, 0x96,
    0x97, 0x97, 0x97, 0x97, 0x97, 0x97, 0x97, 0x97, 0x98, 0x98, 0x98, 0x98, 0x98, 0x98, 0x98, 0x98,
    0x99, 0x99, 0x99, 0x99, 0x99, 0x99, 0x99, 0x99, 0x9A, 0x9A, 0x9A, 0x9A, 0x9A, 0x9A, 0x9A, 0x9A,
    0x9B, 0x9B, 0x9B, 0x9B, 0x9B, 0x9B, 0x9B, 0x9B, 0x9D, 0x9D, 0x9D, 0x9D, 0x9D, 0x9D, 0x9D, 0x9D,
    0x9E, 0x9E, 0x9E, 0x9E, 0x9E, 0x9E, 0x9E, 0x9E, 0x9F, 0x9F, 0x9F, 0x9F, 0x9F, 0x9F, 0x9F, 0x9F,
//DISP_SCALE_COEFF_TABLE_DCE_NO_ECO_5
    0xA0, 0xA0, 0xA0, 0xA0, 0xA0, 0xA0, 0xA0, 0xA0, 0xA1, 0xA1, 0xA1, 0xA1, 0xA1, 0xA1, 0xA1, 0xA1,
    0xA2, 0xA2, 0xA2, 0xA2, 0xA2, 0xA2, 0xA2, 0xA2, 0xA3, 0xA3, 0xA3, 0xA3, 0xA3, 0xA3, 0xA3, 0xA3,
    0xA4, 0xA4, 0xA4, 0xA4, 0xA4, 0xA4, 0xA4, 0xA4, 0xA5, 0xA5, 0xA5, 0xA5, 0xA5, 0xA5, 0xA5, 0xA5,
    0xA6, 0xA6, 0xA6, 0xA6, 0xA6, 0xA6, 0xA6, 0xA6, 0xA7, 0xA7, 0xA7, 0xA7, 0xA7, 0xA7, 0xA7, 0xA7,
    0xA8, 0xA8, 0xA8, 0xA8, 0xA8, 0xA8, 0xA8, 0xA8, 0xA9, 0xA9, 0xA9, 0xA9, 0xA9, 0xA9, 0xA9, 0xA9,
    0xAB, 0xAB, 0xAB, 0xAB, 0xAB, 0xAB, 0xAB, 0xAB, 0xAC, 0xAC, 0xAC, 0xAC, 0xAC, 0xAC, 0xAC, 0xAC,
    0xAD, 0xAD, 0xAD, 0xAD, 0xAD, 0xAD, 0xAD, 0xAD, 0xAE, 0xAE, 0xAE, 0xAE, 0xAE, 0xAE, 0xAE, 0xAE,
    0xAF, 0xAF, 0xAF, 0xAF, 0xAF, 0xAF, 0xAF, 0xAF, 0xB0, 0xB0, 0xB0, 0xB0, 0xB0, 0xB0, 0xB0, 0xB0,
    0xB1, 0xB1, 0xB1, 0xB1, 0xB1, 0xB1, 0xB1, 0xB1, 0xB2, 0xB2, 0xB2, 0xB2, 0xB2, 0xB2, 0xB2, 0xB2,
    0xB3, 0xB3, 0xB3, 0xB3, 0xB3, 0xB3, 0xB3, 0xB3, 0xB4, 0xB4, 0xB4, 0xB4, 0xB4, 0xB4, 0xB4, 0xB4,
    0xB5, 0xB5, 0xB5, 0xB5, 0xB5, 0xB5, 0xB5, 0xB5, 0xB6, 0xB6, 0xB6, 0xB6, 0xB6, 0xB6, 0xB6, 0xB6,
    0xB7, 0xB7, 0xB7, 0xB7, 0xB7, 0xB7, 0xB7, 0xB7, 0xB8, 0xB8, 0xB8, 0xB8, 0xB8, 0xB8, 0xB8, 0xB8,
    0xBA, 0xBA, 0xBA, 0xBA, 0xBA, 0xBA, 0xBA, 0xBA, 0xBB, 0xBB, 0xBB, 0xBB, 0xBB, 0xBB, 0xBB, 0xBB,
    0xBC, 0xBC, 0xBC, 0xBC, 0xBC, 0xBC, 0xBC, 0xBC, 0xBD, 0xBD, 0xBD, 0xBD, 0xBD, 0xBD, 0xBD, 0xBD,
    0xBE, 0xBE, 0xBE, 0xBE, 0xBE, 0xBE, 0xBE, 0xBE, 0xBF, 0xBF, 0xBF, 0xBF, 0xBF, 0xBF, 0xBF, 0xBF,
    0xC0, 0xC0, 0xC0, 0xC0, 0xC0, 0xC0, 0xC0, 0xC0, 0xC1, 0xC1, 0xC1, 0xC1, 0xC1, 0xC1, 0xC1, 0xC1,
//DISP_SCALE_COEFF_TABLE_DCE_NO_ECO_6
    0xC2, 0xC2, 0xC2, 0xC2, 0xC2, 0xC2, 0xC2, 0xC2, 0xC3, 0xC3, 0xC3, 0xC3, 0xC3, 0xC3, 0xC3, 0xC3,
    0xC4, 0xC4, 0xC4, 0xC4, 0xC4, 0xC4, 0xC4, 0xC4, 0xC5, 0xC5, 0xC5, 0xC5, 0xC5, 0xC5, 0xC5, 0xC5,
    0xC6, 0xC6, 0xC6, 0xC6, 0xC6, 0xC6, 0xC6, 0xC6, 0xC8, 0xC8, 0xC8, 0xC8, 0xC8, 0xC8, 0xC8, 0xC8,
    0xC9, 0xC9, 0xC9, 0xC9, 0xC9, 0xC9, 0xC9, 0xC9, 0xCA, 0xCA, 0xCA, 0xCA, 0xCA, 0xCA, 0xCA, 0xCA,
    0xCB, 0xCB, 0xCB, 0xCB, 0xCB, 0xCB, 0xCB, 0xCB, 0xCC, 0xCC, 0xCC, 0xCC, 0xCC, 0xCC, 0xCC, 0xCC,
    0xCD, 0xCD, 0xCD, 0xCD, 0xCD, 0xCD, 0xCD, 0xCD, 0xCE, 0xCE, 0xCE, 0xCE, 0xCE, 0xCE, 0xCE, 0xCE,
    0xCF, 0xCF, 0xCF, 0xCF, 0xCF, 0xCF, 0xCF, 0xCF, 0xD0, 0xD0, 0xD0, 0xD0, 0xD0, 0xD0, 0xD0, 0xD0,
    0xD1, 0xD1, 0xD1, 0xD1, 0xD1, 0xD1, 0xD1, 0xD1, 0xD2, 0xD2, 0xD2, 0xD2, 0xD2, 0xD2, 0xD2, 0xD2,
    0xD3, 0xD3, 0xD3, 0xD3, 0xD3, 0xD3, 0xD3, 0xD3, 0xD4, 0xD4, 0xD4, 0xD4, 0xD4, 0xD4, 0xD4, 0xD4,
    0xD6, 0xD6, 0xD6, 0xD6, 0xD6, 0xD6, 0xD6, 0xD6, 0xD7, 0xD7, 0xD7, 0xD7, 0xD7, 0xD7, 0xD7, 0xD7,
    0xD8, 0xD8, 0xD8, 0xD8, 0xD8, 0xD8, 0xD8, 0xD8, 0xD9, 0xD9, 0xD9, 0xD9, 0xD9, 0xD9, 0xD9, 0xD9,
    0xDA, 0xDA, 0xDA, 0xDA, 0xDA, 0xDA, 0xDA, 0xDA, 0xDB, 0xDB, 0xDB, 0xDB, 0xDB, 0xDB, 0xDB, 0xDB,
    0xDC, 0xDC, 0xDC, 0xDC, 0xDC, 0xDC, 0xDC, 0xDC, 0xDD, 0xDD, 0xDD, 0xDD, 0xDD, 0xDD, 0xDD, 0xDD,
    0xDE, 0xDE, 0xDE, 0xDE, 0xDE, 0xDE, 0xDE, 0xDE, 0xDF, 0xDF, 0xDF, 0xDF, 0xDF, 0xDF, 0xDF, 0xDF,
    0xE0, 0xE0, 0xE0, 0xE0, 0xE0, 0xE0, 0xE0, 0xE0, 0xE1, 0xE1, 0xE1, 0xE1, 0xE1, 0xE1, 0xE1, 0xE1,
    0xE2, 0xE2, 0xE2, 0xE2, 0xE2, 0xE2, 0xE2, 0xE2, 0xE3, 0xE3, 0xE3, 0xE3, 0xE3, 0xE3, 0xE3, 0xE3,
//DISP_SCALE_COEFF_TABLE_DCE_NO_ECO_7
    0xE5, 0xE5, 0xE5, 0xE5, 0xE5, 0xE5, 0xE5, 0xE5, 0xE6, 0xE6, 0xE6, 0xE6, 0xE6, 0xE6, 0xE6, 0xE6,
    0xE7, 0xE7, 0xE7, 0xE7, 0xE7, 0xE7, 0xE7, 0xE7, 0xE8, 0xE8, 0xE8, 0xE8, 0xE8, 0xE8, 0xE8, 0xE8,
    0xE9, 0xE9, 0xE9, 0xE9, 0xE9, 0xE9, 0xE9, 0xE9, 0xEA, 0xEA, 0xEA, 0xEA, 0xEA, 0xEA, 0xEA, 0xEA,
    0xEB, 0xEB, 0xEB, 0xEB, 0xEB, 0xEB, 0xEB, 0xEB, 0xEC, 0xEC, 0xEC, 0xEC, 0xEC, 0xEC, 0xEC, 0xEC,
    0xED, 0xED, 0xED, 0xED, 0xED, 0xED, 0xED, 0xED, 0xED, 0xED, 0xED, 0xED, 0xED, 0xED, 0xED, 0xED,
    0xEE, 0xEE, 0xEE, 0xEE, 0xEE, 0xEE, 0xEE, 0xEE, 0xEF, 0xEF, 0xEF, 0xEF, 0xEF, 0xEF, 0xEF, 0xEF,
    0xF0, 0xF0, 0xF0, 0xF0, 0xF0, 0xF0, 0xF0, 0xF0, 0xF1, 0xF1, 0xF1, 0xF1, 0xF1, 0xF1, 0xF1, 0xF1,
    0xF1, 0xF1, 0xF1, 0xF1, 0xF1, 0xF1, 0xF1, 0xF1, 0xF2, 0xF2, 0xF2, 0xF2, 0xF2, 0xF2, 0xF2, 0xF2,
    0xF3, 0xF3, 0xF3, 0xF3, 0xF3, 0xF3, 0xF3, 0xF3, 0xF4, 0xF4, 0xF4, 0xF4, 0xF4, 0xF4, 0xF4, 0xF4,
    0xF5, 0xF5, 0xF5, 0xF5, 0xF5, 0xF5, 0xF5, 0xF5, 0xF5, 0xF5, 0xF5, 0xF5, 0xF5, 0xF5, 0xF5, 0xF5,
    0xF6, 0xF6, 0xF6, 0xF6, 0xF6, 0xF6, 0xF6, 0xF6, 0xF7, 0xF7, 0xF7, 0xF7, 0xF7, 0xF7, 0xF7, 0xF7,
    0xF8, 0xF8, 0xF8, 0xF8, 0xF8, 0xF8, 0xF8, 0xF8, 0xF9, 0xF9, 0xF9, 0xF9, 0xF9, 0xF9, 0xF9, 0xF9,
    0xF9, 0xF9, 0xF9, 0xF9, 0xF9, 0xF9, 0xF9, 0xF9, 0xFA, 0xFA, 0xFA, 0xFA, 0xFA, 0xFA, 0xFA, 0xFA,
    0xFB, 0xFB, 0xFB, 0xFB, 0xFB, 0xFB, 0xFB, 0xFB, 0xFC, 0xFC, 0xFC, 0xFC, 0xFC, 0xFC, 0xFC, 0xFC,
    0xFD, 0xFD, 0xFD, 0xFD, 0xFD, 0xFD, 0xFD, 0xFD, 0xFD, 0xFD, 0xFD, 0xFD, 0xFD, 0xFD, 0xFD, 0xFD,
    0xFE, 0xFE, 0xFE, 0xFE, 0xFE, 0xFE, 0xFE, 0xFE, 0xFF, 0xFF, 0xFF, 0xFF, 0xFF, 0xFF, 0xFF, 0xFF,
//DISP_SCALE_COEFF_TABLE_DCE_NO_ECO_VIVID_0
    0x00, 0x00, 0x00, 0x00, 0x00, 0x00, 0x00, 0x00, 0x01, 0x01, 0x01, 0x01, 0x01, 0x01, 0x01, 0x01,
    0x01, 0x01, 0x01, 0x01, 0x01, 0x01, 0x01, 0x01, 0x02, 0x02, 0x02, 0x02, 0x02, 0x02, 0x02, 0x02,
    0x02, 0x02, 0x02, 0x02, 0x02, 0x02, 0x02, 0x02, 0x03, 0x03, 0x03, 0x03, 0x03, 0x03, 0x03, 0x03,
    0x03, 0x03, 0x03, 0x03, 0x03, 0x03, 0x03, 0x03, 0x04, 0x04, 0x04, 0x04, 0x04, 0x04, 0x04, 0x04,
    0x04, 0x04, 0x04, 0x04, 0x04, 0x04, 0x04, 0x04, 0x05, 0x05, 0x05, 0x05, 0x05, 0x05, 0x05, 0x05,
    0x05, 0x05, 0x05, 0x05, 0x05, 0x05, 0x05, 0x05, 0x06, 0x06, 0x06, 0x06, 0x06, 0x06, 0x06, 0x06,
    0x06, 0x06, 0x06, 0x06, 0x06, 0x06, 0x06, 0x06, 0x07, 0x07, 0x07, 0x07, 0x07, 0x07, 0x07, 0x07,
    0x07, 0x07, 0x07, 0x07, 0x07, 0x07, 0x07, 0x07, 0x08, 0x08, 0x08, 0x08, 0x08, 0x08, 0x08, 0x08,
    0x08, 0x08, 0x08, 0x08, 0x08, 0x08, 0x08, 0x08, 0x09, 0x09, 0x09, 0x09, 0x09, 0x09, 0x09, 0x09,
    0x09, 0x09, 0x09, 0x09, 0x09, 0x09, 0x09, 0x09, 0x0A, 0x0A, 0x0A, 0x0A, 0x0A, 0x0A, 0x0A, 0x0A,
    0x0A, 0x0A, 0x0A, 0x0A, 0x0A, 0x0A, 0x0A, 0x0A, 0x0B, 0x0B, 0x0B, 0x0B, 0x0B, 0x0B, 0x0B, 0x0B,
    0x0B, 0x0B, 0x0B, 0x0B, 0x0B, 0x0B, 0x0B, 0x0B, 0x0C, 0x0C, 0x0C, 0x0C, 0x0C, 0x0C, 0x0C, 0x0C,
    0x0C, 0x0C, 0x0C, 0x0C, 0x0C, 0x0C, 0x0C, 0x0C, 0x0D, 0x0D, 0x0D, 0x0D, 0x0D, 0x0D, 0x0D, 0x0D,
    0x0D, 0x0D, 0x0D, 0x0D, 0x0D, 0x0D, 0x0D, 0x0D, 0x0E, 0x0E, 0x0E, 0x0E, 0x0E, 0x0E, 0x0E, 0x0E,
    0x0E, 0x0E, 0x0E, 0x0E, 0x0E, 0x0E, 0x0E, 0x0E, 0x0F, 0x0F, 0x0F, 0x0F, 0x0F, 0x0F, 0x0F, 0x0F,
    0x0F, 0x0F, 0x0F, 0x0F, 0x0F, 0x0F, 0x0F, 0x0F, 0x10, 0x10, 0x10, 0x10, 0x10, 0x10, 0x10, 0x10,
//DISP_SCALE_COEFF_TABLE_DCE_NO_ECO_VIVID_1
    0x10, 0x10, 0x10, 0x10, 0x10, 0x10, 0x10, 0x10, 0x11, 0x11, 0x11, 0x11, 0x11, 0x11, 0x11, 0x11,
    0x11, 0x11, 0x11, 0x11, 0x11, 0x11, 0x11, 0x11, 0x12, 0x12, 0x12, 0x12, 0x12, 0x12, 0x12, 0x12,
    0x12, 0x12, 0x12, 0x12, 0x12, 0x12, 0x12, 0x12, 0x13, 0x13, 0x13, 0x13, 0x13, 0x13, 0x13, 0x13,
    0x13, 0x13, 0x13, 0x13, 0x13, 0x13, 0x13, 0x13, 0x14, 0x14, 0x14, 0x14, 0x14, 0x14, 0x14, 0x14,
    0x14, 0x14, 0x14, 0x14, 0x14, 0x14, 0x14, 0x14, 0x15, 0x15, 0x15, 0x15, 0x15, 0x15, 0x15, 0x15,
    0x16, 0x16, 0x16, 0x16, 0x16, 0x16, 0x16, 0x16, 0x17, 0x17, 0x17, 0x17, 0x17, 0x17, 0x17, 0x17,
    0x19, 0x19, 0x19, 0x19, 0x19, 0x19, 0x19, 0x19, 0x1A, 0x1A, 0x1A, 0x1A, 0x1A, 0x1A, 0x1A, 0x1A,
    0x1B, 0x1B, 0x1B, 0x1B, 0x1B, 0x1B, 0x1B, 0x1B, 0x1C, 0x1C, 0x1C, 0x1C, 0x1C, 0x1C, 0x1C, 0x1C,
    0x1D, 0x1D, 0x1D, 0x1D, 0x1D, 0x1D, 0x1D, 0x1D, 0x1E, 0x1E, 0x1E, 0x1E, 0x1E, 0x1E, 0x1E, 0x1E,
    0x1F, 0x1F, 0x1F, 0x1F, 0x1F, 0x1F, 0x1F, 0x1F, 0x20, 0x20, 0x20, 0x20, 0x20, 0x20, 0x20, 0x20,
    0x22, 0x22, 0x22, 0x22, 0x22, 0x22, 0x22, 0x22, 0x23, 0x23, 0x23, 0x23, 0x23, 0x23, 0x23, 0x23,
    0x24, 0x24, 0x24, 0x24, 0x24, 0x24, 0x24, 0x24, 0x25, 0x25, 0x25, 0x25, 0x25, 0x25, 0x25, 0x25,
    0x26, 0x26, 0x26, 0x26, 0x26, 0x26, 0x26, 0x26, 0x27, 0x27, 0x27, 0x27, 0x27, 0x27, 0x27, 0x27,
    0x28, 0x28, 0x28, 0x28, 0x28, 0x28, 0x28, 0x28, 0x2A, 0x2A, 0x2A, 0x2A, 0x2A, 0x2A, 0x2A, 0x2A,
    0x2B, 0x2B, 0x2B, 0x2B, 0x2B, 0x2B, 0x2B, 0x2B, 0x2C, 0x2C, 0x2C, 0x2C, 0x2C, 0x2C, 0x2C, 0x2C,
    0x2D, 0x2D, 0x2D, 0x2D, 0x2D, 0x2D, 0x2D, 0x2D, 0x2E, 0x2E, 0x2E, 0x2E, 0x2E, 0x2E, 0x2E, 0x2E,
//DISP_SCALE_COEFF_TABLE_DCE_NO_ECO_VIVID_2
    0x2F, 0x2F, 0x2F, 0x2F, 0x2F, 0x2F, 0x2F, 0x2F, 0x30, 0x30, 0x30, 0x30, 0x30, 0x30, 0x30, 0x30,
    0x31, 0x31, 0x31, 0x31, 0x31, 0x31, 0x31, 0x31, 0x33, 0x33, 0x33, 0x33, 0x33, 0x33, 0x33, 0x33,
    0x34, 0x34, 0x34, 0x34, 0x34, 0x34, 0x34, 0x34, 0x35, 0x35, 0x35, 0x35, 0x35, 0x35, 0x35, 0x35,
    0x36, 0x36, 0x36, 0x36, 0x36, 0x36, 0x36, 0x36, 0x37, 0x37, 0x37, 0x37, 0x37, 0x37, 0x37, 0x37,
    0x38, 0x38, 0x38, 0x38, 0x38, 0x38, 0x38, 0x38, 0x39, 0x39, 0x39, 0x39, 0x39, 0x39, 0x39, 0x39,
    0x3A, 0x3A, 0x3A, 0x3A, 0x3A, 0x3A, 0x3A, 0x3A, 0x3C, 0x3C, 0x3C, 0x3C, 0x3C, 0x3C, 0x3C, 0x3C,
    0x3D, 0x3D, 0x3D, 0x3D, 0x3D, 0x3D, 0x3D, 0x3D, 0x3E, 0x3E, 0x3E, 0x3E, 0x3E, 0x3E, 0x3E, 0x3E,
    0x3F, 0x3F, 0x3F, 0x3F, 0x3F, 0x3F, 0x3F, 0x3F, 0x40, 0x40, 0x40, 0x40, 0x40, 0x40, 0x40, 0x40,
    0x41, 0x41, 0x41, 0x41, 0x41, 0x41, 0x41, 0x41, 0x42, 0x42, 0x42, 0x42, 0x42, 0x42, 0x42, 0x42,
    0x44, 0x44, 0x44, 0x44, 0x44, 0x44, 0x44, 0x44, 0x45, 0x45, 0x45, 0x45, 0x45, 0x45, 0x45, 0x45,
    0x46, 0x46, 0x46, 0x46, 0x46, 0x46, 0x46, 0x46, 0x47, 0x47, 0x47, 0x47, 0x47, 0x47, 0x47, 0x47,
    0x48, 0x48, 0x48, 0x48, 0x48, 0x48, 0x48, 0x48, 0x49, 0x49, 0x49, 0x49, 0x49, 0x49, 0x49, 0x49,
    0x4A, 0x4A, 0x4A, 0x4A, 0x4A, 0x4A, 0x4A, 0x4A, 0x4B, 0x4B, 0x4B, 0x4B, 0x4B, 0x4B, 0x4B, 0x4B,
    0x4D, 0x4D, 0x4D, 0x4D, 0x4D, 0x4D, 0x4D, 0x4D, 0x4E, 0x4E, 0x4E, 0x4E, 0x4E, 0x4E, 0x4E, 0x4E,
    0x4F, 0x4F, 0x4F, 0x4F, 0x4F, 0x4F, 0x4F, 0x4F, 0x50, 0x50, 0x50, 0x50, 0x50, 0x50, 0x50, 0x50,
    0x51, 0x51, 0x51, 0x51, 0x51, 0x51, 0x51, 0x51, 0x52, 0x52, 0x52, 0x52, 0x52, 0x52, 0x52, 0x52,
//DISP_SCALE_COEFF_TABLE_DCE_NO_ECO_VIVID_3
    0x53, 0x53, 0x53, 0x53, 0x53, 0x53, 0x53, 0x53, 0x55, 0x55, 0x55, 0x55, 0x55, 0x55, 0x55, 0x55,
    0x56, 0x56, 0x56, 0x56, 0x56, 0x56, 0x56, 0x56, 0x57, 0x57, 0x57, 0x57, 0x57, 0x57, 0x57, 0x57,
    0x58, 0x58, 0x58, 0x58, 0x58, 0x58, 0x58, 0x58, 0x59, 0x59, 0x59, 0x59, 0x59, 0x59, 0x59, 0x59,
    0x5A, 0x5A, 0x5A, 0x5A, 0x5A, 0x5A, 0x5A, 0x5A, 0x5B, 0x5B, 0x5B, 0x5B, 0x5B, 0x5B, 0x5B, 0x5B,
    0x5C, 0x5C, 0x5C, 0x5C, 0x5C, 0x5C, 0x5C, 0x5C, 0x5E, 0x5E, 0x5E, 0x5E, 0x5E, 0x5E, 0x5E, 0x5E,
    0x5F, 0x5F, 0x5F, 0x5F, 0x5F, 0x5F, 0x5F, 0x5F, 0x60, 0x60, 0x60, 0x60, 0x60, 0x60, 0x60, 0x60,
    0x61, 0x61, 0x61, 0x61, 0x61, 0x61, 0x61, 0x61, 0x62, 0x62, 0x62, 0x62, 0x62, 0x62, 0x62, 0x62,
    0x63, 0x63, 0x63, 0x63, 0x63, 0x63, 0x63, 0x63, 0x64, 0x64, 0x64, 0x64, 0x64, 0x64, 0x64, 0x64,
    0x65, 0x65, 0x65, 0x65, 0x65, 0x65, 0x65, 0x65, 0x67, 0x67, 0x67, 0x67, 0x67, 0x67, 0x67, 0x67,
    0x68, 0x68, 0x68, 0x68, 0x68, 0x68, 0x68, 0x68, 0x69, 0x69, 0x69, 0x69, 0x69, 0x69, 0x69, 0x69,
    0x6A, 0x6A, 0x6A, 0x6A, 0x6A, 0x6A, 0x6A, 0x6A, 0x6B, 0x6B, 0x6B, 0x6B, 0x6B, 0x6B, 0x6B, 0x6B,
    0x6C, 0x6C, 0x6C, 0x6C, 0x6C, 0x6C, 0x6C, 0x6C, 0x6D, 0x6D, 0x6D, 0x6D, 0x6D, 0x6D, 0x6D, 0x6D,
    0x6F, 0x6F, 0x6F, 0x6F, 0x6F, 0x6F, 0x6F, 0x6F, 0x70, 0x70, 0x70, 0x70, 0x70, 0x70, 0x70, 0x70,
    0x71, 0x71, 0x71, 0x71, 0x71, 0x71, 0x71, 0x71, 0x72, 0x72, 0x72, 0x72, 0x72, 0x72, 0x72, 0x72,
    0x73, 0x73, 0x73, 0x73, 0x73, 0x73, 0x73, 0x73, 0x74, 0x74, 0x74, 0x74, 0x74, 0x74, 0x74, 0x74,
    0x75, 0x75, 0x75, 0x75, 0x75, 0x75, 0x75, 0x75, 0x76, 0x76, 0x76, 0x76, 0x76, 0x76, 0x76, 0x76,
//DISP_SCALE_COEFF_TABLE_DCE_NO_ECO_VIVID_4
    0x78, 0x78, 0x78, 0x78, 0x78, 0x78, 0x78, 0x78, 0x79, 0x79, 0x79, 0x79, 0x79, 0x79, 0x79, 0x79,
    0x7A, 0x7A, 0x7A, 0x7A, 0x7A, 0x7A, 0x7A, 0x7A, 0x7B, 0x7B, 0x7B, 0x7B, 0x7B, 0x7B, 0x7B, 0x7B,
    0x7C, 0x7C, 0x7C, 0x7C, 0x7C, 0x7C, 0x7C, 0x7C, 0x7D, 0x7D, 0x7D, 0x7D, 0x7D, 0x7D, 0x7D, 0x7D,
    0x7E, 0x7E, 0x7E, 0x7E, 0x7E, 0x7E, 0x7E, 0x7E, 0x80, 0x80, 0x80, 0x80, 0x80, 0x80, 0x80, 0x80,
    0x81, 0x81, 0x81, 0x81, 0x81, 0x81, 0x81, 0x81, 0x82, 0x82, 0x82, 0x82, 0x82, 0x82, 0x82, 0x82,
    0x83, 0x83, 0x83, 0x83, 0x83, 0x83, 0x83, 0x83, 0x84, 0x84, 0x84, 0x84, 0x84, 0x84, 0x84, 0x84,
    0x85, 0x85, 0x85, 0x85, 0x85, 0x85, 0x85, 0x85, 0x86, 0x86, 0x86, 0x86, 0x86, 0x86, 0x86, 0x86,
    0x87, 0x87, 0x87, 0x87, 0x87, 0x87, 0x87, 0x87, 0x89, 0x89, 0x89, 0x89, 0x89, 0x89, 0x89, 0x89,
    0x8A, 0x8A, 0x8A, 0x8A, 0x8A, 0x8A, 0x8A, 0x8A, 0x8B, 0x8B, 0x8B, 0x8B, 0x8B, 0x8B, 0x8B, 0x8B,
    0x8C, 0x8C, 0x8C, 0x8C, 0x8C, 0x8C, 0x8C, 0x8C, 0x8D, 0x8D, 0x8D, 0x8D, 0x8D, 0x8D, 0x8D, 0x8D,
    0x8E, 0x8E, 0x8E, 0x8E, 0x8E, 0x8E, 0x8E, 0x8E, 0x8F, 0x8F, 0x8F, 0x8F, 0x8F, 0x8F, 0x8F, 0x8F,
    0x90, 0x90, 0x90, 0x90, 0x90, 0x90, 0x90, 0x90, 0x92, 0x92, 0x92, 0x92, 0x92, 0x92, 0x92, 0x92,
    0x93, 0x93, 0x93, 0x93, 0x93, 0x93, 0x93, 0x93, 0x94, 0x94, 0x94, 0x94, 0x94, 0x94, 0x94, 0x94,
    0x95, 0x95, 0x95, 0x95, 0x95, 0x95, 0x95, 0x95, 0x96, 0x96, 0x96, 0x96, 0x96, 0x96, 0x96, 0x96,
    0x97, 0x97, 0x97, 0x97, 0x97, 0x97, 0x97, 0x97, 0x98, 0x98, 0x98, 0x98, 0x98, 0x98, 0x98, 0x98,
    0x9A, 0x9A, 0x9A, 0x9A, 0x9A, 0x9A, 0x9A, 0x9A, 0x9B, 0x9B, 0x9B, 0x9B, 0x9B, 0x9B, 0x9B, 0x9B,
//DISP_SCALE_COEFF_TABLE_DCE_NO_ECO_VIVID_5
    0x9C, 0x9C, 0x9C, 0x9C, 0x9C, 0x9C, 0x9C, 0x9C, 0x9D, 0x9D, 0x9D, 0x9D, 0x9D, 0x9D, 0x9D, 0x9D,
    0x9E, 0x9E, 0x9E, 0x9E, 0x9E, 0x9E, 0x9E, 0x9E, 0x9F, 0x9F, 0x9F, 0x9F, 0x9F, 0x9F, 0x9F, 0x9F,
    0xA0, 0xA0, 0xA0, 0xA0, 0xA0, 0xA0, 0xA0, 0xA0, 0xA1, 0xA1, 0xA1, 0xA1, 0xA1, 0xA1, 0xA1, 0xA1,
    0xA3, 0xA3, 0xA3, 0xA3, 0xA3, 0xA3, 0xA3, 0xA3, 0xA4, 0xA4, 0xA4, 0xA4, 0xA4, 0xA4, 0xA4, 0xA4,
    0xA5, 0xA5, 0xA5, 0xA5, 0xA5, 0xA5, 0xA5, 0xA5, 0xA6, 0xA6, 0xA6, 0xA6, 0xA6, 0xA6, 0xA6, 0xA6,
    0xA7, 0xA7, 0xA7, 0xA7, 0xA7, 0xA7, 0xA7, 0xA7, 0xA8, 0xA8, 0xA8, 0xA8, 0xA8, 0xA8, 0xA8, 0xA8,
    0xA9, 0xA9, 0xA9, 0xA9, 0xA9, 0xA9, 0xA9, 0xA9, 0xAB, 0xAB, 0xAB, 0xAB, 0xAB, 0xAB, 0xAB, 0xAB,
    0xAC, 0xAC, 0xAC, 0xAC, 0xAC, 0xAC, 0xAC, 0xAC, 0xAD, 0xAD, 0xAD, 0xAD, 0xAD, 0xAD, 0xAD, 0xAD,
    0xAE, 0xAE, 0xAE, 0xAE, 0xAE, 0xAE, 0xAE, 0xAE, 0xAF, 0xAF, 0xAF, 0xAF, 0xAF, 0xAF, 0xAF, 0xAF,
    0xB0, 0xB0, 0xB0, 0xB0, 0xB0, 0xB0, 0xB0, 0xB0, 0xB1, 0xB1, 0xB1, 0xB1, 0xB1, 0xB1, 0xB1, 0xB1,
    0xB2, 0xB2, 0xB2, 0xB2, 0xB2, 0xB2, 0xB2, 0xB2, 0xB4, 0xB4, 0xB4, 0xB4, 0xB4, 0xB4, 0xB4, 0xB4,
    0xB5, 0xB5, 0xB5, 0xB5, 0xB5, 0xB5, 0xB5, 0xB5, 0xB6, 0xB6, 0xB6, 0xB6, 0xB6, 0xB6, 0xB6, 0xB6,
    0xB7, 0xB7, 0xB7, 0xB7, 0xB7, 0xB7, 0xB7, 0xB7, 0xB8, 0xB8, 0xB8, 0xB8, 0xB8, 0xB8, 0xB8, 0xB8,
    0xB9, 0xB9, 0xB9, 0xB9, 0xB9, 0xB9, 0xB9, 0xB9, 0xBA, 0xBA, 0xBA, 0xBA, 0xBA, 0xBA, 0xBA, 0xBA,
    0xBB, 0xBB, 0xBB, 0xBB, 0xBB, 0xBB, 0xBB, 0xBB, 0xBD, 0xBD, 0xBD, 0xBD, 0xBD, 0xBD, 0xBD, 0xBD,
    0xBE, 0xBE, 0xBE, 0xBE, 0xBE, 0xBE, 0xBE, 0xBE, 0xBF, 0xBF, 0xBF, 0xBF, 0xBF, 0xBF, 0xBF, 0xBF,
//DISP_SCALE_COEFF_TABLE_DCE_NO_ECO_VIVID_6
    0xC0, 0xC0, 0xC0, 0xC0, 0xC0, 0xC0, 0xC0, 0xC0, 0xC1, 0xC1, 0xC1, 0xC1, 0xC1, 0xC1, 0xC1, 0xC1,
    0xC2, 0xC2, 0xC2, 0xC2, 0xC2, 0xC2, 0xC2, 0xC2, 0xC3, 0xC3, 0xC3, 0xC3, 0xC3, 0xC3, 0xC3, 0xC3,
    0xC5, 0xC5, 0xC5, 0xC5, 0xC5, 0xC5, 0xC5, 0xC5, 0xC6, 0xC6, 0xC6, 0xC6, 0xC6, 0xC6, 0xC6, 0xC6,
    0xC7, 0xC7, 0xC7, 0xC7, 0xC7, 0xC7, 0xC7, 0xC7, 0xC8, 0xC8, 0xC8, 0xC8, 0xC8, 0xC8, 0xC8, 0xC8,
    0xC9, 0xC9, 0xC9, 0xC9, 0xC9, 0xC9, 0xC9, 0xC9, 0xCA, 0xCA, 0xCA, 0xCA, 0xCA, 0xCA, 0xCA, 0xCA,
    0xCB, 0xCB, 0xCB, 0xCB, 0xCB, 0xCB, 0xCB, 0xCB, 0xCC, 0xCC, 0xCC, 0xCC, 0xCC, 0xCC, 0xCC, 0xCC,
    0xCE, 0xCE, 0xCE, 0xCE, 0xCE, 0xCE, 0xCE, 0xCE, 0xCF, 0xCF, 0xCF, 0xCF, 0xCF, 0xCF, 0xCF, 0xCF,
    0xD0, 0xD0, 0xD0, 0xD0, 0xD0, 0xD0, 0xD0, 0xD0, 0xD1, 0xD1, 0xD1, 0xD1, 0xD1, 0xD1, 0xD1, 0xD1,
    0xD2, 0xD2, 0xD2, 0xD2, 0xD2, 0xD2, 0xD2, 0xD2, 0xD3, 0xD3, 0xD3, 0xD3, 0xD3, 0xD3, 0xD3, 0xD3,
    0xD4, 0xD4, 0xD4, 0xD4, 0xD4, 0xD4, 0xD4, 0xD4, 0xD6, 0xD6, 0xD6, 0xD6, 0xD6, 0xD6, 0xD6, 0xD6,
    0xD7, 0xD7, 0xD7, 0xD7, 0xD7, 0xD7, 0xD7, 0xD7, 0xD8, 0xD8, 0xD8, 0xD8, 0xD8, 0xD8, 0xD8, 0xD8,
    0xD9, 0xD9, 0xD9, 0xD9, 0xD9, 0xD9, 0xD9, 0xD9, 0xDA, 0xDA, 0xDA, 0xDA, 0xDA, 0xDA, 0xDA, 0xDA,
    0xDB, 0xDB, 0xDB, 0xDB, 0xDB, 0xDB, 0xDB, 0xDB, 0xDC, 0xDC, 0xDC, 0xDC, 0xDC, 0xDC, 0xDC, 0xDC,
    0xDD, 0xDD, 0xDD, 0xDD, 0xDD, 0xDD, 0xDD, 0xDD, 0xDF, 0xDF, 0xDF, 0xDF, 0xDF, 0xDF, 0xDF, 0xDF,
    0xE0, 0xE0, 0xE0, 0xE0, 0xE0, 0xE0, 0xE0, 0xE0, 0xE1, 0xE1, 0xE1, 0xE1, 0xE1, 0xE1, 0xE1, 0xE1,
    0xE2, 0xE2, 0xE2, 0xE2, 0xE2, 0xE2, 0xE2, 0xE2, 0xE3, 0xE3, 0xE3, 0xE3, 0xE3, 0xE3, 0xE3, 0xE3,
//DISP_SCALE_COEFF_TABLE_DCE_NO_ECO_VIVID_7
    0xE4, 0xE4, 0xE4, 0xE4, 0xE4, 0xE4, 0xE4, 0xE4, 0xE5, 0xE5, 0xE5, 0xE5, 0xE5, 0xE5, 0xE5, 0xE5,
    0xE6, 0xE6, 0xE6, 0xE6, 0xE6, 0xE6, 0xE6, 0xE6, 0xE8, 0xE8, 0xE8, 0xE8, 0xE8, 0xE8, 0xE8, 0xE8,
    0xE9, 0xE9, 0xE9, 0xE9, 0xE9, 0xE9, 0xE9, 0xE9, 0xEA, 0xEA, 0xEA, 0xEA, 0xEA, 0xEA, 0xEA, 0xEA,
    0xEB, 0xEB, 0xEB, 0xEB, 0xEB, 0xEB, 0xEB, 0xEB, 0xEC, 0xEC, 0xEC, 0xEC, 0xEC, 0xEC, 0xEC, 0xEC,
    0xED, 0xED, 0xED, 0xED, 0xED, 0xED, 0xED, 0xED, 0xED, 0xED, 0xED, 0xED, 0xED, 0xED, 0xED, 0xED,
    0xEE, 0xEE, 0xEE, 0xEE, 0xEE, 0xEE, 0xEE, 0xEE, 0xEF, 0xEF, 0xEF, 0xEF, 0xEF, 0xEF, 0xEF, 0xEF,
    0xF0, 0xF0, 0xF0, 0xF0, 0xF0, 0xF0, 0xF0, 0xF0, 0xF1, 0xF1, 0xF1, 0xF1, 0xF1, 0xF1, 0xF1, 0xF1,
    0xF1, 0xF1, 0xF1, 0xF1, 0xF1, 0xF1, 0xF1, 0xF1, 0xF2, 0xF2, 0xF2, 0xF2, 0xF2, 0xF2, 0xF2, 0xF2,
    0xF3, 0xF3, 0xF3, 0xF3, 0xF3, 0xF3, 0xF3, 0xF3, 0xF4, 0xF4, 0xF4, 0xF4, 0xF4, 0xF4, 0xF4, 0xF4,
    0xF5, 0xF5, 0xF5, 0xF5, 0xF5, 0xF5, 0xF5, 0xF5, 0xF5, 0xF5, 0xF5, 0xF5, 0xF5, 0xF5, 0xF5, 0xF5,
    0xF6, 0xF6, 0xF6, 0xF6, 0xF6, 0xF6, 0xF6, 0xF6, 0xF7, 0xF7, 0xF7, 0xF7, 0xF7, 0xF7, 0xF7, 0xF7,
    0xF8, 0xF8, 0xF8, 0xF8, 0xF8, 0xF8, 0xF8, 0xF8, 0xF9, 0xF9, 0xF9, 0xF9, 0xF9, 0xF9, 0xF9, 0xF9,
    0xF9, 0xF9, 0xF9, 0xF9, 0xF9, 0xF9, 0xF9, 0xF9, 0xFA, 0xFA, 0xFA, 0xFA, 0xFA, 0xFA, 0xFA, 0xFA,
    0xFB, 0xFB, 0xFB, 0xFB, 0xFB, 0xFB, 0xFB, 0xFB, 0xFC, 0xFC, 0xFC, 0xFC, 0xFC, 0xFC, 0xFC, 0xFC,
    0xFD, 0xFD, 0xFD, 0xFD, 0xFD, 0xFD, 0xFD, 0xFD, 0xFD, 0xFD, 0xFD, 0xFD, 0xFD, 0xFD, 0xFD, 0xFD,
    0xFE, 0xFE, 0xFE, 0xFE, 0xFE, 0xFE, 0xFE, 0xFE, 0xFF, 0xFF, 0xFF, 0xFF, 0xFF, 0xFF, 0xFF, 0xFF,
#endif
#if defined(CONFIG_MT_CHIP_SYMPHONY1) || defined(CONFIG_MT_CHIP_SYMPHONY2) || defined(CONFIG_MT_CHIP_SYMPHONY6)
//DISP_SCALE_COEFF_TABLE_DCE_NO_ECO, 30_20_230_235.map
    0x05, 0x04, 0x03, 0x03, 0x02, 0x01, 0x01, 0x00, 0x0a, 0x09, 0x09, 0x08, 0x07, 0x07, 0x06, 0x05,
    0x0f, 0x0f, 0x0e, 0x0d, 0x0d, 0x0c, 0x0b, 0x0b, 0x15, 0x14, 0x13, 0x13, 0x12, 0x11, 0x11, 0x10,
    0x1e, 0x1d, 0x1c, 0x1a, 0x19, 0x18, 0x17, 0x16, 0x26, 0x25, 0x24, 0x23, 0x22, 0x21, 0x20, 0x1f,
    0x2f, 0x2e, 0x2d, 0x2c, 0x2b, 0x2a, 0x28, 0x27, 0x37, 0x36, 0x35, 0x34, 0x33, 0x32, 0x31, 0x30,
    0x40, 0x3f, 0x3e, 0x3d, 0x3c, 0x3b, 0x3a, 0x39, 0x49, 0x48, 0x47, 0x45, 0x44, 0x43, 0x42, 0x41,
    0x51, 0x50, 0x4f, 0x4e, 0x4d, 0x4c, 0x4b, 0x4a, 0x5a, 0x59, 0x58, 0x57, 0x56, 0x55, 0x53, 0x52,
    0x62, 0x61, 0x60, 0x5f, 0x5e, 0x5d, 0x5c, 0x5b, 0x6b, 0x6a, 0x69, 0x68, 0x67, 0x66, 0x65, 0x64,
    0x74, 0x73, 0x72, 0x70, 0x6f, 0x6e, 0x6d, 0x6c, 0x7c, 0x7b, 0x7a, 0x79, 0x78, 0x77, 0x76, 0x75,
    0x85, 0x84, 0x83, 0x82, 0x81, 0x80, 0x7e, 0x7d, 0x8d, 0x8c, 0x8b, 0x8a, 0x89, 0x88, 0x87, 0x86,
    0x96, 0x95, 0x94, 0x93, 0x92, 0x91, 0x90, 0x8f, 0x9f, 0x9e, 0x9d, 0x9b, 0x9a, 0x99, 0x98, 0x97,
    0xa7, 0xa6, 0xa5, 0xa4, 0xa3, 0xa2, 0xa1, 0xa0, 0xb0, 0xaf, 0xae, 0xad, 0xac, 0xab, 0xa9, 0xa8,
    0xb8, 0xb7, 0xb6, 0xb5, 0xb4, 0xb3, 0xb2, 0xb1, 0xc1, 0xc0, 0xbf, 0xbe, 0xbd, 0xbc, 0xbb, 0xba,
    0xca, 0xc9, 0xc8, 0xc6, 0xc5, 0xc4, 0xc3, 0xc2, 0xd2, 0xd1, 0xd0, 0xcf, 0xce, 0xcd, 0xcc, 0xcb,
    0xdb, 0xda, 0xd9, 0xd8, 0xd7, 0xd6, 0xd4, 0xd3, 0xe3, 0xe2, 0xe1, 0xe0, 0xdf, 0xde, 0xdd, 0xdc,
    0xec, 0xeb, 0xea, 0xe9, 0xe8, 0xe7, 0xe6, 0xe5, 0xf2, 0xf1, 0xf1, 0xf0, 0xef, 0xee, 0xed, 0xed,
    0xf9, 0xf8, 0xf7, 0xf6, 0xf5, 0xf5, 0xf4, 0xf3, 0xff, 0xfe, 0xfd, 0xfd, 0xfc, 0xfb, 0xfa, 0xf9,
//DISP_SCALE_COEFF_TABLE_DCE_NO_ECO_VIVID, 40_20_230_235.map
    0x04, 0x03, 0x03, 0x02, 0x02, 0x01, 0x01, 0x00, 0x08, 0x07, 0x07, 0x06, 0x06, 0x05, 0x05, 0x04,
    0x0c, 0x0b, 0x0b, 0x0a, 0x0a, 0x09, 0x09, 0x08, 0x10, 0x0f, 0x0f, 0x0e, 0x0e, 0x0d, 0x0d, 0x0c,
    0x14, 0x13, 0x13, 0x12, 0x12, 0x11, 0x11, 0x10, 0x1c, 0x1b, 0x1a, 0x19, 0x17, 0x16, 0x15, 0x14,
    0x25, 0x24, 0x23, 0x22, 0x20, 0x1f, 0x1e, 0x1d, 0x2e, 0x2d, 0x2c, 0x2b, 0x2a, 0x28, 0x27, 0x26,
    0x37, 0x36, 0x35, 0x34, 0x33, 0x31, 0x30, 0x2f, 0x40, 0x3f, 0x3e, 0x3d, 0x3c, 0x3a, 0x39, 0x38,
    0x49, 0x48, 0x47, 0x46, 0x45, 0x44, 0x42, 0x41, 0x52, 0x51, 0x50, 0x4f, 0x4e, 0x4d, 0x4b, 0x4a,
    0x5b, 0x5a, 0x59, 0x58, 0x57, 0x56, 0x55, 0x53, 0x64, 0x63, 0x62, 0x61, 0x60, 0x5f, 0x5e, 0x5c,
    0x6d, 0x6c, 0x6b, 0x6a, 0x69, 0x68, 0x67, 0x65, 0x76, 0x75, 0x74, 0x73, 0x72, 0x71, 0x70, 0x6f,
    0x80, 0x7e, 0x7d, 0x7c, 0x7b, 0x7a, 0x79, 0x78, 0x89, 0x87, 0x86, 0x85, 0x84, 0x83, 0x82, 0x81,
    0x92, 0x90, 0x8f, 0x8e, 0x8d, 0x8c, 0x8b, 0x8a, 0x9b, 0x9a, 0x98, 0x97, 0x96, 0x95, 0x94, 0x93,
    0xa4, 0xa3, 0xa1, 0xa0, 0x9f, 0x9e, 0x9d, 0x9c, 0xad, 0xac, 0xab, 0xa9, 0xa8, 0xa7, 0xa6, 0xa5,
    0xb6, 0xb5, 0xb4, 0xb2, 0xb1, 0xb0, 0xaf, 0xae, 0xbf, 0xbe, 0xbd, 0xbb, 0xba, 0xb9, 0xb8, 0xb7,
    0xc8, 0xc7, 0xc6, 0xc5, 0xc3, 0xc2, 0xc1, 0xc0, 0xd1, 0xd0, 0xcf, 0xce, 0xcc, 0xcb, 0xca, 0xc9,
    0xda, 0xd9, 0xd8, 0xd7, 0xd6, 0xd4, 0xd3, 0xd2, 0xe3, 0xe2, 0xe1, 0xe0, 0xdf, 0xdd, 0xdc, 0xdb,
    0xec, 0xeb, 0xea, 0xe9, 0xe8, 0xe6, 0xe5, 0xe4, 0xf2, 0xf1, 0xf1, 0xf0, 0xef, 0xee, 0xed, 0xed,
    0xf9, 0xf8, 0xf7, 0xf6, 0xf5, 0xf5, 0xf4, 0xf3, 0xff, 0xfe, 0xfd, 0xfd, 0xfc, 0xfb, 0xfa, 0xf9,
#endif
#if defined(CONFIG_MT_CHIP_SYMPHONY1) || defined(CONFIG_MT_CHIP_SYMPHONY2)
//SCALE_COEFF_TABLE_DCE; for 8BIT
    0x06, 0x05, 0x05, 0x04, 0x03, 0x02, 0x01, 0x00, 0x0e, 0x0d, 0x0c, 0x0b, 0x0a, 0x09, 0x08, 0x07,
    0x15, 0x14, 0x13, 0x12, 0x11, 0x10, 0x0f, 0x0e, 0x1d, 0x1c, 0x1b, 0x1a, 0x19, 0x18, 0x17, 0x16,
    0x25, 0x24, 0x23, 0x22, 0x21, 0x20, 0x1f, 0x1e, 0x2d, 0x2c, 0x2b, 0x2a, 0x29, 0x28, 0x27, 0x26,
    0x35, 0x34, 0x33, 0x32, 0x31, 0x30, 0x2f, 0x2e, 0x3d, 0x3c, 0x3b, 0x3a, 0x39, 0x38, 0x37, 0x36,
    0x45, 0x44, 0x43, 0x42, 0x41, 0x40, 0x3f, 0x3e, 0x4d, 0x4c, 0x4b, 0x4a, 0x49, 0x48, 0x47, 0x46,
    0x55, 0x54, 0x53, 0x52, 0x51, 0x50, 0x4f, 0x4e, 0x5e, 0x5d, 0x5c, 0x5b, 0x5a, 0x59, 0x57, 0x56,
    0x67, 0x66, 0x65, 0x63, 0x62, 0x61, 0x60, 0x5f, 0x6f, 0x6e, 0x6d, 0x6c, 0x6b, 0x6a, 0x69, 0x68,
    0x77, 0x76, 0x75, 0x74, 0x73, 0x72, 0x71, 0x70, 0x7f, 0x7e, 0x7d, 0x7c, 0x7b, 0x7a, 0x79, 0x78,
    0x87, 0x86, 0x85, 0x84, 0x83, 0x82, 0x81, 0x80, 0x8f, 0x8e, 0x8d, 0x8c, 0x8b, 0x8a, 0x89, 0x88,
    0x97, 0x96, 0x95, 0x94, 0x93, 0x92, 0x91, 0x90, 0xa0, 0x9f, 0x9e, 0x9d, 0x9c, 0x9a, 0x99, 0x98,
    0xa8, 0xa7, 0xa6, 0xa5, 0xa4, 0xa3, 0xa2, 0xa1, 0xb0, 0xaf, 0xae, 0xad, 0xac, 0xab, 0xaa, 0xa9,
    0xb8, 0xb7, 0xb6, 0xb5, 0xb4, 0xb3, 0xb2, 0xb1, 0xc0, 0xbf, 0xbe, 0xbd, 0xbc, 0xbb, 0xba, 0xb9,
    0xc8, 0xc7, 0xc6, 0xc5, 0xc4, 0xc3, 0xc2, 0xc1, 0xd0, 0xcf, 0xce, 0xcd, 0xcc, 0xcb, 0xca, 0xc9,
    0xd9, 0xd8, 0xd7, 0xd6, 0xd5, 0xd4, 0xd3, 0xd1, 0xe1, 0xe0, 0xdf, 0xde, 0xdd, 0xdc, 0xdb, 0xda,
    0xe9, 0xe8, 0xe7, 0xe6, 0xe5, 0xe4, 0xe3, 0xe2, 0xf1, 0xf0, 0xef, 0xee, 0xed, 0xec, 0xeb, 0xea,
    0xf8, 0xf7, 0xf6, 0xf5, 0xf4, 0xf3, 0xf2, 0xf2, 0xff, 0xfe, 0xfd, 0xfc, 0xfb, 0xfb, 0xfa, 0xf9,
#elif defined(CONFIG_MT_CHIP_SYMPHONY6)
//SCALE_COEFF_TABLE_DCE; for Symphony6 8BIT
    0x00, 0x01, 0x02, 0x03, 0x04, 0x05, 0x05, 0x06, 0x07, 0x08, 0x09, 0x0a, 0x0b, 0x0c, 0x0d, 0x0e,
    0x0e, 0x0f, 0x10, 0x11, 0x12, 0x13, 0x14, 0x15, 0x16, 0x17, 0x18, 0x19, 0x1a, 0x1b, 0x1c, 0x1d,
    0x1e, 0x1f, 0x20, 0x21, 0x22, 0x23, 0x24, 0x25, 0x26, 0x27, 0x28, 0x29, 0x2a, 0x2b, 0x2c, 0x2d,
    0x2e, 0x2f, 0x30, 0x31, 0x32, 0x33, 0x34, 0x35, 0x36, 0x37, 0x38, 0x39, 0x3a, 0x3b, 0x3c, 0x3d,
    0x3e, 0x3f, 0x40, 0x41, 0x42, 0x43, 0x44, 0x45, 0x46, 0x47, 0x48, 0x49, 0x4a, 0x4b, 0x4c, 0x4d,
    0x4e, 0x4f, 0x50, 0x51, 0x52, 0x53, 0x54, 0x55, 0x56, 0x57, 0x59, 0x5a, 0x5b, 0x5c, 0x5d, 0x5e,
    0x5f, 0x60, 0x61, 0x62, 0x63, 0x65, 0x66, 0x67, 0x68, 0x69, 0x6a, 0x6b, 0x6c, 0x6d, 0x6e, 0x6f,
    0x70, 0x71, 0x72, 0x73, 0x74, 0x75, 0x76, 0x77, 0x78, 0x79, 0x7a, 0x7b, 0x7c, 0x7d, 0x7e, 0x7f,
    0x80, 0x81, 0x82, 0x83, 0x84, 0x85, 0x86, 0x87, 0x88, 0x89, 0x8a, 0x8b, 0x8c, 0x8d, 0x8e, 0x8f,
    0x90, 0x91, 0x92, 0x93, 0x94, 0x95, 0x96, 0x97, 0x98, 0x99, 0x9a, 0x9c, 0x9d, 0x9e, 0x9f, 0xa0,
    0xa1, 0xa2, 0xa3, 0xa4, 0xa5, 0xa6, 0xa7, 0xa8, 0xa9, 0xaa, 0xab, 0xac, 0xad, 0xae, 0xaf, 0xb0,
    0xb1, 0xb2, 0xb3, 0xb4, 0xb5, 0xb6, 0xb7, 0xb8, 0xb9, 0xba, 0xbb, 0xbc, 0xbd, 0xbe, 0xbf, 0xc0,
    0xc1, 0xc2, 0xc3, 0xc4, 0xc5, 0xc6, 0xc7, 0xc8, 0xc9, 0xca, 0xcb, 0xcc, 0xcd, 0xce, 0xcf, 0xd0,
    0xd1, 0xd3, 0xd4, 0xd5, 0xd6, 0xd7, 0xd8, 0xd9, 0xda, 0xdb, 0xdc, 0xdd, 0xde, 0xdf, 0xe0, 0xe1,
    0xe2, 0xe3, 0xe4, 0xe5, 0xe6, 0xe7, 0xe8, 0xe9, 0xea, 0xeb, 0xec, 0xed, 0xee, 0xef, 0xf0, 0xf1,
    0xf2, 0xf2, 0xf3, 0xf4, 0xf5, 0xf6, 0xf7, 0xf8, 0xf9, 0xfa, 0xfb, 0xfb, 0xfc, 0xfd, 0xfe, 0xff,
 #endif
 #if defined(CONFIG_MT_CHIP_SYMPHONY4) || defined(CONFIG_MT_CHIP_SYMPHONY6)
//SCALE_COEFF_TABLE_DCE_10BIT
    0x00, 0x00, 0x00, 0x00, 0x00, 0x00, 0x00, 0x00, 0x01, 0x01, 0x01, 0x01, 0x01, 0x01, 0x01, 0x01,
    0x01, 0x01, 0x01, 0x01, 0x01, 0x01, 0x01, 0x01, 0x02, 0x02, 0x02, 0x02, 0x02, 0x02, 0x02, 0x02,
    0x03, 0x03, 0x03, 0x03, 0x03, 0x03, 0x03, 0x03, 0x03, 0x03, 0x03, 0x03, 0x03, 0x03, 0x03, 0x03,
    0x04, 0x04, 0x04, 0x04, 0x04, 0x04, 0x04, 0x04, 0x05, 0x05, 0x05, 0x05, 0x05, 0x05, 0x05, 0x05,
    0x05, 0x05, 0x05, 0x05, 0x05, 0x05, 0x05, 0x05, 0x06, 0x06, 0x06, 0x06, 0x06, 0x06, 0x06, 0x06,
    0x07, 0x07, 0x07, 0x07, 0x07, 0x07, 0x07, 0x07, 0x07, 0x07, 0x07, 0x07, 0x07, 0x07, 0x07, 0x07,
    0x08, 0x08, 0x08, 0x08, 0x08, 0x08, 0x08, 0x08, 0x09, 0x09, 0x09, 0x09, 0x09, 0x09, 0x09, 0x09,
    0x09, 0x09, 0x09, 0x09, 0x09, 0x09, 0x09, 0x09, 0x0A, 0x0A, 0x0A, 0x0A, 0x0A, 0x0A, 0x0A, 0x0A,
    0x0B, 0x0B, 0x0B, 0x0B, 0x0B, 0x0B, 0x0B, 0x0B, 0x0B, 0x0B, 0x0B, 0x0B, 0x0B, 0x0B, 0x0B, 0x0B,
    0x0C, 0x0C, 0x0C, 0x0C, 0x0C, 0x0C, 0x0C, 0x0C, 0x0D, 0x0D, 0x0D, 0x0D, 0x0D, 0x0D, 0x0D, 0x0D,
    0x0D, 0x0D, 0x0D, 0x0D, 0x0D, 0x0D, 0x0D, 0x0D, 0x0E, 0x0E, 0x0E, 0x0E, 0x0E, 0x0E, 0x0E, 0x0E,
    0x0F, 0x0F, 0x0F, 0x0F, 0x0F, 0x0F, 0x0F, 0x0F, 0x0F, 0x0F, 0x0F, 0x0F, 0x0F, 0x0F, 0x0F, 0x0F,
    0x10, 0x10, 0x10, 0x10, 0x10, 0x10, 0x10, 0x10, 0x11, 0x11, 0x11, 0x11, 0x11, 0x11, 0x11, 0x11,
    0x11, 0x11, 0x11, 0x11, 0x11, 0x11, 0x11, 0x11, 0x12, 0x12, 0x12, 0x12, 0x12, 0x12, 0x12, 0x12,
    0x13, 0x13, 0x13, 0x13, 0x13, 0x13, 0x13, 0x13, 0x13, 0x13, 0x13, 0x13, 0x13, 0x13, 0x13, 0x13,
    0x14, 0x14, 0x14, 0x14, 0x14, 0x14, 0x14, 0x14, 0x15, 0x15, 0x15, 0x15, 0x15, 0x15, 0x15, 0x15,
//SCALE_COEFF_TABLE_DCE_10BIT_1
    0x16, 0x16, 0x16, 0x16, 0x16, 0x16, 0x16, 0x16, 0x17, 0x17, 0x17, 0x17, 0x17, 0x17, 0x17, 0x17,
    0x18, 0x18, 0x18, 0x18, 0x18, 0x18, 0x18, 0x18, 0x19, 0x19, 0x19, 0x19, 0x19, 0x19, 0x19, 0x19,
    0x1A, 0x1A, 0x1A, 0x1A, 0x1A, 0x1A, 0x1A, 0x1A, 0x1C, 0x1C, 0x1C, 0x1C, 0x1C, 0x1C, 0x1C, 0x1C,
    0x1D, 0x1D, 0x1D, 0x1D, 0x1D, 0x1D, 0x1D, 0x1D, 0x1E, 0x1E, 0x1E, 0x1E, 0x1E, 0x1E, 0x1E, 0x1E,
    0x1F, 0x1F, 0x1F, 0x1F, 0x1F, 0x1F, 0x1F, 0x1F, 0x20, 0x20, 0x20, 0x20, 0x20, 0x20, 0x20, 0x20,
    0x21, 0x21, 0x21, 0x21, 0x21, 0x21, 0x21, 0x21, 0x22, 0x22, 0x22, 0x22, 0x22, 0x22, 0x22, 0x22,
    0x23, 0x23, 0x23, 0x23, 0x23, 0x23, 0x23, 0x23, 0x24, 0x24, 0x24, 0x24, 0x24, 0x24, 0x24, 0x24,
    0x25, 0x25, 0x25, 0x25, 0x25, 0x25, 0x25, 0x25, 0x26, 0x26, 0x26, 0x26, 0x26, 0x26, 0x26, 0x26,
    0x27, 0x27, 0x27, 0x27, 0x27, 0x27, 0x27, 0x27, 0x28, 0x28, 0x28, 0x28, 0x28, 0x28, 0x28, 0x28,
    0x2A, 0x2A, 0x2A, 0x2A, 0x2A, 0x2A, 0x2A, 0x2A, 0x2B, 0x2B, 0x2B, 0x2B, 0x2B, 0x2B, 0x2B, 0x2B,
    0x2C, 0x2C, 0x2C, 0x2C, 0x2C, 0x2C, 0x2C, 0x2C, 0x2D, 0x2D, 0x2D, 0x2D, 0x2D, 0x2D, 0x2D, 0x2D,
    0x2E, 0x2E, 0x2E, 0x2E, 0x2E, 0x2E, 0x2E, 0x2E, 0x2F, 0x2F, 0x2F, 0x2F, 0x2F, 0x2F, 0x2F, 0x2F,
    0x30, 0x30, 0x30, 0x30, 0x30, 0x30, 0x30, 0x30, 0x31, 0x31, 0x31, 0x31, 0x31, 0x31, 0x31, 0x31,
    0x32, 0x32, 0x32, 0x32, 0x32, 0x32, 0x32, 0x32, 0x33, 0x33, 0x33, 0x33, 0x33, 0x33, 0x33, 0x33,
    0x34, 0x34, 0x34, 0x34, 0x34, 0x34, 0x34, 0x34, 0x35, 0x35, 0x35, 0x35, 0x35, 0x35, 0x35, 0x35,
    0x36, 0x36, 0x36, 0x36, 0x36, 0x36, 0x36, 0x36, 0x37, 0x37, 0x37, 0x37, 0x37, 0x37, 0x37, 0x37,
//SCALE_COEFF_TABLE_DCE_10BIT_2
    0x39, 0x39, 0x39, 0x39, 0x39, 0x39, 0x39, 0x39, 0x3A, 0x3A, 0x3A, 0x3A, 0x3A, 0x3A, 0x3A, 0x3A,
    0x3B, 0x3B, 0x3B, 0x3B, 0x3B, 0x3B, 0x3B, 0x3B, 0x3C, 0x3C, 0x3C, 0x3C, 0x3C, 0x3C, 0x3C, 0x3C,
    0x3D, 0x3D, 0x3D, 0x3D, 0x3D, 0x3D, 0x3D, 0x3D, 0x3E, 0x3E, 0x3E, 0x3E, 0x3E, 0x3E, 0x3E, 0x3E,
    0x3F, 0x3F, 0x3F, 0x3F, 0x3F, 0x3F, 0x3F, 0x3F, 0x40, 0x40, 0x40, 0x40, 0x40, 0x40, 0x40, 0x40,
    0x41, 0x41, 0x41, 0x41, 0x41, 0x41, 0x41, 0x41, 0x42, 0x42, 0x42, 0x42, 0x42, 0x42, 0x42, 0x42,
    0x43, 0x43, 0x43, 0x43, 0x43, 0x43, 0x43, 0x43, 0x44, 0x44, 0x44, 0x44, 0x44, 0x44, 0x44, 0x44,
    0x45, 0x45, 0x45, 0x45, 0x45, 0x45, 0x45, 0x45, 0x47, 0x47, 0x47, 0x47, 0x47, 0x47, 0x47, 0x47,
    0x48, 0x48, 0x48, 0x48, 0x48, 0x48, 0x48, 0x48, 0x49, 0x49, 0x49, 0x49, 0x49, 0x49, 0x49, 0x49,
    0x4A, 0x4A, 0x4A, 0x4A, 0x4A, 0x4A, 0x4A, 0x4A, 0x4B, 0x4B, 0x4B, 0x4B, 0x4B, 0x4B, 0x4B, 0x4B,
    0x4C, 0x4C, 0x4C, 0x4C, 0x4C, 0x4C, 0x4C, 0x4C, 0x4D, 0x4D, 0x4D, 0x4D, 0x4D, 0x4D, 0x4D, 0x4D,
    0x4E, 0x4E, 0x4E, 0x4E, 0x4E, 0x4E, 0x4E, 0x4E, 0x4F, 0x4F, 0x4F, 0x4F, 0x4F, 0x4F, 0x4F, 0x4F,
    0x50, 0x50, 0x50, 0x50, 0x50, 0x50, 0x50, 0x50, 0x51, 0x51, 0x51, 0x51, 0x51, 0x51, 0x51, 0x51,
    0x52, 0x52, 0x52, 0x52, 0x52, 0x52, 0x52, 0x52, 0x53, 0x53, 0x53, 0x53, 0x53, 0x53, 0x53, 0x53,
    0x55, 0x55, 0x55, 0x55, 0x55, 0x55, 0x55, 0x55, 0x56, 0x56, 0x56, 0x56, 0x56, 0x56, 0x56, 0x56,
    0x57, 0x57, 0x57, 0x57, 0x57, 0x57, 0x57, 0x57, 0x58, 0x58, 0x58, 0x58, 0x58, 0x58, 0x58, 0x58,
    0x59, 0x59, 0x59, 0x59, 0x59, 0x59, 0x59, 0x59, 0x5A, 0x5A, 0x5A, 0x5A, 0x5A, 0x5A, 0x5A, 0x5A,
//SCALE_COEFF_TABLE_DCE_10BIT_3
    0x5B, 0x5B, 0x5B, 0x5B, 0x5B, 0x5B, 0x5B, 0x5B, 0x5C, 0x5C, 0x5C, 0x5C, 0x5C, 0x5C, 0x5C, 0x5C,
    0x5D, 0x5D, 0x5D, 0x5D, 0x5D, 0x5D, 0x5D, 0x5D, 0x5E, 0x5E, 0x5E, 0x5E, 0x5E, 0x5E, 0x5E, 0x5E,
    0x5F, 0x5F, 0x5F, 0x5F, 0x5F, 0x5F, 0x5F, 0x5F, 0x60, 0x60, 0x60, 0x60, 0x60, 0x60, 0x60, 0x60,
    0x61, 0x61, 0x61, 0x61, 0x61, 0x61, 0x61, 0x61, 0x62, 0x62, 0x62, 0x62, 0x62, 0x62, 0x62, 0x62,
    0x64, 0x64, 0x64, 0x64, 0x64, 0x64, 0x64, 0x64, 0x65, 0x65, 0x65, 0x65, 0x65, 0x65, 0x65, 0x65,
    0x66, 0x66, 0x66, 0x66, 0x66, 0x66, 0x66, 0x66, 0x67, 0x67, 0x67, 0x67, 0x67, 0x67, 0x67, 0x67,
    0x68, 0x68, 0x68, 0x68, 0x68, 0x68, 0x68, 0x68, 0x69, 0x69, 0x69, 0x69, 0x69, 0x69, 0x69, 0x69,
    0x6A, 0x6A, 0x6A, 0x6A, 0x6A, 0x6A, 0x6A, 0x6A, 0x6B, 0x6B, 0x6B, 0x6B, 0x6B, 0x6B, 0x6B, 0x6B,
    0x6C, 0x6C, 0x6C, 0x6C, 0x6C, 0x6C, 0x6C, 0x6C, 0x6D, 0x6D, 0x6D, 0x6D, 0x6D, 0x6D, 0x6D, 0x6D,
    0x6E, 0x6E, 0x6E, 0x6E, 0x6E, 0x6E, 0x6E, 0x6E, 0x6F, 0x6F, 0x6F, 0x6F, 0x6F, 0x6F, 0x6F, 0x6F,
    0x70, 0x70, 0x70, 0x70, 0x70, 0x70, 0x70, 0x70, 0x72, 0x72, 0x72, 0x72, 0x72, 0x72, 0x72, 0x72,
    0x73, 0x73, 0x73, 0x73, 0x73, 0x73, 0x73, 0x73, 0x74, 0x74, 0x74, 0x74, 0x74, 0x74, 0x74, 0x74,
    0x75, 0x75, 0x75, 0x75, 0x75, 0x75, 0x75, 0x75, 0x76, 0x76, 0x76, 0x76, 0x76, 0x76, 0x76, 0x76,
    0x77, 0x77, 0x77, 0x77, 0x77, 0x77, 0x77, 0x77, 0x78, 0x78, 0x78, 0x78, 0x78, 0x78, 0x78, 0x78,
    0x79, 0x79, 0x79, 0x79, 0x79, 0x79, 0x79, 0x79, 0x7A, 0x7A, 0x7A, 0x7A, 0x7A, 0x7A, 0x7A, 0x7A,
    0x7B, 0x7B, 0x7B, 0x7B, 0x7B, 0x7B, 0x7B, 0x7B, 0x7C, 0x7C, 0x7C, 0x7C, 0x7C, 0x7C, 0x7C, 0x7C,
//SCALE_COEFF_TABLE_DCE_10BIT_4
    0x7D, 0x7D, 0x7D, 0x7D, 0x7D, 0x7D, 0x7D, 0x7D, 0x7E, 0x7E, 0x7E, 0x7E, 0x7E, 0x7E, 0x7E, 0x7E,
    0x80, 0x80, 0x80, 0x80, 0x80, 0x80, 0x80, 0x80, 0x81, 0x81, 0x81, 0x81, 0x81, 0x81, 0x81, 0x81,
    0x82, 0x82, 0x82, 0x82, 0x82, 0x82, 0x82, 0x82, 0x83, 0x83, 0x83, 0x83, 0x83, 0x83, 0x83, 0x83,
    0x84, 0x84, 0x84, 0x84, 0x84, 0x84, 0x84, 0x84, 0x85, 0x85, 0x85, 0x85, 0x85, 0x85, 0x85, 0x85,
    0x86, 0x86, 0x86, 0x86, 0x86, 0x86, 0x86, 0x86, 0x87, 0x87, 0x87, 0x87, 0x87, 0x87, 0x87, 0x87,
    0x88, 0x88, 0x88, 0x88, 0x88, 0x88, 0x88, 0x88, 0x89, 0x89, 0x89, 0x89, 0x89, 0x89, 0x89, 0x89,
    0x8A, 0x8A, 0x8A, 0x8A, 0x8A, 0x8A, 0x8A, 0x8A, 0x8B, 0x8B, 0x8B, 0x8B, 0x8B, 0x8B, 0x8B, 0x8B,
    0x8C, 0x8C, 0x8C, 0x8C, 0x8C, 0x8C, 0x8C, 0x8C, 0x8D, 0x8D, 0x8D, 0x8D, 0x8D, 0x8D, 0x8D, 0x8D,
    0x8F, 0x8F, 0x8F, 0x8F, 0x8F, 0x8F, 0x8F, 0x8F, 0x90, 0x90, 0x90, 0x90, 0x90, 0x90, 0x90, 0x90,
    0x91, 0x91, 0x91, 0x91, 0x91, 0x91, 0x91, 0x91, 0x92, 0x92, 0x92, 0x92, 0x92, 0x92, 0x92, 0x92,
    0x93, 0x93, 0x93, 0x93, 0x93, 0x93, 0x93, 0x93, 0x94, 0x94, 0x94, 0x94, 0x94, 0x94, 0x94, 0x94,
    0x95, 0x95, 0x95, 0x95, 0x95, 0x95, 0x95, 0x95, 0x96, 0x96, 0x96, 0x96, 0x96, 0x96, 0x96, 0x96,
    0x97, 0x97, 0x97, 0x97, 0x97, 0x97, 0x97, 0x97, 0x98, 0x98, 0x98, 0x98, 0x98, 0x98, 0x98, 0x98,
    0x99, 0x99, 0x99, 0x99, 0x99, 0x99, 0x99, 0x99, 0x9A, 0x9A, 0x9A, 0x9A, 0x9A, 0x9A, 0x9A, 0x9A,
    0x9B, 0x9B, 0x9B, 0x9B, 0x9B, 0x9B, 0x9B, 0x9B, 0x9D, 0x9D, 0x9D, 0x9D, 0x9D, 0x9D, 0x9D, 0x9D,
    0x9E, 0x9E, 0x9E, 0x9E, 0x9E, 0x9E, 0x9E, 0x9E, 0x9F, 0x9F, 0x9F, 0x9F, 0x9F, 0x9F, 0x9F, 0x9F,
//SCALE_COEFF_TABLE_DCE_10BIT_5
    0xA0, 0xA0, 0xA0, 0xA0, 0xA0, 0xA0, 0xA0, 0xA0, 0xA1, 0xA1, 0xA1, 0xA1, 0xA1, 0xA1, 0xA1, 0xA1,
    0xA2, 0xA2, 0xA2, 0xA2, 0xA2, 0xA2, 0xA2, 0xA2, 0xA3, 0xA3, 0xA3, 0xA3, 0xA3, 0xA3, 0xA3, 0xA3,
    0xA4, 0xA4, 0xA4, 0xA4, 0xA4, 0xA4, 0xA4, 0xA4, 0xA5, 0xA5, 0xA5, 0xA5, 0xA5, 0xA5, 0xA5, 0xA5,
    0xA6, 0xA6, 0xA6, 0xA6, 0xA6, 0xA6, 0xA6, 0xA6, 0xA7, 0xA7, 0xA7, 0xA7, 0xA7, 0xA7, 0xA7, 0xA7,
    0xA8, 0xA8, 0xA8, 0xA8, 0xA8, 0xA8, 0xA8, 0xA8, 0xA9, 0xA9, 0xA9, 0xA9, 0xA9, 0xA9, 0xA9, 0xA9,
    0xAB, 0xAB, 0xAB, 0xAB, 0xAB, 0xAB, 0xAB, 0xAB, 0xAC, 0xAC, 0xAC, 0xAC, 0xAC, 0xAC, 0xAC, 0xAC,
    0xAD, 0xAD, 0xAD, 0xAD, 0xAD, 0xAD, 0xAD, 0xAD, 0xAE, 0xAE, 0xAE, 0xAE, 0xAE, 0xAE, 0xAE, 0xAE,
    0xAF, 0xAF, 0xAF, 0xAF, 0xAF, 0xAF, 0xAF, 0xAF, 0xB0, 0xB0, 0xB0, 0xB0, 0xB0, 0xB0, 0xB0, 0xB0,
    0xB1, 0xB1, 0xB1, 0xB1, 0xB1, 0xB1, 0xB1, 0xB1, 0xB2, 0xB2, 0xB2, 0xB2, 0xB2, 0xB2, 0xB2, 0xB2,
    0xB3, 0xB3, 0xB3, 0xB3, 0xB3, 0xB3, 0xB3, 0xB3, 0xB4, 0xB4, 0xB4, 0xB4, 0xB4, 0xB4, 0xB4, 0xB4,
    0xB5, 0xB5, 0xB5, 0xB5, 0xB5, 0xB5, 0xB5, 0xB5, 0xB6, 0xB6, 0xB6, 0xB6, 0xB6, 0xB6, 0xB6, 0xB6,
    0xB7, 0xB7, 0xB7, 0xB7, 0xB7, 0xB7, 0xB7, 0xB7, 0xB8, 0xB8, 0xB8, 0xB8, 0xB8, 0xB8, 0xB8, 0xB8,
    0xBA, 0xBA, 0xBA, 0xBA, 0xBA, 0xBA, 0xBA, 0xBA, 0xBB, 0xBB, 0xBB, 0xBB, 0xBB, 0xBB, 0xBB, 0xBB,
    0xBC, 0xBC, 0xBC, 0xBC, 0xBC, 0xBC, 0xBC, 0xBC, 0xBD, 0xBD, 0xBD, 0xBD, 0xBD, 0xBD, 0xBD, 0xBD,
    0xBE, 0xBE, 0xBE, 0xBE, 0xBE, 0xBE, 0xBE, 0xBE, 0xBF, 0xBF, 0xBF, 0xBF, 0xBF, 0xBF, 0xBF, 0xBF,
    0xC0, 0xC0, 0xC0, 0xC0, 0xC0, 0xC0, 0xC0, 0xC0, 0xC1, 0xC1, 0xC1, 0xC1, 0xC1, 0xC1, 0xC1, 0xC1,
//SCALE_COEFF_TABLE_DCE_10BIT_6
    0xC2, 0xC2, 0xC2, 0xC2, 0xC2, 0xC2, 0xC2, 0xC2, 0xC3, 0xC3, 0xC3, 0xC3, 0xC3, 0xC3, 0xC3, 0xC3,
    0xC4, 0xC4, 0xC4, 0xC4, 0xC4, 0xC4, 0xC4, 0xC4, 0xC5, 0xC5, 0xC5, 0xC5, 0xC5, 0xC5, 0xC5, 0xC5,
    0xC6, 0xC6, 0xC6, 0xC6, 0xC6, 0xC6, 0xC6, 0xC6, 0xC8, 0xC8, 0xC8, 0xC8, 0xC8, 0xC8, 0xC8, 0xC8,
    0xC9, 0xC9, 0xC9, 0xC9, 0xC9, 0xC9, 0xC9, 0xC9, 0xCA, 0xCA, 0xCA, 0xCA, 0xCA, 0xCA, 0xCA, 0xCA,
    0xCB, 0xCB, 0xCB, 0xCB, 0xCB, 0xCB, 0xCB, 0xCB, 0xCC, 0xCC, 0xCC, 0xCC, 0xCC, 0xCC, 0xCC, 0xCC,
    0xCD, 0xCD, 0xCD, 0xCD, 0xCD, 0xCD, 0xCD, 0xCD, 0xCE, 0xCE, 0xCE, 0xCE, 0xCE, 0xCE, 0xCE, 0xCE,
    0xCF, 0xCF, 0xCF, 0xCF, 0xCF, 0xCF, 0xCF, 0xCF, 0xD0, 0xD0, 0xD0, 0xD0, 0xD0, 0xD0, 0xD0, 0xD0,
    0xD1, 0xD1, 0xD1, 0xD1, 0xD1, 0xD1, 0xD1, 0xD1, 0xD2, 0xD2, 0xD2, 0xD2, 0xD2, 0xD2, 0xD2, 0xD2,
    0xD3, 0xD3, 0xD3, 0xD3, 0xD3, 0xD3, 0xD3, 0xD3, 0xD4, 0xD4, 0xD4, 0xD4, 0xD4, 0xD4, 0xD4, 0xD4,
    0xD6, 0xD6, 0xD6, 0xD6, 0xD6, 0xD6, 0xD6, 0xD6, 0xD7, 0xD7, 0xD7, 0xD7, 0xD7, 0xD7, 0xD7, 0xD7,
    0xD8, 0xD8, 0xD8, 0xD8, 0xD8, 0xD8, 0xD8, 0xD8, 0xD9, 0xD9, 0xD9, 0xD9, 0xD9, 0xD9, 0xD9, 0xD9,
    0xDA, 0xDA, 0xDA, 0xDA, 0xDA, 0xDA, 0xDA, 0xDA, 0xDB, 0xDB, 0xDB, 0xDB, 0xDB, 0xDB, 0xDB, 0xDB,
    0xDC, 0xDC, 0xDC, 0xDC, 0xDC, 0xDC, 0xDC, 0xDC, 0xDD, 0xDD, 0xDD, 0xDD, 0xDD, 0xDD, 0xDD, 0xDD,
    0xDE, 0xDE, 0xDE, 0xDE, 0xDE, 0xDE, 0xDE, 0xDE, 0xDF, 0xDF, 0xDF, 0xDF, 0xDF, 0xDF, 0xDF, 0xDF,
    0xE0, 0xE0, 0xE0, 0xE0, 0xE0, 0xE0, 0xE0, 0xE0, 0xE1, 0xE1, 0xE1, 0xE1, 0xE1, 0xE1, 0xE1, 0xE1,
    0xE2, 0xE2, 0xE2, 0xE2, 0xE2, 0xE2, 0xE2, 0xE2, 0xE3, 0xE3, 0xE3, 0xE3, 0xE3, 0xE3, 0xE3, 0xE3,
//SCALE_COEFF_TABLE_DCE_10BIT_7
    0xE5, 0xE5, 0xE5, 0xE5, 0xE5, 0xE5, 0xE5, 0xE5, 0xE6, 0xE6, 0xE6, 0xE6, 0xE6, 0xE6, 0xE6, 0xE6,
    0xE7, 0xE7, 0xE7, 0xE7, 0xE7, 0xE7, 0xE7, 0xE7, 0xE8, 0xE8, 0xE8, 0xE8, 0xE8, 0xE8, 0xE8, 0xE8,
    0xE9, 0xE9, 0xE9, 0xE9, 0xE9, 0xE9, 0xE9, 0xE9, 0xEA, 0xEA, 0xEA, 0xEA, 0xEA, 0xEA, 0xEA, 0xEA,
    0xEB, 0xEB, 0xEB, 0xEB, 0xEB, 0xEB, 0xEB, 0xEB, 0xEC, 0xEC, 0xEC, 0xEC, 0xEC, 0xEC, 0xEC, 0xEC,
    0xED, 0xED, 0xED, 0xED, 0xED, 0xED, 0xED, 0xED, 0xED, 0xED, 0xED, 0xED, 0xED, 0xED, 0xED, 0xED,
    0xEE, 0xEE, 0xEE, 0xEE, 0xEE, 0xEE, 0xEE, 0xEE, 0xEF, 0xEF, 0xEF, 0xEF, 0xEF, 0xEF, 0xEF, 0xEF,
    0xF0, 0xF0, 0xF0, 0xF0, 0xF0, 0xF0, 0xF0, 0xF0, 0xF1, 0xF1, 0xF1, 0xF1, 0xF1, 0xF1, 0xF1, 0xF1,
    0xF1, 0xF1, 0xF1, 0xF1, 0xF1, 0xF1, 0xF1, 0xF1, 0xF2, 0xF2, 0xF2, 0xF2, 0xF2, 0xF2, 0xF2, 0xF2,
    0xF3, 0xF3, 0xF3, 0xF3, 0xF3, 0xF3, 0xF3, 0xF3, 0xF4, 0xF4, 0xF4, 0xF4, 0xF4, 0xF4, 0xF4, 0xF4,
    0xF5, 0xF5, 0xF5, 0xF5, 0xF5, 0xF5, 0xF5, 0xF5, 0xF5, 0xF5, 0xF5, 0xF5, 0xF5, 0xF5, 0xF5, 0xF5,
    0xF6, 0xF6, 0xF6, 0xF6, 0xF6, 0xF6, 0xF6, 0xF6, 0xF7, 0xF7, 0xF7, 0xF7, 0xF7, 0xF7, 0xF7, 0xF7,
    0xF8, 0xF8, 0xF8, 0xF8, 0xF8, 0xF8, 0xF8, 0xF8, 0xF9, 0xF9, 0xF9, 0xF9, 0xF9, 0xF9, 0xF9, 0xF9,
    0xF9, 0xF9, 0xF9, 0xF9, 0xF9, 0xF9, 0xF9, 0xF9, 0xFA, 0xFA, 0xFA, 0xFA, 0xFA, 0xFA, 0xFA, 0xFA,
    0xFB, 0xFB, 0xFB, 0xFB, 0xFB, 0xFB, 0xFB, 0xFB, 0xFC, 0xFC, 0xFC, 0xFC, 0xFC, 0xFC, 0xFC, 0xFC,
    0xFD, 0xFD, 0xFD, 0xFD, 0xFD, 0xFD, 0xFD, 0xFD, 0xFD, 0xFD, 0xFD, 0xFD, 0xFD, 0xFD, 0xFD, 0xFD,
    0xFE, 0xFE, 0xFE, 0xFE, 0xFE, 0xFE, 0xFE, 0xFE, 0xFF, 0xFF, 0xFF, 0xFF, 0xFF, 0xFF, 0xFF, 0xFF,
#endif
//SCALE_COEFF_TABLE_OSD_CUBIC
    0x00, 0x00, 0x00, 0x00, 0x10, 0xE0, 0x1F, 0x00, 0x00, 0x00, 0x00, 0xF8, 0x7F, 0xE0, 0xDF, 0x7E,
    0x00, 0x00, 0x00, 0xF0, 0xDF, 0xC0, 0xDF, 0x7D, 0x00, 0x00, 0x00, 0xE8, 0x5F, 0x61, 0xDF, 0x7C,
    0x00, 0x00, 0x00, 0xE0, 0xEF, 0xE1, 0xDE, 0x7B, 0x00, 0x00, 0x00, 0xD0, 0x6F, 0x62, 0x5E, 0x7B,
    0x00, 0x00, 0x00, 0xC0, 0x1F, 0xA3, 0x9D, 0x7A, 0x00, 0x00, 0x00, 0xB8, 0xAF, 0xE3, 0x1C, 0x7A,
    0x00, 0x00, 0x00, 0xA8, 0x4F, 0x04, 0xDC, 0x79, 0x00, 0x00, 0x00, 0x98, 0xFF, 0x04, 0x9B, 0x79,
    0x00, 0x00, 0x00, 0x88, 0xAF, 0x05, 0x5A, 0x79, 0x00, 0x00, 0x00, 0x80, 0x4F, 0xE6, 0x58, 0x79,
    0x00, 0x00, 0x00, 0x70, 0xFF, 0xC6, 0x57, 0x79, 0x00, 0x00, 0x00, 0x60, 0xBF, 0x87, 0x56, 0x79,
    0x00, 0x00, 0x00, 0x58, 0x5F, 0x48, 0x95, 0x79, 0x00, 0x00, 0x00, 0x48, 0x0F, 0x09, 0xD4, 0x79,
    0x00, 0x00, 0x00, 0x40, 0x8F, 0x09, 0x13, 0x7A, 0x00, 0x00, 0x00, 0x38, 0x0F, 0x0A, 0x52, 0x7A,
    0x00, 0x00, 0x00, 0x30, 0xAF, 0xAA, 0xD0, 0x7A, 0x00, 0x00, 0x00, 0x28, 0x4F, 0x6B, 0x0F, 0x7B,
    0x00, 0x00, 0x00, 0x28, 0xEF, 0xEB, 0x8D, 0x7B, 0x00, 0x00, 0x00, 0x28, 0x7F, 0x8C, 0x0C, 0x7C,
    0x00, 0x00, 0x00, 0x28, 0x0F, 0x4D, 0x4B, 0x7C, 0x00, 0x00, 0x00, 0x30, 0x8F, 0xED, 0xC9, 0x7C,
    0x00, 0x00, 0x00, 0x38, 0x0F, 0x8E, 0x48, 0x7D, 0x00, 0x00, 0x00, 0x40, 0x7F, 0x4E, 0xC7, 0x7D,
    0x00, 0x00, 0x00, 0x50, 0xDF, 0x2E, 0x06, 0x7E, 0x00, 0x00, 0x00, 0x68, 0x3F, 0xCF, 0x84, 0x7E,
    0x00, 0x00, 0x00, 0x78, 0x7F, 0xCF, 0x03, 0x7F, 0x00, 0x00, 0x00, 0x98, 0xBF, 0xAF, 0x42, 0x7F,
    0x00, 0x00, 0x00, 0xB8, 0xEF, 0xAF, 0x81, 0x7F, 0x00, 0x00, 0x00, 0xD8, 0xFF, 0xEF, 0xC0, 0x7F,
//SCALE_COEFF_TABLE_ZERO
    0x00, 0x00, 0x00, 0x00, 0x00, 0x00, 0x00, 0x00, 0x00, 0x00, 0x00, 0x00, 0x00, 0x00, 0x00, 0x00,
    0x00, 0x00, 0x00, 0x00, 0x00, 0x00, 0x00, 0x00, 0x00, 0x00, 0x00, 0x00, 0x00, 0x00, 0x00, 0x00,
    0x00, 0x00, 0x00, 0x00, 0x00, 0x00, 0x00, 0x00, 0x00, 0x00, 0x00, 0x00, 0x00, 0x00, 0x00, 0x00,
    0x00, 0x00, 0x00, 0x00, 0x00, 0x00, 0x00, 0x00, 0x00, 0x00, 0x00, 0x00, 0x00, 0x00, 0x00, 0x00,
    0x00, 0x00, 0x00, 0x00, 0x00, 0x00, 0x00, 0x00, 0x00, 0x00, 0x00, 0x00, 0x00, 0x00, 0x00, 0x00,
    0x00, 0x00, 0x00, 0x00, 0x00, 0x00, 0x00, 0x00, 0x00, 0x00, 0x00, 0x00, 0x00, 0x00, 0x00, 0x00,
    0x00, 0x00, 0x00, 0x00, 0x00, 0x00, 0x00, 0x00, 0x00, 0x00, 0x00, 0x00, 0x00, 0x00, 0x00, 0x00,
    0x00, 0x00, 0x00, 0x00, 0x00, 0x00, 0x00, 0x00, 0x00, 0x00, 0x00, 0x00, 0x00, 0x00, 0x00, 0x00,
    0x00, 0x00, 0x00, 0x00, 0x00, 0x00, 0x00, 0x00, 0x00, 0x00, 0x00, 0x00, 0x00, 0x00, 0x00, 0x00,
    0x00, 0x00, 0x00, 0x00, 0x00, 0x00, 0x00, 0x00, 0x00, 0x00, 0x00, 0x00, 0x00, 0x00, 0x00, 0x00,
    0x00, 0x00, 0x00, 0x00, 0x00, 0x00, 0x00, 0x00, 0x00, 0x00, 0x00, 0x00, 0x00, 0x00, 0x00, 0x00,
    0x00, 0x00, 0x00, 0x00, 0x00, 0x00, 0x00, 0x00, 0x00, 0x00, 0x00, 0x00, 0x00, 0x00, 0x00, 0x00,
    0x00, 0x00, 0x00, 0x00, 0x00, 0x00, 0x00, 0x00, 0x00, 0x00, 0x00, 0x00, 0x00, 0x00, 0x00, 0x00,
    0x00, 0x00, 0x00, 0x00, 0x00, 0x00, 0x00, 0x00, 0x00, 0x00, 0x00, 0x00, 0x00, 0x00, 0x00, 0x00,
    0x00, 0x00, 0x00, 0x00, 0x00, 0x00, 0x00, 0x00, 0x00, 0x00, 0x00, 0x00, 0x00, 0x00, 0x00, 0x00,
    0x00, 0x00, 0x00, 0x00, 0x00, 0x00, 0x00, 0x00, 0x00, 0x00, 0x00, 0x00, 0x00, 0x00, 0x00, 0x00,
//DISP_SCALE_COEFF_TABLE_7_TAP_1
    0x00, 0x00, 0xa8, 0x60, 0xa5, 0x02, 0x00, 0x00, 0x00, 0x00, 0xb8, 0x58, 0x75, 0x02, 0x00, 0x00,
    0x00, 0x00, 0xcc, 0x50, 0x35, 0x02, 0x00, 0x00, 0x00, 0x00, 0xdc, 0x48, 0x05, 0x02, 0x00, 0x00,
    0x00, 0x00, 0xf0, 0x38, 0xd5, 0x01, 0x00, 0x00, 0x00, 0x00, 0x04, 0x29, 0xa5, 0x01, 0x00, 0x00,
    0x00, 0x00, 0x18, 0x19, 0x75, 0x01, 0x00, 0x00, 0x00, 0x00, 0x2c, 0x01, 0x55, 0x01, 0x00, 0x00,
    0x00, 0x00, 0x44, 0xe9, 0x24, 0x01, 0x00, 0x00, 0x00, 0x02, 0x58, 0xc9, 0x04, 0x01, 0x00, 0x00,
    0x00, 0x02, 0x6c, 0xb1, 0xe4, 0x00, 0x00, 0x00, 0x00, 0x04, 0x80, 0x91, 0xc4, 0x00, 0x00, 0x00,
    0x00, 0x04, 0x98, 0x71, 0xa4, 0x00, 0x00, 0x00, 0x00, 0x06, 0xac, 0x49, 0x94, 0x00, 0x00, 0x00,
    0x00, 0x06, 0xc4, 0x21, 0x84, 0x00, 0x00, 0x00, 0x00, 0x08, 0xd8, 0x01, 0x64, 0x00, 0x00, 0x00,
    0x00, 0x0a, 0xec, 0xd9, 0x53, 0x00, 0x00, 0x00, 0x00, 0x0c, 0x00, 0xb2, 0x43, 0x00, 0x00, 0x00,
    0x00, 0x10, 0x10, 0x8a, 0x33, 0x00, 0x00, 0x00, 0x00, 0x12, 0x24, 0x5a, 0x33, 0x00, 0x00, 0x00,
    0x00, 0x14, 0x38, 0x32, 0x23, 0x00, 0x00, 0x00, 0x00, 0x18, 0x48, 0x02, 0x23, 0x00, 0x00, 0x00,
    0x00, 0x1c, 0x58, 0xda, 0x12, 0x00, 0x00, 0x00, 0x00, 0x20, 0x64, 0xb2, 0x12, 0x00, 0x00, 0x00,
    0x00, 0x24, 0x74, 0x8a, 0x02, 0x00, 0x00, 0x00, 0x00, 0x2a, 0x80, 0x5a, 0x02, 0x00, 0x00, 0x00,
    0x00, 0x2e, 0x8c, 0x32, 0x02, 0x00, 0x00, 0x00, 0x00, 0x34, 0x94, 0x0a, 0x02, 0x00, 0x00, 0x00,
    0x00, 0x3a, 0x9c, 0xe2, 0x01, 0x00, 0x00, 0x00, 0x00, 0x40, 0xa4, 0xba, 0x01, 0x00, 0x00, 0x00,
    0x00, 0x46, 0xa8, 0x9a, 0x01, 0x00, 0x00, 0x00, 0x00, 0x4e, 0xac, 0x72, 0x01, 0x00, 0x00, 0x00,
//DISP_SCALE_COEFF_TABLE_7_TAP_2
    0x00, 0x06, 0xdc, 0x78, 0x74, 0x03, 0x00, 0x00, 0x00, 0x08, 0xe8, 0x70, 0x44, 0x03, 0x00, 0x00,
    0x00, 0x08, 0xf4, 0x70, 0x14, 0x03, 0x00, 0x00, 0x00, 0x08, 0x04, 0x69, 0xe4, 0x02, 0x00, 0x00,
    0x00, 0x0a, 0x10, 0x61, 0xb4, 0x02, 0x00, 0x00, 0x00, 0x0c, 0x1c, 0x59, 0x84, 0x02, 0x00, 0x00,
    0x00, 0x0c, 0x30, 0x49, 0x54, 0x02, 0x00, 0x00, 0x00, 0x10, 0x3c, 0x39, 0x24, 0x02, 0x00, 0x00,
    0x00, 0x10, 0x4c, 0x29, 0x04, 0x02, 0x00, 0x00, 0x00, 0x12, 0x58, 0x19, 0xe4, 0x01, 0x00, 0x00,
    0x00, 0x12, 0x68, 0x09, 0xc4, 0x01, 0x00, 0x00, 0x00, 0x14, 0x78, 0xf9, 0x93, 0x01, 0x00, 0x00,
    0x00, 0x16, 0x84, 0xe9, 0x73, 0x01, 0x00, 0x00, 0x00, 0x1a, 0x94, 0xc9, 0x53, 0x01, 0x00, 0x00,
    0x00, 0x1c, 0xa4, 0xb1, 0x33, 0x01, 0x00, 0x00, 0x00, 0x1e, 0xb0, 0x99, 0x23, 0x01, 0x00, 0x00,
    0x00, 0x22, 0xbc, 0x79, 0x13, 0x01, 0x00, 0x00, 0x00, 0x24, 0xcc, 0x61, 0xf3, 0x00, 0x00, 0x00,
    0x00, 0x26, 0xd8, 0x49, 0xe3, 0x00, 0x00, 0x00, 0x00, 0x2a, 0xe4, 0x29, 0xd3, 0x00, 0x00, 0x00,
    0x00, 0x2e, 0xf0, 0x11, 0xb3, 0x00, 0x00, 0x00, 0x00, 0x32, 0xf8, 0xf9, 0xa2, 0x00, 0x00, 0x00,
    0x00, 0x36, 0x04, 0xda, 0x92, 0x00, 0x00, 0x00, 0x00, 0x3c, 0x0c, 0xba, 0x82, 0x00, 0x00, 0x00,
    0x00, 0x40, 0x14, 0x9a, 0x82, 0x00, 0x00, 0x00, 0x00, 0x44, 0x1c, 0x82, 0x72, 0x00, 0x00, 0x00,
    0x00, 0x4a, 0x24, 0x62, 0x62, 0x00, 0x00, 0x00, 0x00, 0x50, 0x2c, 0x42, 0x52, 0x00, 0x00, 0x00,
    0x00, 0x54, 0x30, 0x2a, 0x52, 0x00, 0x00, 0x00, 0x00, 0x5c, 0x34, 0x0a, 0x42, 0x00, 0x00, 0x00,
    0x00, 0x62, 0x38, 0xea, 0x41, 0x00, 0x00, 0x00, 0x00, 0x68, 0x38, 0xd2, 0x41, 0x00, 0x00, 0x00,
//DISP_SCALE_COEFF_TABLE_7_TAP_3
    0x00, 0x00, 0x54, 0xb0, 0x56, 0x01, 0x00, 0x00, 0x00, 0xf4, 0x7b, 0xa8, 0x36, 0x01, 0x00, 0x00,
    0x00, 0xf2, 0x93, 0xa8, 0xe6, 0x00, 0x00, 0x00, 0x00, 0xf0, 0xaf, 0xa0, 0x96, 0x00, 0x00, 0x00,
    0x00, 0xee, 0xcb, 0x90, 0x56, 0x00, 0x00, 0x00, 0x00, 0xec, 0xe7, 0x80, 0x16, 0x00, 0x00, 0x00,
    0x00, 0xea, 0x07, 0x69, 0xd6, 0x1f, 0x00, 0x00, 0x00, 0xe6, 0x27, 0x51, 0xa6, 0x1f, 0x00, 0x00,
    0x00, 0xe4, 0x47, 0x31, 0x76, 0x1f, 0x00, 0x00, 0x00, 0xe2, 0x67, 0x09, 0x56, 0x1f, 0x00, 0x00,
    0x00, 0xe0, 0x87, 0xe1, 0x35, 0x1f, 0x00, 0x00, 0x00, 0xde, 0xab, 0xb1, 0x15, 0x1f, 0x00, 0x00,
    0x00, 0xde, 0xcb, 0x81, 0xf5, 0x1e, 0x00, 0x00, 0x00, 0xdc, 0xef, 0x49, 0xe5, 0x1e, 0x00, 0x00,
    0x00, 0xda, 0x0f, 0x12, 0xe5, 0x1e, 0x00, 0x00, 0x00, 0xda, 0x2f, 0xda, 0xd4, 0x1e, 0x00, 0x00,
    0x00, 0xda, 0x4f, 0x9a, 0xd4, 0x1e, 0x00, 0x00, 0x00, 0xda, 0x6f, 0x5a, 0xd4, 0x1e, 0x00, 0x00,
    0x00, 0xdc, 0x8b, 0x1a, 0xd4, 0x1e, 0x00, 0x00, 0x00, 0xdc, 0xa7, 0xda, 0xe3, 0x1e, 0x00, 0x00,
    0x00, 0xde, 0xc3, 0x92, 0xf3, 0x1e, 0x00, 0x00, 0x00, 0xe2, 0xdb, 0x52, 0xf3, 0x1e, 0x00, 0x00,
    0x00, 0xe6, 0xf3, 0x0a, 0x03, 0x1f, 0x00, 0x00, 0x00, 0xea, 0x07, 0xcb, 0x12, 0x1f, 0x00, 0x00,
    0x00, 0xee, 0x1b, 0x8b, 0x22, 0x1f, 0x00, 0x00, 0x00, 0xf4, 0x2b, 0x4b, 0x32, 0x1f, 0x00, 0x00,
    0x00, 0xfa, 0x37, 0x0b, 0x52, 0x1f, 0x00, 0x00, 0x00, 0x02, 0x40, 0xcb, 0x61, 0x1f, 0x00, 0x00,
    0x00, 0x0a, 0x48, 0x93, 0x71, 0x1f, 0x00, 0x00, 0x00, 0x12, 0x50, 0x5b, 0x81, 0x1f, 0x00, 0x00,
    0x00, 0x1c, 0x54, 0x23, 0x91, 0x1f, 0x00, 0x00, 0x00, 0x26, 0x54, 0xf3, 0xa0, 0x1f, 0x00, 0x00,


