/********************************************************************************************/
/* Montage Technology (Shanghai) Co., Ltd.                                                  */
/* Montage Proprietary and Confidential                                                     */
/* Copyright (c) 2014 Montage Technology Group Limited and its affiliated companies         */
/********************************************************************************************/

unsigned char espeak_data_fr_dict[] = {
  0x00, 0x04, 0x00, 0x00, 0x6d, 0x2b, 0x00, 0x00, 0x00, 0x00, 0x00, 0x08,
  0x43, 0x15, 0x51, 0x40, 0x6f, 0x00, 0x4c, 0x00, 0x09, 0xc6, 0x15, 0x54,
  0xd3, 0x24, 0x56, 0x80, 0x4c, 0x00, 0x07, 0x41, 0x04, 0x23, 0x00, 0x31,
  0x2e, 0x05, 0xc1, 0x04, 0x4c, 0x24, 0x06, 0x41, 0x04, 0x23, 0x00, 0x4c,
  0x00, 0x09, 0x44, 0x05, 0x04, 0x0c, 0x14, 0x15, 0x00, 0x2f, 0x0d, 0x46,
  0x0c, 0xf3, 0x96, 0x14, 0xe5, 0x00, 0x31, 0x74, 0x54, 0x71, 0x00, 0x06,
  0xc1, 0x6c, 0x31, 0x2b, 0x2e, 0x06, 0x41, 0x6c, 0x23, 0x00, 0x4c, 0x00,
  0x00, 0x00, 0x12, 0x46, 0x08, 0xf3, 0xd4, 0x04, 0x23, 0x05, 0x62, 0x6f,
  0x75, 0x74, 0x61, 0x62, 0x6c, 0x65, 0x00, 0x1d, 0x06, 0x41, 0x08, 0x47,
  0x24, 0x00, 0x00, 0x00, 0x06, 0xc3, 0x55, 0x40, 0xc0, 0x0d, 0x06, 0xc3,
  0x39, 0x32, 0x40, 0x0d, 0x0f, 0x45, 0x34, 0x24, 0x8f, 0x30, 0x10, 0x70,
  0x41, 0x47, 0x22, 0x27, 0x37, 0x23, 0x00, 0x0e, 0x43, 0x15, 0x40, 0xc0,
  0x70, 0x2f, 0x59, 0x24, 0x2f, 0x24, 0x22, 0x23, 0x00, 0x00, 0x00, 0x06,
  0x41, 0x0c, 0x59, 0x24, 0x00, 0x00, 0x00, 0x0e, 0x45, 0x0c, 0x93, 0x85,
  0x34, 0x10, 0x59, 0x25, 0x32, 0x24, 0x41, 0x23, 0x00, 0x06, 0xc3, 0x45,
  0x51, 0x40, 0x4c, 0x00, 0x00, 0x06, 0x41, 0x10, 0x48, 0x24, 0x00, 0x00,
  0x00, 0x0d, 0x45, 0x08, 0x53, 0x09, 0x68, 0x50, 0x47, 0x24, 0x37, 0x25,
  0x58, 0x00, 0x0a, 0x45, 0x40, 0x53, 0xd0, 0x30, 0x50, 0x15, 0x00, 0x2f,
  0x00, 0x10, 0x46, 0x09, 0x54, 0x95, 0x38, 0x42, 0x40, 0x47, 0x28, 0x22,
  0x28, 0x32, 0x48, 0x25, 0x00, 0x0a, 0x43, 0x2d, 0x54, 0x94, 0x31, 0x28,
  0x22, 0x2f, 0x00, 0x0d, 0x04, 0x5f, 0x64, 0x70, 0x74, 0x54, 0x25, 0x22,
  0x51, 0x6f, 0x37, 0x00, 0x00, 0x0e, 0x41, 0x14, 0x65, 0x62, 0x61, 0x79,
  0x00, 0x1d, 0x51, 0x62, 0x61, 0x79, 0x20, 0x06, 0x41, 0x14, 0x0b, 0x0d,
  0x00, 0x00, 0x00, 0x07, 0xc3, 0x45, 0x52, 0x40, 0x20, 0x4c, 0x00, 0x00,
  0x07, 0x41, 0x18, 0x0b, 0x70, 0x53, 0x00, 0x00, 0x00, 0x09, 0x44, 0x40,
  0x14, 0x05, 0x48, 0x15, 0x00, 0x2f, 0x00, 0x00, 0x10, 0x41, 0x1c, 0x5a,
  0x25, 0x51, 0x23, 0x70, 0x22, 0x2f, 0x59, 0x00, 0x51, 0x68, 0x7a, 0x20,
  0x06, 0x41, 0x1c, 0x5a, 0x24, 0x00, 0x00, 0x00, 0x09, 0x43, 0x1d, 0x93,
  0x40, 0x5a, 0x25, 0x41, 0x00, 0x09, 0x43, 0x1c, 0x93, 0x80, 0x4b, 0x25,
  0x32, 0x00, 0x07, 0xc3, 0x50, 0xf3, 0x80, 0x48, 0x22, 0x00, 0x10, 0x46,
  0x55, 0x04, 0x05, 0x48, 0x35, 0x54, 0x6f, 0x30, 0x70, 0x22, 0x31, 0x75,
  0x2f, 0x00, 0x0a, 0x44, 0x30, 0xf5, 0x49, 0x4c, 0x37, 0x3a, 0x25, 0x00,
  0x00, 0x07, 0x41, 0x20, 0x0b, 0x23, 0x5b, 0x00, 0x00, 0x00, 0x00, 0x00,
  0x06, 0x41, 0x24, 0x0b, 0x25, 0x00, 0x00, 0x08, 0x42, 0x25, 0x00, 0x25,
  0x30, 0x24, 0x00, 0x0a, 0x01, 0x25, 0x30, 0x28, 0x22, 0x59, 0x71, 0x00,
  0x1b, 0x00, 0x06, 0xc3, 0x0c, 0x14, 0x80, 0x25, 0x06, 0xc3, 0x0c, 0x14,
  0x80, 0x48, 0x07, 0x01, 0x26, 0x24, 0x00, 0x48, 0x1c, 0x00, 0x00, 0x06,
  0x41, 0x28, 0x5a, 0x25, 0x00, 0x00, 0x00, 0x08, 0x43, 0x4c, 0x94, 0x80,
  0x15, 0x00, 0x2f, 0x0e, 0x01, 0x2a, 0x23, 0x59, 0x2f, 0x24, 0x22, 0x25,
  0x59, 0x31, 0x0c, 0x00, 0x1b, 0x00, 0x09, 0x01, 0x2b, 0x30, 0x37, 0x6f,
  0x59, 0x00, 0x1b, 0x00, 0x06, 0x41, 0x2c, 0x31, 0x23, 0x00, 0x00, 0x00,
  0x00, 0x03, 0x81, 0x2f, 0x00, 0x0d, 0x04, 0x5f, 0x64, 0x69, 0x61, 0x2f,
  0x22, 0x24, 0x41, 0x06, 0x23, 0x00, 0x07, 0x41, 0x30, 0x0b, 0x70, 0x37,
  0x00, 0x00, 0x17, 0x01, 0x31, 0x30, 0x22, 0x0d, 0x41, 0x39, 0x70, 0x22,
  0x41, 0x71, 0x00, 0x51, 0xc3, 0xa8, 0x72, 0x65, 0x6d, 0x65, 0x6e, 0x74,
  0x20, 0x13, 0x01, 0x31, 0x30, 0x22, 0x0d, 0x41, 0x39, 0x70, 0x22, 0x8f,
  0x00, 0x51, 0xc3, 0xa8, 0x72, 0x65, 0x73, 0x20, 0x11, 0x01, 0x31, 0x30,
  0x22, 0x0d, 0x41, 0x39, 0x70, 0x22, 0x00, 0x51, 0xc3, 0xa8, 0x72, 0x65,
  0x20, 0x10, 0x01, 0x31, 0x30, 0x22, 0x0d, 0x41, 0x39, 0x24, 0x8f, 0x00,
  0x51, 0x65, 0x72, 0x73, 0x20, 0x0f, 0x01, 0x31, 0x30, 0x22, 0x0d, 0x41,
  0x39, 0x24, 0x78, 0x00, 0x51, 0x65, 0x72, 0x20, 0x00, 0x00, 0x0a, 0x44,
  0x40, 0xf2, 0x4e, 0x1c, 0x30, 0x3a, 0x72, 0x00, 0x00, 0x07, 0x41, 0x34,
  0x0b, 0x70, 0x41, 0x00, 0x00, 0x11, 0x42, 0x35, 0x00, 0x17, 0x70, 0x41,
  0x30, 0x24, 0x2f, 0x22, 0x3a, 0x23, 0x00, 0x51, 0x33, 0x20, 0x00, 0x00,
  0x00, 0x07, 0x41, 0x38, 0x0b, 0x70, 0x32, 0x00, 0x00, 0x00, 0x00, 0x00,
  0x06, 0x41, 0x3c, 0x0b, 0x27, 0x00, 0x00, 0x00, 0x08, 0xc5, 0x40, 0x33,
  0x43, 0x24, 0x10, 0x0d, 0x00, 0x00, 0x0b, 0x01, 0x40, 0x18, 0x23, 0x22,
  0x27, 0x47, 0x23, 0x58, 0x00, 0x06, 0x41, 0x40, 0x30, 0x24, 0x00, 0x00,
  0x09, 0xc6, 0x15, 0x54, 0xd3, 0x14, 0xe5, 0x00, 0x4c, 0x00, 0x00, 0x00,
  0x12, 0x43, 0x58, 0x98, 0xd4, 0x54, 0x39, 0x70, 0x2f, 0x32, 0x23, 0x41,
  0x00, 0x51, 0x6e, 0x61, 0x6d, 0x20, 0x06, 0x41, 0x44, 0x31, 0x6f, 0x00,
  0x00, 0x00, 0x00, 0x04, 0xc1, 0x74, 0x2b, 0x00, 0x07, 0x41, 0x48, 0x0b,
  0x70, 0x22, 0x00, 0x00, 0x00, 0x00, 0x11, 0x46, 0x48, 0x54, 0x55, 0x24,
  0x53, 0x40, 0x22, 0x24, 0x31, 0x6f, 0x25, 0x39, 0x70, 0x41, 0x00, 0x11,
  0x04, 0x5f, 0x64, 0x6f, 0x74, 0x30, 0x3a, 0x72, 0x59, 0x6f, 0x59, 0x31,
  0x22, 0x06, 0x25, 0x00, 0x00, 0x07, 0x41, 0x4c, 0x0b, 0x70, 0x59, 0x00,
  0x00, 0x17, 0x06, 0x71, 0x75, 0x27, 0x65, 0x73, 0x74, 0x31, 0x70, 0x59,
  0x31, 0x0d, 0x00, 0x48, 0x52, 0x63, 0x65, 0x20, 0x71, 0x75, 0x65, 0x20,
  0x08, 0xc3, 0x30, 0x55, 0x52, 0x48, 0x24, 0x28, 0x07, 0xc3, 0x30, 0x55,
  0x52, 0x48, 0x22, 0x00, 0x07, 0xc3, 0x54, 0xe1, 0x40, 0x22, 0x4c, 0x00,
  0x00, 0x0e, 0x41, 0x50, 0x15, 0x00, 0x2f, 0x51, 0x73, 0x68, 0x69, 0x72,
  0x74, 0x73, 0x20, 0x0d, 0x41, 0x50, 0x15, 0x00, 0x2f, 0x51, 0x73, 0x68,
  0x69, 0x72, 0x74, 0x20, 0x00, 0x05, 0xc2, 0x04, 0x30, 0x0d, 0x00, 0x06,
  0xc3, 0x0c, 0x93, 0xc0, 0x0d, 0x00, 0x11, 0x47, 0x20, 0x55, 0x52, 0x50,
  0x93, 0xce, 0x4c, 0x17, 0x75, 0x22, 0x2f, 0x39, 0x74, 0x8f, 0x00, 0x00,
  0x06, 0x41, 0x54, 0x0b, 0x6f, 0x00, 0x00, 0x07, 0x42, 0x55, 0x00, 0x15,
  0x00, 0x2f, 0x00, 0x00, 0x17, 0x43, 0x21, 0x45, 0x10, 0x23, 0x5b, 0x2f,
  0x04, 0x24, 0x2f, 0x04, 0x24, 0x30, 0x06, 0x24, 0x0a, 0x00, 0x51, 0x3a,
  0x2f, 0x2f, 0x20, 0x00, 0x06, 0x41, 0x58, 0x54, 0x24, 0x00, 0x00, 0x0f,
  0x46, 0x2c, 0xe1, 0x53, 0x4c, 0x55, 0x00, 0x31, 0x32, 0x24, 0x59, 0x70,
  0x2f, 0x00, 0x0c, 0x42, 0x05, 0x30, 0x23, 0x2f, 0x6f, 0x00, 0x51, 0x74,
  0x75, 0x20, 0x09, 0x42, 0x05, 0x30, 0x23, 0x8f, 0x00, 0x4c, 0x24, 0x07,
  0x42, 0x05, 0x30, 0x23, 0x59, 0x00, 0x00, 0x00, 0x00, 0x08, 0xc5, 0x10,
  0x54, 0x15, 0x25, 0x30, 0x4c, 0x0f, 0x45, 0x48, 0x94, 0xc3, 0x3d, 0x30,
  0x22, 0x25, 0x59, 0x31, 0x27, 0x70, 0x59, 0x00, 0x0c, 0x41, 0x5c, 0x48,
  0x28, 0x47, 0x37, 0x0d, 0x54, 0x06, 0x24, 0x00, 0x00, 0x00, 0x00, 0x0a,
  0x43, 0x18, 0x15, 0x54, 0x53, 0x27, 0x8c, 0x00, 0x4c, 0x00, 0x09, 0x44,
  0x24, 0xe4, 0x15, 0x50, 0x15, 0x00, 0x2f, 0x0a, 0x04, 0x5f, 0x31, 0x4d,
  0x31, 0x41, 0x25, 0x37, 0x00, 0x08, 0x41, 0x60, 0x0b, 0x25, 0x31, 0x59,
  0x00, 0x00, 0x00, 0x0b, 0x46, 0x38, 0x93, 0x94, 0x14, 0xe1, 0x0f, 0x15,
  0x00, 0x2f, 0x00, 0x00, 0x0d, 0x41, 0x64, 0x17, 0x25, 0x51, 0x22, 0x06,
  0x70, 0x31, 0x00, 0x31, 0x2e, 0x05, 0xc1, 0x64, 0x4c, 0x20, 0x00, 0x00,
  0x08, 0x43, 0x64, 0x54, 0xc0, 0x15, 0x00, 0x2f, 0x09, 0x43, 0x4c, 0x14,
  0xc0, 0x59, 0x23, 0x59, 0x00, 0x0a, 0x43, 0x30, 0xf4, 0xc0, 0x37, 0x27,
  0x59, 0x00, 0x4c, 0x00, 0x00, 0x07, 0x41, 0x68, 0x58, 0x70, 0x48, 0x00,
  0x00, 0x07, 0x42, 0x05, 0x40, 0x15, 0x00, 0x2f, 0x08, 0xc4, 0x58, 0xf5,
  0x12, 0x14, 0x48, 0x22, 0x08, 0xc4, 0x38, 0xf5, 0x12, 0x14, 0x48, 0x22,
  0x00, 0x00, 0x00, 0x0d, 0x05, 0x64, 0x27, 0x65, 0x73, 0x74, 0x48, 0x06,
  0x70, 0x59, 0x2f, 0x00, 0x00, 0x08, 0x43, 0x3d, 0x01, 0x4e, 0x15, 0x00,
  0x2f, 0x00, 0x00, 0x00, 0x00, 0x10, 0x46, 0x64, 0xf1, 0xcf, 0x55, 0x25,
  0x00, 0x17, 0x25, 0x27, 0x51, 0x28, 0x22, 0x2f, 0x00, 0x0a, 0x42, 0x0c,
  0x10, 0x59, 0x23, 0x00, 0x4c, 0x29, 0x20, 0x00, 0x00, 0x00, 0x00, 0x00,
  0x0e, 0x45, 0x54, 0x25, 0x4e, 0x51, 0x50, 0x28, 0x47, 0x28, 0x32, 0x2f,
  0x28, 0x00, 0x00, 0x08, 0x43, 0x45, 0x52, 0x54, 0x15, 0x00, 0x2f, 0x00,
  0x00, 0x06, 0xc2, 0x05, 0x50, 0x48, 0x22, 0x00, 0x0b, 0x43, 0x34, 0x54,
  0xc0, 0x41, 0x7b, 0x8f, 0x00, 0x48, 0x22, 0x00, 0x0c, 0x44, 0x34, 0x13,
  0x15, 0x4c, 0x41, 0x23, 0x37, 0x6f, 0x59, 0x00, 0x13, 0x47, 0x19, 0x20,
  0x4e, 0x0c, 0x54, 0xc3, 0x3c, 0x53, 0x22, 0x71, 0x32, 0x5b, 0x70, 0x59,
  0x31, 0x27, 0x00, 0x00, 0x00, 0x00, 0x09, 0x01, 0x7e, 0x2f, 0x25, 0x37,
  0x48, 0x24, 0x00, 0x00, 0x07, 0xc3, 0x05, 0x56, 0x00, 0x48, 0x22, 0x0c,
  0x04, 0x5f, 0x74, 0x6c, 0x64, 0x2f, 0x06, 0x25, 0x37, 0x48, 0x00, 0x00,
  0x00, 0x0b, 0x44, 0x4d, 0x54, 0xc8, 0x24, 0x59, 0x28, 0x5b, 0x25, 0x00,
  0x0f, 0x42, 0x08, 0x40, 0x62, 0x6f, 0x75, 0x6c, 0x65, 0x76, 0x61, 0x72,
  0x64, 0x00, 0x1d, 0x00, 0x00, 0x00, 0x00, 0x0b, 0x44, 0x30, 0x53, 0xce,
  0x14, 0x37, 0x24, 0x7f, 0x32, 0x00, 0x0d, 0x45, 0x34, 0x93, 0x0f, 0x54,
  0x40, 0x41, 0x25, 0x37, 0x28, 0x48, 0x00, 0x00, 0x00, 0x00, 0x00, 0x07,
  0xc4, 0x14, 0xe5, 0x12, 0x14, 0x24, 0x07, 0xc4, 0x14, 0xe5, 0x12, 0x14,
  0x4c, 0x00, 0x00, 0x0c, 0x43, 0x05, 0x62, 0x00, 0x23, 0x54, 0x04, 0x24,
  0x23, 0x5b, 0x00, 0x00, 0x00, 0x00, 0x07, 0xc3, 0x4d, 0x52, 0x53, 0x4c,
  0x24, 0x00, 0x0a, 0x04, 0x5f, 0x31, 0x43, 0x30, 0x59, 0x71, 0x8c, 0x00,
  0x00, 0x00, 0x07, 0x42, 0x08, 0x50, 0x15, 0x00, 0x2f, 0x00, 0x10, 0x07,
  0x6b, 0x6f, 0x77, 0x65, 0xc3, 0xaf, 0x74, 0x31, 0x27, 0x3a, 0x70, 0x39,
  0x2f, 0x00, 0x06, 0xc3, 0x39, 0x42, 0x40, 0x0d, 0x00, 0x00, 0x10, 0x46,
  0x09, 0x23, 0xd7, 0x1c, 0xc2, 0x45, 0x62, 0x72, 0x65, 0x75, 0x69, 0x6c,
  0x00, 0x1d, 0x00, 0x00, 0x00, 0x00, 0x10, 0x46, 0x41, 0x21, 0x4d, 0x24,
  0x54, 0x80, 0x30, 0x22, 0x0d, 0x41, 0x39, 0x24, 0x78, 0x00, 0x06, 0xc3,
  0x45, 0x53, 0xc9, 0x4c, 0x00, 0x0f, 0x46, 0x40, 0x82, 0x4c, 0x25, 0x04,
  0xc0, 0x53, 0x25, 0x37, 0x25, 0x30, 0x59, 0x00, 0x00, 0x00, 0x00, 0x00,
  0x0d, 0x46, 0x10, 0x54, 0xd3, 0x3d, 0x54, 0xc0, 0x48, 0x0d, 0x59, 0x28,
  0x00, 0x00, 0x09, 0x43, 0x09, 0x55, 0x00, 0x47, 0x6f, 0x2f, 0x00, 0x09,
  0x43, 0x09, 0x55, 0x00, 0x47, 0x6f, 0x00, 0x24, 0x00, 0x0a, 0x43, 0x19,
  0x51, 0x4c, 0x53, 0x39, 0x28, 0x37, 0x00, 0x00, 0x00, 0x00, 0x0c, 0x47,
  0x34, 0x54, 0xd3, 0x14, 0xe1, 0xc5, 0x48, 0x15, 0x00, 0x2f, 0x11, 0x47,
  0x4d, 0x02, 0x09, 0x38, 0x35, 0x05, 0x48, 0x59, 0x53, 0x72, 0x31, 0x2f,
  0x70, 0x22, 0x00, 0x00, 0x0a, 0x43, 0x19, 0x21, 0x44, 0x53, 0x22, 0x70,
  0x48, 0x00, 0x00, 0x04, 0xc1, 0x80, 0x2b, 0x00, 0x00, 0x00, 0x00, 0x00,
  0x0d, 0x42, 0x11, 0x20, 0x48, 0x27, 0x31, 0x2f, 0x84, 0x22, 0x00, 0x18,
  0x29, 0x00, 0x09, 0x43, 0x15, 0x54, 0xc0, 0x6f, 0x8f, 0x00, 0x4c, 0x00,
  0x06, 0xc3, 0x58, 0x15, 0x58, 0x4c, 0x11, 0x46, 0x41, 0x21, 0x53, 0x45,
  0x51, 0x40, 0x30, 0x22, 0x70, 0x59, 0x31, 0x08, 0x0d, 0x00, 0x4c, 0x11,
  0x46, 0x41, 0x52, 0x53, 0x45, 0x51, 0x40, 0x30, 0x6f, 0x25, 0x59, 0x31,
  0x08, 0x0d, 0x00, 0x4c, 0x00, 0x08, 0x43, 0x34, 0x11, 0x05, 0x15, 0x00,
  0x2f, 0x08, 0x43, 0x19, 0x21, 0x45, 0x15, 0x00, 0x2f, 0x00, 0x13, 0x47,
  0x1d, 0x50, 0x54, 0x14, 0xd0, 0x4c, 0x04, 0x51, 0x3a, 0x23, 0x2f, 0x24,
  0x41, 0x23, 0x37, 0x23, 0x00, 0x0c, 0x44, 0x0c, 0x93, 0x84, 0x64, 0x59,
  0x25, 0x32, 0x48, 0x25, 0x00, 0x00, 0x00, 0x00, 0x00, 0x0c, 0x42, 0x04,
  0x90, 0x70, 0x5a, 0x00, 0x4c, 0x51, 0x6a, 0x65, 0x20, 0x06, 0xc2, 0x04,
  0x90, 0x4c, 0x24, 0x06, 0xc2, 0x0c, 0x50, 0x4c, 0x22, 0x00, 0x07, 0xc4,
  0x05, 0x34, 0xc5, 0x68, 0x4c, 0x00, 0x00, 0x00, 0x0d, 0x04, 0x5f, 0x6d,
  0x63, 0x6e, 0x41, 0x23, 0x31, 0x22, 0x06, 0x74, 0x00, 0x00, 0x07, 0xc3,
  0x04, 0x95, 0x00, 0x4c, 0x24, 0x07, 0xc3, 0x0c, 0x55, 0x00, 0x48, 0x22,
  0x00, 0x09, 0x43, 0x04, 0x96, 0x00, 0x70, 0x31, 0x59, 0x00, 0x10, 0x43,
  0x50, 0x13, 0x94, 0x2f, 0x71, 0x30, 0x25, 0x00, 0x4c, 0x51, 0x70, 0x69,
  0x73, 0x20, 0x13, 0x43, 0x50, 0x13, 0x94, 0x2f, 0x71, 0x41, 0x39, 0x84,
  0x00, 0x4c, 0x51, 0x6d, 0x69, 0x65, 0x75, 0x78, 0x20, 0x0a, 0x43, 0x50,
  0x13, 0x94, 0x2f, 0x71, 0x8c, 0x00, 0x4c, 0x00, 0x10, 0x46, 0x4c, 0x30,
  0x4e, 0x38, 0x54, 0x80, 0x59, 0x31, 0x23, 0x32, 0x75, 0x22, 0x00, 0x25,
  0x10, 0x46, 0x4c, 0x30, 0x4e, 0x38, 0x54, 0x80, 0x59, 0x31, 0x23, 0x32,
  0x24, 0x78, 0x00, 0x24, 0x0f, 0x46, 0x10, 0xf4, 0x10, 0x30, 0x54, 0x80,
  0x48, 0x7f, 0x30, 0x37, 0x70, 0x22, 0x00, 0x07, 0xc4, 0x40, 0xf2, 0x4e,
  0x50, 0x25, 0x07, 0xc4, 0x40, 0xf2, 0x4e, 0x50, 0x4c, 0x00, 0x00, 0x00,
  0x0d, 0x45, 0x0c, 0x13, 0x83, 0x15, 0x20, 0x31, 0x71, 0x59, 0x70, 0x22,
  0x00, 0x13, 0x48, 0x05, 0x23, 0x41, 0x1c, 0x51, 0x04, 0x3c, 0xe0, 0x23,
  0x22, 0x41, 0x23, 0x51, 0x24, 0x48, 0x74, 0x00, 0x12, 0x43, 0x0c, 0x55,
  0x58, 0x59, 0x84, 0x0f, 0x37, 0x23, 0x00, 0x20, 0x4c, 0x51, 0x6c, 0xc3,
  0xa0, 0x20, 0x11, 0x43, 0x0c, 0x55, 0x58, 0x59, 0x84, 0x0f, 0x59, 0x25,
  0x00, 0x20, 0x4c, 0x51, 0x63, 0x69, 0x20, 0x06, 0xc3, 0x0c, 0x55, 0x58,
  0x4c, 0x00, 0x00, 0x12, 0x46, 0x4c, 0x33, 0xd2, 0x09, 0x55, 0x00, 0x73,
  0x63, 0x6f, 0x72, 0x62, 0x75, 0x74, 0x74, 0x00, 0x1d, 0x00, 0x09, 0x43,
  0x0d, 0x55, 0x00, 0x31, 0x75, 0x2f, 0x00, 0x00, 0x00, 0x00, 0x00, 0x00,
  0x00, 0x00, 0x00, 0x00, 0x00, 0x00, 0x00, 0x0f, 0x46, 0x4c, 0x30, 0x4e,
  0x38, 0x54, 0x93, 0x59, 0x31, 0x23, 0x32, 0x75, 0x22, 0x00, 0x00, 0x09,
  0xc6, 0x45, 0x53, 0xc9, 0x45, 0x51, 0x40, 0x48, 0x00, 0x00, 0x04, 0xc1,
  0x84, 0x2b, 0x00, 0x0a, 0x43, 0x4c, 0x53, 0x93, 0x59, 0x71, 0x8f, 0x00,
  0x24, 0x09, 0x43, 0x4c, 0x53, 0x93, 0x59, 0x71, 0x59, 0x00, 0x00, 0x00,
  0x00, 0x06, 0xc2, 0x10, 0x50, 0x48, 0x22, 0x00, 0x00, 0x00, 0x00, 0x0c,
  0x45, 0x09, 0x51, 0x07, 0x15, 0x40, 0x47, 0x6f, 0x4b, 0x70, 0x00, 0x00,
  0x09, 0x43, 0x08, 0x95, 0x00, 0x47, 0x25, 0x2f, 0x00, 0x06, 0xc3, 0x34,
  0xf2, 0x40, 0x4c, 0x06, 0xc3, 0x0c, 0x32, 0x40, 0x0d, 0x00, 0x00, 0x00,
  0x0f, 0x45, 0x05, 0xa2, 0x4d, 0x55, 0x40, 0x23, 0x58, 0x25, 0x41, 0x06,
  0x6f, 0x2f, 0x00, 0x08, 0x42, 0x15, 0x30, 0x70, 0x8f, 0x00, 0x4c, 0x09,
  0x42, 0x11, 0x50, 0x48, 0x82, 0x00, 0x48, 0x22, 0x00, 0x00, 0x00, 0x00,
  0x00, 0x09, 0x43, 0x15, 0x35, 0x00, 0x70, 0x8c, 0x00, 0x4c, 0x00, 0x0e,
  0x46, 0x0c, 0x82, 0x45, 0x38, 0xc2, 0x54, 0x5b, 0x39, 0x71, 0x37, 0x25,
  0x00, 0x00, 0x00, 0x07, 0xc4, 0x40, 0x14, 0x8d, 0x24, 0x4c, 0x07, 0xc4,
  0x58, 0xf2, 0x4c, 0x6c, 0x4c, 0x00, 0x07, 0xc3, 0x05, 0x61, 0x43, 0x4c,
  0x1c, 0x00, 0x0f, 0x03, 0x5f, 0x23, 0x39, 0x2f, 0x23, 0x47, 0x6f, 0x37,
  0x23, 0x59, 0x25, 0x74, 0x00, 0x00, 0x00, 0x00, 0x08, 0xc5, 0x14, 0xe0,
  0xcf, 0x48, 0x50, 0x4c, 0x0c, 0x43, 0x34, 0xe4, 0xc0, 0x41, 0x25, 0x32,
  0x6f, 0x2f, 0x8f, 0x00, 0x0a, 0x43, 0x04, 0xc5, 0x00, 0x18, 0x23, 0x37,
  0x2f, 0x00, 0x00, 0x0b, 0x43, 0x45, 0x52, 0x44, 0x31, 0x3a, 0x25, 0x48,
  0x00, 0x4c, 0x00, 0x00, 0x14, 0x44, 0x0c, 0x53, 0x0c, 0x14, 0x59, 0x70,
  0x37, 0x0f, 0x37, 0x23, 0x00, 0x20, 0x4c, 0x51, 0x6c, 0xc3, 0xa0, 0x20,
  0x13, 0x44, 0x0c, 0x53, 0x0c, 0x14, 0x59, 0x70, 0x37, 0x0f, 0x59, 0x25,
  0x00, 0x20, 0x4c, 0x51, 0x63, 0x69, 0x20, 0x07, 0xc4, 0x0c, 0x53, 0x0c,
  0x14, 0x4c, 0x07, 0x42, 0x15, 0x40, 0x24, 0x00, 0x4c, 0x00, 0x00, 0x18,
  0x0b, 0x61, 0x75, 0x6a, 0x6f, 0x75, 0x72, 0x64, 0x27, 0x68, 0x75, 0x69,
  0x61, 0x75, 0x6a, 0x6f, 0x75, 0x72, 0x64, 0x75, 0x69, 0x00, 0x1d, 0x00,
  0x00, 0x00, 0x0e, 0x45, 0x34, 0x13, 0x01, 0x5c, 0x90, 0x41, 0x23, 0x37,
  0x23, 0x3a, 0x25, 0x00, 0x06, 0xc3, 0x4c, 0x13, 0x93, 0x4c, 0x04, 0xc1,
  0x88, 0x2b, 0x00, 0x00, 0x00, 0x00, 0x09, 0x43, 0x3d, 0x54, 0x93, 0x28,
  0x22, 0x59, 0x00, 0x0c, 0x43, 0x04, 0xd1, 0x00, 0x23, 0x04, 0x70, 0x41,
  0x48, 0x24, 0x00, 0x00, 0x17, 0x49, 0x51, 0x55, 0x14, 0x25, 0x15, 0x41,
  0x39, 0x42, 0x40, 0x2f, 0x28, 0x2f, 0x25, 0x31, 0x3a, 0x06, 0x23, 0x32,
  0x2f, 0x25, 0x00, 0x0b, 0x43, 0x51, 0x23, 0xd0, 0x2f, 0x22, 0x27, 0x8b,
  0x00, 0x4c, 0x00, 0x00, 0x0d, 0x45, 0x3c, 0x61, 0x93, 0x15, 0x40, 0x7f,
  0x53, 0x59, 0x70, 0x2f, 0x00, 0x0f, 0x46, 0x04, 0xe1, 0x12, 0x3c, 0x91,
  0x00, 0x71, 0x48, 0x22, 0x27, 0x25, 0x48, 0x00, 0x00, 0x00, 0x07, 0xc3,
  0x4c, 0xf3, 0x94, 0x4c, 0x24, 0x00, 0x00, 0x07, 0x42, 0x15, 0x50, 0x6f,
  0x00, 0x4c, 0x00, 0x00, 0x16, 0x45, 0x04, 0x44, 0xcc, 0x51, 0x60, 0x23,
  0x48, 0x24, 0x70, 0x59, 0x06, 0x70, 0x37, 0x0f, 0x2f, 0x24, 0x54, 0x06,
  0x24, 0x00, 0x00, 0x00, 0x00, 0x0a, 0x43, 0x15, 0x55, 0x00, 0x6f, 0x8c,
  0x00, 0x4c, 0x24, 0x00, 0x09, 0x43, 0x15, 0x56, 0x00, 0x84, 0x8f, 0x00,
  0x4c, 0x00, 0x0c, 0x44, 0x5a, 0x23, 0x95, 0x4c, 0x54, 0x24, 0x32, 0x6f,
  0x59, 0x00, 0x00, 0x08, 0x43, 0x04, 0xe1, 0x00, 0x15, 0x00, 0x2f, 0x00,
  0x06, 0xc2, 0x80, 0x10, 0x4c, 0x20, 0x00, 0x00, 0x0a, 0x86, 0x66, 0xc3,
  0xbb, 0x6d, 0x65, 0x73, 0x4c, 0x24, 0x00, 0x00, 0x10, 0x46, 0x0a, 0x23,
  0x01, 0x49, 0x54, 0xc0, 0x47, 0x24, 0x37, 0x23, 0x22, 0x6f, 0x59, 0x00,
  0x06, 0xc3, 0x40, 0xf5, 0x52, 0x4c, 0x00, 0x00, 0x00, 0x08, 0xc5, 0x0c,
  0xf3, 0x94, 0x48, 0x50, 0x4c, 0x00, 0x0a, 0xc7, 0x40, 0xc5, 0x53, 0x24,
  0x55, 0x52, 0x4c, 0x4c, 0x00, 0x00, 0x00, 0x09, 0x43, 0x15, 0x51, 0x53,
  0x6f, 0x8f, 0x00, 0x4c, 0x00, 0x00, 0x10, 0x46, 0x30, 0x11, 0x54, 0x25,
  0x42, 0x41, 0x37, 0x24, 0x2f, 0x25, 0x59, 0x39, 0x23, 0x00, 0x06, 0xc3,
  0x05, 0x61, 0xc0, 0x0d, 0x00, 0x04, 0xc1, 0x8c, 0x2b, 0x00, 0x00, 0x00,
  0x0b, 0x43, 0x04, 0xf3, 0x00, 0x23, 0x04, 0x27, 0x70, 0x37, 0x00, 0x00,
  0x00, 0x00, 0x0e, 0x44, 0x50, 0x56, 0x01, 0x4c, 0x2f, 0x70, 0x31, 0x59,
  0x06, 0x23, 0x59, 0x00, 0x00, 0x00, 0x00, 0x00, 0x00, 0x08, 0x43, 0x20,
  0x13, 0x80, 0x17, 0x71, 0x00, 0x0b, 0x44, 0x14, 0xe1, 0x85, 0x48, 0x71,
  0x53, 0x70, 0x22, 0x00, 0x00, 0x00, 0x0b, 0x43, 0x19, 0x55, 0x00, 0x53,
  0x6f, 0x8c, 0x00, 0x4c, 0x24, 0x00, 0x00, 0x07, 0xc3, 0x34, 0xf3, 0x80,
  0x48, 0x22, 0x00, 0x00, 0x00, 0x06, 0xc2, 0x14, 0x80, 0x4c, 0x1c, 0x07,
  0x42, 0x10, 0xa0, 0x15, 0x00, 0x2f, 0x00, 0x06, 0xc3, 0x40, 0x14, 0x80,
  0x4c, 0x0c, 0x43, 0x3c, 0x34, 0x80, 0x27, 0x59, 0x04, 0x24, 0x70, 0x22,
  0x00, 0x00, 0x00, 0x00, 0x00, 0x00, 0x00, 0x12, 0x03, 0xe2, 0x84, 0xa2,
  0x41, 0x23, 0x22, 0x31, 0x48, 0x0d, 0x53, 0x23, 0x47, 0x22, 0x25, 0x31,
  0x00, 0x00, 0x00, 0x12, 0x47, 0x18, 0x53, 0x04, 0x4d, 0x00, 0x54, 0x20,
  0x53, 0x70, 0x37, 0x48, 0x59, 0x30, 0x23, 0x2f, 0x00, 0x00, 0x13, 0x47,
  0x58, 0x53, 0x85, 0x69, 0x51, 0x4c, 0x04, 0x54, 0x24, 0x32, 0x24, 0x58,
  0x6f, 0x70, 0x37, 0x23, 0x00, 0x10, 0x46, 0x64, 0xf1, 0xc8, 0x3d, 0x54,
  0x94, 0x17, 0x25, 0x27, 0x51, 0x28, 0x22, 0x2f, 0x00, 0x00, 0x06, 0xc3,
  0x4c, 0xf5, 0x53, 0x4c, 0x00, 0x00, 0x04, 0xc1, 0x90, 0x2b, 0x04, 0xc1,
  0x90, 0x2b, 0x00, 0x00, 0x00, 0x0e, 0x46, 0x50, 0x82, 0x45, 0x49, 0x26,
  0x40, 0x2f, 0x39, 0x70, 0x22, 0x25, 0x00, 0x11, 0x42, 0x0c, 0xd0, 0x63,
  0x65, 0x6e, 0x74, 0x69, 0x6d, 0xc3, 0xa8, 0x74, 0x72, 0x65, 0x00, 0x1d,
  0x00, 0x00, 0x0e, 0x45, 0x0c, 0x13, 0x99, 0x3c, 0xe0, 0x31, 0x23, 0x32,
  0x39, 0x7f, 0x32, 0x00, 0x00, 0x08, 0x43, 0x1c, 0x55, 0x00, 0x15, 0x00,
  0x2f, 0x00, 0x00, 0x00, 0x15, 0x43, 0x50, 0xf5, 0x54, 0x2f, 0x28, 0x37,
  0x2f, 0x71, 0x00, 0x52, 0x6c, 0x65, 0x20, 0x74, 0x65, 0x6d, 0x70, 0x73,
  0x20, 0x16, 0x43, 0x50, 0xf5, 0x54, 0x2f, 0x28, 0x37, 0x41, 0x74, 0x48,
  0x00, 0x52, 0x6c, 0x65, 0x20, 0x6d, 0x6f, 0x6e, 0x64, 0x65, 0x20, 0x0b,
  0x43, 0x50, 0xf5, 0x54, 0x2f, 0x06, 0x28, 0x8c, 0x00, 0x4c, 0x00, 0x10,
  0x46, 0x10, 0x54, 0x8e, 0x24, 0x54, 0x80, 0x48, 0x70, 0x22, 0x32, 0x39,
  0x24, 0x78, 0x00, 0x00, 0x00, 0x00, 0x0e, 0x46, 0x40, 0x80, 0x4c, 0x31,
  0x54, 0xc0, 0x53, 0x23, 0x37, 0x6f, 0x59, 0x00, 0x00, 0x00, 0x00, 0x00,
  0x00, 0x0f, 0x46, 0x34, 0x15, 0x14, 0x20, 0x90, 0x53, 0x41, 0x23, 0x2f,
  0x39, 0x23, 0x59, 0x00, 0x00, 0x00, 0x00, 0x0b, 0x46, 0x3d, 0x55, 0x0c,
  0x3c, 0xf2, 0xc0, 0x15, 0x00, 0x2f, 0x00, 0x0c, 0x47, 0x08, 0xc5, 0x45,
  0x50, 0xf3, 0xd4, 0x20, 0x15, 0x00, 0x2f, 0x00, 0x00, 0x00, 0x00, 0x00,
  0x00, 0x0f, 0x43, 0x18, 0x93, 0x05, 0x15, 0x00, 0x2f, 0x51, 0x7a, 0x69,
  0x6c, 0x6c, 0x61, 0x20, 0x0b, 0x03, 0xe2, 0x82, 0xac, 0x0d, 0x22, 0x06,
  0x27, 0x00, 0x4c, 0x00, 0x00, 0x11, 0x46, 0x04, 0xc5, 0x05, 0x48, 0x51,
  0xcf, 0x23, 0x37, 0x2f, 0x70, 0x22, 0x24, 0x51, 0x27, 0x00, 0x07, 0xc3,
  0x58, 0xf5, 0x53, 0x4c, 0x20, 0x07, 0xc3, 0x38, 0xf5, 0x53, 0x4c, 0x20,
  0x00, 0x00, 0x07, 0xc3, 0x0c, 0x53, 0x01, 0x4c, 0x20, 0x07, 0xc3, 0x14,
  0xc3, 0x05, 0x4c, 0x20, 0x13, 0x43, 0x34, 0xc3, 0x05, 0x6d, 0x61, 0x64,
  0x65, 0x6d, 0x6f, 0x69, 0x73, 0x65, 0x6c, 0x6c, 0x65, 0x00, 0x1d, 0x06,
  0xc3, 0x2c, 0x41, 0x40, 0x0d, 0x00, 0x0c, 0x04, 0x66, 0xc3, 0xbb, 0x74,
  0x53, 0x6f, 0x8c, 0x00, 0x4c, 0x24, 0x00, 0x06, 0xc3, 0x40, 0xc5, 0x53,
  0x4c, 0x00, 0x07, 0x42, 0x20, 0x50, 0x15, 0x00, 0x2f, 0x00, 0x00, 0x0b,
  0x43, 0x19, 0x21, 0x54, 0x53, 0x22, 0x06, 0x70, 0x2f, 0x00, 0x00, 0x0b,
  0x44, 0x4c, 0x33, 0xd5, 0x50, 0x59, 0x31, 0x28, 0x2f, 0x00, 0x0e, 0x04,
  0x5f, 0x6f, 0x67, 0x6f, 0x27, 0x51, 0x27, 0x32, 0x06, 0x70, 0x31, 0x00,
  0x00, 0x00, 0x00, 0x06, 0xc3, 0x58, 0x15, 0x54, 0x4c, 0x00, 0x00, 0x06,
  0xc3, 0x41, 0x23, 0xc6, 0x18, 0x00, 0x00, 0x00, 0x00, 0x00, 0x00, 0x07,
  0xc4, 0x04, 0x93, 0x93, 0x24, 0x4c, 0x00, 0x00, 0x05, 0xc2, 0x14, 0xc0,
  0x4c, 0x0c, 0x03, 0x5f, 0x32, 0x31, 0x54, 0x72, 0x2f, 0x24, 0x0c, 0x73,
  0x00, 0x00, 0x09, 0x43, 0x40, 0x14, 0xc0, 0x30, 0x23, 0x00, 0x25, 0x0b,
  0x43, 0x40, 0x14, 0xc0, 0x30, 0x06, 0x23, 0x8f, 0x00, 0x4c, 0x09, 0x03,
  0x5f, 0x32, 0x30, 0x54, 0x72, 0x8c, 0x00, 0x00, 0x0e, 0x03, 0x5f, 0x32,
  0x33, 0x54, 0x72, 0x2f, 0x2f, 0x22, 0x3a, 0x23, 0x8f, 0x00, 0x00, 0x0c,
  0x03, 0x5f, 0x32, 0x32, 0x54, 0x72, 0x2f, 0x48, 0x84, 0x8f, 0x00, 0x00,
  0x0c, 0x03, 0x5f, 0x32, 0x35, 0x54, 0x72, 0x2f, 0x59, 0x72, 0x31, 0x00,
  0x00, 0x08, 0x43, 0x20, 0x94, 0xc0, 0x15, 0x00, 0x2f, 0x0d, 0x03, 0x5f,
  0x32, 0x34, 0x54, 0x72, 0x2f, 0x31, 0x23, 0x2f, 0x22, 0x00, 0x00, 0x11,
  0x43, 0x38, 0xf4, 0x84, 0x32, 0x27, 0x22, 0x70, 0x59, 0x2f, 0x00, 0x51,
  0x65, 0x73, 0x74, 0x20, 0x0c, 0x03, 0x5f, 0x32, 0x37, 0x54, 0x72, 0x2f,
  0x59, 0x70, 0x2f, 0x00, 0x00, 0x0c, 0x03, 0x5f, 0x32, 0x36, 0x54, 0x72,
  0x2f, 0x59, 0x25, 0x90, 0x00, 0x00, 0x10, 0x46, 0x89, 0x62, 0x54, 0x24,
  0xf3, 0x93, 0x24, 0x54, 0x25, 0x2f, 0x39, 0x74, 0x8f, 0x00, 0x07, 0x42,
  0x25, 0x40, 0x15, 0x00, 0x2f, 0x0d, 0x03, 0x5f, 0x33, 0x31, 0x2f, 0x22,
  0x71, 0x2f, 0x24, 0x0c, 0x73, 0x00, 0x0c, 0x04, 0x5f, 0x62, 0x72, 0x76,
  0x47, 0x22, 0x06, 0x70, 0x54, 0x00, 0x00, 0x00, 0x04, 0xc1, 0x98, 0x2b,
  0x00, 0x06, 0xc3, 0x50, 0xf5, 0x53, 0x4c, 0x00, 0x14, 0x04, 0x5f, 0x61,
  0x63, 0x32, 0x48, 0x28, 0x47, 0x37, 0x23, 0x31, 0x59, 0x71, 0x2f, 0x70,
  0x51, 0x06, 0x6f, 0x00, 0x00, 0x00, 0x0f, 0x45, 0x04, 0xd0, 0x5a, 0x3c,
  0xe0, 0x23, 0x41, 0x23, 0x58, 0x06, 0x7f, 0x32, 0x00, 0x00, 0x00, 0x07,
  0x42, 0x10, 0xf0, 0x15, 0x00, 0x2f, 0x00, 0x0c, 0x43, 0x14, 0xd3, 0x00,
  0x0d, 0x04, 0x70, 0x41, 0x70, 0x37, 0x00, 0x00, 0x00, 0x09, 0x43, 0x10,
  0xf5, 0x00, 0x48, 0x7f, 0x2f, 0x00, 0x0b, 0x44, 0x45, 0x50, 0x4e, 0x50,
  0x31, 0x71, 0x8c, 0x00, 0x48, 0x00, 0x00, 0x09, 0xc5, 0x4c, 0xf3, 0x4d,
  0x15, 0x30, 0x4c, 0x24, 0x00, 0x00, 0x00, 0x00, 0x08, 0xc5, 0x28, 0x13,
  0x41, 0x25, 0x30, 0x4c, 0x00, 0x00, 0x00, 0x00, 0x00, 0x00, 0x10, 0x46,
  0x20, 0xf3, 0x84, 0x55, 0x20, 0x53, 0x17, 0x74, 0x48, 0x6f, 0x22, 0x23,
  0x59, 0x00, 0x08, 0x43, 0x14, 0xe1, 0x00, 0x15, 0x00, 0x2f, 0x00, 0x11,
  0x42, 0x14, 0xe0, 0x71, 0x0f, 0x2f, 0x28, 0x8f, 0x00, 0x4c, 0x51, 0x74,
  0x6f, 0x75, 0x73, 0x20, 0x07, 0xc2, 0x14, 0xe0, 0x4c, 0x24, 0x28, 0x05,
  0xc2, 0x14, 0xe0, 0x4c, 0x0a, 0xc7, 0x50, 0xf5, 0x54, 0x14, 0x63, 0xc9,
  0x4c, 0x4c, 0x05, 0xc2, 0x14, 0xe0, 0x48, 0x0f, 0x03, 0x5f, 0x36, 0x31,
  0x59, 0x3a, 0x23, 0x59, 0x71, 0x2f, 0x24, 0x0c, 0x73, 0x00, 0x00, 0x0a,
  0x86, 0x65, 0xc3, 0xbb, 0x74, 0x65, 0x73, 0x4c, 0x24, 0x0a, 0x03, 0x5f,
  0x33, 0x58, 0x2f, 0x22, 0x71, 0x2f, 0x00, 0x00, 0x0f, 0x45, 0x2c, 0xc0,
  0x58, 0x3c, 0xe0, 0x31, 0x37, 0x23, 0x31, 0x59, 0x7f, 0x32, 0x00, 0x10,
  0x46, 0x15, 0x42, 0x05, 0x48, 0xe1, 0x54, 0x24, 0x2f, 0x70, 0x22, 0x32,
  0x70, 0x2f, 0x00, 0x08, 0x03, 0x5f, 0x30, 0x43, 0x59, 0x71, 0x00, 0x00,
  0x00, 0x00, 0x00, 0x00, 0x00, 0x10, 0x03, 0x5f, 0x37, 0x31, 0x59, 0x70,
  0x30, 0x2f, 0x71, 0x2f, 0x24, 0x0c, 0x73, 0x00, 0x66, 0x10, 0x03, 0x5f,
  0x37, 0x31, 0x59, 0x3a, 0x23, 0x59, 0x71, 0x2f, 0x24, 0x0c, 0x74, 0x58,
  0x00, 0x00, 0x00, 0x00, 0x00, 0x00, 0x08, 0x43, 0x20, 0x54, 0x85, 0x15,
  0x00, 0x2f, 0x0a, 0x43, 0x4d, 0x41, 0x40, 0x59, 0x06, 0x72, 0x2f, 0x00,
  0x00, 0x00, 0x00, 0x13, 0x42, 0x30, 0x10, 0x37, 0x79, 0x0f, 0x37, 0x84,
  0x22, 0x00, 0x4c, 0x20, 0x51, 0x6c, 0x65, 0x75, 0x72, 0x20, 0x06, 0xc2,
  0x28, 0x50, 0x48, 0x20, 0x0a, 0x42, 0x30, 0x10, 0x37, 0x79, 0x00, 0x24,
  0x28, 0x48, 0x09, 0x42, 0x30, 0x10, 0x37, 0x79, 0x00, 0x22, 0x4c, 0x0c,
  0x03, 0x5f, 0x31, 0x39, 0x48, 0x25, 0x58, 0x32, 0x75, 0x53, 0x00, 0x00,
  0x0b, 0x43, 0x05, 0x02, 0x40, 0x23, 0x30, 0x04, 0x24, 0x25, 0x00, 0x0c,
  0x03, 0x5f, 0x31, 0x38, 0x48, 0x25, 0x58, 0x6f, 0x25, 0x8d, 0x00, 0x00,
  0x0f, 0x43, 0x50, 0x56, 0x14, 0x15, 0x00, 0x2f, 0x51, 0x61, 0x6c, 0x6f,
  0x75, 0x64, 0x20, 0x0b, 0x43, 0x15, 0x82, 0x54, 0x24, 0x51, 0x58, 0x25,
  0x2f, 0x00, 0x00, 0x07, 0xc4, 0x05, 0x60, 0x4e, 0x50, 0x4c, 0x00, 0x08,
  0xc4, 0x14, 0xc3, 0x05, 0x4c, 0x4c, 0x20, 0x00, 0x00, 0x00, 0x0f, 0x46,
  0x4d, 0x43, 0xc3, 0x2c, 0x54, 0x80, 0x59, 0x2f, 0x27, 0x31, 0x24, 0x78,
  0x00, 0x00, 0x0c, 0x03, 0x5f, 0x32, 0x39, 0x54, 0x72, 0x2f, 0x32, 0x75,
  0x53, 0x00, 0x09, 0x03, 0x5f, 0x31, 0x31, 0x17, 0x74, 0x58, 0x00, 0x00,
  0x0c, 0x44, 0x38, 0x91, 0xc5, 0x48, 0x32, 0x25, 0x5a, 0x70, 0x22, 0x00,
  0x0c, 0x03, 0x5f, 0x32, 0x38, 0x54, 0x72, 0x2f, 0x6f, 0x25, 0x8d, 0x00,
  0x09, 0x03, 0x5f, 0x31, 0x30, 0x48, 0x25, 0x90, 0x00, 0x00, 0x0c, 0x46,
  0x28, 0x10, 0xd1, 0x54, 0x54, 0xc0, 0x5a, 0x23, 0x31, 0x00, 0x0a, 0x03,
  0x5f, 0x31, 0x33, 0x2f, 0x22, 0x70, 0x58, 0x00, 0x00, 0x09, 0x03, 0x5f,
  0x31, 0x32, 0x48, 0x28, 0x58, 0x00, 0x00, 0x09, 0x03, 0x5f, 0x31, 0x35,
  0x31, 0x72, 0x58, 0x00, 0x00, 0x0c, 0x03, 0x5f, 0x31, 0x34, 0x31, 0x23,
  0x2f, 0x7f, 0x22, 0x58, 0x00, 0x00, 0x0b, 0x03, 0x5f, 0x31, 0x37, 0x48,
  0x25, 0x59, 0x70, 0x2f, 0x00, 0x00, 0x09, 0x03, 0x5f, 0x31, 0x36, 0x59,
  0x70, 0x58, 0x00, 0x00, 0x00, 0x07, 0xc3, 0x19, 0x54, 0xc0, 0x4c, 0x24,
  0x0d, 0x03, 0x5f, 0x37, 0x58, 0x59, 0x70, 0x30, 0x2f, 0x71, 0x2f, 0x00,
  0x66, 0x00, 0x0c, 0x44, 0x34, 0x51, 0x09, 0x04, 0x41, 0x24, 0x48, 0x39,
  0x23, 0x00, 0x00, 0x00, 0x00, 0x09, 0x43, 0x09, 0x54, 0xc0, 0x47, 0x6f,
  0x00, 0x24, 0x09, 0x43, 0x09, 0x54, 0xc0, 0x47, 0x6f, 0x59, 0x00, 0x00,
  0x0d, 0x45, 0x89, 0x42, 0x4f, 0x39, 0x30, 0x24, 0x2f, 0x39, 0x74, 0x8f,
  0x00, 0x00, 0x00, 0x0a, 0x42, 0x21, 0xa0, 0x17, 0x70, 0x22, 0x2f, 0x59,
  0x00, 0x00, 0x12, 0x09, 0x71, 0x75, 0x65, 0x6c, 0x71, 0x75, 0x27, 0x75,
  0x6e, 0x31, 0x70, 0x37, 0x31, 0x73, 0x00, 0x4c, 0x00, 0x00, 0x10, 0x46,
  0x40, 0x14, 0x94, 0x24, 0xf3, 0x93, 0x30, 0x23, 0x22, 0x2f, 0x39, 0x74,
  0x8f, 0x00, 0x08, 0x43, 0x1c, 0x53, 0x93, 0x5a, 0x71, 0x00, 0x00, 0x00,
  0x10, 0x04, 0x5f, 0x61, 0x63, 0x75, 0x23, 0x31, 0x59, 0x71, 0x2f, 0x70,
  0x51, 0x06, 0x6f, 0x00, 0x00, 0x00, 0x00, 0x09, 0x42, 0x34, 0x10, 0x41,
  0x79, 0x00, 0x48, 0x22, 0x0e, 0x03, 0x5f, 0x34, 0x31, 0x31, 0x23, 0x22,
  0x71, 0x2f, 0x24, 0x0c, 0x73, 0x00, 0x00, 0x0e, 0x43, 0x34, 0x86, 0x80,
  0x41, 0x24, 0x51, 0x23, 0x70, 0x22, 0x2f, 0x59, 0x00, 0x00, 0x04, 0xc1,
  0xa0, 0x2b, 0x00, 0x0b, 0x44, 0x4c, 0x83, 0xd2, 0x50, 0x5b, 0x7f, 0x22,
  0x2f, 0x00, 0x09, 0x43, 0x34, 0x15, 0x00, 0x41, 0x23, 0x2f, 0x00, 0x00,
  0x0b, 0x43, 0x41, 0x28, 0x53, 0x30, 0x22, 0x70, 0x8f, 0x00, 0x4c, 0x00,
  0x00, 0x0a, 0x43, 0x10, 0xf3, 0x94, 0x48, 0x74, 0x8c, 0x00, 0x48, 0x00,
  0x13, 0x44, 0x4c, 0x12, 0x4e, 0x50, 0x59, 0x72, 0x31, 0x37, 0x28, 0x00,
  0x51, 0x63, 0x6c, 0x6f, 0x75, 0x64, 0x20, 0x00, 0x0c, 0x44, 0x04, 0x40,
  0x4d, 0x4c, 0x23, 0x48, 0x23, 0x41, 0x59, 0x00, 0x0e, 0x03, 0x5f, 0x35,
  0x31, 0x59, 0x72, 0x31, 0x71, 0x2f, 0x24, 0x0c, 0x73, 0x00, 0x00, 0x00,
  0x00, 0x00, 0x00, 0x00, 0x00, 0x15, 0x02, 0x32, 0x31, 0x54, 0x72, 0x2f,
  0x24, 0x0c, 0x6f, 0x32, 0x25, 0x70, 0x41, 0x00, 0x51, 0xc3, 0xa8, 0x6d,
  0x65, 0x20, 0x00, 0x00, 0x00, 0x0c, 0x44, 0x2c, 0x53, 0x99, 0x04, 0x31,
  0x24, 0x32, 0x39, 0x23, 0x00, 0x00, 0x12, 0x05, 0x73, 0x2e, 0x74, 0x2e,
  0x70, 0x59, 0x25, 0x37, 0x2f, 0x0d, 0x0c, 0x30, 0x37, 0x06, 0x70, 0x00,
  0x00, 0x0e, 0x46, 0x34, 0x16, 0x4f, 0x51, 0x41, 0x40, 0x41, 0x23, 0x39,
  0x7f, 0x2f, 0x00, 0x00, 0x06, 0xc3, 0x5c, 0xd0, 0x40, 0x0d, 0x00, 0x16,
  0x44, 0x40, 0x14, 0x83, 0x14, 0x30, 0x23, 0x22, 0x59, 0x31, 0x74, 0x86,
  0x00, 0x4c, 0x51, 0x71, 0x75, 0x27, 0x6f, 0x6e, 0x20, 0x1a, 0x44, 0x40,
  0x14, 0x83, 0x14, 0x30, 0x23, 0x22, 0x59, 0x31, 0x70, 0x37, 0x8f, 0x00,
  0x4c, 0x51, 0x71, 0x75, 0x27, 0x65, 0x6c, 0x6c, 0x65, 0x73, 0x20, 0x18,
  0x44, 0x40, 0x14, 0x83, 0x14, 0x30, 0x23, 0x22, 0x59, 0x31, 0x70, 0x37,
  0x00, 0x4c, 0x51, 0x71, 0x75, 0x27, 0x65, 0x6c, 0x6c, 0x65, 0x20, 0x18,
  0x44, 0x40, 0x14, 0x83, 0x14, 0x30, 0x23, 0x22, 0x59, 0x31, 0x25, 0x37,
  0x8f, 0x00, 0x4c, 0x51, 0x71, 0x75, 0x27, 0x69, 0x6c, 0x73, 0x20, 0x16,
  0x44, 0x40, 0x14, 0x83, 0x14, 0x30, 0x23, 0x22, 0x59, 0x31, 0x25, 0x37,
  0x00, 0x4c, 0x51, 0x71, 0x75, 0x27, 0x69, 0x6c, 0x20, 0x13, 0x44, 0x40,
  0x14, 0x83, 0x14, 0x30, 0x23, 0x22, 0x59, 0x31, 0x0d, 0x00, 0x4c, 0x51,
  0x71, 0x75, 0x65, 0x20, 0x12, 0x03, 0x70, 0x2e, 0x73, 0x30, 0x7f, 0x59,
  0x2f, 0x59, 0x31, 0x22, 0x25, 0x30, 0x2f, 0x7f, 0x41, 0x00, 0x0d, 0x03,
  0x5f, 0x3f, 0x3f, 0x59, 0x72, 0x47, 0x06, 0x27, 0x37, 0x37, 0x00, 0x00,
  0x16, 0x02, 0x33, 0x31, 0x2f, 0x22, 0x71, 0x2f, 0x24, 0x0c, 0x6f, 0x32,
  0x25, 0x70, 0x41, 0x00, 0x51, 0xc3, 0xa8, 0x6d, 0x65, 0x20, 0x00, 0x10,
  0x46, 0x45, 0x51, 0x4c, 0x45, 0x51, 0x40, 0x31, 0x70, 0x37, 0x31, 0x08,
  0x0d, 0x00, 0x4c, 0x0a, 0x42, 0x35, 0x20, 0x41, 0x0d, 0x59, 0x25, 0x84,
  0x00, 0x00, 0x08, 0x43, 0x30, 0x95, 0x05, 0x15, 0x00, 0x2f, 0x0b, 0x03,
  0x5f, 0x34, 0x58, 0x31, 0x23, 0x22, 0x71, 0x2f, 0x00, 0x00, 0x00, 0x00,
  0x0c, 0x45, 0x08, 0x16, 0x45, 0x55, 0x80, 0x47, 0x23, 0x39, 0x84, 0x00,
  0x00, 0x0a, 0x43, 0x08, 0x55, 0x01, 0x47, 0x24, 0x2f, 0x23, 0x00, 0x07,
  0xc3, 0x04, 0x91, 0x40, 0x4c, 0x24, 0x00, 0x00, 0x17, 0x02, 0x34, 0x31,
  0x31, 0x23, 0x22, 0x71, 0x2f, 0x24, 0x0c, 0x6f, 0x32, 0x25, 0x70, 0x41,
  0x00, 0x51, 0xc3, 0xa8, 0x6d, 0x65, 0x20, 0x00, 0x13, 0x42, 0x30, 0x50,
  0x37, 0x0e, 0x0f, 0x37, 0x84, 0x22, 0x00, 0x4c, 0x20, 0x51, 0x6c, 0x65,
  0x75, 0x72, 0x20, 0x07, 0xc2, 0x30, 0x50, 0x24, 0x28, 0x48, 0x06, 0xc2,
  0x30, 0x50, 0x22, 0x4c, 0x10, 0x42, 0x2c, 0x70, 0x6b, 0x69, 0x6c, 0x6f,
  0x67, 0x72, 0x61, 0x6d, 0x6d, 0x65, 0x00, 0x1d, 0x00, 0x06, 0xc3, 0x40,
  0x32, 0x40, 0x0d, 0x0e, 0x03, 0x5f, 0x38, 0x30, 0x31, 0x23, 0x2f, 0x22,
  0x0d, 0x54, 0x72, 0x8f, 0x00, 0x0b, 0x03, 0x5f, 0x35, 0x58, 0x59, 0x72,
  0x31, 0x71, 0x2f, 0x00, 0x00, 0x00, 0x09, 0x43, 0x38, 0x15, 0x00, 0x32,
  0x23, 0x2f, 0x00, 0x08, 0x43, 0x30, 0x55, 0x00, 0x15, 0x00, 0x2f, 0x0f,
  0x04, 0x5f, 0x72, 0x6e, 0x67, 0x22, 0x74, 0x8c, 0x71, 0x5b, 0x06, 0x70,
  0x53, 0x00, 0x00, 0x10, 0x46, 0x58, 0x13, 0x95, 0x05, 0x45, 0x40, 0x54,
  0x23, 0x32, 0x28, 0x23, 0x2f, 0x28, 0x00, 0x0d, 0x45, 0x34, 0x16, 0x8f,
  0x55, 0x40, 0x41, 0x23, 0x58, 0x28, 0x2f, 0x00, 0x09, 0x44, 0x40, 0xf5,
  0x4c, 0x4c, 0x30, 0x28, 0x00, 0x00, 0x08, 0x43, 0x19, 0x23, 0xcd, 0x15,
  0x00, 0x2f, 0x08, 0x43, 0x34, 0x12, 0x40, 0x41, 0x70, 0x00, 0x00, 0x08,
  0x43, 0x20, 0x53, 0x10, 0x15, 0x00, 0x2f, 0x0f, 0x46, 0x28, 0x10, 0xcb,
  0x40, 0xf5, 0x00, 0x4b, 0x23, 0x31, 0x30, 0x7f, 0x2f, 0x00, 0x00, 0x17,
  0x02, 0x35, 0x31, 0x59, 0x72, 0x31, 0x71, 0x2f, 0x24, 0x0c, 0x6f, 0x32,
  0x25, 0x70, 0x41, 0x00, 0x51, 0xc3, 0xa8, 0x6d, 0x65, 0x20, 0x00, 0x0e,
  0x45, 0x4c, 0xf5, 0x89, 0x15, 0x40, 0x59, 0x27, 0x54, 0x25, 0x70, 0x2f,
  0x00, 0x0c, 0x44, 0x04, 0xc3, 0xd2, 0x4c, 0x23, 0x37, 0x7f, 0x22, 0x00,
  0x4c, 0x17, 0x44, 0x50, 0x53, 0x50, 0x4c, 0x2f, 0x71, 0x58, 0x71, 0x2f,
  0x71, 0x00, 0x52, 0x65, 0x6e, 0x20, 0x74, 0x65, 0x6d, 0x70, 0x73, 0x20,
  0x0e, 0x42, 0x2d, 0x70, 0x6b, 0x69, 0x6c, 0x6f, 0x77, 0x61, 0x74, 0x74,
  0x00, 0x1d, 0x0f, 0x03, 0x5f, 0x39, 0x31, 0x32, 0x27, 0x32, 0x71, 0x2f,
  0x24, 0x0c, 0x73, 0x00, 0x66, 0x00, 0x10, 0x43, 0x3c, 0x53, 0x40, 0x0b,
  0x04, 0x27, 0x0b, 0x04, 0x0d, 0x0b, 0x06, 0x70, 0x41, 0x00, 0x0c, 0x03,
  0x5f, 0x36, 0x58, 0x59, 0x3a, 0x23, 0x59, 0x71, 0x2f, 0x00, 0x00, 0x0a,
  0x45, 0x34, 0x14, 0x10, 0x15, 0x20, 0x15, 0x00, 0x2f, 0x00, 0x00, 0x00,
  0x00, 0x00, 0x18, 0x02, 0x36, 0x31, 0x59, 0x3a, 0x23, 0x59, 0x71, 0x2f,
  0x24, 0x0c, 0x6f, 0x32, 0x25, 0x70, 0x41, 0x00, 0x51, 0xc3, 0xa8, 0x6d,
  0x65, 0x20, 0x00, 0x06, 0xc2, 0x24, 0xc0, 0x4c, 0x20, 0x00, 0x00, 0x00,
  0x0b, 0x45, 0x10, 0x53, 0x87, 0x54, 0x50, 0x48, 0x72, 0x51, 0x00, 0x00,
  0x00, 0x00, 0x07, 0xc4, 0x50, 0x53, 0x0c, 0x14, 0x4c, 0x00, 0x0f, 0x46,
  0x88, 0xc3, 0xd1, 0x54, 0x53, 0x94, 0x24, 0x37, 0x27, 0x31, 0x71, 0x8c,
  0x00, 0x0a, 0x45, 0x10, 0x53, 0x05, 0x50, 0x50, 0x15, 0x00, 0x2f, 0x00,
  0x00, 0x0e, 0x03, 0x5f, 0x38, 0x58, 0x31, 0x23, 0x2f, 0x22, 0x0d, 0x54,
  0x72, 0x0c, 0x00, 0x00, 0x00, 0x0a, 0x43, 0x10, 0x13, 0x93, 0x48, 0x71,
  0x8f, 0x00, 0x4c, 0x00, 0x00, 0x00, 0x06, 0xc3, 0x45, 0x51, 0x4c, 0x4c,
  0x00, 0x18, 0x02, 0x38, 0x31, 0x31, 0x23, 0x2f, 0x22, 0x0d, 0x54, 0x72,
  0x0c, 0x6f, 0x32, 0x25, 0x70, 0x41, 0x00, 0x51, 0xc3, 0xa8, 0x6d, 0x65,
  0x20, 0x00, 0x06, 0xc2, 0x34, 0x50, 0x48, 0x20, 0x00, 0x0b, 0x46, 0x4c,
  0x13, 0x45, 0x50, 0x93, 0x45, 0x15, 0x00, 0x2f, 0x0c, 0x03, 0x5f, 0x39,
  0x58, 0x32, 0x27, 0x32, 0x71, 0x2f, 0x00, 0x66, 0x00, 0x00, 0x08, 0x43,
  0x20, 0xf5, 0x00, 0x15, 0x00, 0x2f, 0x00, 0x0f, 0x45, 0x15, 0x83, 0xc3,
  0x15, 0x40, 0x70, 0x51, 0x58, 0x27, 0x59, 0x70, 0x2f, 0x00, 0x00, 0x00,
  0x0a, 0x43, 0x2c, 0x14, 0x94, 0x31, 0x23, 0x22, 0x2f, 0x00, 0x00, 0x00,
  0x0b, 0x03, 0x5f, 0x3f, 0x41, 0x37, 0x06, 0x70, 0x2f, 0x22, 0x00, 0x00,
  0x09, 0xc6, 0x40, 0xf5, 0x52, 0x45, 0x53, 0xc9, 0x4c, 0x00, 0x0a, 0x45,
  0x08, 0x55, 0x14, 0x15, 0x20, 0x15, 0x00, 0x2f, 0x0e, 0x45, 0x40, 0xf3,
  0x04, 0x15, 0x20, 0x30, 0x7f, 0x37, 0x48, 0x70, 0x22, 0x00, 0x00, 0x00,
  0x00, 0x00, 0x00, 0x0b, 0x04, 0x5f, 0x73, 0x74, 0x6b, 0x47, 0x06, 0x23,
  0x22, 0x00, 0x00, 0x10, 0x46, 0x28, 0x53, 0x8e, 0x24, 0x61, 0x52, 0x5a,
  0x24, 0x32, 0x25, 0x53, 0x70, 0x22, 0x00, 0x10, 0x46, 0x1c, 0x13, 0x87,
  0x4d, 0x41, 0x52, 0x51, 0x71, 0x51, 0x59, 0x2f, 0x70, 0x22, 0x00, 0x00,
  0x07, 0x42, 0x24, 0xe0, 0x15, 0x00, 0x2f, 0x00, 0x16, 0x43, 0x5c, 0x50,
  0x80, 0x77, 0x65, 0x62, 0x76, 0x69, 0x73, 0x75, 0x6d, 0x00, 0x1d, 0x51,
  0x76, 0x69, 0x73, 0x75, 0x6d, 0x20, 0x00, 0x00, 0x00, 0x00, 0x0a, 0x45,
  0x1c, 0xf3, 0xc7, 0x30, 0x50, 0x15, 0x00, 0x2f, 0x00, 0x00, 0x12, 0x47,
  0x4d, 0x45, 0x54, 0x50, 0x70, 0x52, 0x50, 0x5b, 0x2f, 0x28, 0x2f, 0x51,
  0x23, 0x22, 0x2f, 0x00, 0x00, 0x00, 0x0f, 0x46, 0x50, 0x53, 0x94, 0x24,
  0xf3, 0x93, 0x2f, 0x71, 0x2f, 0x39, 0x74, 0x8f, 0x00, 0x09, 0x43, 0x34,
  0x53, 0x93, 0x41, 0x71, 0x8f, 0x00, 0x0a, 0x43, 0x34, 0x14, 0x93, 0x41,
  0x23, 0x22, 0x59, 0x00, 0x00, 0x0c, 0x43, 0x10, 0x95, 0x98, 0x48, 0x25,
  0x54, 0x25, 0x31, 0x59, 0x00, 0x00, 0x00, 0x13, 0x48, 0x08, 0x13, 0x87,
  0x30, 0x11, 0x05, 0x4c, 0x80, 0x47, 0x71, 0x51, 0x37, 0x23, 0x48, 0x70,
  0x5b, 0x00, 0x15, 0x48, 0x12, 0x24, 0xc5, 0x49, 0x42, 0x4f, 0x39, 0x30,
  0x48, 0x24, 0x58, 0x70, 0x22, 0x2f, 0x39, 0x74, 0x8f, 0x00, 0x24, 0x00,
  0x00, 0x00, 0x00, 0x06, 0xc2, 0x38, 0x50, 0x48, 0x20, 0x00, 0x0a, 0x43,
  0x3d, 0x52, 0x40, 0x17, 0x3a, 0x25, 0x00, 0x4c, 0x00, 0x09, 0xc4, 0x30,
  0x55, 0x52, 0x4c, 0x48, 0x24, 0x28, 0x08, 0xc4, 0x30, 0x55, 0x52, 0x4c,
  0x4c, 0x22, 0x13, 0x43, 0x10, 0x54, 0x14, 0x64, 0xc3, 0xa9, 0x70, 0x61,
  0x72, 0x74, 0x65, 0x6d, 0x65, 0x6e, 0x74, 0x00, 0x1d, 0x00, 0x00, 0x00,
  0x0f, 0x44, 0x0d, 0x90, 0x85, 0x48, 0x15, 0x00, 0x2f, 0x51, 0x6c, 0x69,
  0x6e, 0x6b, 0x20, 0x09, 0x43, 0x38, 0x55, 0x00, 0x32, 0x70, 0x2f, 0x00,
  0x07, 0xc4, 0x1d, 0x58, 0x52, 0x14, 0x4c, 0x00, 0x09, 0x43, 0x20, 0x14,
  0x94, 0x23, 0x22, 0x2f, 0x00, 0x00, 0x00, 0x16, 0x04, 0x5f, 0x63, 0x69,
  0x72, 0x23, 0x31, 0x59, 0x71, 0x59, 0x25, 0x22, 0x31, 0x74, 0x53, 0x37,
  0x06, 0x70, 0x31, 0x59, 0x00, 0x04, 0xc1, 0xac, 0x2b, 0x00, 0x00, 0x00,
  0x0a, 0x45, 0x34, 0x12, 0x4c, 0x50, 0xf0, 0x15, 0x00, 0x2f, 0x00, 0x0c,
  0x04, 0x5f, 0x30, 0x4d, 0x32, 0x41, 0x25, 0x37, 0x39, 0x74, 0x00, 0x00,
  0x09, 0x43, 0x38, 0xf3, 0x80, 0x32, 0x74, 0x00, 0x4c, 0x0d, 0x04, 0x5f,
  0x30, 0x4d, 0x33, 0x41, 0x25, 0x37, 0x39, 0x23, 0x22, 0x00, 0x00, 0x00,
  0x0a, 0x04, 0x5f, 0x30, 0x4d, 0x31, 0x41, 0x25, 0x37, 0x00, 0x00, 0x00,
  0x00, 0x00, 0x00, 0x0c, 0x44, 0x4c, 0x13, 0x4f, 0x04, 0x59, 0x23, 0x41,
  0x27, 0x23, 0x00, 0x0b, 0x44, 0x1c, 0xe3, 0xcd, 0x14, 0x51, 0x32, 0x7f,
  0x41, 0x00, 0x00, 0x06, 0xc3, 0x18, 0xf4, 0x80, 0x4c, 0x0b, 0x43, 0x55,
  0x04, 0xc0, 0x6f, 0x30, 0x24, 0x70, 0x59, 0x00, 0x00, 0x00, 0x00, 0x11,
  0x42, 0x41, 0x20, 0x70, 0x72, 0x6f, 0x66, 0x65, 0x73, 0x73, 0x65, 0x75,
  0x72, 0x00, 0x29, 0x1d, 0x00, 0x0f, 0x04, 0x5f, 0x6c, 0x69, 0x67, 0x37,
  0x25, 0x51, 0x23, 0x2f, 0x06, 0x6f, 0x22, 0x00, 0x00, 0x00, 0x0a, 0x05,
  0x61, 0x6f, 0xc3, 0xbb, 0x74, 0x28, 0x2f, 0x00, 0x0f, 0x46, 0x34, 0x54,
  0x87, 0x54, 0x56, 0x80, 0x41, 0x70, 0x22, 0x51, 0x70, 0x58, 0x00, 0x00,
  0x17, 0x49, 0x15, 0x84, 0x0c, 0x3c, 0x95, 0x09, 0x3c, 0xe4, 0xc0, 0x70,
  0x31, 0x59, 0x30, 0x37, 0x3a, 0x23, 0x2f, 0x39, 0x74, 0x8f, 0x00, 0x15,
  0x49, 0x0c, 0xf3, 0x93, 0x50, 0x15, 0x09, 0x3c, 0xe4, 0xc0, 0x31, 0x74,
  0x59, 0x2f, 0x23, 0x2f, 0x39, 0x74, 0x8f, 0x00, 0x00, 0x00, 0x00, 0x00,
  0x19, 0x42, 0x2c, 0xd0, 0x31, 0x23, 0x04, 0x70, 0x41, 0x30, 0x37, 0x70,
  0x39, 0x06, 0x75, 0x22, 0x00, 0x51, 0x70, 0x6c, 0x61, 0x79, 0x65, 0x72,
  0x20, 0x10, 0x42, 0x2c, 0xd0, 0x6b, 0x69, 0x6c, 0x6f, 0x6d, 0xc3, 0xa8,
  0x74, 0x72, 0x65, 0x00, 0x1d, 0x00, 0x00, 0x00, 0x0d, 0x45, 0x5c, 0x13,
  0x0c, 0x25, 0x30, 0x3a, 0x23, 0x37, 0x25, 0x59, 0x00, 0x0e, 0x45, 0x40,
  0x13, 0x01, 0x3d, 0x30, 0x30, 0x23, 0x37, 0x23, 0x7f, 0x59, 0x00, 0x0c,
  0x44, 0x4d, 0x43, 0xd5, 0x50, 0x59, 0x2f, 0x23, 0x28, 0x2f, 0x00, 0x0e,
  0x45, 0x20, 0x54, 0x8d, 0x15, 0x30, 0x17, 0x70, 0x22, 0x41, 0x70, 0x59,
  0x00, 0x00, 0x00, 0x00, 0x09, 0x44, 0x08, 0xc5, 0x45, 0x4c, 0x15, 0x00,
  0x2f, 0x00, 0x08, 0xc5, 0x50, 0x53, 0x0c, 0x15, 0x30, 0x4c, 0x15, 0x45,
  0x0c, 0x53, 0x0c, 0x15, 0x30, 0x59, 0x70, 0x37, 0x0f, 0x37, 0x23, 0x00,
  0x20, 0x4c, 0x51, 0x6c, 0xc3, 0xa0, 0x20, 0x14, 0x45, 0x0c, 0x53, 0x0c,
  0x15, 0x30, 0x59, 0x70, 0x37, 0x0f, 0x59, 0x25, 0x00, 0x20, 0x4c, 0x51,
  0x63, 0x69, 0x20, 0x08, 0xc5, 0x0c, 0x53, 0x0c, 0x15, 0x30, 0x4c, 0x00,
  0x08, 0x42, 0x3d, 0x50, 0x28, 0x00, 0x48, 0x1c, 0x0d, 0x42, 0x45, 0x10,
  0x71, 0x75, 0x65, 0x6c, 0x71, 0x75, 0x65, 0x00, 0x1d, 0x00, 0x00, 0x00,
  0x00, 0x00, 0x09, 0x43, 0x3d, 0x55, 0x00, 0x23, 0x28, 0x2f, 0x00, 0x00,
  0x00, 0x11, 0x46, 0x68, 0x93, 0x42, 0x04, 0x25, 0xc5, 0x58, 0x25, 0x41,
  0x47, 0x23, 0x47, 0x3a, 0x24, 0x00, 0x00, 0x00, 0x06, 0xc3, 0x40, 0x40,
  0x40, 0x0d, 0x00, 0x00, 0x11, 0x05, 0x73, 0x2e, 0x76, 0x2e, 0x70, 0x59,
  0x25, 0x37, 0x54, 0x81, 0x30, 0x37, 0x06, 0x70, 0x00, 0x00, 0x00, 0x15,
  0x43, 0x34, 0x10, 0xc0, 0x41, 0x23, 0x31, 0x27, 0x70, 0x59, 0x25, 0x31,
  0x59, 0x00, 0x52, 0x6f, 0x73, 0x20, 0x78, 0x20, 0x00, 0x00, 0x00, 0x00,
  0x08, 0x43, 0x1c, 0x14, 0x93, 0x51, 0x23, 0x00, 0x06, 0xc3, 0x39, 0x32,
  0x53, 0x0d, 0x00, 0x00, 0x00, 0x00, 0x00, 0x0d, 0x04, 0x5f, 0x63, 0x65,
  0x64, 0x59, 0x24, 0x48, 0x06, 0x25, 0x39, 0x00, 0x00, 0x19, 0x05, 0x6e,
  0x27, 0x65, 0x73, 0x74, 0x32, 0x06, 0x70, 0x59, 0x0f, 0x30, 0x06, 0x23,
  0x8f, 0x00, 0x52, 0x63, 0x65, 0x20, 0x70, 0x61, 0x73, 0x20, 0x00, 0x0c,
  0x44, 0x31, 0x52, 0x47, 0x24, 0x37, 0x3a, 0x25, 0x4b, 0x25, 0x00, 0x05,
  0xc2, 0x38, 0x90, 0x48, 0x00, 0x00, 0x00, 0x00, 0x00, 0x00, 0x00, 0x00,
  0x00, 0x0d, 0x43, 0x24, 0x23, 0x40, 0x25, 0x47, 0x04, 0x24, 0x06, 0x70,
  0x41, 0x00, 0x00, 0x10, 0x04, 0x5f, 0x63, 0x61, 0x70, 0x41, 0x23, 0x5a,
  0x6f, 0x59, 0x31, 0x06, 0x6f, 0x37, 0x00, 0x00, 0x00, 0x00, 0x08, 0x43,
  0x4d, 0x53, 0x80, 0x15, 0x00, 0x2f, 0x00, 0x00, 0x10, 0x46, 0x4d, 0x54,
  0xd0, 0x14, 0xe4, 0xc5, 0x59, 0x6f, 0x59, 0x30, 0x70, 0x32, 0x59, 0x00,
  0x00, 0x00, 0x00, 0x0c, 0x03, 0x5f, 0xc2, 0xb5, 0x41, 0x25, 0x31, 0x22,
  0x06, 0x27, 0x00, 0x00, 0x00, 0x07, 0xc4, 0x05, 0x55, 0x12, 0x14, 0x4c,
  0x00, 0x09, 0x43, 0x34, 0x14, 0xc0, 0x41, 0x23, 0x59, 0x00, 0x06, 0xc3,
  0x4d, 0x54, 0x80, 0x4c, 0x07, 0xc3, 0x58, 0xf4, 0xc0, 0x48, 0x22, 0x07,
  0xc3, 0x38, 0xf4, 0xc0, 0x48, 0x22, 0x0b, 0x43, 0x4c, 0x54, 0xc0, 0x59,
  0x7b, 0x8f, 0x00, 0x48, 0x22, 0x0b, 0x43, 0x0c, 0x54, 0xc0, 0x59, 0x24,
  0x8f, 0x00, 0x48, 0x22, 0x00, 0x00, 0x00, 0x00, 0x06, 0x83, 0x5f, 0xc3,
  0xb4, 0x2b, 0x00, 0x00, 0x00, 0x11, 0x03, 0x5f, 0xc2, 0xab, 0x28, 0x54,
  0x22, 0x24, 0x0f, 0x51, 0x25, 0x39, 0x41, 0x06, 0x70, 0x00, 0x00, 0x06,
  0xc3, 0x1c, 0xe5, 0x40, 0x0d, 0x08, 0x43, 0x65, 0x61, 0x53, 0x25, 0x54,
  0x00, 0x07, 0xc3, 0x4c, 0xf2, 0x53, 0x4c, 0x24, 0x08, 0xc5, 0x09, 0x23,
  0x14, 0x51, 0x90, 0x0d, 0x00, 0x00, 0x00, 0x09, 0x42, 0x4c, 0x10, 0x59,
  0x79, 0x00, 0x48, 0x22, 0x11, 0x42, 0x34, 0xd0, 0x6d, 0x69, 0x6c, 0x6c,
  0x69, 0x6d, 0xc3, 0xa8, 0x74, 0x72, 0x65, 0x00, 0x1d, 0x0d, 0x03, 0x5f,
  0xc2, 0xa7, 0x59, 0x70, 0x31, 0x59, 0x39, 0x06, 0x74, 0x00, 0x00, 0x13,
  0x46, 0x0c, 0x13, 0x16, 0x04, 0x43, 0xd3, 0x63, 0x61, 0x6c, 0x76, 0x61,
  0x64, 0x6f, 0x73, 0x73, 0x00, 0x1d, 0x00, 0x0b, 0x43, 0x09, 0x25, 0x54,
  0x47, 0x22, 0x06, 0x6f, 0x2f, 0x00, 0x00, 0x0e, 0x45, 0x40, 0x14, 0xd4,
  0x25, 0x30, 0x30, 0x23, 0x59, 0x2f, 0x25, 0x59, 0x00, 0x00, 0x06, 0xc3,
  0x4c, 0x14, 0x00, 0x0d, 0x00, 0x08, 0x43, 0x1c, 0x51, 0x4b, 0x15, 0x00,
  0x2f, 0x00, 0x00, 0x0b, 0x45, 0x1c, 0x93, 0x0c, 0x15, 0x30, 0x5a, 0x25,
  0x37, 0x00, 0x0d, 0x45, 0x08, 0x94, 0xd3, 0x55, 0x30, 0x47, 0x25, 0x59,
  0x6f, 0x59, 0x00, 0x00, 0x00, 0x0e, 0x45, 0x51, 0x55, 0x81, 0x31, 0x50,
  0x2f, 0x28, 0x54, 0x23, 0x37, 0x28, 0x00, 0x00, 0x00, 0x00, 0x00, 0x06,
  0x83, 0x5f, 0xc3, 0xa0, 0x2b, 0x00, 0x00, 0x00, 0x0a, 0x42, 0x34, 0xe0,
  0x41, 0x25, 0x32, 0x6f, 0x2f, 0x00, 0x00, 0x00, 0x26, 0x46, 0x24, 0xe5,
  0x05, 0x48, 0xe1, 0x54, 0x72, 0x2f, 0x70, 0x22, 0x32, 0x06, 0x70, 0x2f,
  0x0f, 0x70, 0x31, 0x59, 0x30, 0x37, 0x7f, 0x22, 0x06, 0x75, 0x22, 0x00,
  0x51, 0x65, 0x78, 0x70, 0x6c, 0x6f, 0x72, 0x65, 0x72, 0x20, 0x11, 0x46,
  0x24, 0xe5, 0x05, 0x48, 0xe1, 0x54, 0x72, 0x2f, 0x70, 0x22, 0x32, 0x06,
  0x70, 0x2f, 0x00, 0x11, 0x46, 0x34, 0x14, 0x87, 0x05, 0x21, 0x54, 0x41,
  0x23, 0x22, 0x51, 0x23, 0x22, 0x70, 0x2f, 0x00, 0x00, 0x00, 0x00, 0x00,
  0x00, 0x00, 0x00, 0x00, 0x08, 0x43, 0x39, 0x53, 0x0c, 0x15, 0x00, 0x2f,
  0x0f, 0x46, 0x0d, 0x93, 0x94, 0x20, 0x90, 0x40, 0x59, 0x25, 0x32, 0x2f,
  0x25, 0x23, 0x00, 0x00, 0x0e, 0x43, 0x60, 0x60, 0xc5, 0x25, 0x31, 0x59,
  0x70, 0x53, 0x59, 0x24, 0x0d, 0x00, 0x00, 0x00, 0x00, 0x0e, 0x45, 0x10,
  0x50, 0x89, 0x04, 0xe0, 0x48, 0x24, 0x47, 0x39, 0x23, 0x32, 0x00, 0x00,
  0x06, 0xc3, 0x48, 0x90, 0x41, 0x0d, 0x00, 0x09, 0x42, 0x3c, 0xb0, 0x27,
  0x31, 0x24, 0x00, 0x4c, 0x09, 0x42, 0x50, 0x10, 0x2f, 0x79, 0x00, 0x48,
  0x22, 0x00, 0x0c, 0x44, 0x30, 0x14, 0xc5, 0x48, 0x37, 0x23, 0x58, 0x70,
  0x22, 0x00, 0x00, 0x0f, 0x46, 0x34, 0x90, 0xc8, 0x04, 0x53, 0x00, 0x41,
  0x25, 0x31, 0x23, 0x70, 0x37, 0x00, 0x00, 0x00, 0x10, 0x46, 0x04, 0xe1,
  0xc5, 0x30, 0x54, 0xc0, 0x71, 0x32, 0x5a, 0x24, 0x37, 0x70, 0x59, 0x00,
  0x0d, 0x46, 0x0c, 0x80, 0x52, 0x30, 0x54, 0xc0, 0x5b, 0x23, 0x22, 0x37,
  0x00, 0x10, 0x46, 0x04, 0xc0, 0x89, 0x38, 0xf4, 0xc0, 0x23, 0x37, 0x47,
  0x25, 0x32, 0x27, 0x59, 0x00, 0x00, 0x00, 0x10, 0x46, 0x40, 0x15, 0x01,
  0x45, 0x58, 0x53, 0x30, 0x23, 0x2f, 0x23, 0x31, 0x70, 0x59, 0x00, 0x00,
  0x00, 0x00, 0x00, 0x0e, 0x45, 0x58, 0x94, 0x87, 0x24, 0xe0, 0x54, 0x25,
  0x22, 0x5a, 0x25, 0x32, 0x00, 0x00, 0x00, 0x0e, 0x46, 0x34, 0xf3, 0x93,
  0x24, 0x55, 0x52, 0x41, 0x0d, 0x59, 0x39, 0x84, 0x00, 0x12, 0x03, 0x5f,
  0xc2, 0xbb, 0x53, 0x70, 0x22, 0x41, 0x24, 0x0f, 0x51, 0x25, 0x39, 0x41,
  0x06, 0x70, 0x00, 0x00, 0x09, 0x43, 0x49, 0x55, 0x00, 0x22, 0x6f, 0x2f,
  0x00, 0x0f, 0x46, 0x0c, 0xf5, 0x53, 0x0c, 0xf5, 0x53, 0x31, 0x28, 0x59,
  0x31, 0x28, 0x59, 0x00, 0x00, 0x0c, 0x44, 0x5c, 0x14, 0x89, 0x3c, 0x3a,
  0x23, 0x22, 0x39, 0x27, 0x00, 0x00, 0x00, 0x00, 0x09, 0x43, 0x1d, 0x54,
  0xc0, 0x51, 0x6f, 0x59, 0x00, 0x0f, 0x43, 0x45, 0x14, 0xc0, 0x71, 0x75,
  0x65, 0x6c, 0x71, 0x75, 0x65, 0x73, 0x00, 0x1d, 0x00, 0x00, 0x00, 0x10,
  0x04, 0x5f, 0x67, 0x72, 0x76, 0x23, 0x31, 0x59, 0x71, 0x51, 0x22, 0x06,
  0x23, 0x54, 0x00, 0x00, 0x09, 0x43, 0x4d, 0x54, 0xc0, 0x59, 0x6f, 0x00,
  0x24, 0x09, 0x43, 0x4d, 0x54, 0xc0, 0x59, 0x6f, 0x59, 0x00, 0x00, 0x0f,
  0x46, 0x0d, 0x23, 0xc1, 0x50, 0x91, 0x40, 0x31, 0x22, 0x27, 0x23, 0x59,
  0x25, 0x00, 0x11, 0x46, 0x30, 0xf4, 0x93, 0x45, 0x51, 0x40, 0x37, 0x7f,
  0x22, 0x59, 0x31, 0x08, 0x0d, 0x00, 0x4c, 0x00, 0x14, 0x02, 0xc3, 0x97,
  0x41, 0x6f, 0x37, 0x2f, 0x25, 0x30, 0x37, 0x25, 0x06, 0x24, 0x0a, 0x30,
  0x06, 0x23, 0x22, 0x00, 0x00, 0x11, 0x42, 0x4d, 0x40, 0x59, 0x72, 0x31,
  0x37, 0x28, 0x00, 0x51, 0x63, 0x6c, 0x6f, 0x75, 0x64, 0x20, 0x09, 0x42,
  0x4d, 0x40, 0x59, 0x06, 0x72, 0x8c, 0x00, 0x00, 0x00, 0x00, 0x06, 0xc3,
  0x39, 0x61, 0x01, 0x0d, 0x00, 0x0a, 0x43, 0x04, 0xc0, 0x4e, 0x23, 0x37,
  0x23, 0x32, 0x00, 0x10, 0x43, 0x4d, 0x44, 0x00, 0x59, 0x25, 0x37, 0x2f,
  0x0d, 0x0c, 0x30, 0x37, 0x06, 0x70, 0x00, 0x00, 0x00, 0x16, 0x02, 0xc2,
  0xa6, 0x59, 0x24, 0x30, 0x23, 0x22, 0x23, 0x2f, 0x75, 0x22, 0x0f, 0x54,
  0x70, 0x2f, 0x25, 0x31, 0x23, 0x37, 0x00, 0x00, 0x00, 0x06, 0xc2, 0x4c,
  0x50, 0x48, 0x20, 0x00, 0x08, 0x02, 0xc2, 0xa5, 0x39, 0x70, 0x32, 0x00,
  0x00, 0x0a, 0x45, 0x3c, 0xc2, 0x56, 0x15, 0x20, 0x15, 0x00, 0x2f, 0x06,
  0xc3, 0x4c, 0xf2, 0x54, 0x4c, 0x06, 0x83, 0x6f, 0xc3, 0xb9, 0x4c, 0x0b,
  0x43, 0x51, 0x28, 0x53, 0x2f, 0x22, 0x70, 0x8f, 0x00, 0x4c, 0x09, 0x02,
  0xc2, 0xa2, 0x59, 0x70, 0x32, 0x2f, 0x00, 0x00, 0x09, 0x02, 0xc2, 0xa3,
  0x37, 0x25, 0x54, 0x22, 0x00, 0x00, 0x0f, 0x46, 0x08, 0x12, 0x01, 0x34,
  0x14, 0xc0, 0x47, 0x23, 0x23, 0x41, 0x23, 0x59, 0x00, 0x1d, 0x43, 0x0c,
  0x81, 0x46, 0x63, 0x68, 0xc3, 0xa9, 0x64, 0x65, 0x75, 0x76, 0x72, 0x65,
  0x73, 0x00, 0x1d, 0x51, 0x64, 0x27, 0x6f, 0x65, 0x75, 0x76, 0x72, 0x65,
  0x73, 0x20, 0x1b, 0x43, 0x0c, 0x81, 0x46, 0x63, 0x68, 0xc3, 0xa9, 0x64,
  0x65, 0x75, 0x76, 0x72, 0x65, 0x00, 0x1d, 0x51, 0x64, 0x27, 0x6f, 0x65,
  0x75, 0x76, 0x72, 0x65, 0x20, 0x09, 0xc6, 0x45, 0x51, 0x4c, 0x30, 0x54,
  0xc0, 0x4c, 0x00, 0x08, 0x43, 0x38, 0xf5, 0x00, 0x15, 0x00, 0x2f, 0x09,
  0x43, 0x4c, 0x55, 0x00, 0x59, 0x70, 0x2f, 0x00, 0x00, 0x0c, 0x44, 0x38,
  0x55, 0x89, 0x4c, 0x32, 0x24, 0x54, 0x25, 0x59, 0x00, 0x10, 0x02, 0xc2,
  0xae, 0x41, 0x23, 0x22, 0x31, 0x48, 0x24, 0x30, 0x27, 0x58, 0x06, 0x24,
  0x00, 0x00, 0x09, 0x44, 0x40, 0x12, 0x4e, 0x50, 0x15, 0x00, 0x2f, 0x0a,
  0x02, 0xc2, 0xaf, 0x41, 0x23, 0x31, 0x22, 0x74, 0x00, 0x00, 0x10, 0x46,
  0x48, 0x15, 0x09, 0x3c, 0xe4, 0xc0, 0x22, 0x23, 0x2f, 0x39, 0x74, 0x8f,
  0x00, 0x24, 0x0f, 0x46, 0x10, 0x15, 0x09, 0x3c, 0xe4, 0xc0, 0x48, 0x23,
  0x2f, 0x39, 0x74, 0x8f, 0x00, 0x08, 0x43, 0x4c, 0x30, 0x4e, 0x15, 0x00,
  0x2f, 0x0b, 0x46, 0x0c, 0xf3, 0x0c, 0x24, 0xe4, 0xc0, 0x15, 0x00, 0x2f,
  0x14, 0x02, 0xc2, 0xac, 0x2f, 0x25, 0x22, 0x70, 0x0a, 0x53, 0x23, 0x31,
  0x6f, 0x37, 0x2f, 0x23, 0x2f, 0x25, 0x53, 0x00, 0x05, 0x82, 0xc3, 0xa4,
  0x2b, 0x00, 0x11, 0x43, 0x4d, 0x51, 0x00, 0x59, 0x6f, 0x48, 0x70, 0x59,
  0x2f, 0x00, 0x51, 0x65, 0x73, 0x74, 0x20, 0x00, 0x0f, 0x47, 0x4c, 0x80,
  0x4d, 0x40, 0xf2, 0x4e, 0x1c, 0x5b, 0x71, 0x30, 0x3a, 0x72, 0x00, 0x00,
  0x0c, 0x02, 0xc5, 0x93, 0x27, 0x0f, 0x0d, 0x0f, 0x37, 0x25, 0x24, 0x00,
  0x00, 0x00, 0x07, 0x02, 0xc2, 0xa9, 0x15, 0x00, 0x2f, 0x00, 0x0d, 0x02,
  0xc2, 0xb6, 0x30, 0x23, 0x22, 0x23, 0x51, 0x22, 0x23, 0x53, 0x00, 0x00,
  0x0a, 0x86, 0x66, 0xc3, 0xbb, 0x74, 0x65, 0x73, 0x4c, 0x24, 0x08, 0x02,
  0xc2, 0xb7, 0x30, 0x3a, 0x72, 0x00, 0x05, 0x82, 0xc3, 0xaf, 0x2b, 0x00,
  0x11, 0x48, 0x34, 0xf3, 0x94, 0x4c, 0x54, 0x92, 0x05, 0x40, 0x41, 0x74,
  0x59, 0x24, 0x22, 0x23, 0x00, 0x0e, 0x46, 0x34, 0xf5, 0x4c, 0x3d, 0x51,
  0x00, 0x41, 0x28, 0x37, 0x28, 0x48, 0x00, 0x09, 0x42, 0x3c, 0xe0, 0x74,
  0x86, 0x00, 0x4c, 0x20, 0x00, 0x06, 0xc3, 0x04, 0x20, 0xc0, 0x0d, 0x00,
  0x10, 0x02, 0xc2, 0xb2, 0x30, 0x6f, 0x25, 0x59, 0x06, 0x71, 0x59, 0x0f,
  0x48, 0x06, 0x84, 0x00, 0x00, 0x10, 0x02, 0xc2, 0xb3, 0x30, 0x6f, 0x25,
  0x59, 0x71, 0x59, 0x0f, 0x2f, 0x22, 0x3a, 0x23, 0x00, 0x00, 0x00, 0x07,
  0xc3, 0x3c, 0xe5, 0x00, 0x4c, 0x24, 0x0f, 0x02, 0xc2, 0xb1, 0x30, 0x37,
  0x06, 0x6f, 0x58, 0x28, 0x41, 0x3a, 0x06, 0x72, 0x00, 0x00, 0x0e, 0x46,
  0x40, 0xf5, 0x52, 0x0c, 0x53, 0x94, 0x30, 0x28, 0x22, 0x59, 0x71, 0x00,
  0x10, 0x46, 0x2c, 0x14, 0x81, 0x3c, 0xb1, 0x40, 0x31, 0x23, 0x22, 0x23,
  0x27, 0x31, 0x24, 0x00, 0x10, 0x46, 0x09, 0x23, 0xc7, 0x30, 0x91, 0x40,
  0x62, 0x72, 0x65, 0x75, 0x69, 0x6c, 0x00, 0x1d, 0x0e, 0x02, 0xc2, 0xbe,
  0x2f, 0x22, 0x3a, 0x23, 0x0a, 0x31, 0x06, 0x23, 0x22, 0x00, 0x00, 0x09,
  0x43, 0x04, 0x40, 0x4d, 0x23, 0x48, 0x71, 0x00, 0x0c, 0x43, 0x55, 0x23,
  0x00, 0x6f, 0x0c, 0x70, 0x22, 0x70, 0x37, 0x00, 0x1b, 0x02, 0xc2, 0xbf,
  0x30, 0x3a, 0x72, 0x0f, 0x48, 0x72, 0x2f, 0x24, 0x22, 0x27, 0x51, 0x23,
  0x59, 0x39, 0x74, 0x0f, 0x72, 0x54, 0x70, 0x22, 0x59, 0x24, 0x00, 0x11,
  0x02, 0xc3, 0xb7, 0x48, 0x25, 0x54, 0x25, 0x58, 0x06, 0x24, 0x0a, 0x30,
  0x06, 0x23, 0x22, 0x00, 0x00, 0x0a, 0x43, 0x3c, 0xd0, 0x4e, 0x27, 0x41,
  0x23, 0x32, 0x00, 0x06, 0x82, 0xc3, 0xb4, 0x31, 0x2b, 0x0b, 0x02, 0xc2,
  0xbc, 0x73, 0x0a, 0x31, 0x06, 0x23, 0x22, 0x00, 0x00, 0x0c, 0x02, 0xc2,
  0xbd, 0x73, 0x0a, 0x48, 0x0d, 0x41, 0x06, 0x25, 0x00, 0x00, 0x14, 0x49,
  0x09, 0x20, 0x5a, 0x68, 0x15, 0x89, 0x30, 0xc1, 0x40, 0x47, 0x22, 0x23,
  0x58, 0x23, 0x54, 0x25, 0x37, 0x00, 0x0a, 0x02, 0xc2, 0xba, 0x48, 0x0d,
  0x51, 0x22, 0x24, 0x00, 0x00, 0x00, 0x0f, 0x43, 0x4d, 0x64, 0x00, 0x59,
  0x25, 0x37, 0x54, 0x81, 0x30, 0x37, 0x06, 0x70, 0x00, 0x0a, 0x02, 0xc2,
  0xb8, 0x59, 0x24, 0x48, 0x25, 0x39, 0x00, 0x00, 0x0c, 0x43, 0x3c, 0xe1,
  0xc0, 0x27, 0x04, 0x70, 0x32, 0x5a, 0x24, 0x00, 0x05, 0x82, 0xc3, 0xb1,
  0x2b, 0x00, 0x00, 0x06, 0xc3, 0x50, 0x53, 0x00, 0x4c, 0x00, 0x06, 0xc2,
  0x50, 0x50, 0x48, 0x20, 0x00, 0x11, 0x46, 0x30, 0x94, 0xd4, 0x08, 0xf6,
  0x00, 0x37, 0x25, 0x59, 0x2f, 0x47, 0x7f, 0x31, 0x59, 0x00, 0x06, 0xc3,
  0x4c, 0xf2, 0x40, 0x4c, 0x00, 0x0d, 0x45, 0x09, 0x51, 0x86, 0x15, 0x20,
  0x47, 0x84, 0x53, 0x75, 0x22, 0x00, 0x00, 0x0d, 0x44, 0x05, 0x04, 0xa1,
  0x4c, 0x23, 0x30, 0x22, 0x70, 0x8f, 0x00, 0x4c, 0x05, 0x82, 0xc3, 0xbb,
  0x2b, 0x00, 0x0e, 0x45, 0x20, 0x13, 0x4c, 0x15, 0x40, 0x17, 0x23, 0x41,
  0x37, 0x70, 0x2f, 0x00, 0x08, 0xc5, 0x19, 0x54, 0x85, 0x39, 0x40, 0x4c,
  0x08, 0xc5, 0x11, 0x54, 0x81, 0x39, 0x40, 0x4c, 0x00, 0x06, 0xc3, 0x34,
  0x32, 0x40, 0x0d, 0x05, 0x82, 0xc3, 0xb9, 0x2b, 0x00, 0x0a, 0x45, 0x0c,
  0x53, 0x94, 0x15, 0x20, 0x15, 0x00, 0x2f, 0x00, 0x00, 0x0a, 0x45, 0x48,
  0x51, 0x08, 0x05, 0x40, 0x15, 0x00, 0x2f, 0x0b, 0x45, 0x05, 0x55, 0x85,
  0x39, 0x40, 0x27, 0x54, 0x71, 0x00, 0x0c, 0x45, 0x15, 0x54, 0x85, 0x39,
  0x40, 0x6f, 0x22, 0x8c, 0x00, 0x4c, 0x06, 0xc2, 0x51, 0x50, 0x4c, 0x20,
  0x00, 0x0c, 0x43, 0x3c, 0x73, 0x40, 0x27, 0x5a, 0x04, 0x24, 0x70, 0x41,
  0x00, 0x00, 0x00, 0x00, 0x00, 0x09, 0x43, 0x20, 0xd3, 0x40, 0x6b, 0x75,
  0x41, 0x00, 0x00, 0x00, 0x00, 0x00, 0x00, 0x00, 0x10, 0x45, 0x14, 0x20,
  0xc4, 0x24, 0x30, 0x0d, 0x47, 0x24, 0x59, 0x24, 0x48, 0x25, 0x31, 0x00,
  0x00, 0x0c, 0x44, 0x05, 0x25, 0x42, 0x04, 0x23, 0x22, 0x28, 0x47, 0x23,
  0x00, 0x08, 0xc4, 0x0c, 0x55, 0x14, 0x14, 0x48, 0x22, 0x00, 0x0e, 0x45,
  0x19, 0x55, 0x15, 0x38, 0x10, 0x53, 0x28, 0x2f, 0x28, 0x32, 0x23, 0x00,
  0x00, 0x00, 0x0a, 0xc7, 0x3a, 0x20, 0x4e, 0x34, 0xf2, 0x4e, 0x4c, 0x4c,
  0x00, 0x07, 0x42, 0x55, 0x40, 0x6f, 0x2f, 0x00, 0x00, 0x09, 0xc6, 0x15,
  0x54, 0xd3, 0x24, 0xf3, 0x93, 0x4c, 0x06, 0xc3, 0x40, 0x55, 0x40, 0x4c,
  0x08, 0xc5, 0x0c, 0x80, 0x51, 0x54, 0x50, 0x4c, 0x00, 0x00, 0x00, 0x00,
  0x00, 0x12, 0x47, 0x15, 0x34, 0x05, 0x48, 0x13, 0x94, 0x3c, 0x70, 0x59,
  0x30, 0x24, 0x22, 0x71, 0x2f, 0x27, 0x00, 0x00, 0x00, 0x00, 0x08, 0x43,
  0x08, 0x16, 0x40, 0x15, 0x00, 0x2f, 0x00, 0x00, 0x07, 0xc3, 0x0c, 0x50,
  0xc9, 0x4c, 0x20, 0x00, 0x0e, 0x45, 0x64, 0x13, 0xd5, 0x49, 0x40, 0x17,
  0x25, 0x23, 0x28, 0x22, 0x2f, 0x00, 0x00, 0x00, 0x00, 0x00, 0x0a, 0x43,
  0x08, 0x91, 0x4e, 0x47, 0x25, 0x72, 0x86, 0x00, 0x00, 0x00, 0x00, 0x0b,
  0x44, 0x34, 0x91, 0x55, 0x60, 0x41, 0x25, 0x84, 0x00, 0x4c, 0x00, 0x0b,
  0x46, 0x48, 0x50, 0xcf, 0x48, 0x41, 0x52, 0x15, 0x00, 0x2f, 0x00, 0x00,
  0x00, 0x00, 0x00, 0x00, 0x0d, 0x43, 0x25, 0x20, 0xc0, 0x7d, 0x04, 0x70,
  0x22, 0x17, 0x59, 0x24, 0x00, 0x00, 0x0c, 0x44, 0x50, 0xf5, 0x54, 0x14,
  0x2f, 0x06, 0x28, 0x2f, 0x00, 0x4c, 0x0a, 0x03, 0x75, 0x2e, 0x73, 0x6f,
  0x0c, 0x70, 0x59, 0x00, 0x00, 0x0d, 0x45, 0x04, 0x71, 0x4e, 0x10, 0x10,
  0x23, 0x5a, 0x72, 0x48, 0x23, 0x00, 0x08, 0xc5, 0x45, 0x51, 0x4c, 0x30,
  0x50, 0x4c, 0x00, 0x10, 0x47, 0x34, 0x54, 0xd3, 0x24, 0x55, 0x52, 0x4c,
  0x41, 0x24, 0x59, 0x39, 0x84, 0x8f, 0x00, 0x00, 0x07, 0xc3, 0x55, 0x30,
  0x40, 0x0d, 0x2a, 0x00, 0x00, 0x06, 0xc3, 0x58, 0x54, 0x93, 0x25, 0x0a,
  0x43, 0x58, 0x54, 0x93, 0x54, 0x70, 0x22, 0x00, 0x4c, 0x00, 0x00, 0x09,
  0x44, 0x09, 0x22, 0x41, 0x38, 0x15, 0x00, 0x2f, 0x00, 0x00, 0x00, 0x0d,
  0x04, 0x5f, 0xe2, 0x88, 0x9e, 0x25, 0x32, 0x53, 0x25, 0x32, 0x25, 0x00,
  0x00, 0x00, 0x00, 0x00, 0x09, 0x44, 0x14, 0xd0, 0x43, 0x4c, 0x15, 0x00,
  0x2f, 0x09, 0x44, 0x28, 0x13, 0x45, 0x4c, 0x15, 0x00, 0x2f, 0x00, 0x1a,
  0x43, 0x19, 0x92, 0x40, 0x53, 0x75, 0x22, 0x0f, 0x39, 0x75, 0x22, 0x0f,
  0x7d, 0x32, 0x53, 0x75, 0x22, 0x41, 0x06, 0x70, 0x39, 0x5b, 0x75, 0x32,
  0x00, 0x00, 0x00, 0x00, 0x00, 0x09, 0x44, 0x40, 0x55, 0x05, 0x48, 0x15,
  0x00, 0x2f, 0x07, 0xc3, 0x31, 0x52, 0x40, 0x4c, 0x20, 0x09, 0x02, 0x5f,
  0x23, 0x48, 0x39, 0x70, 0x58, 0x00, 0x00, 0x0a, 0x02, 0x5f, 0x22, 0x51,
  0x25, 0x39, 0x41, 0x70, 0x00, 0x00, 0x16, 0x02, 0x5f, 0x21, 0x30, 0x3a,
  0x72, 0x0f, 0x48, 0x70, 0x31, 0x59, 0x31, 0x37, 0x23, 0x41, 0x23, 0x59,
  0x39, 0x06, 0x74, 0x00, 0x00, 0x00, 0x09, 0x44, 0x30, 0xf1, 0xcf, 0x38,
  0x15, 0x00, 0x2f, 0x09, 0x43, 0x4c, 0xf3, 0x80, 0x59, 0x74, 0x00, 0x25,
  0x07, 0xc3, 0x4c, 0xf3, 0x80, 0x4c, 0x22, 0x0e, 0x02, 0x5f, 0x27, 0x23,
  0x30, 0x27, 0x59, 0x2f, 0x22, 0x06, 0x7f, 0x53, 0x00, 0x00, 0x12, 0x02,
  0x5f, 0x26, 0x0a, 0x24, 0x0a, 0x31, 0x27, 0x41, 0x70, 0x22, 0x59, 0x25,
  0x06, 0x23, 0x37, 0x00, 0x00, 0x00, 0x0b, 0x46, 0x0c, 0xf3, 0x50, 0x55,
  0x41, 0x52, 0x15, 0x00, 0x2f, 0x11, 0x46, 0x48, 0x55, 0x8f, 0x31, 0x61,
  0x52, 0x22, 0x24, 0x54, 0x7f, 0x37, 0x54, 0x70, 0x22, 0x00, 0x00, 0x09,
  0x43, 0x08, 0x93, 0x80, 0x47, 0x25, 0x32, 0x00, 0x0c, 0x44, 0x04, 0x43,
  0x49, 0x38, 0x23, 0x48, 0x41, 0x25, 0x32, 0x00, 0x00, 0x0f, 0x46, 0x08,
  0x50, 0x55, 0x0c, 0xf5, 0x50, 0x47, 0x27, 0x31, 0x28, 0x8b, 0x00, 0x4c,
  0x00, 0x12, 0x02, 0x5f, 0x29, 0x30, 0x23, 0x22, 0x71, 0x2f, 0x70, 0x58,
  0x0a, 0x48, 0x22, 0x3a, 0x23, 0x2f, 0x00, 0x00, 0x10, 0x46, 0x5c, 0x13,
  0x15, 0x24, 0x72, 0x40, 0x3a, 0x23, 0x37, 0x28, 0x25, 0x4b, 0x25, 0x00,
  0x0f, 0x46, 0x51, 0x20, 0x4d, 0x5c, 0x16, 0x40, 0x2f, 0x22, 0x23, 0x41,
  0x3a, 0x89, 0x00, 0x10, 0x02, 0x5f, 0x28, 0x30, 0x23, 0x22, 0x71, 0x2f,
  0x70, 0x58, 0x0a, 0x51, 0x27, 0x5b, 0x00, 0x00, 0x08, 0x43, 0x20, 0x54,
  0x80, 0x15, 0x00, 0x2f, 0x0d, 0x02, 0x5f, 0x2f, 0x47, 0x23, 0x22, 0x27,
  0x47, 0x37, 0x25, 0x31, 0x00, 0x00, 0x0f, 0x46, 0x48, 0x54, 0xd3, 0x14,
  0xe5, 0x00, 0x22, 0x0d, 0x59, 0x06, 0x71, 0x8c, 0x00, 0x0b, 0x44, 0x0c,
  0xf3, 0x4d, 0x14, 0x31, 0x7f, 0x41, 0x00, 0x4c, 0x0a, 0x02, 0x5f, 0x2e,
  0x17, 0x30, 0x3a, 0x02, 0x72, 0x00, 0x00, 0x09, 0x02, 0x5f, 0x2d, 0x2f,
  0x25, 0x22, 0x70, 0x00, 0x00, 0x0a, 0x43, 0x04, 0x31, 0x52, 0x23, 0x59,
  0x70, 0x22, 0x00, 0x0b, 0x43, 0x18, 0x91, 0x52, 0x53, 0x39, 0x24, 0x22,
  0x00, 0x24, 0x0b, 0x02, 0x5f, 0x2c, 0x54, 0x25, 0x22, 0x51, 0x6f, 0x37,
  0x00, 0x00, 0x08, 0x43, 0x35, 0x24, 0xc0, 0x15, 0x00, 0x2f, 0x0a, 0x02,
  0x5f, 0x33, 0x2f, 0x22, 0x3a, 0x23, 0x8f, 0x00, 0x00, 0x08, 0x02, 0x5f,
  0x32, 0x48, 0x84, 0x8f, 0x00, 0x00, 0x06, 0xc3, 0x30, 0xf4, 0x93, 0x4c,
  0x06, 0x02, 0x5f, 0x31, 0x73, 0x00, 0x00, 0x0a, 0x02, 0x5f, 0x30, 0x58,
  0x24, 0x22, 0x27, 0x00, 0x4c, 0x00, 0x08, 0x02, 0x5f, 0x37, 0x59, 0x70,
  0x2f, 0x00, 0x00, 0x09, 0xc6, 0x40, 0xc5, 0x50, 0x05, 0x25, 0x00, 0x4c,
  0x08, 0x02, 0x5f, 0x36, 0x59, 0x25, 0x90, 0x00, 0x00, 0x08, 0x02, 0x5f,
  0x35, 0x59, 0x72, 0x31, 0x00, 0x00, 0x0b, 0x46, 0x41, 0x23, 0xc7, 0x48,
  0x13, 0x40, 0x15, 0x00, 0x2f, 0x09, 0x02, 0x5f, 0x34, 0x31, 0x23, 0x2f,
  0x22, 0x00, 0x00, 0x10, 0x02, 0x5f, 0x3b, 0x30, 0x3a, 0x72, 0x0f, 0x54,
  0x25, 0x22, 0x51, 0x06, 0x6f, 0x37, 0x00, 0x00, 0x0a, 0x45, 0x1c, 0x54,
  0x8d, 0x04, 0xe0, 0x15, 0x00, 0x2f, 0x07, 0xc4, 0x58, 0xf2, 0x43, 0x24,
  0x4c, 0x0d, 0x02, 0x5f, 0x3a, 0x48, 0x06, 0x84, 0x0f, 0x30, 0x3a, 0x06,
  0x72, 0x00, 0x00, 0x08, 0x02, 0x5f, 0x39, 0x32, 0x75, 0x53, 0x00, 0x00,
  0x0c, 0x44, 0x3c, 0x14, 0xc9, 0x4c, 0x27, 0x23, 0x58, 0x25, 0x59, 0x00,
  0x09, 0x02, 0x5f, 0x38, 0x17, 0x6f, 0x25, 0x8d, 0x00, 0x00, 0x15, 0x02,
  0x5f, 0x3f, 0x30, 0x3a, 0x72, 0x0f, 0x48, 0x72, 0x2f, 0x70, 0x22, 0x27,
  0x51, 0x23, 0x59, 0x39, 0x06, 0x74, 0x00, 0x00, 0x0d, 0x02, 0x5f, 0x3e,
  0x59, 0x6f, 0x30, 0x24, 0x22, 0x25, 0x75, 0x22, 0x00, 0x00, 0x09, 0x02,
  0x5f, 0x3d, 0x24, 0x51, 0x23, 0x37, 0x00, 0x00, 0x0c, 0x02, 0x5f, 0x3c,
  0x72, 0x53, 0x24, 0x22, 0x25, 0x75, 0x22, 0x00, 0x00, 0x0d, 0x45, 0x50,
  0x53, 0x8e, 0x25, 0x30, 0x2f, 0x24, 0x32, 0x25, 0x59, 0x00, 0x08, 0x43,
  0x48, 0x96, 0x80, 0x22, 0x25, 0x00, 0x00, 0x00, 0x00, 0x00, 0x00, 0x09,
  0x44, 0x45, 0x51, 0x52, 0x64, 0x15, 0x00, 0x2f, 0x00, 0x11, 0x46, 0x34,
  0x54, 0x83, 0x14, 0x41, 0x53, 0x41, 0x70, 0x22, 0x59, 0x24, 0x48, 0x70,
  0x59, 0x00, 0x00, 0x0b, 0x43, 0x04, 0x62, 0x4e, 0x23, 0x53, 0x72, 0x00,
  0x4c, 0x1c, 0x15, 0x46, 0x2c, 0xd4, 0x0c, 0x05, 0x91, 0x52, 0x31, 0x23,
  0x04, 0x70, 0x41, 0x30, 0x37, 0x70, 0x39, 0x06, 0x75, 0x22, 0x00, 0x00,
  0x00, 0x13, 0x47, 0x08, 0x13, 0x01, 0x08, 0xf3, 0x0b, 0x04, 0x47, 0x23,
  0x37, 0x23, 0x47, 0x7f, 0x37, 0x31, 0x23, 0x00, 0x07, 0xc4, 0x05, 0x54,
  0xd3, 0x24, 0x4c, 0x00, 0x00, 0x00, 0x00, 0x0b, 0x44, 0x30, 0x90, 0x99,
  0x14, 0x37, 0x25, 0x47, 0x25, 0x00, 0x0d, 0x46, 0x58, 0x93, 0x83, 0x14,
  0xe5, 0x00, 0x54, 0x72, 0x59, 0x71, 0x00, 0x00, 0x10, 0x07, 0x74, 0x61,
  0xc3, 0xaf, 0x77, 0x61, 0x6e, 0x2f, 0x23, 0x39, 0x3a, 0x23, 0x32, 0x00,
  0x00, 0x12, 0x47, 0x04, 0x64, 0x89, 0x2c, 0x10, 0x4e, 0x4c, 0x23, 0x53,
  0x22, 0x25, 0x31, 0x23, 0x32, 0x59, 0x00, 0x00, 0x0c, 0x43, 0x55, 0x30,
  0x80, 0x6f, 0x0c, 0x70, 0x59, 0x47, 0x24, 0x00, 0x00, 0x0f, 0x46, 0x0c,
  0xf3, 0x93, 0x14, 0xe5, 0x00, 0x31, 0x74, 0x59, 0x06, 0x71, 0x8c, 0x00,
  0x00, 0x00, 0x06, 0xc3, 0x30, 0xf2, 0x4e, 0x4c, 0x00, 0x08, 0x43, 0x4c,
  0x13, 0x45, 0x15, 0x00, 0x2f, 0x06, 0xc3, 0x24, 0x41, 0x40, 0x0d, 0x10,
  0x04, 0x5f, 0xe2, 0x80, 0x99, 0x23, 0x30, 0x27, 0x59, 0x2f, 0x22, 0x06,
  0x7f, 0x53, 0x00, 0x00, 0x10, 0x04, 0x5f, 0xe2, 0x80, 0x98, 0x23, 0x30,
  0x27, 0x59, 0x2f, 0x22, 0x06, 0x7f, 0x53, 0x00, 0x00, 0x00, 0x00, 0x08,
  0x43, 0x4c, 0x81, 0x40, 0x15, 0x00, 0x2f, 0x0e, 0x02, 0x5f, 0x5b, 0x31,
  0x22, 0x7f, 0x5b, 0x70, 0x0a, 0x51, 0x27, 0x5b, 0x00, 0x00, 0x08, 0x42,
  0x85, 0x30, 0x70, 0x59, 0x00, 0x48, 0x00, 0x00, 0x0a, 0x43, 0x1d, 0x53,
  0x06, 0x51, 0x7f, 0x37, 0x53, 0x00, 0x05, 0xc2, 0x54, 0xb0, 0x0d, 0x00,
  0x10, 0x45, 0x04, 0x94, 0x82, 0x55, 0x30, 0x61, 0x69, 0x72, 0x62, 0x75,
  0x73, 0x73, 0x00, 0x1d, 0x0b, 0x02, 0x5f, 0x5f, 0x59, 0x28, 0x37, 0x25,
  0x43, 0x24, 0x00, 0x00, 0x0f, 0x46, 0x30, 0x16, 0x81, 0x48, 0x55, 0x00,
  0x37, 0x23, 0x58, 0x23, 0x22, 0x70, 0x00, 0x0f, 0x02, 0x5f, 0x5e, 0x59,
  0x25, 0x22, 0x31, 0x74, 0x53, 0x37, 0x70, 0x31, 0x59, 0x00, 0x00, 0x0f,
  0x02, 0x5f, 0x5d, 0x31, 0x22, 0x7f, 0x5b, 0x70, 0x0a, 0x48, 0x22, 0x3a,
  0x23, 0x00, 0x00, 0x11, 0x43, 0x58, 0x94, 0x00, 0x54, 0x04, 0x25, 0x0f,
  0x04, 0x23, 0x39, 0x0f, 0x30, 0x06, 0x25, 0x00, 0x0c, 0x02, 0x5f, 0x5c,
  0x47, 0x23, 0x31, 0x59, 0x37, 0x23, 0x5b, 0x00, 0x00, 0x08, 0xc5, 0x0c,
  0x54, 0x94, 0x15, 0x30, 0x4c, 0x00, 0x06, 0xc3, 0x48, 0x15, 0x10, 0x0d,
  0x00, 0x00, 0x07, 0xc3, 0x8d, 0x41, 0x53, 0x4c, 0x24, 0x10, 0x02, 0x5f,
  0x60, 0x23, 0x31, 0x59, 0x06, 0x71, 0x0a, 0x51, 0x22, 0x06, 0x23, 0x54,
  0x00, 0x00, 0x00, 0x07, 0x02, 0x5f, 0x66, 0x70, 0x53, 0x00, 0x00, 0x06,
  0x02, 0x5f, 0x65, 0x0d, 0x00, 0x00, 0x00, 0x00, 0x00, 0x06, 0x02, 0x5f,
  0x69, 0x25, 0x00, 0x00, 0x13, 0x48, 0x18, 0x12, 0x12, 0x14, 0xe2, 0x05,
  0x25, 0x40, 0x53, 0x23, 0x22, 0x0d, 0x32, 0x23, 0x39, 0x2f, 0x00, 0x07,
  0x02, 0x5f, 0x68, 0x23, 0x5b, 0x00, 0x00, 0x14, 0x43, 0x58, 0x94, 0xc0,
  0x54, 0x25, 0x58, 0x23, 0x54, 0x25, 0x00, 0x52, 0xc3, 0xa0, 0x20, 0x76,
  0x69, 0x73, 0x20, 0x06, 0xc3, 0x4c, 0xf4, 0xc0, 0x0d, 0x08, 0x43, 0x14,
  0x20, 0x59, 0x15, 0x00, 0x2f, 0x06, 0x02, 0x5f, 0x6f, 0x27, 0x00, 0x00,
  0x07, 0x02, 0x5f, 0x6e, 0x70, 0x32, 0x00, 0x00, 0x07, 0x02, 0x5f, 0x6d,
  0x70, 0x41, 0x00, 0x00, 0x07, 0x02, 0x5f, 0x6c, 0x70, 0x37, 0x00, 0x00,
  0x09, 0x43, 0x08, 0x94, 0xc0, 0x47, 0x25, 0x59, 0x00, 0x0b, 0x43, 0x10,
  0x54, 0xc0, 0x48, 0x7b, 0x8f, 0x00, 0x48, 0x22, 0x15, 0x43, 0x30, 0x54,
  0xc0, 0x37, 0x7b, 0x0f, 0x37, 0x84, 0x22, 0x00, 0x4c, 0x20, 0x51, 0x6c,
  0x65, 0x75, 0x72, 0x73, 0x20, 0x14, 0x43, 0x30, 0x54, 0xc0, 0x37, 0x7b,
  0x0f, 0x37, 0x84, 0x22, 0x00, 0x4c, 0x20, 0x51, 0x6c, 0x65, 0x75, 0x72,
  0x20, 0x0b, 0x43, 0x50, 0x54, 0xc0, 0x2f, 0x7b, 0x8f, 0x00, 0x48, 0x22,
  0x0c, 0x43, 0x30, 0x54, 0xc0, 0x37, 0x7b, 0x8f, 0x00, 0x24, 0x28, 0x48,
  0x0b, 0x43, 0x30, 0x54, 0xc0, 0x37, 0x7b, 0x8f, 0x00, 0x22, 0x4c, 0x07,
  0x02, 0x5f, 0x73, 0x70, 0x59, 0x00, 0x00, 0x09, 0xc6, 0x40, 0xf5, 0x52,
  0x50, 0x13, 0x94, 0x4c, 0x07, 0x02, 0x5f, 0x72, 0x70, 0x22, 0x00, 0x00,
  0x0b, 0x44, 0x45, 0x50, 0x4e, 0x10, 0x31, 0x71, 0x8c, 0x00, 0x4c, 0x0c,
  0x04, 0x5f, 0x68, 0x61, 0x63, 0x31, 0x23, 0x22, 0x06, 0x74, 0x00, 0x00,
  0x0a, 0x45, 0x25, 0x33, 0x01, 0x38, 0x40, 0x15, 0x00, 0x2f, 0x00, 0x00,
  0x00, 0x07, 0xc3, 0x04, 0x91, 0x53, 0x4c, 0x24, 0x06, 0x02, 0x5f, 0x75,
  0x6f, 0x00, 0x00, 0x00, 0x0f, 0x02, 0x5f, 0x7b, 0x23, 0x31, 0x7f, 0x37,
  0x23, 0x48, 0x0a, 0x51, 0x27, 0x5b, 0x00, 0x00, 0x00, 0x0d, 0x02, 0x5f,
  0x79, 0x0b, 0x25, 0x0c, 0x51, 0x22, 0x06, 0x70, 0x31, 0x00, 0x00, 0x08,
  0x42, 0x50, 0xf0, 0x2f, 0x28, 0x00, 0x4c, 0x08, 0x02, 0x5f, 0x78, 0x25,
  0x31, 0x59, 0x00, 0x00, 0x11, 0x46, 0x04, 0xc3, 0x05, 0x31, 0x52, 0x41,
  0x23, 0x37, 0x24, 0x37, 0x28, 0x25, 0x06, 0x23, 0x00, 0x08, 0xc5, 0x50,
  0x13, 0x84, 0x25, 0x30, 0x4c, 0x08, 0xc5, 0x05, 0x55, 0x12, 0x15, 0x30,
  0x4c, 0x00, 0x0b, 0x46, 0x45, 0x51, 0x52, 0x24, 0x54, 0xc0, 0x15, 0x00,
  0x2f, 0x00, 0x08, 0x43, 0x64, 0x55, 0x00, 0x15, 0x00, 0x2f, 0x09, 0x44,
  0x04, 0x23, 0xd5, 0x50, 0x15, 0x00, 0x2f, 0x11, 0x02, 0x5f, 0x7d, 0x23,
  0x31, 0x7f, 0x37, 0x23, 0x48, 0x0a, 0x48, 0x22, 0x3a, 0x23, 0x2f, 0x00,
  0x00, 0x12, 0x02, 0x5f, 0x7c, 0x47, 0x23, 0x22, 0x0a, 0x54, 0x70, 0x22,
  0x2f, 0x25, 0x31, 0x06, 0x23, 0x37, 0x00, 0x00, 0x0c, 0x45, 0x4c, 0xf5,
  0x52, 0x25, 0x30, 0x59, 0x28, 0x22, 0x25, 0x00, 0x0e, 0x45, 0x50, 0xf5,
  0x54, 0x15, 0x30, 0x2f, 0x06, 0x28, 0x2f, 0x8f, 0x00, 0x4c, 0x00, 0x0d,
  0x43, 0x2c, 0x22, 0x54, 0x31, 0x25, 0x37, 0x27, 0x47, 0x25, 0x2f, 0x00,
  0x00, 0x0e, 0x45, 0x08, 0x94, 0xd3, 0x05, 0x50, 0x47, 0x25, 0x59, 0x23,
  0x06, 0x27, 0x00, 0x09, 0x05, 0x5f, 0x30, 0x61, 0x6e, 0x64, 0x24, 0x00,
  0x00, 0x00, 0x0c, 0x44, 0x22, 0x23, 0x01, 0x4c, 0x24, 0x37, 0x23, 0x59,
  0x00, 0x4c, 0x00, 0x0f, 0x46, 0x30, 0x54, 0xcf, 0x50, 0x83, 0xc0, 0x37,
  0x24, 0x58, 0x7f, 0x2f, 0x27, 0x00, 0x00, 0x11, 0x46, 0x45, 0x51, 0x4c,
  0x45, 0x51, 0x53, 0x31, 0x70, 0x37, 0x31, 0x08, 0x0d, 0x8f, 0x00, 0x4c,
  0x00, 0x00, 0x0c, 0x44, 0x2c, 0x55, 0x89, 0x38, 0x31, 0x24, 0x54, 0x25,
  0x32, 0x00, 0x00, 0x00, 0x00, 0x11, 0x47, 0x0c, 0x84, 0x89, 0x4d, 0x43,
  0x41, 0x4c, 0x31, 0x22, 0x25, 0x59, 0x41, 0x23, 0x59, 0x00, 0x06, 0xc2,
  0x54, 0xe0, 0x22, 0x4c, 0x00, 0x00, 0x09, 0x44, 0x50, 0x81, 0x52, 0x14,
  0x15, 0x00, 0x2f, 0x00, 0x00, 0x1b, 0x46, 0x09, 0x54, 0x8b, 0x24, 0xe0,
  0x40, 0x47, 0x28, 0x22, 0x31, 0x25, 0x32, 0x23, 0x0f, 0x53, 0x23, 0x59,
  0x27, 0x00, 0x51, 0x66, 0x61, 0x73, 0x6f, 0x20, 0x00, 0x06, 0xc3, 0x51,
  0x60, 0x40, 0x0d, 0x00, 0x00, 0x0a, 0x43, 0x04, 0xe2, 0x53, 0x23, 0x32,
  0x25, 0x59, 0x00, 0x00, 0x00, 0x00, 0x09, 0x44, 0x64, 0xf4, 0xc8, 0x24,
  0x15, 0x00, 0x2f, 0x0b, 0x04, 0x65, 0xc3, 0xbb, 0x74, 0x6f, 0x8c, 0x00,
  0x4c, 0x24, 0x00, 0x00, 0x0c, 0x04, 0x5f, 0x23, 0x33, 0x32, 0x70, 0x59,
  0x30, 0x23, 0x59, 0x00, 0x00, 0x07, 0xc4, 0x14, 0xe1, 0x89, 0x38, 0x4c,
  0x0c, 0x43, 0x14, 0x41, 0x80, 0x0d, 0x48, 0x04, 0x24, 0x70, 0x53, 0x00,
  0x00, 0x0c, 0x44, 0x20, 0x93, 0x84, 0x24, 0x17, 0x25, 0x32, 0x48, 0x25,
  0x00, 0x00, 0x00, 0x00, 0x00, 0x10, 0x46, 0x1c, 0x53, 0x85, 0x4c, 0x94,
  0xc0, 0x5a, 0x24, 0x32, 0x24, 0x58, 0x25, 0x59, 0x00, 0x10, 0x46, 0x4c,
  0xf3, 0x01, 0x48, 0x94, 0xc0, 0x59, 0x27, 0x37, 0x23, 0x22, 0x25, 0x59,
  0x00, 0x0a, 0x02, 0x6d, 0x2e, 0x41, 0x0d, 0x59, 0x25, 0x84, 0x00, 0x00,
  0x0a, 0x43, 0x12, 0x14, 0xc0, 0x48, 0x70, 0x8f, 0x00, 0x48, 0x00, 0x00,
  0x0a, 0x43, 0x08, 0xc5, 0x4d, 0x47, 0x37, 0x28, 0x41, 0x00, 0x00, 0x10,
  0x46, 0x58, 0xf5, 0x09, 0x3c, 0xe4, 0xc0, 0x54, 0x7f, 0x27, 0x2f, 0x39,
  0x74, 0x8f, 0x00, 0x08, 0x43, 0x14, 0x42, 0x54, 0x15, 0x00, 0x2f, 0x0d,
  0x43, 0x34, 0x22, 0x54, 0x41, 0x24, 0x51, 0x23, 0x47, 0x25, 0x2f, 0x00,
  0x12, 0x46, 0x04, 0x34, 0x8f, 0x08, 0x15, 0x00, 0x61, 0x63, 0x72, 0x6f,
  0x62, 0x61, 0x74, 0x65, 0x00, 0x1d, 0x00, 0x00, 0x05, 0xc2, 0x61, 0x90,
  0x0d, 0x00, 0x09, 0x44, 0x30, 0xf1, 0xc9, 0x38, 0x15, 0x00, 0x2f, 0x0c,
  0x43, 0x04, 0x43, 0x80, 0x23, 0x48, 0x04, 0x24, 0x70, 0x32, 0x00, 0x00,
  0x00, 0x09, 0x43, 0x69, 0x55, 0x00, 0x58, 0x6f, 0x2f, 0x00, 0x00, 0x00,
  0x18, 0x4a, 0x30, 0x91, 0x43, 0x21, 0x41, 0x4e, 0x4d, 0x41, 0x49, 0x38,
  0x37, 0x25, 0x5b, 0x2f, 0x75, 0x32, 0x5b, 0x2f, 0x23, 0x39, 0x32, 0x00,
  0x00, 0x00, 0x00, 0x00, 0x12, 0x47, 0x20, 0x13, 0x42, 0x55, 0x21, 0xc5,
  0x48, 0x17, 0x71, 0x47, 0x0d, 0x22, 0x51, 0x75, 0x22, 0x00, 0x00, 0x09,
  0xc6, 0x0c, 0xf3, 0x4d, 0x14, 0xe5, 0x00, 0x4c, 0x0f, 0x46, 0x4c, 0x13,
  0x53, 0x54, 0xe1, 0xc0, 0x59, 0x23, 0x41, 0x59, 0x28, 0x44, 0x00, 0x00,
  0x00, 0x0a, 0x44, 0x0c, 0xf2, 0x4e, 0x1c, 0x31, 0x3a, 0x72, 0x00, 0x00,
  0x00, 0x14, 0x49, 0x0c, 0xf3, 0x94, 0x14, 0xe5, 0x09, 0x3c, 0xe4, 0xc0,
  0x31, 0x74, 0x2f, 0x71, 0x2f, 0x39, 0x74, 0x8f, 0x00, 0x09, 0x44, 0x50,
  0x83, 0xd3, 0x14, 0x15, 0x00, 0x2f, 0x00, 0x00, 0x00, 0x06, 0xc3, 0x0d,
  0x05, 0x40, 0x0d, 0x00, 0x0b, 0x44, 0x05, 0x30, 0xc9, 0x24, 0x23, 0x59,
  0x31, 0x25, 0x00, 0x00, 0x0f, 0x46, 0x34, 0xf3, 0x94, 0x4a, 0x20, 0x4c,
  0x41, 0x74, 0x22, 0x24, 0x23, 0x37, 0x00, 0x06, 0xc3, 0x34, 0x12, 0x53,
  0x4c, 0x00, 0x00, 0x00, 0x00, 0x00, 0x0c, 0x44, 0x51, 0x53, 0x89, 0x4c,
  0x2f, 0x6f, 0x32, 0x25, 0x59, 0x00, 0x00, 0x0e, 0x43, 0x1c, 0x86, 0x80,
  0x5a, 0x25, 0x51, 0x23, 0x70, 0x22, 0x2f, 0x59, 0x00, 0x00, 0x0d, 0x46,
  0x1c, 0x53, 0xd2, 0x1c, 0x54, 0xc0, 0x5a, 0x7f, 0x22, 0x5a, 0x00, 0x0f,
  0x46, 0x19, 0x20, 0x4e, 0x0c, 0x94, 0xc0, 0x53, 0x22, 0x71, 0x59, 0x25,
  0x59, 0x00, 0x00, 0x0c, 0x44, 0x4c, 0xd0, 0x52, 0x50, 0x59, 0x41, 0x23,
  0x22, 0x2f, 0x00, 0x09, 0x43, 0x58, 0xf5, 0x00, 0x54, 0x7f, 0x2f, 0x00,
  0x07, 0xc4, 0x04, 0x91, 0x4e, 0x50, 0x4c, 0x00, 0x0a, 0x45, 0x3d, 0x55,
  0x10, 0x55, 0x40, 0x15, 0x00, 0x2f, 0x0b, 0x44, 0x0c, 0xf0, 0xd5, 0x4c,
  0x31, 0x7f, 0x31, 0x6f, 0x00, 0x00, 0x0e, 0x43, 0x2c, 0x86, 0x80, 0x31,
  0x25, 0x37, 0x27, 0x70, 0x22, 0x2f, 0x59, 0x00, 0x00, 0x0b, 0x45, 0x0c,
  0x83, 0xc5, 0x55, 0x20, 0x31, 0x75, 0x22, 0x00, 0x00, 0x00, 0x06, 0xc3,
  0x0c, 0x81, 0x5a, 0x4c, 0x00, 0x00, 0x08, 0x43, 0x34, 0x12, 0x4c, 0x15,
  0x00, 0x2f, 0x0d, 0x43, 0x0d, 0x44, 0x8c, 0x18, 0x31, 0x74, 0x2f, 0x22,
  0x7f, 0x37, 0x00, 0x00, 0x12, 0x47, 0x4d, 0x70, 0x5a, 0x24, 0xc0, 0x4e,
  0x10, 0x59, 0x3a, 0x23, 0x58, 0x25, 0x37, 0x71, 0x48, 0x00, 0x12, 0x47,
  0x1d, 0x23, 0xc5, 0x38, 0xc0, 0x4e, 0x10, 0x51, 0x22, 0x27, 0x70, 0x32,
  0x37, 0x71, 0x48, 0x00, 0x00, 0x00, 0x0a, 0x86, 0x65, 0xc3, 0xbb, 0x6d,
  0x65, 0x73, 0x4c, 0x24, 0x00, 0x00, 0x00, 0x00, 0x06, 0xc3, 0x4c, 0x34,
  0xc9, 0x0d, 0x00, 0x00, 0x00, 0x00, 0x06, 0xc3, 0x0c, 0x90, 0x40, 0x0d,
  0x00, 0x00, 0x00, 0x14, 0x46, 0x05, 0x51, 0x09, 0x08, 0xc1, 0x40, 0x15,
  0x00, 0x2f, 0x51, 0x6d, 0x61, 0x6e, 0x61, 0x67, 0x65, 0x72, 0x20, 0x00,
  0x0d, 0x43, 0x34, 0xd1, 0x40, 0x6d, 0x61, 0x64, 0x61, 0x6d, 0x65, 0x00,
  0x1d, 0x00, 0x00, 0x00, 0x00, 0x06, 0xc3, 0x55, 0x41, 0x80, 0x0d, 0x00,
  0x00, 0x00, 0x00, 0x09, 0x43, 0x5c, 0x92, 0x40, 0x3a, 0x25, 0x0c, 0x00,
  0x06, 0xc3, 0x50, 0xf2, 0x40, 0x4c, 0x00, 0x00, 0x00, 0x08, 0xc5, 0x05,
  0x55, 0x01, 0x39, 0x40, 0x4c, 0x00, 0x00, 0x00, 0x00, 0x0c, 0x45, 0x04,
  0x24, 0xc5, 0x39, 0x40, 0x23, 0x47, 0x59, 0x71, 0x00, 0x00, 0x00, 0x00,
  0x00, 0x00, 0x00, 0x00, 0x00, 0x00, 0x0c, 0x45, 0x20, 0x14, 0x85, 0x38,
  0x70, 0x17, 0x23, 0x22, 0x71, 0x00, 0x00, 0x00, 0x00, 0x10, 0x46, 0x40,
  0xf2, 0xe2, 0x34, 0xf3, 0x80, 0x30, 0x27, 0x31, 0x24, 0x41, 0x7f, 0x32,
  0x00, 0x00, 0x07, 0xc3, 0x24, 0xc4, 0xc0, 0x4c, 0x20, 0x00, 0x00, 0x0a,
  0x43, 0x30, 0x13, 0xd3, 0x37, 0x23, 0x7f, 0x59, 0x00, 0x09, 0xc6, 0x50,
  0xf5, 0x4a, 0x3d, 0x54, 0x93, 0x4c, 0x00, 0x00, 0x00, 0x00, 0x00, 0x00,
  0x00, 0x00, 0x00, 0x00, 0x00, 0x0d, 0x45, 0x05, 0x55, 0x0f, 0x55, 0x20,
  0x27, 0x2f, 0x28, 0x22, 0x00, 0x4c, 0x0e, 0x06, 0x5f, 0x72, 0x6f, 0x6d,
  0x61, 0x6e, 0x22, 0x27, 0x41, 0x06, 0x72, 0x00, 0x00, 0x00, 0x00, 0x00,
  0x00, 0x00, 0x0a, 0x45, 0x4c, 0x32, 0x45, 0x39, 0x40, 0x59, 0x25, 0x00,
  0x0c, 0x43, 0x48, 0x91, 0x4e, 0x22, 0x25, 0x06, 0x72, 0x86, 0x00, 0x4c,
  0x00, 0x00, 0x0e, 0x43, 0x04, 0x44, 0xcc, 0x23, 0x48, 0x04, 0x24, 0x70,
  0x59, 0x70, 0x37, 0x00, 0x00, 0x06, 0x14, 0x00, 0x53, 0x01, 0x00, 0x00,
  0x6f, 0x00, 0x65, 0x00, 0x00, 0x00, 0x00, 0x00, 0x06, 0x12, 0x42, 0x64,
  0x00, 0x65, 0x00, 0x6c, 0x00, 0x6e, 0x00, 0x72, 0x00, 0x74, 0x00, 0x75,
  0x00, 0x07, 0x06, 0x12, 0x43, 0x62, 0x00, 0x63, 0x00, 0x64, 0x00, 0x66,
  0x00, 0x67, 0x00, 0x68, 0x00, 0x6b, 0x00, 0x70, 0x00, 0x74, 0x00, 0x76,
  0x00, 0x07, 0x06, 0x12, 0x44, 0x64, 0x00, 0x6c, 0x00, 0x6d, 0x00, 0x6e,
  0x00, 0x73, 0x00, 0x74, 0x00, 0x76, 0x00, 0x07, 0x06, 0x12, 0x45, 0x63,
  0x00, 0x64, 0x00, 0x66, 0x00, 0x67, 0x00, 0x6c, 0x00, 0x6d, 0x00, 0x6e,
  0x00, 0x76, 0x00, 0x07, 0x06, 0x12, 0x46, 0x67, 0x00, 0x68, 0x00, 0x6b,
  0x00, 0x6c, 0x00, 0x6d, 0x00, 0x76, 0x00, 0x77, 0x00, 0x07, 0x06, 0x12,
  0x47, 0x62, 0x6c, 0x00, 0x62, 0x72, 0x00, 0x63, 0x6c, 0x00, 0x63, 0x72,
  0x00, 0x63, 0x74, 0x00, 0x64, 0x72, 0x00, 0x66, 0x6c, 0x00, 0x66, 0x72,
  0x00, 0x66, 0x74, 0x00, 0x67, 0x6c, 0x00, 0x67, 0x72, 0x00, 0x6b, 0x6c,
  0x00, 0x6b, 0x72, 0x00, 0x70, 0x6c, 0x00, 0x70, 0x72, 0x00, 0x74, 0x72,
  0x00, 0x76, 0x72, 0x00, 0x07, 0x06, 0x12, 0x48, 0xc3, 0xa9, 0x63, 0x00,
  0xc3, 0xa9, 0x64, 0x00, 0x65, 0x63, 0x00, 0x65, 0x64, 0x00, 0x6c, 0x62,
  0x00, 0x6c, 0x63, 0x00, 0x6c, 0x64, 0x00, 0x6c, 0x67, 0x00, 0x6c, 0x6d,
  0x00, 0x6c, 0x6e, 0x00, 0x6c, 0x70, 0x00, 0x6c, 0x74, 0x00, 0x6c, 0x76,
  0x00, 0x72, 0x62, 0x00, 0x72, 0x63, 0x00, 0x72, 0x64, 0x00, 0x72, 0x66,
  0x00, 0x72, 0x67, 0x00, 0x72, 0x6c, 0x00, 0x72, 0x6d, 0x00, 0x72, 0x6e,
  0x00, 0x72, 0x70, 0x00, 0x72, 0x73, 0x00, 0x72, 0x74, 0x00, 0x72, 0x76,
  0x00, 0x07, 0x06, 0x12, 0x49, 0x63, 0x68, 0x00, 0x71, 0x75, 0x00, 0x67,
  0x75, 0x00, 0x62, 0x00, 0x63, 0x00, 0x64, 0x00, 0x66, 0x00, 0x67, 0x00,
  0x68, 0x00, 0x6a, 0x00, 0x6b, 0x00, 0x6c, 0x00, 0x6d, 0x00, 0x6e, 0x00,
  0x70, 0x00, 0x71, 0x00, 0x72, 0x00, 0x73, 0x00, 0x74, 0x00, 0x76, 0x00,
  0x77, 0x00, 0x78, 0x00, 0x7a, 0x00, 0x07, 0x06, 0x12, 0x4a, 0x6c, 0x00,
  0x72, 0x00, 0x73, 0x00, 0x07, 0x06, 0x12, 0x4b, 0x69, 0x61, 0x00, 0x69,
  0x65, 0x00, 0x69, 0x6f, 0x00, 0x75, 0x61, 0x00, 0x75, 0x65, 0x00, 0x75,
  0x69, 0x00, 0x75, 0x6f, 0x00, 0x07, 0x06, 0x12, 0x4c, 0x62, 0x00, 0x70,
  0x00, 0x74, 0x00, 0x07, 0x06, 0x12, 0x4d, 0x61, 0xc3, 0xaf, 0x00, 0x72,
  0xc3, 0xa9, 0x00, 0xc3, 0xa9, 0x00, 0xc3, 0xa8, 0x00, 0x61, 0x6c, 0x00,
  0x69, 0x62, 0x00, 0x69, 0x65, 0x00, 0x69, 0x71, 0x00, 0x6f, 0x6d, 0x00,
  0x6f, 0x6e, 0x00, 0x79, 0x6d, 0x00, 0x6c, 0x00, 0x07, 0x06, 0x12, 0x4e,
  0x65, 0x72, 0x00, 0x68, 0x6e, 0x00, 0x64, 0x00, 0x67, 0x00, 0x6b, 0x00,
  0x6c, 0x00, 0x70, 0x00, 0x07, 0x06, 0x12, 0x4f, 0x62, 0x65, 0x00, 0x69,
  0x6e, 0x00, 0x75, 0x70, 0x00, 0x75, 0x74, 0x00, 0x07, 0x06, 0x12, 0x50,
  0x63, 0x00, 0x66, 0x00, 0x67, 0x00, 0x68, 0x00, 0x07, 0x06, 0x12, 0x51,
  0x30, 0x30, 0x00, 0x30, 0x31, 0x00, 0x30, 0x32, 0x00, 0x30, 0x33, 0x00,
  0x30, 0x34, 0x00, 0x30, 0x35, 0x00, 0x30, 0x36, 0x00, 0x30, 0x37, 0x00,
  0x30, 0x38, 0x00, 0x30, 0x39, 0x00, 0x31, 0x30, 0x00, 0x31, 0x31, 0x00,
  0x31, 0x32, 0x00, 0x31, 0x33, 0x00, 0x31, 0x34, 0x00, 0x31, 0x35, 0x00,
  0x31, 0x36, 0x00, 0x31, 0x37, 0x00, 0x31, 0x38, 0x00, 0x31, 0x39, 0x00,
  0x32, 0x30, 0x00, 0x32, 0x31, 0x00, 0x32, 0x32, 0x00, 0x32, 0x33, 0x00,
  0x30, 0x00, 0x31, 0x00, 0x32, 0x00, 0x33, 0x00, 0x34, 0x00, 0x35, 0x00,
  0x36, 0x00, 0x37, 0x00, 0x38, 0x00, 0x39, 0x00, 0x07, 0x06, 0x12, 0x52,
  0x30, 0x00, 0x31, 0x00, 0x32, 0x00, 0x33, 0x00, 0x34, 0x00, 0x35, 0x00,
  0x07, 0x06, 0xc3, 0xa7, 0x00, 0x04, 0x03, 0x59, 0x00, 0x27, 0x08, 0x02,
  0x0e, 0x80, 0x8c, 0x82, 0x00, 0x07, 0x06, 0xc3, 0xa8, 0x00, 0x6d, 0x65,
  0x01, 0x10, 0x03, 0x25, 0x70, 0x41, 0x00, 0x04, 0x03, 0x70, 0x00, 0x73,
  0x02, 0x20, 0x00, 0x04, 0x73, 0x01, 0x6d, 0x02, 0x20, 0x03, 0x70, 0x59,
  0x00, 0x73, 0x01, 0x6e, 0x02, 0x20, 0x00, 0x73, 0x01, 0x70, 0x02, 0x20,
  0x00, 0x73, 0x01, 0x72, 0x11, 0x41, 0x02, 0x20, 0x00, 0x07, 0x06, 0xc3,
  0xab, 0x00, 0x01, 0x75, 0x03, 0x00, 0x01, 0x6f, 0x6e, 0x02, 0x20, 0x03,
  0x24, 0x00, 0x03, 0x70, 0x00, 0x07, 0x06, 0xc3, 0xaf, 0x00, 0x03, 0x25,
  0x00, 0x73, 0x01, 0x61, 0x11, 0x43, 0x02, 0x20, 0x03, 0x25, 0x59, 0x00,
  0x04, 0x01, 0x11, 0x41, 0x02, 0x20, 0x03, 0x39, 0x00, 0x01, 0x11, 0x41,
  0x02, 0x6c, 0x11, 0x41, 0x00, 0x65, 0x01, 0x11, 0x41, 0x02, 0x20, 0x00,
  0x6e, 0x02, 0x19, 0x03, 0x72, 0x00, 0x07, 0x06, 0xc3, 0xb4, 0x00, 0x04,
  0x03, 0x27, 0x00, 0x74, 0x02, 0x20, 0x00, 0x07, 0x06, 0xc3, 0xbc, 0x00,
  0x6d, 0x02, 0x20, 0x03, 0x27, 0x41, 0x00, 0x03, 0x6f, 0x00, 0x6c, 0x02,
  0x20, 0x03, 0x6f, 0x37, 0x37, 0x00, 0x73, 0x02, 0x20, 0x03, 0x6f, 0x59,
  0x00, 0x07, 0x06, 0x61, 0x00, 0x02, 0xc3, 0xb4, 0x03, 0x00, 0x69, 0x01,
  0x66, 0x02, 0x73, 0x11, 0x41, 0x03, 0x0d, 0x00, 0x04, 0x6e, 0x79, 0x03,
  0x15, 0x00, 0x77, 0x02, 0x19, 0x00, 0x04, 0x03, 0x23, 0x00, 0x02, 0x69,
  0x6c, 0x19, 0x00, 0x02, 0x6e, 0x6e, 0x11, 0x41, 0x00, 0x6d, 0x02, 0x6d,
  0x00, 0x6d, 0x02, 0x6e, 0x00, 0x6e, 0x02, 0x6e, 0x20, 0x00, 0x04, 0x72,
  0x63, 0x68, 0x08, 0x02, 0x61, 0x0e, 0x80, 0x84, 0x84, 0x03, 0x23, 0x22,
  0x31, 0x00, 0x72, 0x63, 0x68, 0x08, 0x02, 0x6f, 0x0e, 0x80, 0x84, 0x84,
  0x00, 0x72, 0x63, 0x68, 0xc3, 0xa9, 0x08, 0x02, 0x15, 0x0e, 0x80, 0x84,
  0x85, 0x03, 0x23, 0x22, 0x31, 0x24, 0x00, 0x72, 0x63, 0x68, 0xc3, 0xa9,
  0x6f, 0x08, 0x02, 0x15, 0x0e, 0x80, 0x84, 0x86, 0x03, 0x23, 0x22, 0x31,
  0x24, 0x27, 0x00, 0x6f, 0xc3, 0xbb, 0x74, 0x02, 0x69, 0x03, 0x23, 0x28,
  0x59, 0x00, 0x04, 0x6e, 0x01, 0x6d, 0x12, 0x43, 0x02, 0x20, 0x03, 0x23,
  0x32, 0x00, 0x6e, 0x01, 0x6d, 0x15, 0x15, 0x02, 0x20, 0x00, 0x6e, 0x01,
  0x6d, 0x7a, 0x02, 0x20, 0x00, 0x6e, 0x01, 0x77, 0x02, 0x20, 0x00, 0x6e,
  0x02, 0x68, 0x00, 0x6e, 0x08, 0x12, 0x45, 0x02, 0x20, 0x00, 0x6e, 0x08,
  0x68, 0x02, 0x20, 0x00, 0x6e, 0x61, 0x72, 0x63, 0x68, 0x6f, 0x08, 0x02,
  0x15, 0x0e, 0x80, 0x84, 0x87, 0x03, 0x23, 0x32, 0x23, 0x22, 0x31, 0x27,
  0x00, 0x04, 0x79, 0x02, 0x61, 0x6b, 0x03, 0x23, 0x39, 0x00, 0x79, 0x65,
  0x01, 0x62, 0x62, 0x02, 0x20, 0x00, 0x04, 0x6d, 0x01, 0x68, 0x02, 0x20,
  0x0e, 0x80, 0x80, 0x82, 0x03, 0x23, 0x41, 0x00, 0x6d, 0x08, 0x02, 0x6e,
  0x00, 0x65, 0x03, 0x23, 0x70, 0x00, 0x04, 0x65, 0x02, 0x20, 0x03, 0x24,
  0x00, 0x69, 0x02, 0x20, 0x00, 0x79, 0x65, 0x01, 0x62, 0x62, 0x02, 0x1d,
  0x03, 0x24, 0x25, 0x00, 0x04, 0x75, 0x03, 0x27, 0x00, 0x75, 0x64, 0x02,
  0x20, 0x00, 0x75, 0x74, 0x6f, 0x08, 0x02, 0x15, 0x0e, 0x80, 0x84, 0x84,
  0x03, 0x27, 0x2f, 0x27, 0x00, 0x75, 0x74, 0x6f, 0x6d, 0x08, 0x02, 0x6e,
  0x03, 0x27, 0x2f, 0x7f, 0x00, 0x75, 0x64, 0x08, 0x11, 0x43, 0x02, 0x20,
  0x03, 0x27, 0x48, 0x00, 0x75, 0x64, 0x69, 0x6f, 0x08, 0x02, 0x15, 0x0e,
  0x80, 0x84, 0x85, 0x03, 0x27, 0x48, 0x25, 0x27, 0x00, 0x75, 0x74, 0x02,
  0x20, 0x03, 0x27, 0x8c, 0x00, 0x04, 0x6f, 0x75, 0x01, 0x73, 0x02, 0x6c,
  0x65, 0x03, 0x28, 0x00, 0x6f, 0x75, 0x6c, 0x01, 0x73, 0x02, 0x20, 0x00,
  0x6f, 0xc3, 0xbb, 0x74, 0x03, 0x28, 0x2f, 0x00, 0x04, 0x69, 0x03, 0x70,
  0x00, 0x69, 0x08, 0x6c, 0x61, 0x62, 0x02, 0x20, 0x00, 0x69, 0x08, 0x72,
  0x76, 0x02, 0x20, 0x00, 0x69, 0x08, 0x73, 0x73, 0x65, 0x02, 0x20, 0x00,
  0x69, 0x65, 0x00, 0x79, 0x02, 0x11, 0x43, 0x00, 0x79, 0x02, 0x20, 0x00,
  0x79, 0x03, 0x70, 0x39, 0x00, 0x79, 0x65, 0x72, 0x01, 0x6c, 0x1d, 0x02,
  0x1d, 0x03, 0x70, 0x39, 0x75, 0x22, 0x00, 0x04, 0x69, 0x65, 0x6e, 0x74,
  0x03, 0x70, 0x8c, 0x00, 0x69, 0x74, 0x02, 0x20, 0x00, 0x69, 0x73, 0x02,
  0x20, 0x03, 0x70, 0x8f, 0x00, 0x04, 0x65, 0x6e, 0x03, 0x71, 0x00, 0x6d,
  0x02, 0x12, 0x4c, 0x00, 0x6e, 0x01, 0x6d, 0x6c, 0x75, 0x02, 0x20, 0x00,
  0x6e, 0x01, 0x6d, 0x73, 0x69, 0x6c, 0x02, 0x20, 0x00, 0x6e, 0x02, 0x19,
  0x00, 0x6e, 0x08, 0x6d, 0xaf, 0xc3, 0x61, 0x63, 0x02, 0x20, 0x00, 0x6f,
  0x6e, 0x08, 0x11, 0x43, 0x02, 0x20, 0x00, 0x04, 0x6e, 0x74, 0x69, 0x08,
  0x02, 0x11, 0x43, 0x11, 0x41, 0x1d, 0x0e, 0x80, 0x84, 0x84, 0x03, 0x71,
  0x2f, 0x25, 0x00, 0x6e, 0x74, 0x69, 0x08, 0x02, 0x15, 0x15, 0x0e, 0x80,
  0x84, 0x84, 0x00, 0x04, 0x69, 0x6d, 0x02, 0x19, 0x03, 0x72, 0x00, 0x69,
  0x6e, 0x02, 0x19, 0x00, 0x04, 0x69, 0x6e, 0x01, 0x68, 0x63, 0x02, 0x20,
  0x03, 0x72, 0x86, 0x00, 0x69, 0x6e, 0x01, 0x74, 0x11, 0x43, 0x02, 0x20,
  0x00, 0x04, 0x75, 0x02, 0x6c, 0x20, 0x03, 0x7f, 0x00, 0x75, 0x02, 0x72,
  0x65, 0x20, 0x00, 0x07, 0x06, 0x62, 0x00, 0x01, 0x6d, 0x6f, 0x02, 0x20,
  0x03, 0x00, 0x04, 0x61, 0x63, 0x6b, 0x03, 0x15, 0x00, 0x65, 0x08, 0x02,
  0x12, 0x50, 0x11, 0x41, 0x00, 0x6f, 0x61, 0x72, 0x64, 0x00, 0x6f, 0x78,
  0x02, 0x20, 0x00, 0x75, 0x67, 0x67, 0x00, 0x04, 0x03, 0x47, 0x00, 0x62,
  0x00, 0x07, 0x06, 0x63, 0x00, 0x04, 0x01, 0x61, 0x62, 0x61, 0x74, 0x02,
  0x20, 0x03, 0x00, 0x04, 0x01, 0x61, 0x6d, 0x6f, 0x74, 0x02, 0x20, 0x03,
  0x00, 0x04, 0x01, 0x6e, 0x61, 0x11, 0x43, 0x02, 0x20, 0x03, 0x00, 0x04,
  0x01, 0x6e, 0x6f, 0x11, 0x43, 0x02, 0x20, 0x03, 0x00, 0x04, 0x01, 0x72,
  0x61, 0x02, 0x74, 0x69, 0x03, 0x00, 0x04, 0x01, 0x72, 0x65, 0x6c, 0x63,
  0x02, 0x20, 0x03, 0x00, 0x04, 0x01, 0x73, 0x02, 0x11, 0x47, 0x03, 0x00,
  0x04, 0x01, 0x75, 0x6f, 0x68, 0x63, 0x74, 0x02, 0x20, 0x03, 0x00, 0x01,
  0x78, 0x02, 0x11, 0x47, 0x03, 0x00, 0x04, 0x68, 0x01, 0x6e, 0x02, 0x20,
  0x03, 0x15, 0x00, 0x68, 0x02, 0x6d, 0x65, 0x6e, 0x74, 0x00, 0x75, 0x74,
  0x02, 0x20, 0x00, 0x04, 0x03, 0x31, 0x00, 0x08, 0x6e, 0x6f, 0x64, 0x02,
  0x20, 0x00, 0x63, 0x00, 0x63, 0x68, 0x00, 0x68, 0x01, 0x61, 0x02, 0x20,
  0x00, 0x68, 0x01, 0x65, 0x02, 0x20, 0x00, 0x68, 0x01, 0x69, 0x6e, 0x02,
  0x20, 0x00, 0x68, 0x01, 0x69, 0x6e, 0x61, 0x6d, 0x02, 0xc3, 0xa9, 0x00,
  0x68, 0x01, 0x6f, 0x74, 0x69, 0x6d, 0x02, 0x6f, 0x00, 0x68, 0x01, 0x72,
  0x6f, 0x02, 0x65, 0x73, 0x11, 0x43, 0x00, 0x68, 0x01, 0x72, 0x6f, 0x02,
  0x69, 0x11, 0x43, 0x00, 0x68, 0x02, 0x6c, 0x00, 0x68, 0x02, 0x6e, 0x00,
  0x68, 0x02, 0x72, 0x00, 0x68, 0x02, 0x73, 0x00, 0x68, 0x02, 0x74, 0x6f,
  0x00, 0x68, 0x08, 0x02, 0x61, 0x6f, 0x00, 0x68, 0x08, 0x02, 0x61, 0x72,
  0x69, 0x73, 0x6d, 0x00, 0x68, 0x08, 0x02, 0x69, 0x72, 0x6f, 0x70, 0x00,
  0x68, 0x08, 0x02, 0x6f, 0x72, 0x11, 0x41, 0x00, 0x68, 0x08, 0x11, 0x41,
  0x02, 0x6f, 0x20, 0x00, 0x68, 0x08, 0x75, 0x65, 0x02, 0x61, 0x72, 0x69,
  0x00, 0x6b, 0x00, 0x71, 0x00, 0x71, 0x75, 0x00, 0x68, 0x72, 0x6f, 0x6e,
  0x6f, 0x08, 0x02, 0x15, 0x0e, 0x80, 0x84, 0x86, 0x03, 0x31, 0x22, 0x27,
  0x32, 0x27, 0x00, 0x04, 0x61, 0x73, 0x74, 0x02, 0x20, 0x0e, 0x80, 0x80,
  0x84, 0x03, 0x31, 0x23, 0x59, 0x2f, 0x00, 0x61, 0x73, 0x74, 0x73, 0x02,
  0x20, 0x0e, 0x80, 0x80, 0x85, 0x00, 0x6c, 0x6f, 0x77, 0x6e, 0x08, 0x03,
  0x31, 0x37, 0x28, 0x32, 0x00, 0x63, 0x02, 0x11, 0x47, 0x03, 0x31, 0x59,
  0x00, 0x68, 0x01, 0x69, 0x77, 0x03, 0x4c, 0x00, 0x04, 0x01, 0x65, 0x73,
  0x02, 0x6f, 0x6e, 0x64, 0x03, 0x51, 0x00, 0x01, 0x6e, 0x69, 0x7a, 0x02,
  0x20, 0x00, 0x04, 0x02, 0x11, 0x47, 0x03, 0x59, 0x00, 0x27, 0x08, 0x02,
  0x0e, 0x80, 0x8c, 0x82, 0x00, 0x04, 0x08, 0x02, 0x64, 0x03, 0x59, 0x24,
  0x00, 0x6f, 0x65, 0x08, 0x02, 0x6c, 0x61, 0x00, 0x79, 0x62, 0x65, 0x72,
  0x08, 0x02, 0x0e, 0x80, 0x84, 0x85, 0x03, 0x59, 0x25, 0x47, 0x70, 0x22,
  0x00, 0x69, 0x65, 0x6e, 0x74, 0x02, 0x20, 0x03, 0x59, 0x25, 0x8c, 0x00,
  0x04, 0x69, 0x65, 0x6e, 0x74, 0x01, 0x69, 0x66, 0x66, 0x65, 0x03, 0x59,
  0x39, 0x71, 0x00, 0x69, 0x65, 0x6e, 0x74, 0x01, 0x69, 0x66, 0xa9, 0xc3,
  0x64, 0x00, 0x04, 0x68, 0x03, 0x5b, 0x00, 0x68, 0x08, 0x02, 0x6f, 0x72,
  0x69, 0x7a, 0x00, 0x68, 0x08, 0x02, 0x6f, 0x72, 0x6f, 0x00, 0x07, 0x06,
  0x64, 0x00, 0x04, 0x01, 0x69, 0x6f, 0x02, 0x20, 0x03, 0x00, 0x04, 0x01,
  0x6e, 0x61, 0x02, 0x20, 0x03, 0x00, 0x04, 0x01, 0x6e, 0x6f, 0x11, 0x43,
  0x02, 0x20, 0x03, 0x00, 0x04, 0x01, 0x72, 0x02, 0x20, 0x03, 0x00, 0x04,
  0x01, 0x75, 0x6f, 0x02, 0x20, 0x03, 0x00, 0x08, 0x69, 0x6e, 0x02, 0x20,
  0x03, 0x00, 0x04, 0x61, 0x79, 0x02, 0x20, 0x03, 0x15, 0x00, 0x65, 0x76,
  0x69, 0x63, 0x08, 0x00, 0x6c, 0x65, 0x02, 0x1d, 0x00, 0x74, 0x02, 0x20,
  0x03, 0x2f, 0x00, 0x04, 0x03, 0x48, 0x00, 0x01, 0x72, 0x6f, 0x6c, 0x02,
  0x20, 0x00, 0x08, 0x6e, 0x61, 0x62, 0x02, 0x20, 0x00, 0x08, 0x6e, 0x61,
  0x6c, 0x02, 0x20, 0x00, 0x08, 0x6e, 0x61, 0x73, 0x02, 0x20, 0x00, 0x08,
  0x6e, 0x61, 0x74, 0x73, 0x02, 0x20, 0x00, 0x08, 0x72, 0x61, 0x68, 0x02,
  0x20, 0x00, 0x27, 0x08, 0x02, 0x0e, 0x80, 0x84, 0x82, 0x00, 0x64, 0x00,
  0x04, 0x69, 0x65, 0x6e, 0x01, 0xa9, 0xc3, 0x70, 0x78, 0x65, 0x20, 0x1a,
  0x02, 0x74, 0x20, 0x03, 0x48, 0x25, 0x00, 0x69, 0x65, 0x6e, 0x02, 0x74,
  0x20, 0x00, 0x04, 0x69, 0x65, 0x6e, 0x08, 0xa9, 0xc3, 0x70, 0x78, 0x65,
  0x02, 0x74, 0x20, 0x03, 0x48, 0x39, 0x71, 0x00, 0x69, 0x65, 0x6e, 0x08,
  0xa9, 0xc3, 0x72, 0x67, 0x6e, 0x69, 0x02, 0x74, 0x20, 0x00, 0x65, 0x6e,
  0x64, 0x72, 0x6f, 0x08, 0x02, 0x15, 0x0e, 0x80, 0x84, 0x86, 0x03, 0x48,
  0x72, 0x48, 0x22, 0x27, 0x00, 0x04, 0x01, 0x6e, 0x65, 0x11, 0x43, 0x02,
  0x20, 0x03, 0x8c, 0x00, 0x01, 0x6e, 0x65, 0x75, 0x71, 0x02, 0x20, 0x00,
  0x01, 0x6e, 0x6f, 0x63, 0x02, 0x20, 0x00, 0x08, 0x6e, 0x61, 0x72, 0x67,
  0x02, 0x20, 0x00, 0x07, 0x06, 0x65, 0x00, 0x04, 0x01, 0x11, 0x41, 0x02,
  0x72, 0x11, 0x41, 0x03, 0x00, 0x04, 0x01, 0x11, 0x43, 0x02, 0x2d, 0x03,
  0x00, 0x04, 0x01, 0x12, 0x49, 0x15, 0x02, 0x11, 0x43, 0x11, 0x41, 0x03,
  0x00, 0x04, 0x01, 0x12, 0x49, 0x15, 0x02, 0x12, 0x47, 0x03, 0x00, 0x04,
  0x01, 0x63, 0x2d, 0x02, 0x20, 0x03, 0x00, 0x04, 0x01, 0x67, 0x02, 0x11,
  0x41, 0x03, 0x00, 0x04, 0x01, 0x69, 0x02, 0x6d, 0x11, 0x41, 0x03, 0x00,
  0x04, 0x01, 0x6a, 0x2d, 0x02, 0x20, 0x03, 0x00, 0x04, 0x02, 0x20, 0x03,
  0x00, 0x04, 0x02, 0x6f, 0x69, 0x03, 0x00, 0x04, 0x6e, 0x01, 0x6c, 0x6f,
  0x1a, 0x02, 0x74, 0x20, 0x03, 0x00, 0x04, 0x6e, 0x01, 0x76, 0x75, 0x6f,
  0x63, 0x20, 0x1a, 0x02, 0x74, 0x20, 0x03, 0x00, 0x6e, 0x01, 0x76, 0x75,
  0x6f, 0x63, 0x20, 0x73, 0x02, 0x74, 0x20, 0x03, 0x00, 0xc3, 0xaf, 0x02,
  0x19, 0x03, 0x06, 0x70, 0x39, 0x00, 0x04, 0x03, 0x0d, 0x00, 0x01, 0x11,
  0x43, 0x15, 0x02, 0x11, 0x43, 0x65, 0x11, 0x43, 0x11, 0x41, 0x00, 0x01,
  0x12, 0x47, 0x15, 0x02, 0x11, 0x43, 0x11, 0x41, 0x00, 0x01, 0x12, 0x47,
  0x15, 0x02, 0x12, 0x47, 0x00, 0x01, 0x12, 0x48, 0x15, 0x02, 0x11, 0x43,
  0x11, 0x41, 0x00, 0x01, 0x12, 0x48, 0x15, 0x02, 0x12, 0x47, 0x00, 0x01,
  0x12, 0x49, 0x15, 0x02, 0x11, 0x43, 0x12, 0x4b, 0x11, 0x43, 0x00, 0x01,
  0x12, 0x49, 0x15, 0x02, 0x12, 0x47, 0x12, 0x4b, 0x11, 0x43, 0x00, 0x01,
  0x64, 0x02, 0x73, 0x73, 0x75, 0x73, 0x20, 0x00, 0x01, 0x72, 0x74, 0x02,
  0x11, 0x43, 0x11, 0x41, 0x00, 0x01, 0x72, 0x74, 0x02, 0x11, 0x43, 0x68,
  0x11, 0x41, 0x00, 0x01, 0x75, 0x67, 0x12, 0x4a, 0x15, 0x02, 0x11, 0x43,
  0x11, 0x41, 0x00, 0x01, 0x75, 0x67, 0x12, 0x4a, 0x15, 0x02, 0x12, 0x47,
  0x00, 0x01, 0x75, 0x71, 0x12, 0x4a, 0x15, 0x02, 0x11, 0x43, 0x11, 0x41,
  0x00, 0x01, 0x75, 0x71, 0x12, 0x4a, 0x15, 0x02, 0x12, 0x47, 0x00, 0x02,
  0x11, 0x43, 0x6c, 0x00, 0x02, 0x11, 0x43, 0x72, 0x00, 0x08, 0x64, 0x02,
  0x63, 0x68, 0x00, 0x08, 0x6c, 0x02, 0x11, 0x43, 0x11, 0x41, 0x00, 0x08,
  0x6c, 0x02, 0x11, 0x43, 0x68, 0x11, 0x41, 0x00, 0x08, 0x6c, 0x02, 0x11,
  0x43, 0x6c, 0x11, 0x41, 0x00, 0x08, 0x72, 0x02, 0x63, 0x68, 0x00, 0x08,
  0x72, 0x02, 0x73, 0x73, 0x00, 0x08, 0x72, 0x02, 0x73, 0x74, 0x72, 0x61,
  0x00, 0x08, 0x72, 0x02, 0x73, 0x74, 0x72, 0x6f, 0x00, 0x08, 0x72, 0x02,
  0x73, 0x74, 0x72, 0x75, 0x00, 0x08, 0x11, 0x43, 0x02, 0x20, 0x03, 0x0e,
  0x00, 0x04, 0x08, 0x02, 0x11, 0x43, 0x65, 0x1d, 0x03, 0x15, 0x00, 0x61,
  0x00, 0x64, 0x02, 0x20, 0x00, 0x65, 0x00, 0x66, 0x6f, 0x72, 0x65, 0x02,
  0x20, 0x00, 0x69, 0x6e, 0x67, 0x02, 0x20, 0x00, 0x69, 0x76, 0x65, 0x00,
  0x6c, 0x02, 0x11, 0x43, 0x1d, 0x00, 0x6e, 0x68, 0x61, 0x6e, 0x08, 0x00,
  0x6e, 0x74, 0x65, 0x72, 0x08, 0x02, 0x20, 0x00, 0x73, 0x73, 0x02, 0x20,
  0x00, 0x73, 0x74, 0x01, 0x75, 0x71, 0x02, 0x20, 0x00, 0x73, 0x74, 0x65,
  0x01, 0x75, 0x71, 0x02, 0x1d, 0x20, 0x00, 0x76, 0x65, 0x6e, 0x02, 0x20,
  0x00, 0x76, 0x65, 0x72, 0x01, 0x11, 0x43, 0x6f, 0x00, 0x76, 0x65, 0x72,
  0x08, 0x00, 0x77, 0x02, 0x0c, 0x0c, 0x00, 0x79, 0x65, 0x08, 0x00, 0x04,
  0x6d, 0x01, 0x15, 0x02, 0x6d, 0x65, 0x03, 0x23, 0x00, 0x6d, 0x01, 0x6c,
  0x02, 0x6e, 0x00, 0x6d, 0x08, 0x66, 0x02, 0x6d, 0x65, 0x00, 0x04, 0x02,
  0x72, 0x69, 0x20, 0x0c, 0x0c, 0x03, 0x24, 0x00, 0x02, 0x72, 0x69, 0x61,
  0x20, 0x0c, 0x0c, 0x00, 0x02, 0x72, 0x6f, 0x20, 0x0c, 0x0c, 0x00, 0x08,
  0x02, 0x11, 0x43, 0x0b, 0x00, 0x08, 0x02, 0x11, 0x43, 0x11, 0x41, 0x00,
  0x08, 0x02, 0x11, 0x43, 0x11, 0x41, 0x18, 0x00, 0x08, 0x02, 0x12, 0x47,
  0x11, 0x41, 0x00, 0x08, 0x6d, 0x02, 0x67, 0x61, 0x00, 0x08, 0x72, 0x02,
  0x73, 0x73, 0x75, 0x00, 0x08, 0x74, 0x72, 0x61, 0x02, 0x0c, 0x0c, 0x00,
  0x64, 0x01, 0x69, 0x70, 0x02, 0x20, 0x00, 0x66, 0x08, 0x6c, 0x63, 0x02,
  0x20, 0x00, 0x72, 0x02, 0x20, 0x00, 0x72, 0x02, 0x73, 0x20, 0x00, 0x73,
  0x01, 0x6d, 0x11, 0x41, 0x02, 0x64, 0x11, 0x41, 0x00, 0x73, 0x01, 0x6d,
  0x11, 0x41, 0x02, 0x6e, 0x11, 0x41, 0x00, 0x73, 0x08, 0x64, 0x02, 0x62,
  0x11, 0x41, 0x00, 0x73, 0x08, 0x64, 0x02, 0x6a, 0x11, 0x41, 0x00, 0x73,
  0x08, 0x64, 0x02, 0x6e, 0x11, 0x41, 0x00, 0x73, 0x08, 0x64, 0x02, 0x71,
  0x11, 0x41, 0x00, 0x73, 0x08, 0x6c, 0x02, 0x71, 0x11, 0x41, 0x00, 0x73,
  0x08, 0x6d, 0x02, 0x64, 0x11, 0x41, 0x00, 0x73, 0x08, 0x6d, 0x02, 0x6e,
  0x11, 0x41, 0x00, 0x73, 0x68, 0x01, 0x64, 0x02, 0x11, 0x41, 0x03, 0x24,
  0x58, 0x00, 0x72, 0x01, 0x77, 0x65, 0x69, 0x02, 0x1d, 0x03, 0x24, 0x78,
  0x00, 0x7a, 0x02, 0x20, 0x03, 0x24, 0x8f, 0x00, 0x61, 0x75, 0x02, 0x0c,
  0x0c, 0x03, 0x27, 0x00, 0x04, 0x75, 0x01, 0x67, 0x02, 0x72, 0x65, 0x03,
  0x6f, 0x00, 0x75, 0x08, 0x02, 0x73, 0x73, 0x00, 0xc3, 0xbb, 0x08, 0x00,
  0x75, 0x74, 0x08, 0x02, 0x20, 0x03, 0x6f, 0x8c, 0x00, 0x04, 0x01, 0x68,
  0x67, 0x02, 0x74, 0x11, 0x41, 0x1d, 0x03, 0x70, 0x00, 0x01, 0x69, 0x02,
  0x72, 0x74, 0x20, 0x00, 0x01, 0x70, 0x61, 0x63, 0x02, 0x6c, 0x61, 0x20,
  0x00, 0x02, 0x11, 0x43, 0x11, 0x43, 0x00, 0x02, 0x11, 0x43, 0x20, 0x00,
  0x02, 0x63, 0x74, 0x0c, 0x0c, 0x0c, 0x0c, 0x0c, 0x00, 0x02, 0x69, 0x6c,
  0x00, 0x02, 0x72, 0x11, 0x43, 0x00, 0x02, 0x72, 0x72, 0x0c, 0x0c, 0x0c,
  0x00, 0x02, 0x78, 0x0c, 0x0c, 0x0c, 0x0c, 0x0c, 0x00, 0x08, 0x11, 0x43,
  0x65, 0x02, 0x11, 0x43, 0x11, 0x41, 0x0c, 0x0c, 0x00, 0x62, 0x01, 0x66,
  0x02, 0x76, 0x11, 0x41, 0x00, 0x63, 0x74, 0x01, 0x70, 0x02, 0x20, 0x00,
  0x69, 0x00, 0x6c, 0x02, 0x6c, 0x00, 0x6d, 0x02, 0x6d, 0x61, 0x00, 0x6e,
  0x01, 0x69, 0x11, 0x43, 0x02, 0x6e, 0x11, 0x41, 0x00, 0x6e, 0x02, 0x6e,
  0x11, 0x41, 0x00, 0x74, 0x01, 0x6b, 0x63, 0x69, 0x74, 0x02, 0x20, 0x00,
  0x79, 0x02, 0x11, 0x43, 0x00, 0x79, 0x02, 0x20, 0x00, 0x04, 0x72, 0x01,
  0x6b, 0x63, 0x6f, 0x02, 0x19, 0x03, 0x70, 0x22, 0x00, 0x72, 0x01, 0x6e,
  0x69, 0x61, 0x74, 0x02, 0x1d, 0x00, 0x72, 0x01, 0x74, 0x73, 0x11, 0x43,
  0x02, 0x1d, 0x00, 0x72, 0x08, 0x11, 0x43, 0x02, 0x20, 0x00, 0x72, 0x08,
  0x68, 0x11, 0x43, 0x02, 0x20, 0x00, 0x72, 0x08, 0x69, 0x66, 0x02, 0x20,
  0x00, 0x72, 0x08, 0x69, 0x68, 0x02, 0x20, 0x00, 0x72, 0x08, 0x69, 0x74,
  0x02, 0x20, 0x00, 0x72, 0x08, 0x74, 0x72, 0x61, 0x63, 0x02, 0x1d, 0x00,
  0x72, 0x08, 0x76, 0x69, 0x68, 0x02, 0x1d, 0x00, 0x72, 0x08, 0x76, 0x6e,
  0x65, 0x02, 0x20, 0x00, 0x04, 0x74, 0x01, 0x67, 0x64, 0x02, 0x20, 0x03,
  0x70, 0x2f, 0x00, 0x74, 0x01, 0x6b, 0x02, 0x20, 0x00, 0x63, 0x74, 0x02,
  0x20, 0x03, 0x70, 0x31, 0x2f, 0x00, 0x04, 0x78, 0x74, 0x72, 0x61, 0x08,
  0x02, 0x11, 0x43, 0x0e, 0x80, 0x84, 0x85, 0x03, 0x70, 0x31, 0x59, 0x2f,
  0x22, 0x23, 0x00, 0x78, 0x74, 0x72, 0x61, 0x08, 0x02, 0x75, 0x0e, 0x80,
  0x84, 0x85, 0x00, 0x04, 0x69, 0x6e, 0x08, 0x02, 0x19, 0x03, 0x70, 0x32,
  0x00, 0x6e, 0x01, 0x11, 0x43, 0x02, 0x20, 0x00, 0x6e, 0x01, 0x11, 0x43,
  0x02, 0x74, 0x6f, 0x20, 0x00, 0x6e, 0x08, 0x79, 0x02, 0x20, 0x00, 0x6e,
  0x73, 0x01, 0x70, 0x73, 0x02, 0x20, 0x03, 0x70, 0x32, 0x59, 0x00, 0x6c,
  0x02, 0x73, 0x1d, 0x03, 0x70, 0x37, 0x00, 0x79, 0x03, 0x70, 0x39, 0x00,
  0x6d, 0x6e, 0x01, 0x6c, 0x69, 0x03, 0x70, 0x41, 0x00, 0x73, 0x74, 0x01,
  0x2d, 0x02, 0x20, 0x03, 0x70, 0x59, 0x2f, 0x00, 0x74, 0x01, 0x6d, 0x02,
  0x20, 0x03, 0x70, 0x8c, 0x00, 0x04, 0x6d, 0x02, 0x12, 0x4c, 0x03, 0x71,
  0x00, 0x6d, 0x02, 0x6d, 0x11, 0x41, 0x11, 0x43, 0x11, 0x41, 0x11, 0x43,
  0x00, 0x6d, 0x02, 0x6d, 0x11, 0x41, 0x11, 0x43, 0x11, 0x43, 0x00, 0x6d,
  0x02, 0x6d, 0x61, 0x69, 0x00, 0x6e, 0x01, 0x11, 0x43, 0x02, 0x64, 0x20,
  0x00, 0x6e, 0x01, 0x11, 0x43, 0x6f, 0x11, 0x43, 0x6d, 0x69, 0x02, 0x74,
  0x20, 0x00, 0x6e, 0x01, 0x11, 0x43, 0x6f, 0x11, 0x43, 0x6e, 0x69, 0x02,
  0x74, 0x20, 0x00, 0x6e, 0x01, 0x11, 0x43, 0xa9, 0xc3, 0x02, 0x74, 0x20,
  0x00, 0x6e, 0x01, 0x11, 0x43, 0xa9, 0xc3, 0x02, 0x74, 0x20, 0x00, 0x6e,
  0x01, 0x63, 0x61, 0x6a, 0x02, 0x74, 0x20, 0x00, 0x6e, 0x01, 0x63, 0x63,
  0x02, 0x74, 0x20, 0x00, 0x6e, 0x01, 0x63, 0x69, 0x74, 0xa9, 0xc3, 0x02,
  0x74, 0x20, 0x00, 0x6e, 0x01, 0x63, 0x73, 0x11, 0x41, 0x02, 0x74, 0x20,
  0x00, 0x6e, 0x01, 0x64, 0x69, 0x11, 0x43, 0xa9, 0xc3, 0x02, 0x74, 0x20,
  0x00, 0x6e, 0x01, 0x64, 0x69, 0x63, 0x11, 0x43, 0x11, 0x41, 0x1d, 0x02,
  0x74, 0x20, 0x00, 0x6e, 0x01, 0x64, 0x69, 0x72, 0x74, 0x1d, 0x02, 0x74,
  0x20, 0x00, 0x6e, 0x01, 0x64, 0x75, 0x11, 0x43, 0x02, 0x74, 0x20, 0x00,
  0x6e, 0x01, 0x67, 0x6e, 0x69, 0x15, 0x15, 0x02, 0x74, 0x20, 0x00, 0x6e,
  0x01, 0x67, 0x72, 0x65, 0x76, 0x02, 0x74, 0x20, 0x00, 0x6e, 0x01, 0x69,
  0x11, 0x43, 0x02, 0x63, 0x00, 0x6e, 0x01, 0x69, 0x74, 0x61, 0x70, 0x00,
  0x6e, 0x01, 0x6c, 0x61, 0x76, 0x69, 0x02, 0x74, 0x20, 0x00, 0x6e, 0x01,
  0x6c, 0x6c, 0x65, 0x63, 0x78, 0x02, 0x74, 0x20, 0x00, 0x6e, 0x01, 0x6c,
  0x6f, 0x02, 0x74, 0x20, 0x00, 0x6e, 0x01, 0x6c, 0x75, 0x02, 0x74, 0x20,
  0x00, 0x6e, 0x01, 0x6d, 0x61, 0x11, 0x43, 0x69, 0x02, 0x74, 0x20, 0x00,
  0x6e, 0x01, 0x6d, 0x61, 0x6d, 0x72, 0x02, 0x74, 0x20, 0x00, 0x6e, 0x01,
  0x6d, 0x65, 0x02, 0x74, 0x20, 0x00, 0x6e, 0x01, 0x6d, 0x67, 0x02, 0x74,
  0x20, 0x00, 0x6e, 0x01, 0x6d, 0x69, 0x11, 0x43, 0x11, 0x43, 0x11, 0x41,
  0x11, 0x43, 0x02, 0x74, 0x20, 0x00, 0x6e, 0x01, 0x6d, 0x69, 0x61, 0x11,
  0x41, 0x02, 0x74, 0x20, 0x00, 0x6e, 0x01, 0x6d, 0x69, 0x61, 0x11, 0x43,
  0x02, 0x74, 0x20, 0x00, 0x6e, 0x01, 0x6d, 0x69, 0x64, 0x02, 0x74, 0x20,
  0x00, 0x6e, 0x01, 0x6d, 0x69, 0x67, 0x11, 0x41, 0x02, 0x74, 0x20, 0x00,
  0x6e, 0x01, 0x6d, 0x69, 0x6c, 0x11, 0x41, 0x02, 0x74, 0x20, 0x00, 0x6e,
  0x01, 0x6d, 0x69, 0x6c, 0x70, 0x02, 0x74, 0x20, 0x00, 0x6e, 0x01, 0x6d,
  0x69, 0x6e, 0x61, 0x6d, 0x02, 0x74, 0x20, 0x00, 0x6e, 0x01, 0x6d, 0x69,
  0x6e, 0x69, 0x02, 0x74, 0x20, 0x00, 0x6e, 0x01, 0x6d, 0x69, 0x6e, 0x6f,
  0x02, 0x74, 0x20, 0x00, 0x6e, 0x01, 0x6d, 0x69, 0x73, 0x11, 0x41, 0x02,
  0x74, 0x20, 0x00, 0x6e, 0x01, 0x6d, 0x69, 0x74, 0x11, 0x41, 0x02, 0x74,
  0x20, 0x00, 0x6e, 0x01, 0x6d, 0x6d, 0x02, 0x74, 0x20, 0x00, 0x6e, 0x01,
  0x6d, 0x6f, 0x6d, 0x02, 0x74, 0x20, 0x00, 0x6e, 0x01, 0x6d, 0x72, 0x65,
  0x02, 0x74, 0x20, 0x00, 0x6e, 0x01, 0x6d, 0x72, 0x75, 0x6f, 0x74, 0x02,
  0x74, 0x20, 0x00, 0x6e, 0x01, 0x6d, 0x75, 0x11, 0x43, 0x6f, 0x02, 0x74,
  0x20, 0x00, 0x6e, 0x01, 0x6d, 0x75, 0x64, 0x02, 0x74, 0x20, 0x00, 0x6e,
  0x01, 0x6d, 0x75, 0x67, 0x02, 0x74, 0x20, 0x00, 0x6e, 0x01, 0x6d, 0x75,
  0x6a, 0x02, 0x74, 0x20, 0x00, 0x6e, 0x01, 0x6d, 0x75, 0x72, 0x02, 0x74,
  0x20, 0x00, 0x6e, 0x01, 0x6e, 0x61, 0x6d, 0x02, 0x74, 0x20, 0x00, 0x6e,
  0x01, 0x6e, 0x69, 0x6d, 0x6d, 0x69, 0x02, 0x74, 0x20, 0x00, 0x6e, 0x01,
  0x6e, 0x69, 0x6d, 0xa9, 0xc3, 0x6f, 0x02, 0x74, 0x20, 0x00, 0x6e, 0x01,
  0x6e, 0x69, 0x74, 0x6e, 0x6f, 0x02, 0x74, 0x20, 0x00, 0x6e, 0x01, 0x6e,
  0x69, 0x74, 0x72, 0x65, 0x02, 0x74, 0x20, 0x00, 0x6e, 0x01, 0x70, 0x72,
  0x11, 0x41, 0x1d, 0x02, 0x74, 0x20, 0x00, 0x6e, 0x01, 0x72, 0x61, 0x70,
  0x73, 0x02, 0x74, 0x20, 0x00, 0x6e, 0x01, 0x72, 0x72, 0x11, 0x41, 0x11,
  0x43, 0x02, 0x74, 0x20, 0x00, 0x6e, 0x01, 0x74, 0x69, 0x6e, 0xa9, 0xc3,
  0x02, 0x74, 0x20, 0x00, 0x6e, 0x01, 0x74, 0x74, 0x69, 0x6d, 0x02, 0x74,
  0x20, 0x00, 0x6e, 0x01, 0x75, 0x6c, 0x66, 0x11, 0x43, 0x02, 0x74, 0x20,
  0x00, 0x6e, 0x01, 0x75, 0x71, 0x02, 0x64, 0x20, 0x00, 0x6e, 0x01, 0x75,
  0x71, 0xa9, 0xc3, 0x02, 0x74, 0x20, 0x00, 0x6e, 0x02, 0x11, 0x43, 0x11,
  0x41, 0x00, 0x6e, 0x02, 0x11, 0x43, 0x11, 0x43, 0x00, 0x6e, 0x02, 0x6e,
  0x75, 0x00, 0x6e, 0x02, 0x73, 0x20, 0x00, 0x6e, 0x08, 0x11, 0x43, 0x02,
  0x74, 0x20, 0x00, 0x6e, 0x08, 0x64, 0x72, 0x61, 0x02, 0x74, 0x20, 0x00,
  0x6e, 0x08, 0x67, 0x61, 0x02, 0x74, 0x20, 0x00, 0x6e, 0x08, 0x67, 0x72,
  0x61, 0x02, 0x74, 0x20, 0x00, 0x6e, 0x08, 0x67, 0x72, 0x65, 0x73, 0x02,
  0x74, 0x20, 0x00, 0x6e, 0x08, 0x67, 0x72, 0x75, 0x02, 0x74, 0x20, 0x00,
  0x6e, 0x08, 0x6c, 0x61, 0x74, 0x02, 0x74, 0x20, 0x00, 0x6e, 0x08, 0x6c,
  0x6f, 0x64, 0x02, 0x74, 0x20, 0x00, 0x6e, 0x08, 0x6d, 0x69, 0x63, 0x02,
  0x74, 0x20, 0x00, 0x6e, 0x08, 0x6d, 0x69, 0x70, 0x02, 0x74, 0x20, 0x00,
  0x6e, 0x08, 0x6d, 0x72, 0x11, 0x41, 0x73, 0x02, 0x74, 0x20, 0x00, 0x6e,
  0x08, 0x6e, 0x69, 0x6d, 0xa9, 0xc3, 0x02, 0x74, 0x20, 0x00, 0x6e, 0x08,
  0x72, 0x61, 0x70, 0x02, 0x74, 0x20, 0x00, 0x6e, 0x08, 0x72, 0x61, 0x70,
  0x70, 0x61, 0x02, 0x74, 0x20, 0x00, 0x6e, 0x08, 0x72, 0x61, 0x76, 0x02,
  0x74, 0x20, 0x00, 0x6e, 0x08, 0x72, 0x6f, 0x6c, 0x66, 0x02, 0x74, 0x20,
  0x00, 0x6e, 0x08, 0x72, 0x75, 0x61, 0x6c, 0x02, 0x74, 0x20, 0x00, 0x6e,
  0x08, 0x74, 0x61, 0x6c, 0x02, 0x74, 0x20, 0x00, 0x6e, 0x08, 0x74, 0x61,
  0x70, 0x02, 0x74, 0x20, 0x00, 0x6e, 0x08, 0x74, 0x6e, 0x6f, 0x63, 0x02,
  0x74, 0x20, 0x00, 0x6e, 0x08, 0x74, 0x6e, 0x6f, 0x63, 0xa9, 0xc3, 0x6d,
  0x02, 0x74, 0x20, 0x00, 0x6e, 0x08, 0x76, 0x75, 0x6f, 0x63, 0x02, 0x74,
  0x0e, 0x80, 0xa0, 0x83, 0x00, 0x6e, 0x08, 0x76, 0x75, 0x6f, 0x73, 0x02,
  0x74, 0x20, 0x00, 0x6e, 0x73, 0x01, 0x63, 0x6e, 0x02, 0x20, 0x00, 0x04,
  0x6e, 0x02, 0x68, 0x11, 0x41, 0x03, 0x71, 0x32, 0x00, 0x6e, 0x08, 0x02,
  0x11, 0x41, 0x00, 0x6e, 0x02, 0x20, 0x03, 0x71, 0x86, 0x00, 0x04, 0x6e,
  0x74, 0x01, 0x67, 0x69, 0x64, 0x6e, 0x02, 0x20, 0x03, 0x71, 0x8c, 0x00,
  0x6e, 0x74, 0x01, 0x67, 0x69, 0x6c, 0x69, 0x02, 0x20, 0x00, 0x6e, 0x74,
  0x01, 0x67, 0x69, 0x6c, 0x6c, 0x02, 0x20, 0x00, 0x6e, 0x74, 0x01, 0x67,
  0x6e, 0x61, 0x74, 0x02, 0x20, 0x00, 0x6e, 0x73, 0x01, 0x11, 0x43, 0xa9,
  0xc3, 0x02, 0x20, 0x03, 0x71, 0x8f, 0x00, 0x04, 0x69, 0x6e, 0x02, 0x19,
  0x03, 0x72, 0x00, 0x6e, 0x01, 0x11, 0x41, 0x11, 0x41, 0x02, 0x20, 0x00,
  0x6e, 0x01, 0x64, 0x6f, 0x02, 0x64, 0x72, 0x00, 0x6e, 0x01, 0x69, 0x11,
  0x43, 0x02, 0x19, 0x00, 0x6e, 0x01, 0x6d, 0x61, 0x78, 0x02, 0x20, 0x00,
  0x6e, 0x01, 0x70, 0x70, 0x61, 0x02, 0x64, 0x69, 0x00, 0x6e, 0x01, 0xa9,
  0xc3, 0x02, 0x20, 0x00, 0x6e, 0x08, 0x11, 0x43, 0x02, 0x6a, 0x00, 0x6e,
  0x08, 0x6d, 0x61, 0x6c, 0x66, 0x02, 0x63, 0x00, 0x69, 0x6e, 0x01, 0x6c,
  0x70, 0x02, 0x20, 0x03, 0x72, 0x86, 0x00, 0x04, 0x01, 0x68, 0x63, 0x74,
  0x02, 0x72, 0x1d, 0x03, 0x75, 0x00, 0x01, 0x74, 0x72, 0x65, 0x76, 0x02,
  0x72, 0x1d, 0x00, 0x75, 0x01, 0x67, 0x00, 0x75, 0x02, 0x11, 0x43, 0x1d,
  0x00, 0x75, 0x02, 0x11, 0x43, 0x65, 0x1d, 0x00, 0x75, 0x02, 0x69, 0x00,
  0x75, 0x02, 0x6c, 0x65, 0x1d, 0x00, 0x75, 0x02, 0x72, 0x11, 0x43, 0x00,
  0x75, 0x02, 0x72, 0x65, 0x1d, 0x00, 0x75, 0x02, 0x72, 0x72, 0x65, 0x1d,
  0x00, 0x04, 0x72, 0x01, 0x6b, 0x63, 0x61, 0x02, 0x19, 0x03, 0x75, 0x22,
  0x00, 0x72, 0x01, 0x6b, 0x63, 0x6f, 0x72, 0x02, 0x19, 0x00, 0x72, 0x08,
  0x74, 0x74, 0x75, 0x63, 0x02, 0x1d, 0x00, 0x61, 0x6d, 0x01, 0x72, 0x11,
  0x43, 0x03, 0x7d, 0x0c, 0x41, 0x00, 0x61, 0x6e, 0x65, 0x72, 0x01, 0x6c,
  0x11, 0x43, 0x03, 0x7d, 0x32, 0x75, 0x22, 0x00, 0x61, 0x6d, 0x65, 0x72,
  0x01, 0x72, 0x11, 0x43, 0x03, 0x7d, 0x41, 0x75, 0x22, 0x00, 0x04, 0x75,
  0x03, 0x84, 0x00, 0x75, 0x02, 0x11, 0x43, 0x65, 0x1d, 0x00, 0x75, 0x02,
  0x11, 0x43, 0x65, 0x72, 0x20, 0x00, 0x75, 0x02, 0x6c, 0x65, 0x72, 0x00,
  0xc3, 0xbb, 0x03, 0x84, 0x0c, 0x00, 0x75, 0x74, 0x02, 0x20, 0x03, 0x84,
  0x8c, 0x00, 0x75, 0x78, 0x02, 0x20, 0x03, 0x84, 0x8f, 0x00, 0x04, 0x6e,
  0x74, 0x01, 0x11, 0x41, 0x02, 0x20, 0x03, 0x8c, 0x00, 0x6e, 0x74, 0x01,
  0x64, 0x69, 0x11, 0x43, 0xa9, 0xc3, 0x1a, 0x02, 0x20, 0x00, 0x6e, 0x74,
  0x01, 0x67, 0x69, 0x02, 0x20, 0x00, 0x6e, 0x74, 0x01, 0x67, 0x72, 0x65,
  0x76, 0x1a, 0x02, 0x20, 0x00, 0x6e, 0x74, 0x01, 0x67, 0x72, 0x75, 0x20,
  0x1a, 0x02, 0x20, 0x00, 0x6e, 0x74, 0x01, 0x6c, 0x61, 0x76, 0x69, 0x1a,
  0x02, 0x20, 0x00, 0x6e, 0x74, 0x01, 0x6c, 0x6c, 0x65, 0x63, 0x78, 0x1a,
  0x02, 0x20, 0x00, 0x6e, 0x74, 0x01, 0x6c, 0x6f, 0x1d, 0x02, 0x20, 0x00,
  0x6e, 0x74, 0x01, 0x6c, 0x75, 0x1a, 0x02, 0x20, 0x00, 0x6e, 0x74, 0x01,
  0x6c, 0x75, 0x63, 0x11, 0x43, 0x02, 0x20, 0x00, 0x6e, 0x74, 0x01, 0x6c,
  0x75, 0x65, 0x02, 0x20, 0x00, 0x6e, 0x74, 0x01, 0x6d, 0x72, 0x65, 0x66,
  0x1a, 0x02, 0x20, 0x00, 0x6e, 0x74, 0x01, 0x72, 0x61, 0x70, 0x20, 0x1a,
  0x02, 0x20, 0x00, 0x6e, 0x74, 0x01, 0x72, 0x72, 0x65, 0x11, 0x43, 0x02,
  0x20, 0x00, 0x6e, 0x74, 0x01, 0x75, 0x6c, 0x66, 0x11, 0x43, 0x1a, 0x02,
  0x20, 0x00, 0x6e, 0x74, 0x02, 0x20, 0x00, 0x6e, 0x74, 0x08, 0x74, 0x6e,
  0x6f, 0x63, 0x1a, 0x02, 0x20, 0x00, 0x73, 0x02, 0x20, 0x03, 0x8f, 0x00,
  0x07, 0x06, 0x66, 0x00, 0x04, 0x02, 0x66, 0x03, 0x00, 0x08, 0x72, 0x65,
  0x6e, 0x02, 0x1d, 0x03, 0x00, 0x04, 0x69, 0x72, 0x65, 0x08, 0x02, 0x11,
  0x43, 0x11, 0x41, 0x03, 0x15, 0x00, 0x69, 0x72, 0x65, 0x08, 0x02, 0x11,
  0x43, 0x11, 0x43, 0x11, 0x41, 0x00, 0x6c, 0x79, 0x00, 0x72, 0x61, 0x6d,
  0x65, 0x08, 0x00, 0x74, 0x65, 0x72, 0x02, 0x20, 0x00, 0x03, 0x53, 0x00,
  0x04, 0x08, 0x75, 0x65, 0x6e, 0x02, 0x20, 0x61, 0x6e, 0x73, 0x03, 0x54,
  0x00, 0x08, 0x75, 0x65, 0x6e, 0x02, 0x20, 0x68, 0x65, 0x75, 0x72, 0x65,
  0x73, 0x00, 0x07, 0x06, 0x67, 0x00, 0x04, 0x01, 0x6e, 0x61, 0x74, 0xa9,
  0xc3, 0x02, 0x20, 0x03, 0x00, 0x04, 0x01, 0x72, 0x75, 0x6f, 0x62, 0x02,
  0x20, 0x03, 0x00, 0x04, 0x08, 0x6e, 0x61, 0x72, 0x02, 0x20, 0x03, 0x00,
  0x04, 0x08, 0x6e, 0x61, 0x73, 0x02, 0x20, 0x03, 0x00, 0x04, 0x08, 0x6e,
  0x6f, 0x6c, 0x02, 0x20, 0x03, 0x00, 0x04, 0x74, 0x01, 0x6e, 0x69, 0x76,
  0x02, 0x20, 0x75, 0x6e, 0x03, 0x00, 0x74, 0x02, 0x20, 0x03, 0x00, 0x04,
  0x61, 0x6d, 0x65, 0x08, 0x02, 0x1d, 0x03, 0x15, 0x00, 0x68, 0x02, 0x19,
  0x00, 0x69, 0x72, 0x6c, 0x00, 0x79, 0x01, 0x15, 0x02, 0x20, 0x00, 0x04,
  0x74, 0x01, 0x6e, 0x11, 0x41, 0x02, 0x11, 0x41, 0x03, 0x2f, 0x00, 0x74,
  0x01, 0x6e, 0x69, 0x76, 0x02, 0x20, 0x11, 0x41, 0x00, 0x74, 0x01, 0x6e,
  0x69, 0x76, 0x02, 0x20, 0x63, 0x69, 0x6e, 0x71, 0x00, 0x74, 0x01, 0x6e,
  0x69, 0x76, 0x02, 0x20, 0x64, 0x65, 0x75, 0x78, 0x00, 0x74, 0x01, 0x6e,
  0x69, 0x76, 0x02, 0x20, 0x68, 0x75, 0x69, 0x74, 0x00, 0x74, 0x01, 0x6e,
  0x69, 0x76, 0x02, 0x20, 0x6e, 0x65, 0x75, 0x66, 0x00, 0x74, 0x01, 0x6e,
  0x69, 0x76, 0x02, 0x20, 0x6e, 0x65, 0x75, 0x76, 0x69, 0x00, 0x74, 0x01,
  0x6e, 0x69, 0x76, 0x02, 0x20, 0x71, 0x75, 0x61, 0x74, 0x72, 0x00, 0x74,
  0x01, 0x6e, 0x69, 0x76, 0x02, 0x20, 0x73, 0x65, 0x70, 0x74, 0x00, 0x74,
  0x01, 0x6e, 0x69, 0x76, 0x02, 0x20, 0x73, 0x69, 0x78, 0x00, 0x74, 0x01,
  0x6e, 0x69, 0x76, 0x02, 0x20, 0x74, 0x72, 0x6f, 0x69, 0x73, 0x00, 0x6e,
  0x02, 0x69, 0x65, 0x03, 0x32, 0x00, 0x6e, 0x03, 0x32, 0x39, 0x00, 0x6e,
  0x02, 0x65, 0x11, 0x43, 0x11, 0x41, 0x03, 0x32, 0x39, 0x0e, 0x00, 0x04,
  0x6e, 0x02, 0x20, 0x03, 0x43, 0x00, 0x6e, 0x02, 0x65, 0x20, 0x00, 0x6e,
  0x69, 0x01, 0x69, 0x61, 0x00, 0x6e, 0x69, 0x03, 0x43, 0x25, 0x00, 0x04,
  0x03, 0x51, 0x00, 0x01, 0x61, 0x69, 0x64, 0x02, 0x6e, 0x6f, 0x00, 0x02,
  0x11, 0x43, 0x00, 0x02, 0x20, 0x00, 0x08, 0x61, 0x02, 0x6e, 0x6f, 0x00,
  0x67, 0x00, 0x75, 0x02, 0x69, 0x00, 0x6e, 0x65, 0x72, 0x08, 0x61, 0x77,
  0x02, 0x20, 0x03, 0x51, 0x32, 0x70, 0x22, 0x00, 0x67, 0x01, 0x75, 0x73,
  0x02, 0x11, 0x47, 0x03, 0x51, 0x5a, 0x00, 0x04, 0x75, 0x69, 0x01, 0x69,
  0x61, 0x02, 0x6c, 0x03, 0x51, 0x6f, 0x25, 0x00, 0x75, 0x69, 0x01, 0x6e,
  0x69, 0x02, 0x73, 0x00, 0x04, 0x02, 0x11, 0x47, 0x03, 0x5a, 0x00, 0x65,
  0x02, 0x61, 0x00, 0x65, 0x02, 0x6f, 0x00, 0x74, 0x73, 0x08, 0x6e, 0x69,
  0x76, 0x65, 0x72, 0x74, 0x61, 0x75, 0x71, 0x02, 0x20, 0x03, 0x8f, 0x00,
  0x07, 0x06, 0x68, 0x00, 0x04, 0x03, 0x00, 0x04, 0x08, 0x02, 0x61, 0x62,
  0x69, 0x03, 0x00, 0x04, 0x08, 0x02, 0x61, 0x6c, 0x6c, 0x6f, 0x03, 0x00,
  0x04, 0x08, 0x02, 0x61, 0x6d, 0x65, 0x03, 0x00, 0x04, 0x08, 0x02, 0x61,
  0x6e, 0x64, 0x72, 0x03, 0x00, 0x04, 0x08, 0x02, 0x61, 0x72, 0x6d, 0x03,
  0x00, 0x04, 0x08, 0x02, 0x65, 0x63, 0x74, 0x03, 0x00, 0x04, 0x08, 0x02,
  0x65, 0x6c, 0x03, 0x00, 0x04, 0x08, 0x02, 0x65, 0x72, 0x62, 0x03, 0x00,
  0x04, 0x08, 0x02, 0x65, 0x75, 0x72, 0x65, 0x03, 0x00, 0x04, 0x08, 0x02,
  0x69, 0x62, 0x65, 0x72, 0x03, 0x00, 0x04, 0x08, 0x02, 0x69, 0x70, 0x70,
  0x6f, 0x03, 0x00, 0x04, 0x08, 0x02, 0x69, 0x72, 0x6f, 0x03, 0x00, 0x04,
  0x08, 0x02, 0x69, 0x73, 0x74, 0x03, 0x00, 0x04, 0x08, 0x02, 0x69, 0x76,
  0x03, 0x00, 0x04, 0x08, 0x02, 0x6f, 0x6d, 0x6d, 0x03, 0x00, 0x04, 0x08,
  0x02, 0x6f, 0x6e, 0x6e, 0x03, 0x00, 0x04, 0x08, 0x02, 0x6f, 0x72, 0x61,
  0x03, 0x00, 0x04, 0x08, 0x02, 0x6f, 0x72, 0x69, 0x70, 0x03, 0x00, 0x04,
  0x08, 0x02, 0x6f, 0x72, 0x69, 0x7a, 0x03, 0x00, 0x04, 0x08, 0x02, 0x6f,
  0x72, 0x6c, 0x6f, 0x03, 0x00, 0x04, 0x08, 0x02, 0x6f, 0x72, 0x6f, 0x03,
  0x00, 0x04, 0x08, 0x02, 0x6f, 0x72, 0x72, 0x03, 0x00, 0x04, 0x08, 0x02,
  0x6f, 0x73, 0x03, 0x00, 0x04, 0x08, 0x02, 0x75, 0x69, 0x6c, 0x03, 0x00,
  0x04, 0x08, 0x02, 0x75, 0x69, 0x73, 0x73, 0x03, 0x00, 0x04, 0x08, 0x02,
  0x75, 0x69, 0x74, 0x72, 0x03, 0x00, 0x04, 0x08, 0x02, 0x75, 0x6d, 0x11,
  0x41, 0x03, 0x00, 0x04, 0x08, 0x02, 0x75, 0x6d, 0x11, 0x43, 0x03, 0x00,
  0x04, 0x08, 0x02, 0x79, 0x03, 0x00, 0x04, 0x08, 0x02, 0xc3, 0xa9, 0x03,
  0x00, 0x08, 0x02, 0xc3, 0xb4, 0x03, 0x00, 0x04, 0x61, 0x08, 0x02, 0x11,
  0x43, 0x20, 0x03, 0x15, 0x00, 0x61, 0x6c, 0x66, 0x08, 0x00, 0x6e, 0x00,
  0x04, 0x08, 0x03, 0x17, 0x00, 0x08, 0x02, 0xc3, 0xa9, 0x72, 0x69, 0x73,
  0x00, 0x08, 0x02, 0xc3, 0xa9, 0x72, 0x6f, 0x00, 0x69, 0x08, 0x02, 0x11,
  0x41, 0x03, 0x17, 0x39, 0x00, 0x65, 0x69, 0x6d, 0x02, 0x20, 0x03, 0x23,
  0x39, 0x41, 0x00, 0x79, 0x70, 0x72, 0x61, 0x08, 0x02, 0x15, 0x0e, 0x80,
  0x84, 0x85, 0x03, 0x25, 0x30, 0x22, 0x23, 0x00, 0x04, 0x79, 0x70, 0x65,
  0x72, 0x08, 0x02, 0x15, 0x0e, 0x80, 0x84, 0x85, 0x03, 0x25, 0x30, 0x70,
  0x22, 0x00, 0x79, 0x70, 0x65, 0x72, 0x08, 0x02, 0x20, 0x00, 0x61, 0x75,
  0x73, 0x02, 0x20, 0x03, 0x27, 0x59, 0x00, 0x79, 0x08, 0x02, 0x11, 0x41,
  0x03, 0x39, 0x00, 0x07, 0x06, 0x69, 0x00, 0x04, 0x01, 0x66, 0x20, 0x6d,
  0x61, 0x72, 0x02, 0x6c, 0x65, 0x03, 0x15, 0x00, 0x02, 0x70, 0x11, 0x41,
  0x64, 0x00, 0x62, 0x75, 0x74, 0x65, 0x72, 0x02, 0x1d, 0x00, 0x65, 0x76,
  0x00, 0x66, 0x65, 0x02, 0x20, 0x00, 0x67, 0x6e, 0x02, 0x20, 0x00, 0x6c,
  0x6c, 0x01, 0x11, 0x43, 0x02, 0x79, 0x20, 0x00, 0x6c, 0x6c, 0x02, 0x20,
  0x00, 0x6e, 0x64, 0x01, 0x11, 0x43, 0x11, 0x41, 0x02, 0x65, 0x72, 0x1d,
  0x00, 0x6e, 0x64, 0x02, 0x1d, 0x00, 0x6e, 0x64, 0x08, 0x11, 0x43, 0x02,
  0x65, 0x72, 0x1d, 0x00, 0x6e, 0x67, 0x02, 0x20, 0x00, 0x72, 0x64, 0x01,
  0x11, 0x43, 0x02, 0x1d, 0x00, 0x72, 0x74, 0x01, 0x11, 0x43, 0x02, 0x20,
  0x00, 0x76, 0x65, 0x6e, 0x02, 0x20, 0x00, 0x7a, 0x65, 0x02, 0x19, 0x00,
  0x04, 0x01, 0x6c, 0x66, 0x66, 0x6f, 0x02, 0x6e, 0x65, 0x20, 0x03, 0x23,
  0x39, 0x00, 0x01, 0x6c, 0x6e, 0x6f, 0x02, 0x6e, 0x65, 0x20, 0x00, 0x01,
  0x6c, 0x74, 0x6f, 0x02, 0x6e, 0x65, 0x1d, 0x00, 0x01, 0x72, 0x64, 0x02,
  0x76, 0x65, 0x00, 0x01, 0x74, 0x67, 0x02, 0x6d, 0x00, 0x08, 0x02, 0x63,
  0x65, 0x15, 0x00, 0x04, 0x03, 0x25, 0x00, 0x01, 0x11, 0x43, 0x02, 0x65,
  0x72, 0x11, 0x41, 0x00, 0x65, 0x6e, 0x01, 0x11, 0x43, 0x02, 0x74, 0x20,
  0x00, 0x65, 0x6e, 0x01, 0x76, 0xa9, 0xc3, 0x64, 0x02, 0x74, 0x20, 0x00,
  0x6c, 0x08, 0x02, 0x6c, 0x00, 0x6e, 0x02, 0x6e, 0x00, 0x73, 0x01, 0x11,
  0x43, 0x02, 0x20, 0x00, 0x6e, 0x02, 0x68, 0x03, 0x25, 0x32, 0x00, 0x6e,
  0x74, 0x01, 0x72, 0x70, 0x02, 0x20, 0x03, 0x25, 0x32, 0x2f, 0x00, 0x6e,
  0x67, 0x02, 0x68, 0x03, 0x25, 0x32, 0x51, 0x00, 0x04, 0x6c, 0x6c, 0x01,
  0x63, 0x02, 0x69, 0x03, 0x25, 0x37, 0x00, 0x6c, 0x6c, 0x01, 0x63, 0x73,
  0x6f, 0x00, 0x6c, 0x6c, 0x01, 0x74, 0x73, 0x69, 0x64, 0x00, 0x6c, 0x6c,
  0x01, 0x75, 0x71, 0x6e, 0x61, 0x00, 0x6c, 0x6c, 0x01, 0x76, 0x02, 0x65,
  0x20, 0x00, 0x6c, 0x6c, 0x08, 0x12, 0x46, 0x00, 0x04, 0x6c, 0x6c, 0x01,
  0x11, 0x43, 0x03, 0x25, 0x39, 0x00, 0x6c, 0x6c, 0x01, 0x75, 0x67, 0x00,
  0x6c, 0x6c, 0x01, 0x75, 0x67, 0x69, 0x61, 0x00, 0x6c, 0x6c, 0x01, 0x75,
  0x71, 0x00, 0x6d, 0x02, 0x20, 0x03, 0x25, 0x41, 0x00, 0x6d, 0x6d, 0x03,
  0x25, 0x41, 0x41, 0x00, 0x6e, 0x67, 0x02, 0x73, 0x03, 0x25, 0x44, 0x00,
  0x04, 0x6c, 0x73, 0x01, 0x66, 0x20, 0x12, 0x42, 0x02, 0x20, 0x03, 0x25,
  0x59, 0x00, 0x73, 0x01, 0x72, 0x69, 0x19, 0x02, 0x20, 0x00, 0x73, 0x01,
  0x72, 0x6f, 0x62, 0x02, 0x20, 0x00, 0x73, 0x01, 0x72, 0x6f, 0x64, 0x02,
  0x20, 0x00, 0x73, 0x01, 0x72, 0x6f, 0x74, 0x02, 0x20, 0x00, 0x04, 0x65,
  0x6e, 0x01, 0x6c, 0x63, 0x02, 0x11, 0x43, 0x03, 0x25, 0x71, 0x00, 0x65,
  0x6e, 0x01, 0x72, 0x6f, 0x02, 0x74, 0x00, 0x04, 0x6c, 0x01, 0x61, 0x02,
  0x20, 0x03, 0x39, 0x00, 0x6c, 0x01, 0x65, 0x02, 0x20, 0x00, 0x6c, 0x01,
  0x75, 0x02, 0x20, 0x00, 0x6c, 0x6c, 0x01, 0x11, 0x41, 0x00, 0x04, 0x65,
  0x6e, 0x01, 0x6c, 0x6f, 0x6d, 0x02, 0x11, 0x43, 0x03, 0x39, 0x71, 0x00,
  0x65, 0x6e, 0x01, 0x6e, 0xa9, 0xc3, 0x76, 0x02, 0x11, 0x43, 0x00, 0x65,
  0x6e, 0x01, 0x70, 0x69, 0x63, 0x02, 0x11, 0x43, 0x00, 0x65, 0x6e, 0x01,
  0x74, 0x61, 0x02, 0x74, 0x20, 0x00, 0x65, 0x6e, 0x01, 0x74, 0x6f, 0x02,
  0x74, 0x20, 0x00, 0x04, 0x65, 0x6e, 0x01, 0x74, 0x02, 0x19, 0x20, 0x03,
  0x39, 0x72, 0x00, 0x65, 0x6e, 0x01, 0x76, 0x02, 0x19, 0x20, 0x00, 0x04,
  0x6d, 0x02, 0x11, 0x43, 0x03, 0x72, 0x00, 0x6e, 0x02, 0x11, 0x43, 0x00,
  0x6e, 0x02, 0x20, 0x00, 0x6e, 0x63, 0x74, 0x02, 0x20, 0x00, 0x04, 0x6e,
  0x74, 0x65, 0x72, 0x08, 0x02, 0x20, 0x03, 0x72, 0x2f, 0x06, 0x70, 0x22,
  0x00, 0x6e, 0x74, 0x65, 0x72, 0x08, 0x02, 0x6e, 0x65, 0x20, 0x00, 0x04,
  0x6e, 0x74, 0x72, 0x61, 0x08, 0x02, 0x6e, 0x65, 0x0e, 0x80, 0x84, 0x85,
  0x03, 0x72, 0x2f, 0x22, 0x23, 0x00, 0x6e, 0x74, 0x72, 0x61, 0x08, 0x02,
  0x75, 0x0e, 0x80, 0x84, 0x85, 0x00, 0x04, 0x6e, 0x74, 0x65, 0x72, 0x08,
  0x02, 0x15, 0x15, 0x0e, 0x80, 0x84, 0x85, 0x03, 0x72, 0x2f, 0x70, 0x22,
  0x00, 0x6e, 0x74, 0x65, 0x72, 0x72, 0x08, 0x02, 0x11, 0x41, 0x00, 0x6e,
  0x66, 0x72, 0x61, 0x08, 0x02, 0x73, 0x0e, 0x80, 0x84, 0x85, 0x03, 0x72,
  0x53, 0x22, 0x23, 0x00, 0x72, 0x74, 0x01, 0x6c, 0x66, 0x03, 0x75, 0x22,
  0x2f, 0x00, 0x07, 0x06, 0x6a, 0x00, 0x04, 0x08, 0x02, 0x6f, 0x62, 0x19,
  0x03, 0x4b, 0x00, 0x08, 0x02, 0x6f, 0x68, 0x19, 0x00, 0x61, 0x7a, 0x7a,
  0x08, 0x03, 0x4b, 0x23, 0x58, 0x00, 0x04, 0x03, 0x5a, 0x00, 0x27, 0x08,
  0x02, 0x0e, 0x80, 0x8c, 0x82, 0x00, 0x65, 0x02, 0x61, 0x00, 0x75, 0x73,
  0x71, 0x75, 0x27, 0x08, 0x02, 0x0e, 0x80, 0x84, 0x86, 0x03, 0x5a, 0x6f,
  0x59, 0x31, 0x00, 0x07, 0x06, 0x6b, 0x00, 0x04, 0x01, 0x11, 0x43, 0x11,
  0x41, 0x02, 0x1d, 0x03, 0x15, 0x00, 0x65, 0x02, 0x20, 0x00, 0x65, 0x02,
  0x6e, 0x1d, 0x00, 0x65, 0x02, 0x72, 0x1d, 0x00, 0x65, 0x02, 0x73, 0x20,
  0x00, 0x03, 0x31, 0x00, 0x07, 0x06, 0x6c, 0x00, 0x04, 0x01, 0x69, 0x11,
  0x43, 0x75, 0x02, 0x20, 0x03, 0x00, 0x04, 0x01, 0x69, 0x74, 0x6e, 0x02,
  0x20, 0x03, 0x00, 0x74, 0x01, 0x75, 0x61, 0x03, 0x00, 0x04, 0x01, 0x11,
  0x43, 0x0b, 0x02, 0x65, 0x1d, 0x03, 0x15, 0x00, 0x01, 0x11, 0x43, 0x11,
  0x41, 0x02, 0x1d, 0x00, 0x64, 0x01, 0x6f, 0x02, 0x20, 0x00, 0x64, 0x01,
  0x75, 0x02, 0x20, 0x00, 0x65, 0x73, 0x73, 0x02, 0x20, 0x00, 0x69, 0x6e,
  0x65, 0x08, 0x02, 0x1d, 0x00, 0x69, 0x76, 0x65, 0x08, 0x00, 0x6f, 0x75,
  0x64, 0x01, 0x15, 0x02, 0x20, 0x00, 0x04, 0x03, 0x37, 0x00, 0x01, 0x66,
  0x66, 0x02, 0x65, 0x1d, 0x00, 0x01, 0x70, 0x70, 0x02, 0x65, 0x1d, 0x00,
  0x27, 0x08, 0x02, 0x0e, 0x80, 0x84, 0x82, 0x00, 0x6c, 0x02, 0x11, 0x41,
  0x00, 0x6f, 0x72, 0x73, 0x71, 0x75, 0x27, 0x08, 0x02, 0x0e, 0x80, 0x84,
  0x87, 0x03, 0x37, 0x27, 0x22, 0x59, 0x31, 0x00, 0x04, 0x68, 0x01, 0x69,
  0x74, 0x6e, 0x03, 0x39, 0x00, 0x6c, 0x01, 0x69, 0x75, 0x00, 0x07, 0x06,
  0x6d, 0x00, 0x04, 0x02, 0x6e, 0x20, 0x03, 0x15, 0x00, 0x61, 0x69, 0x6c,
  0x01, 0x64, 0x00, 0x61, 0x69, 0x6c, 0x01, 0x65, 0x00, 0x61, 0x69, 0x6c,
  0x01, 0x67, 0x00, 0x61, 0x69, 0x6c, 0x01, 0x74, 0x00, 0x6f, 0x76, 0x02,
  0x11, 0x41, 0x1d, 0x00, 0x6f, 0x76, 0x02, 0x69, 0x65, 0x20, 0x00, 0x04,
  0x03, 0x41, 0x00, 0x27, 0x08, 0x02, 0x0e, 0x80, 0x8c, 0x82, 0x00, 0x6d,
  0x00, 0x63, 0x08, 0x02, 0x15, 0x0e, 0x80, 0x84, 0x82, 0x03, 0x41, 0x23,
  0x31, 0x00, 0x61, 0x73, 0x74, 0x65, 0x72, 0x02, 0x20, 0x0e, 0x80, 0x80,
  0x86, 0x03, 0x41, 0x23, 0x59, 0x2f, 0x75, 0x22, 0x00, 0x73, 0x08, 0x02,
  0x0e, 0x80, 0x84, 0x82, 0x03, 0x70, 0x41, 0x70, 0x59, 0x00, 0x07, 0x06,
  0x6e, 0x00, 0x04, 0x02, 0x65, 0x6d, 0x65, 0x20, 0x03, 0x15, 0x00, 0x02,
  0x65, 0x6d, 0x65, 0x73, 0x20, 0x00, 0x61, 0x6d, 0x65, 0x08, 0x00, 0x61,
  0x6d, 0x65, 0x08, 0x65, 0x72, 0x00, 0x04, 0x03, 0x32, 0x00, 0x27, 0x08,
  0x02, 0x0e, 0x80, 0x8c, 0x82, 0x00, 0x6e, 0x00, 0x67, 0x68, 0x03, 0x32,
  0x51, 0x00, 0x08, 0x02, 0x20, 0xc2, 0xb0, 0x03, 0x32, 0x6f, 0x41, 0x24,
  0x22, 0x27, 0x00, 0x65, 0x72, 0x08, 0x11, 0x43, 0x11, 0x41, 0x77, 0x02,
  0x20, 0x03, 0x32, 0x70, 0x22, 0x00, 0x65, 0x75, 0x72, 0x6f, 0x08, 0x02,
  0x15, 0x15, 0x0e, 0x80, 0x84, 0x85, 0x03, 0x32, 0x84, 0x22, 0x27, 0x00,
  0x67, 0x02, 0x20, 0x03, 0x44, 0x00, 0x76, 0x64, 0x61, 0x08, 0x02, 0x0e,
  0x80, 0x84, 0x84, 0x03, 0x70, 0x32, 0x54, 0x24, 0x48, 0x24, 0x23, 0x00,
  0x07, 0x06, 0x6f, 0x00, 0x04, 0x02, 0x6c, 0x64, 0x65, 0x72, 0x20, 0x03,
  0x15, 0x00, 0x08, 0x02, 0x72, 0x64, 0x65, 0x72, 0x20, 0x00, 0x61, 0x02,
  0x11, 0x43, 0x65, 0x72, 0x1d, 0x00, 0x61, 0x02, 0x1d, 0x00, 0x61, 0x63,
  0x68, 0x00, 0x65, 0x73, 0x00, 0x66, 0x08, 0x02, 0x1d, 0x00, 0x69, 0x6e,
  0x67, 0x01, 0x11, 0x43, 0x02, 0x20, 0x00, 0x6e, 0x01, 0x74, 0x67, 0x02,
  0x20, 0x00, 0x6e, 0x01, 0x74, 0x73, 0x11, 0x43, 0x02, 0x20, 0x00, 0x6e,
  0x65, 0x08, 0x00, 0x6f, 0x02, 0x11, 0x43, 0x65, 0x00, 0x6f, 0x02, 0x1d,
  0x00, 0x6f, 0x02, 0x6b, 0x00, 0x6f, 0x02, 0x73, 0x74, 0x00, 0x6f, 0x74,
  0x01, 0x11, 0x43, 0x00, 0x74, 0x08, 0x11, 0x43, 0x73, 0x00, 0x75, 0x64,
  0x01, 0x11, 0x43, 0x1d, 0x02, 0x1d, 0x00, 0x75, 0x64, 0x01, 0x6c, 0x02,
  0x1d, 0x00, 0x75, 0x6e, 0x02, 0x11, 0x43, 0x00, 0x76, 0x65, 0x72, 0x08,
  0x00, 0x77, 0x02, 0x1d, 0x00, 0x77, 0x02, 0x65, 0x00, 0x79, 0x08, 0x11,
  0x43, 0x02, 0x1d, 0x00, 0x75, 0x08, 0x02, 0x61, 0x74, 0x03, 0x17, 0x28,
  0x00, 0x6e, 0x08, 0x02, 0x7a, 0x03, 0x17, 0x74, 0x00, 0x65, 0x08, 0x68,
  0x70, 0x02, 0x11, 0x43, 0x03, 0x24, 0x00, 0x04, 0x01, 0x11, 0x43, 0x02,
  0x6d, 0x65, 0x20, 0x03, 0x27, 0x00, 0x02, 0x20, 0x00, 0x02, 0x65, 0x11,
  0x43, 0x00, 0x02, 0x73, 0x11, 0x41, 0x00, 0x02, 0x74, 0x20, 0x00, 0x02,
  0x7a, 0x11, 0x41, 0x00, 0x63, 0x01, 0x72, 0x62, 0x02, 0x20, 0x00, 0x63,
  0x01, 0x72, 0x63, 0x02, 0x20, 0x00, 0x69, 0x08, 0x02, 0x67, 0x6e, 0x6f,
  0x6e, 0x00, 0x6f, 0x01, 0x7a, 0x00, 0x70, 0x08, 0x6c, 0x61, 0x67, 0x02,
  0x20, 0x00, 0x70, 0x08, 0x72, 0x69, 0x73, 0x02, 0x20, 0x00, 0x73, 0x01,
  0x20, 0x73, 0x02, 0x20, 0x00, 0x73, 0x01, 0x20, 0x78, 0x02, 0x20, 0x00,
  0x73, 0x08, 0x76, 0x02, 0x67, 0x11, 0x47, 0x00, 0x73, 0x74, 0x01, 0x76,
  0x02, 0x20, 0x00, 0x04, 0x61, 0x02, 0x20, 0x03, 0x27, 0x23, 0x00, 0x61,
  0x02, 0x73, 0x20, 0x00, 0x6f, 0x01, 0x7a, 0x02, 0x11, 0x43, 0x03, 0x27,
  0x27, 0x00, 0x73, 0x73, 0x01, 0x72, 0x67, 0x03, 0x27, 0x59, 0x00, 0x04,
  0x6f, 0x01, 0x7a, 0x02, 0x6d, 0x03, 0x28, 0x00, 0x75, 0x00, 0x75, 0x65,
  0x02, 0x6d, 0x11, 0x41, 0x00, 0x75, 0x70, 0x08, 0x11, 0x43, 0x02, 0x20,
  0x00, 0xc3, 0xb9, 0x00, 0xc3, 0xbb, 0x00, 0x75, 0x02, 0x69, 0x6e, 0x03,
  0x3a, 0x00, 0x04, 0x65, 0x02, 0x6c, 0x6c, 0x11, 0x41, 0x03, 0x3a, 0x23,
  0x00, 0x69, 0x00, 0x79, 0x00, 0xc3, 0xaa, 0x02, 0x6c, 0x00, 0x79, 0x02,
  0x11, 0x41, 0x03, 0x3a, 0x23, 0x39, 0x00, 0x04, 0x69, 0x6e, 0x02, 0x11,
  0x43, 0x03, 0x3a, 0x72, 0x00, 0x69, 0x6e, 0x02, 0x20, 0x00, 0x04, 0x6d,
  0x01, 0x6e, 0x02, 0x1d, 0x03, 0x74, 0x00, 0x6d, 0x02, 0x12, 0x4c, 0x00,
  0x6e, 0x02, 0x19, 0x00, 0x6e, 0x08, 0x63, 0x02, 0x20, 0x00, 0x6e, 0x74,
  0x08, 0x6d, 0x02, 0x6d, 0x00, 0x6e, 0x74, 0x08, 0x6d, 0x02, 0x70, 0x11,
  0x41, 0x11, 0x43, 0x00, 0x6e, 0x74, 0x08, 0x6d, 0x02, 0x72, 0x11, 0x41,
  0x61, 0x6c, 0x00, 0x6e, 0x73, 0x68, 0x02, 0x11, 0x41, 0x03, 0x74, 0x58,
  0x00, 0x6e, 0x08, 0x11, 0x43, 0x02, 0x20, 0x03, 0x74, 0x86, 0x00, 0x6e,
  0x02, 0x74, 0x20, 0x03, 0x74, 0x8c, 0x00, 0x04, 0x65, 0x02, 0x69, 0x03,
  0x75, 0x00, 0x65, 0x08, 0x68, 0x70, 0x02, 0x6e, 0x20, 0x00, 0x65, 0x75,
  0x00, 0x04, 0x03, 0x7f, 0x00, 0x02, 0x11, 0x43, 0x11, 0x43, 0x00, 0x08,
  0x11, 0x43, 0x02, 0x6d, 0x65, 0x20, 0x00, 0x08, 0x79, 0x02, 0x79, 0x00,
  0x6e, 0x02, 0x6e, 0x00, 0x6f, 0x01, 0x63, 0x6c, 0x61, 0x02, 0x6c, 0x00,
  0x79, 0x08, 0x63, 0x02, 0x6f, 0x03, 0x7f, 0x25, 0x00, 0x6e, 0x68, 0x02,
  0x11, 0x41, 0x03, 0x7f, 0x32, 0x00, 0x79, 0x08, 0x62, 0x02, 0x63, 0x6f,
  0x03, 0x7f, 0x39, 0x00, 0x6d, 0x02, 0x20, 0x03, 0x7f, 0x41, 0x00, 0x73,
  0x08, 0x02, 0x20, 0x0c, 0x0c, 0x03, 0x7f, 0x59, 0x00, 0x04, 0x65, 0x08,
  0x02, 0x11, 0x43, 0x03, 0x84, 0x00, 0x65, 0x75, 0x64, 0x00, 0x65, 0x75,
  0x66, 0x73, 0x02, 0x20, 0x00, 0x65, 0x75, 0x02, 0x78, 0x03, 0x84, 0x8f,
  0x00, 0x07, 0x06, 0x70, 0x00, 0x04, 0x01, 0x61, 0x62, 0x02, 0x74, 0x03,
  0x00, 0x04, 0x01, 0x61, 0x72, 0x64, 0x02, 0x20, 0x03, 0x00, 0x04, 0x01,
  0x6c, 0x75, 0x63, 0x73, 0x02, 0x74, 0x03, 0x00, 0x04, 0x01, 0x6d, 0x61,
  0x63, 0x02, 0x20, 0x03, 0x00, 0x04, 0x01, 0x6d, 0x61, 0x68, 0x63, 0x02,
  0x20, 0x03, 0x00, 0x04, 0x01, 0x6d, 0x6f, 0x63, 0x02, 0x74, 0x03, 0x00,
  0x04, 0x02, 0x70, 0x03, 0x00, 0x04, 0x73, 0x01, 0x6d, 0x02, 0x20, 0x03,
  0x00, 0x04, 0x73, 0x01, 0x72, 0x02, 0x20, 0x03, 0x00, 0x74, 0x01, 0x11,
  0x43, 0x02, 0x20, 0x03, 0x00, 0x04, 0x61, 0x64, 0x02, 0x20, 0x03, 0x15,
  0x00, 0x6c, 0x75, 0x67, 0x00, 0x72, 0x69, 0x6e, 0x74, 0x65, 0x72, 0x02,
  0x20, 0x00, 0x04, 0x74, 0x01, 0x65, 0x73, 0x02, 0x20, 0x03, 0x2f, 0x00,
  0x74, 0x01, 0x65, 0x73, 0x02, 0x69, 0xc3, 0xa8, 0x00, 0x03, 0x30, 0x00,
  0x61, 0x72, 0x61, 0x08, 0x02, 0x70, 0x11, 0x43, 0x0e, 0x80, 0x84, 0x84,
  0x03, 0x30, 0x23, 0x22, 0x23, 0x00, 0x6f, 0x6c, 0x79, 0x08, 0x02, 0x15,
  0x0e, 0x80, 0x84, 0x84, 0x03, 0x30, 0x27, 0x37, 0x25, 0x00, 0x04, 0x6f,
  0x73, 0x74, 0x08, 0x02, 0x11, 0x41, 0x11, 0x43, 0x11, 0x43, 0x0e, 0x80,
  0x84, 0x84, 0x03, 0x30, 0x27, 0x59, 0x2f, 0x00, 0x6f, 0x73, 0x74, 0x08,
  0x02, 0x11, 0x43, 0x0e, 0x80, 0x84, 0x84, 0x00, 0x73, 0x79, 0x63, 0x68,
  0x08, 0x02, 0x15, 0x0e, 0x80, 0x84, 0x85, 0x03, 0x30, 0x59, 0x25, 0x31,
  0x00, 0x04, 0x73, 0x79, 0x63, 0x68, 0x08, 0x02, 0x11, 0x41, 0x11, 0x41,
  0x20, 0x0e, 0x80, 0x84, 0x85, 0x03, 0x30, 0x59, 0x25, 0x5b, 0x00, 0x73,
  0x79, 0x63, 0x68, 0x08, 0x02, 0x69, 0x11, 0x43, 0x0e, 0x80, 0x84, 0x85,
  0x00, 0x73, 0x65, 0x75, 0x64, 0x6f, 0x08, 0x02, 0x15, 0x0e, 0x80, 0x84,
  0x86, 0x03, 0x30, 0x59, 0x84, 0x48, 0x27, 0x00, 0x75, 0x69, 0x73, 0x71,
  0x75, 0x27, 0x08, 0x02, 0x0e, 0x80, 0x84, 0x87, 0x03, 0x30, 0x6f, 0x25,
  0x59, 0x31, 0x00, 0x61, 0x79, 0x73, 0x03, 0x30, 0x70, 0x25, 0x8f, 0x00,
  0x68, 0x03, 0x53, 0x00, 0x68, 0x6f, 0x74, 0x6f, 0x08, 0x02, 0x15, 0x0e,
  0x80, 0x84, 0x85, 0x03, 0x53, 0x27, 0x2f, 0x27, 0x00, 0x07, 0x06, 0x71,
  0x00, 0x04, 0x01, 0x6e, 0x02, 0x20, 0x63, 0x65, 0x6e, 0x74, 0x20, 0x03,
  0x00, 0x01, 0x6e, 0x02, 0x20, 0x6d, 0x69, 0x6c, 0x6c, 0x03, 0x00, 0x75,
  0x69, 0x63, 0x6b, 0x03, 0x15, 0x00, 0x04, 0x03, 0x31, 0x00, 0x01, 0x6e,
  0x02, 0x20, 0x00, 0x75, 0x00, 0x75, 0x27, 0x08, 0x02, 0x11, 0x41, 0x0e,
  0x80, 0x84, 0x83, 0x00, 0x75, 0x65, 0x08, 0x02, 0x20, 0x03, 0x31, 0x0d,
  0x00, 0x75, 0x61, 0x08, 0x02, 0x64, 0x72, 0x69, 0x6c, 0x6c, 0x03, 0x31,
  0x23, 0x00, 0x75, 0x08, 0x61, 0x02, 0x69, 0x66, 0x03, 0x31, 0x28, 0x00,
  0x04, 0x75, 0x61, 0x01, 0xa9, 0xc3, 0x64, 0x03, 0x31, 0x3a, 0x23, 0x00,
  0x75, 0x61, 0x08, 0x02, 0x64, 0x00, 0x75, 0x61, 0x08, 0x02, 0x72, 0x74,
  0x7a, 0x00, 0x75, 0x61, 0x08, 0x02, 0x74, 0x11, 0x41, 0x00, 0x75, 0x61,
  0x08, 0x11, 0x41, 0x00, 0x75, 0x61, 0x08, 0x11, 0x43, 0x00, 0x75, 0x61,
  0x08, 0x61, 0x00, 0x75, 0x61, 0x6e, 0x08, 0x02, 0x74, 0x11, 0x41, 0x03,
  0x31, 0x3a, 0x71, 0x00, 0x04, 0x75, 0x69, 0x08, 0x11, 0x41, 0x02, 0x64,
  0x69, 0x73, 0x74, 0x03, 0x31, 0x6f, 0x25, 0x00, 0x75, 0x69, 0x08, 0x11,
  0x41, 0x02, 0x6c, 0x61, 0x74, 0x00, 0x07, 0x06, 0x72, 0x00, 0x04, 0x02,
  0x11, 0x43, 0x79, 0x20, 0x03, 0x15, 0x00, 0x65, 0x61, 0x6c, 0x08, 0x00,
  0x73, 0x74, 0x02, 0x20, 0x00, 0x75, 0x6c, 0x65, 0x08, 0x00, 0x04, 0x03,
  0x22, 0x00, 0x72, 0x00, 0x72, 0x01, 0x75, 0x6f, 0x63, 0x02, 0x69, 0x00,
  0x72, 0x01, 0x75, 0x6f, 0x63, 0x02, 0x6f, 0x00, 0x04, 0x72, 0x01, 0x75,
  0x6f, 0x63, 0x03, 0x22, 0x22, 0x00, 0x72, 0x01, 0x75, 0x6f, 0x6d, 0x00,
  0x72, 0x08, 0x75, 0x73, 0x00, 0x61, 0x64, 0x69, 0x6f, 0x08, 0x02, 0x15,
  0x0e, 0x80, 0x84, 0x85, 0x03, 0x22, 0x23, 0x48, 0x25, 0x27, 0x00, 0x07,
  0x06, 0x73, 0x00, 0x04, 0x01, 0x75, 0x11, 0x43, 0x02, 0x20, 0x03, 0x00,
  0x04, 0x01, 0x75, 0x63, 0x6f, 0x64, 0x02, 0x20, 0x03, 0x00, 0x04, 0x01,
  0x75, 0x63, 0xa9, 0xc3, 0x02, 0x20, 0x03, 0x00, 0x04, 0x01, 0x75, 0x67,
  0x69, 0x02, 0x20, 0x03, 0x00, 0x04, 0x01, 0x75, 0x6d, 0xa9, 0xc3, 0x02,
  0x20, 0x03, 0x00, 0x04, 0x01, 0x75, 0x6e, 0x65, 0x02, 0x20, 0x03, 0x00,
  0x04, 0x01, 0x75, 0x72, 0x61, 0x02, 0x20, 0x03, 0x00, 0x04, 0x01, 0x75,
  0x72, 0x75, 0x6f, 0x02, 0x20, 0x03, 0x00, 0x04, 0x01, 0x75, 0x74, 0x69,
  0x61, 0x02, 0x20, 0x03, 0x00, 0x04, 0x08, 0x75, 0x62, 0x11, 0x41, 0x02,
  0x20, 0x03, 0x00, 0x04, 0x08, 0x75, 0x6d, 0x02, 0x20, 0x03, 0x00, 0x04,
  0x08, 0x75, 0x6f, 0x74, 0x02, 0x20, 0x11, 0x43, 0x65, 0x73, 0x20, 0x03,
  0x00, 0x04, 0x08, 0x75, 0x6f, 0x74, 0x02, 0x20, 0x11, 0x43, 0x6f, 0x73,
  0x20, 0x03, 0x00, 0x08, 0x75, 0x6f, 0x74, 0x02, 0x20, 0x6c, 0x65, 0x75,
  0x72, 0x73, 0x20, 0x03, 0x00, 0x04, 0x08, 0x11, 0x41, 0x02, 0x20, 0x03,
  0x15, 0x00, 0x65, 0x6e, 0x64, 0x02, 0x20, 0x00, 0x65, 0x72, 0x76, 0x65,
  0x72, 0x08, 0x02, 0x1d, 0x00, 0x68, 0x02, 0x11, 0x41, 0x70, 0x00, 0x68,
  0x02, 0x11, 0x41, 0x74, 0x00, 0x68, 0x02, 0x20, 0x00, 0x69, 0x64, 0x65,
  0x01, 0x12, 0x4f, 0x02, 0x1d, 0x0c, 0x0c, 0x0c, 0x00, 0x69, 0x64, 0x65,
  0x08, 0x02, 0x1d, 0x0c, 0x0c, 0x0c, 0x00, 0x6b, 0x79, 0x08, 0x00, 0x6d,
  0x69, 0x6c, 0x08, 0x00, 0x6f, 0x6e, 0x01, 0x12, 0x4e, 0x02, 0x20, 0x00,
  0x70, 0x79, 0x00, 0x74, 0x6f, 0x6e, 0x01, 0x12, 0x4e, 0x02, 0x20, 0x00,
  0x74, 0x6f, 0x6e, 0x65, 0x02, 0x20, 0x00, 0x04, 0x01, 0x11, 0x41, 0x02,
  0x11, 0x41, 0x03, 0x58, 0x00, 0x01, 0x62, 0x75, 0x02, 0x69, 0x73, 0x00,
  0x01, 0x6e, 0x61, 0x72, 0x74, 0x02, 0x11, 0x41, 0x00, 0x02, 0x62, 0x00,
  0x02, 0x64, 0x00, 0x02, 0x67, 0x00, 0x02, 0x6a, 0x00, 0x02, 0x76, 0x00,
  0x08, 0x6c, 0x61, 0x02, 0x61, 0x63, 0x00, 0x68, 0x01, 0xa9, 0xc3, 0x64,
  0x02, 0x11, 0x41, 0x00, 0x04, 0x03, 0x59, 0x00, 0x01, 0x11, 0x41, 0x02,
  0x6f, 0x66, 0x74, 0x00, 0x01, 0x11, 0x41, 0x02, 0x6f, 0x6c, 0x20, 0x00,
  0x01, 0x61, 0x6b, 0x61, 0x02, 0x20, 0x00, 0x01, 0x61, 0x73, 0x6e, 0x61,
  0x6b, 0x02, 0x20, 0x00, 0x01, 0x69, 0x61, 0x02, 0x65, 0x6d, 0x00, 0x01,
  0x6e, 0x61, 0x72, 0x74, 0x02, 0x65, 0x00, 0x01, 0x6e, 0x61, 0x72, 0x74,
  0x02, 0x75, 0x62, 0x00, 0x01, 0x6f, 0x72, 0x74, 0x61, 0x62, 0x02, 0x20,
  0x00, 0x01, 0x6f, 0x72, 0xa9, 0xc3, 0x63, 0x6f, 0x02, 0x20, 0x00, 0x01,
  0x75, 0x62, 0x11, 0x41, 0x02, 0x20, 0x00, 0x01, 0x75, 0x62, 0x6d, 0x02,
  0x20, 0x00, 0x01, 0x75, 0x63, 0x11, 0x41, 0x02, 0x20, 0x00, 0x01, 0x75,
  0x64, 0x6f, 0x02, 0x20, 0x00, 0x01, 0x75, 0x67, 0x02, 0x20, 0x00, 0x01,
  0x75, 0x69, 0x02, 0x20, 0x00, 0x01, 0x75, 0x6c, 0x75, 0x11, 0x43, 0x02,
  0x20, 0x00, 0x01, 0x75, 0x6c, 0x79, 0x02, 0x20, 0x00, 0x01, 0x75, 0x6d,
  0x02, 0x20, 0x00, 0x01, 0x75, 0x6e, 0x11, 0x41, 0x02, 0x20, 0x00, 0x01,
  0x75, 0x70, 0x6f, 0x02, 0x20, 0x00, 0x01, 0x75, 0x72, 0x11, 0x41, 0x02,
  0x20, 0x00, 0x01, 0x75, 0x73, 0x61, 0x02, 0x20, 0x00, 0x01, 0x75, 0x73,
  0x70, 0x02, 0x20, 0x00, 0x01, 0x75, 0x73, 0x73, 0x65, 0x63, 0x02, 0x20,
  0x00, 0x01, 0x75, 0x74, 0x61, 0x02, 0x20, 0x00, 0x01, 0x75, 0x74, 0x63,
  0x02, 0x20, 0x00, 0x01, 0x75, 0x74, 0x65, 0x02, 0x20, 0x00, 0x01, 0x75,
  0x74, 0x69, 0x02, 0x20, 0x00, 0x01, 0x75, 0x74, 0x6c, 0x02, 0x20, 0x00,
  0x01, 0x75, 0x74, 0x6f, 0x02, 0x20, 0x00, 0x01, 0x75, 0x74, 0x75, 0x11,
  0x43, 0x02, 0x20, 0x00, 0x01, 0x75, 0xaf, 0xc3, 0x02, 0x20, 0x00, 0x01,
  0xa8, 0xc3, 0x11, 0x43, 0x61, 0x02, 0x20, 0x00, 0x01, 0xa8, 0xc3, 0x6e,
  0x02, 0x20, 0x00, 0x08, 0x75, 0x02, 0x20, 0x00, 0x08, 0x75, 0x6f, 0x74,
  0x02, 0x20, 0x00, 0x08, 0x75, 0x6f, 0x74, 0x02, 0x20, 0x64, 0x65, 0x73,
  0x20, 0x00, 0x08, 0x75, 0x70, 0x11, 0x43, 0x11, 0x41, 0x63, 0x02, 0x20,
  0x00, 0x27, 0x08, 0x02, 0x0e, 0x80, 0x8c, 0x82, 0x00, 0x27, 0x08, 0x02,
  0x65, 0x73, 0x1d, 0x0e, 0x80, 0x8c, 0x82, 0x00, 0x73, 0x00, 0xc3, 0xa7,
  0x00, 0x63, 0x69, 0x65, 0x6e, 0x02, 0x74, 0x03, 0x59, 0x25, 0x71, 0x00,
  0x6f, 0x63, 0x69, 0x6f, 0x08, 0x02, 0x15, 0x0e, 0x80, 0x84, 0x85, 0x03,
  0x59, 0x27, 0x59, 0x25, 0x27, 0x00, 0x04, 0x63, 0x68, 0x02, 0x69, 0x65,
  0x03, 0x59, 0x31, 0x00, 0x63, 0x68, 0x02, 0x69, 0x7a, 0x00, 0x63, 0x68,
  0x02, 0x6f, 0x6c, 0x00, 0x63, 0x68, 0x02, 0x6f, 0x6f, 0x00, 0x75, 0x70,
  0x72, 0x61, 0x08, 0x02, 0x15, 0x0e, 0x80, 0x84, 0x85, 0x03, 0x59, 0x6f,
  0x30, 0x22, 0x23, 0x00, 0x04, 0x75, 0x70, 0x65, 0x72, 0x08, 0x02, 0x15,
  0x15, 0x0e, 0x80, 0x84, 0x85, 0x03, 0x59, 0x6f, 0x30, 0x70, 0x22, 0x00,
  0x75, 0x70, 0x65, 0x72, 0x08, 0x02, 0x20, 0x00, 0x04, 0x63, 0x68, 0x03,
  0x5b, 0x00, 0x68, 0x00, 0x63, 0x68, 0x75, 0x03, 0x5b, 0x28, 0x00, 0x74,
  0x65, 0x69, 0x6e, 0x02, 0x20, 0x03, 0x5b, 0x2f, 0x23, 0x39, 0x32, 0x00,
  0x71, 0x6c, 0x02, 0x20, 0x0e, 0x80, 0x80, 0x83, 0x03, 0x70, 0x59, 0x31,
  0x6f, 0x70, 0x37, 0x00, 0x04, 0x01, 0x75, 0x6c, 0x70, 0x02, 0x20, 0x03,
  0x8f, 0x00, 0x02, 0x20, 0x0e, 0x80, 0x80, 0x81, 0x00, 0x07, 0x06, 0x74,
  0x00, 0x04, 0x01, 0x6c, 0x75, 0x61, 0x02, 0x20, 0x03, 0x00, 0x04, 0x01,
  0x6e, 0x02, 0x20, 0x03, 0x00, 0x04, 0x01, 0x72, 0x02, 0x20, 0x03, 0x00,
  0x04, 0x02, 0x20, 0x03, 0x00, 0x68, 0x01, 0x73, 0x02, 0x6d, 0x03, 0x00,
  0x04, 0x01, 0x69, 0x02, 0x75, 0x6e, 0x65, 0x1d, 0x03, 0x15, 0x00, 0x01,
  0x72, 0x61, 0x11, 0x43, 0x73, 0x02, 0x20, 0x00, 0x01, 0x72, 0x61, 0x11,
  0x43, 0x73, 0x02, 0x65, 0x72, 0x20, 0x00, 0x68, 0x02, 0x11, 0x41, 0x00,
  0x68, 0x02, 0x19, 0x00, 0x69, 0x6d, 0x65, 0x08, 0x00, 0x6c, 0x65, 0x02,
  0x20, 0x00, 0x6f, 0x6e, 0x01, 0x67, 0x02, 0x20, 0x00, 0x6f, 0x6f, 0x00,
  0x72, 0x79, 0x02, 0x20, 0x00, 0x74, 0x6c, 0x00, 0x75, 0x6e, 0x08, 0x02,
  0x11, 0x41, 0x1d, 0x00, 0x04, 0x03, 0x2f, 0x00, 0x01, 0x11, 0x43, 0x02,
  0x20, 0x00, 0x01, 0x1a, 0x02, 0x69, 0x6f, 0x6e, 0x00, 0x01, 0x63, 0x65,
  0x1a, 0x02, 0x69, 0x6f, 0x6e, 0x00, 0x01, 0x65, 0x11, 0x43, 0x02, 0x69,
  0x6f, 0x6e, 0x73, 0x00, 0x01, 0x65, 0x68, 0x63, 0x61, 0x02, 0x69, 0x6f,
  0x6e, 0x00, 0x01, 0x69, 0x11, 0x43, 0xa9, 0xc3, 0x02, 0x69, 0x6f, 0x6e,
  0x73, 0x00, 0x01, 0x69, 0x61, 0x02, 0x69, 0x6f, 0x6e, 0x00, 0x01, 0x69,
  0x62, 0x61, 0x68, 0x02, 0x69, 0x6f, 0x6e, 0x73, 0x00, 0x01, 0x69, 0x63,
  0x02, 0x69, 0x6f, 0x6e, 0x73, 0x00, 0x01, 0x69, 0x6b, 0x02, 0x20, 0x00,
  0x01, 0x69, 0x6d, 0x69, 0x02, 0x69, 0x6f, 0x6e, 0x73, 0x00, 0x01, 0x69,
  0x6e, 0x61, 0x72, 0x67, 0x02, 0x20, 0x00, 0x01, 0x69, 0x6f, 0x02, 0x69,
  0x6f, 0x6e, 0x00, 0x01, 0x69, 0x73, 0x69, 0x11, 0x43, 0x02, 0x69, 0x6f,
  0x6e, 0x00, 0x01, 0x6e, 0x61, 0x02, 0x69, 0x61, 0x00, 0x01, 0x6e, 0x61,
  0x68, 0x63, 0x02, 0x69, 0x6f, 0x6e, 0x00, 0x01, 0x6e, 0x65, 0x73, 0x02,
  0x69, 0x6f, 0x6e, 0x20, 0x00, 0x01, 0x70, 0x65, 0x1a, 0x02, 0x69, 0x6f,
  0x6e, 0x00, 0x01, 0x70, 0x6d, 0x6f, 0x63, 0x02, 0x69, 0x6f, 0x6e, 0x73,
  0x00, 0x01, 0x72, 0x6f, 0x70, 0x11, 0x41, 0x02, 0x69, 0x6f, 0x6e, 0x00,
  0x01, 0x72, 0x6f, 0x70, 0x11, 0x43, 0x02, 0x69, 0x6f, 0x6e, 0x00, 0x01,
  0x72, 0x6f, 0x73, 0x02, 0x69, 0x6f, 0x6e, 0x00, 0x01, 0x73, 0x02, 0x69,
  0x6f, 0x6e, 0x00, 0x01, 0x74, 0x02, 0x69, 0x6f, 0x6e, 0x00, 0x01, 0x75,
  0x11, 0x41, 0x1a, 0x02, 0x69, 0x6f, 0x6e, 0x00, 0x01, 0xa9, 0xc3, 0x1a,
  0x02, 0x69, 0x6f, 0x6e, 0x00, 0x01, 0xaa, 0xc3, 0x72, 0x02, 0x69, 0x6f,
  0x6e, 0x00, 0x08, 0x00, 0x08, 0x11, 0x41, 0x73, 0x6e, 0x61, 0x72, 0x74,
  0x02, 0x20, 0x00, 0x08, 0x61, 0x74, 0x02, 0x69, 0x6f, 0x6e, 0x00, 0x08,
  0x65, 0x63, 0x02, 0x20, 0x00, 0x27, 0x08, 0x02, 0x0e, 0x80, 0x8c, 0x82,
  0x00, 0x68, 0x00, 0x68, 0x01, 0x72, 0x6f, 0x02, 0x0c, 0x0c, 0x00, 0x68,
  0x02, 0x11, 0x41, 0x72, 0x11, 0x41, 0x0c, 0x0c, 0x00, 0x68, 0x02, 0x12,
  0x4d, 0x0c, 0x0c, 0x00, 0x68, 0x02, 0x6f, 0x11, 0x43, 0x11, 0x41, 0x00,
  0x68, 0x08, 0x02, 0x65, 0x72, 0x6d, 0x00, 0x74, 0x00, 0x08, 0x02, 0x20,
  0x03, 0x2f, 0x24, 0x00, 0x04, 0x65, 0x6c, 0x65, 0x08, 0x03, 0x2f, 0x24,
  0x37, 0x24, 0x00, 0xc3, 0xa9, 0x6c, 0xc3, 0xa9, 0x08, 0x02, 0x15, 0x0e,
  0x80, 0x84, 0x84, 0x00, 0x68, 0x65, 0x72, 0x6d, 0x6f, 0x08, 0x02, 0x15,
  0x0e, 0x80, 0x84, 0x86, 0x03, 0x2f, 0x70, 0x22, 0x41, 0x27, 0x00, 0x04,
  0x01, 0x11, 0x43, 0x02, 0x69, 0x65, 0x75, 0x03, 0x59, 0x00, 0x01, 0x61,
  0x02, 0x69, 0x61, 0x00, 0x01, 0x61, 0x02, 0x69, 0x65, 0x6e, 0x00, 0x01,
  0x61, 0x6d, 0x11, 0x41, 0x02, 0x69, 0x65, 0x1d, 0x00, 0x01, 0x61, 0x72,
  0x63, 0x02, 0x69, 0x65, 0x1d, 0x00, 0x01, 0x63, 0x6e, 0x11, 0x41, 0x11,
  0x43, 0x02, 0x69, 0x6f, 0x6e, 0x00, 0x01, 0x69, 0x02, 0x69, 0x65, 0x6e,
  0x00, 0x01, 0x69, 0x6e, 0x69, 0x02, 0x69, 0x11, 0x41, 0x00, 0x01, 0x69,
  0x73, 0x02, 0x69, 0x6f, 0x6e, 0x00, 0x01, 0x69, 0x74, 0xa9, 0xc3, 0x02,
  0x69, 0x6f, 0x6e, 0x00, 0x01, 0x6e, 0x61, 0x02, 0x69, 0x61, 0x74, 0x00,
  0x01, 0x6e, 0x65, 0x02, 0x69, 0x61, 0x00, 0x01, 0x6f, 0x02, 0x69, 0x65,
  0x6e, 0x00, 0x01, 0x70, 0x02, 0x69, 0x61, 0x00, 0x01, 0x72, 0x02, 0x69,
  0x61, 0x00, 0x01, 0x72, 0x61, 0x6d, 0x02, 0x69, 0x65, 0x6e, 0x00, 0x01,
  0x72, 0x65, 0x6e, 0x02, 0x69, 0x65, 0x00, 0x01, 0x72, 0x6f, 0x70, 0x6f,
  0x02, 0x69, 0x6f, 0x6e, 0x00, 0x01, 0x75, 0x62, 0x6c, 0x02, 0x69, 0x11,
  0x41, 0x00, 0x01, 0x75, 0x6c, 0x02, 0x69, 0x6f, 0x6e, 0x00, 0x01, 0x75,
  0x6e, 0x02, 0x69, 0x65, 0x1d, 0x00, 0x01, 0xa9, 0xc3, 0x6d, 0x61, 0x02,
  0x69, 0x65, 0x1d, 0x00, 0x01, 0xa9, 0xc3, 0x70, 0x69, 0x02, 0x69, 0x65,
  0x1d, 0x00, 0x02, 0x69, 0x11, 0x41, 0x6d, 0x00, 0x02, 0x69, 0x65, 0x6c,
  0x00, 0x02, 0x69, 0x65, 0x75, 0x00, 0x02, 0x69, 0x6f, 0x20, 0x00, 0x02,
  0x69, 0x6f, 0x6e, 0x00, 0x04, 0x69, 0x65, 0x6e, 0x01, 0x69, 0x6e, 0x02,
  0x74, 0x20, 0x03, 0x59, 0x25, 0x00, 0x69, 0x65, 0x6e, 0x01, 0x75, 0x62,
  0x02, 0x74, 0x20, 0x00, 0x04, 0x01, 0x11, 0x41, 0x02, 0x2d, 0x03, 0x8c,
  0x00, 0x01, 0x2d, 0x02, 0x2d, 0x00, 0x01, 0x69, 0x11, 0x43, 0x1a, 0x02,
  0x20, 0x00, 0x01, 0x69, 0x74, 0x65, 0x70, 0x02, 0x20, 0x00, 0x01, 0x6e,
  0x1a, 0x02, 0x20, 0x00, 0x01, 0x69, 0x75, 0x68, 0x02, 0x20, 0x03, 0x8d,
  0x00, 0x73, 0x02, 0x20, 0x0e, 0x80, 0x80, 0x81, 0x03, 0x8f, 0x00, 0x07,
  0x06, 0x75, 0x00, 0x01, 0x67, 0x02, 0x11, 0x41, 0x03, 0x00, 0x04, 0x01,
  0x72, 0x02, 0x6e, 0x1d, 0x03, 0x15, 0x00, 0x61, 0x6c, 0x01, 0x12, 0x44,
  0x02, 0x20, 0x00, 0x63, 0x68, 0x02, 0x20, 0x00, 0x69, 0x01, 0x11, 0x43,
  0x02, 0x63, 0x65, 0x00, 0x6c, 0x74, 0x01, 0x11, 0x43, 0x02, 0x20, 0x00,
  0x6d, 0x62, 0x65, 0x72, 0x02, 0x20, 0x00, 0x6d, 0x70, 0x02, 0x20, 0x00,
  0x6e, 0x08, 0x11, 0x43, 0x02, 0x20, 0x00, 0x6e, 0x08, 0x11, 0x43, 0x02,
  0x6e, 0x79, 0x00, 0x6e, 0x63, 0x68, 0x00, 0x6e, 0x64, 0x65, 0x72, 0x00,
  0x70, 0x02, 0x20, 0x00, 0x70, 0x08, 0x02, 0x11, 0x43, 0x00, 0x72, 0x6e,
  0x02, 0x1d, 0x00, 0x73, 0x69, 0x08, 0x62, 0x00, 0x73, 0x74, 0x02, 0x20,
  0x00, 0x7a, 0x7a, 0x00, 0x04, 0x01, 0x67, 0x02, 0x61, 0x79, 0x03, 0x28,
  0x00, 0x01, 0x6b, 0xaf, 0xc3, 0x61, 0x68, 0x02, 0x1d, 0x00, 0x01, 0x70,
  0x02, 0x74, 0x73, 0x63, 0x68, 0x00, 0x63, 0x63, 0x69, 0x01, 0x11, 0x43,
  0x03, 0x28, 0x4c, 0x25, 0x00, 0x04, 0x61, 0x01, 0x67, 0x02, 0x6c, 0x20,
  0x03, 0x3a, 0x23, 0x00, 0x61, 0x01, 0x67, 0x61, 0x02, 0x1d, 0x00, 0x61,
  0x01, 0x67, 0x69, 0x74, 0x11, 0x43, 0x02, 0x20, 0x00, 0x61, 0x08, 0x67,
  0x00, 0x04, 0x03, 0x6f, 0x00, 0x01, 0x67, 0x02, 0xc3, 0xab, 0x00, 0x01,
  0x67, 0x02, 0xc3, 0xaf, 0x00, 0x6c, 0x08, 0x63, 0x02, 0x20, 0x00, 0x6e,
  0x02, 0x6e, 0x00, 0x78, 0x01, 0x6c, 0x66, 0x02, 0x20, 0x00, 0x69, 0x03,
  0x6f, 0x25, 0x00, 0x79, 0x02, 0x11, 0x41, 0x03, 0x6f, 0x25, 0x39, 0x00,
  0x6c, 0x74, 0x72, 0x61, 0x08, 0x02, 0x0e, 0x80, 0x84, 0x85, 0x03, 0x6f,
  0x37, 0x2f, 0x22, 0x23, 0x00, 0x69, 0x6e, 0x02, 0x19, 0x03, 0x6f, 0x72,
  0x00, 0x04, 0x6d, 0x01, 0x66, 0x02, 0x20, 0x03, 0x73, 0x00, 0x6d, 0x02,
  0x12, 0x4c, 0x00, 0x6e, 0x01, 0x11, 0x43, 0x11, 0x43, 0x02, 0x20, 0x00,
  0x6e, 0x02, 0x11, 0x43, 0x00, 0x6e, 0x08, 0x68, 0x02, 0x20, 0x00, 0x6e,
  0x74, 0x01, 0x72, 0x70, 0x02, 0x20, 0x00, 0x04, 0x6e, 0x01, 0x63, 0x75,
  0x02, 0x20, 0x03, 0x73, 0x86, 0x00, 0x6e, 0x02, 0x20, 0x00, 0x04, 0x01,
  0x11, 0x43, 0x02, 0x62, 0x1d, 0x03, 0x75, 0x00, 0x01, 0x11, 0x43, 0x02,
  0x67, 0x1d, 0x00, 0x08, 0x11, 0x43, 0x02, 0x72, 0x66, 0x1d, 0x00, 0x08,
  0x6c, 0x62, 0x02, 0x66, 0x66, 0x00, 0x08, 0x6e, 0x02, 0x72, 0x73, 0x65,
  0x00, 0x08, 0x73, 0x02, 0x72, 0x66, 0x65, 0x1d, 0x00, 0x65, 0x02, 0x69,
  0x6c, 0x00, 0x7a, 0x02, 0x7a, 0x00, 0x6d, 0x02, 0x20, 0x03, 0x7f, 0x41,
  0x00, 0x07, 0x06, 0x76, 0x00, 0x04, 0x6f, 0x69, 0x63, 0x65, 0x02, 0x1d,
  0x03, 0x15, 0x00, 0x6f, 0x69, 0x64, 0x02, 0x20, 0x00, 0x79, 0x02, 0x20,
  0x00, 0x03, 0x54, 0x00, 0x69, 0x65, 0x77, 0x02, 0x1d, 0x03, 0x54, 0x39,
  0x28, 0x00, 0x69, 0x65, 0x77, 0x08, 0x02, 0x11, 0x41, 0x03, 0x54, 0x39,
  0x28, 0x54, 0x00, 0x65, 0x72, 0x73, 0x02, 0x20, 0x03, 0x54, 0x70, 0x22,
  0x8f, 0x00, 0x65, 0x72, 0x01, 0x69, 0x72, 0x64, 0x02, 0x1d, 0x03, 0x54,
  0x75, 0x22, 0x00, 0x07, 0x06, 0x77, 0x00, 0x04, 0x08, 0x02, 0x11, 0x41,
  0x11, 0x43, 0x03, 0x15, 0x00, 0x08, 0x02, 0x11, 0x41, 0x69, 0x00, 0x61,
  0x72, 0x00, 0x61, 0x76, 0x00, 0x61, 0x79, 0x00, 0x65, 0x08, 0x00, 0x68,
  0x00, 0x6e, 0x01, 0x11, 0x41, 0x00, 0x6f, 0x72, 0x00, 0x72, 0x00, 0x08,
  0x02, 0x11, 0x41, 0x03, 0x17, 0x3a, 0x00, 0x04, 0x03, 0x3a, 0x00, 0x08,
  0x02, 0x11, 0x41, 0x11, 0x43, 0x6f, 0x00, 0x08, 0x02, 0x11, 0x41, 0x74,
  0x74, 0x00, 0x08, 0x02, 0x69, 0x6e, 0x61, 0x00, 0x02, 0x61, 0x67, 0x0c,
  0x0c, 0x03, 0x54, 0x00, 0x07, 0x06, 0x78, 0x00, 0x04, 0x01, 0x69, 0x61,
  0x02, 0x20, 0x03, 0x00, 0x04, 0x01, 0x69, 0x6f, 0x02, 0x20, 0x03, 0x00,
  0x04, 0x01, 0x69, 0x72, 0x02, 0x20, 0x03, 0x00, 0x08, 0x75, 0x61, 0x02,
  0x71, 0x75, 0x65, 0x6c, 0x03, 0x00, 0x6d, 0x6c, 0x02, 0x20, 0x0e, 0x80,
  0x80, 0x83, 0x03, 0x17, 0x25, 0x31, 0x59, 0x70, 0x41, 0x70, 0x37, 0x00,
  0x08, 0x02, 0x11, 0x43, 0x0e, 0x80, 0x84, 0x81, 0x03, 0x25, 0x31, 0x59,
  0x00, 0x04, 0x03, 0x31, 0x59, 0x00, 0x01, 0x65, 0x12, 0x44, 0x02, 0x11,
  0x41, 0x00, 0x78, 0x00, 0x04, 0x01, 0x65, 0x02, 0x11, 0x41, 0x03, 0x51,
  0x58, 0x00, 0x08, 0x02, 0x11, 0x41, 0x00, 0x08, 0x65, 0x02, 0x68, 0x00,
  0x08, 0x65, 0x6e, 0x69, 0x02, 0x11, 0x41, 0x00, 0x04, 0x01, 0x69, 0x64,
  0x02, 0x69, 0xc3, 0xa8, 0x03, 0x58, 0x00, 0x01, 0x69, 0x73, 0x02, 0x69,
  0xc3, 0xa8, 0x00, 0x01, 0x75, 0x65, 0x64, 0x02, 0x69, 0xc3, 0xa8, 0x00,
  0x08, 0x69, 0x64, 0x02, 0x20, 0x6e, 0x65, 0x75, 0x66, 0x00, 0x04, 0x08,
  0x69, 0x6f, 0x73, 0x02, 0x11, 0x41, 0x03, 0x59, 0x00, 0x08, 0x69, 0x73,
  0x02, 0x20, 0x6e, 0x65, 0x75, 0x00, 0x01, 0x75, 0x11, 0x41, 0x02, 0x20,
  0x03, 0x8f, 0x00, 0x04, 0x08, 0x69, 0x64, 0x02, 0x20, 0x03, 0x90, 0x00,
  0x08, 0x69, 0x73, 0x02, 0x20, 0x00, 0x07, 0x06, 0x79, 0x00, 0x04, 0x01,
  0x11, 0x43, 0x02, 0x65, 0x20, 0x03, 0x15, 0x00, 0x01, 0x11, 0x43, 0x0b,
  0x02, 0x20, 0x00, 0x01, 0x11, 0x43, 0x11, 0x41, 0x02, 0x20, 0x00, 0x01,
  0x11, 0x43, 0x65, 0x11, 0x43, 0x15, 0x02, 0x20, 0x00, 0x01, 0x11, 0x43,
  0x6e, 0x02, 0x20, 0x00, 0x61, 0x63, 0x68, 0x74, 0x08, 0x00, 0x7a, 0x65,
  0x00, 0x08, 0x02, 0x11, 0x41, 0x03, 0x17, 0x39, 0x00, 0x04, 0x03, 0x25,
  0x00, 0x01, 0x73, 0x73, 0x02, 0x20, 0x00, 0x02, 0x6e, 0x6e, 0x00, 0x73,
  0x01, 0x1d, 0x02, 0x20, 0x03, 0x25, 0x59, 0x00, 0x08, 0x02, 0x65, 0x75,
  0x03, 0x39, 0x00, 0x61, 0x68, 0x6f, 0x6f, 0x08, 0x02, 0x0e, 0x80, 0x84,
  0x85, 0x03, 0x39, 0x23, 0x06, 0x28, 0x00, 0x04, 0x6d, 0x02, 0x12, 0x4c,
  0x03, 0x72, 0x00, 0x6d, 0x02, 0x20, 0x00, 0x6e, 0x02, 0x19, 0x00, 0x07,
  0x06, 0x7a, 0x00, 0x03, 0x58, 0x00, 0x65, 0x72, 0x01, 0x74, 0x02, 0x20,
  0x03, 0x58, 0x70, 0x22, 0x00, 0x65, 0x72, 0x01, 0x11, 0x43, 0x02, 0x20,
  0x03, 0x58, 0x75, 0x22, 0x00, 0x01, 0x74, 0x03, 0x59, 0x00, 0x07, 0x06,
  0x00, 0xc2, 0xb0, 0x08, 0x20, 0x6e, 0x03, 0x00, 0x27, 0x02, 0x11, 0x43,
  0x03, 0x15, 0x00, 0xc3, 0xa2, 0x03, 0x23, 0x0c, 0x00, 0xc3, 0xa9, 0x03,
  0x24, 0x00, 0xc3, 0xb6, 0x03, 0x27, 0x00, 0xc3, 0xb1, 0x03, 0x43, 0x00,
  0xc2, 0xb0, 0x03, 0x48, 0x0d, 0x51, 0x22, 0x24, 0x00, 0x24, 0x03, 0x48,
  0x7f, 0x37, 0x23, 0x22, 0x00, 0xc3, 0xbc, 0x03, 0x6f, 0x00, 0xc3, 0xbb,
  0x03, 0x6f, 0x0c, 0x00, 0xc3, 0xaa, 0x03, 0x70, 0x00, 0x3a, 0x08, 0x20,
  0x12, 0x51, 0x02, 0x20, 0x12, 0x52, 0x0f, 0x20, 0x03, 0x75, 0x22, 0x00,
  0x07, 0x00
};
unsigned int espeak_data_fr_dict_len = 21422;
